0.000019,2400,2300,100,0,0,0,2400,2300,0,99,1,0,0,0
0.016627,2411,2298,99,3,0,11,2404,2227,33,53,54,26,10,1
0.032432,2405,2297,98,5,0,5,2418,2223,42,54,50,22,22,5
0.047466,2411,2295,97,8,0,11,2421,2218,34,53,59,26,25,6
0.061802,2409,2291,96,13,0,9,2427,2221,36,40,58,43,20,9
0.076621,2414,2289,95,15,1,14,2430,2224,35,55,64,28,19,5
0.090204,2411,2289,94,16,2,10,2433,2221,39,51,64,31,19,8
0.103925,2408,2287,93,19,2,7,2441,2215,49,48,55,46,19,9
0.117201,2410,2284,92,23,3,8,2434,2216,40,59,54,30,30,5
0.131447,2411,2282,91,26,3,9,2436,2214,45,51,59,37,24,6
0.144743,2413,2280,89,30,3,11,2448,2216,50,59,53,36,27,7
0.157492,2411,2277,90,31,5,8,2441,2223,49,46,55,40,25,3
0.170234,2414,2275,91,31,6,11,2438,2209,43,48,62,47,26,3
0.182903,2417,2273,92,31,8,13,2443,2217,43,71,43,43,19,7
0.195201,2418,2273,91,32,8,14,2450,2215,43,65,58,46,16,7
0.207613,2414,2272,91,31,10,10,2447,2214,45,54,57,43,27,7
0.220764,2421,2269,92,31,11,18,2451,2220,38,57,66,44,20,6
0.233142,2415,2268,93,30,12,12,2455,2219,45,60,53,27,38,13
0.245959,2411,2268,94,29,12,8,2455,2216,43,55,68,41,28,4
0.258936,2409,2264,95,31,12,7,2451,2221,47,57,48,52,19,7
0.270989,2412,2263,95,31,13,10,2451,2222,40,58,59,37,25,10
0.284564,2412,2262,93,35,13,9,2455,2215,54,56,60,37,24,9
0.297302,2415,2262,90,38,13,12,2456,2220,51,51,60,39,32,3
0.310114,2419,2261,88,39,15,16,2457,2211,47,56,61,43,29,10
0.323520,2416,2261,86,41,15,13,2448,2216,42,57,53,53,19,8
0.336720,2413,2260,85,42,16,10,2451,2218,48,49,66,48,18,4
0.350452,2412,2262,83,43,15,9,2442,2211,46,59,53,37,32,4
0.363550,2415,2262,83,42,16,12,2451,2207,52,46,63,52,21,10
0.376450,2415,2261,86,38,18,12,2439,2221,32,65,58,36,19,8
0.390759,2413,2261,87,36,19,10,2442,2227,43,64,41,38,19,10
0.404552,2417,2259,88,38,17,15,2421,2216,34,64,53,36,16,2
0.418947,2422,2259,88,35,19,21,2438,2221,43,46,58,44,16,10
0.432912,2411,2258,87,38,18,10,2434,2220,35,57,50,39,30,3
0.447185,2411,2257,84,41,19,10,2434,2211,44,52,48,49,22,8
0.461688,2412,2256,83,43,20,10,2432,2210,44,47,61,46,20,4
0.475657,2409,2256,83,45,19,6,2427,2214,46,53,51,31,24,8
0.489718,2415,2254,84,46,20,11,2439,2211,48,49,64,37,24,6
0.503889,2416,2252,82,49,21,12,2435,2218,40,59,53,38,19,8
0.518301,2413,2253,81,49,21,9,2433,2212,48,49,57,36,21,10
0.534757,2413,2252,81,49,22,9,2418,2216,45,45,56,36,16,4
0.550467,2413,2254,79,51,20,9,2418,2213,41,62,43,33,21,5
0.566588,2415,2254,78,51,21,11,2420,2213,42,53,54,39,15,4
0.581221,2412,2254,79,49,23,7,2430,2225,31,63,54,29,26,2
0.595264,2413,2256,79,50,21,7,2435,2217,39,55,58,42,18,6
0.609811,2421,2257,79,49,21,15,2436,2222,37,63,48,44,18,4
0.624977,2414,2254,82,46,24,8,2442,2220,50,51,54,36,26,5
0.639171,2422,2255,82,46,23,16,2440,2218,41,59,61,34,22,5
0.653179,2421,2254,81,50,21,15,2434,2212,41,65,49,33,30,4
0.668305,2415,2254,81,50,21,9,2429,2211,52,51,50,39,21,5
0.682687,2418,2254,81,51,20,12,2441,2213,42,55,58,38,22,13
0.697144,2417,2255,80,53,21,8,2443,2216,34,57,55,46,24,11
0.710206,2421,2255,78,57,19,12,2442,2219,49,61,57,37,15,4
0.723735,2414,2257,78,55,19,5,2449,2230,43,50,54,37,22,13
0.737610,2419,2257,77,56,19,10,2442,2222,46,52,49,47,19,7
0.750677,2426,2258,78,55,17,18,2436,2230,46,53,48,30,26,3
0.763868,2419,2259,78,53,18,11,2448,2210,57,54,57,38,24,8
0.777020,2417,2259,76,54,18,10,2454,2218,42,55,48,54,28,9
0.790586,2416,2257,77,54,18,10,2440,2218,43,56,56,39,23,5
0.803479,2418,2259,78,51,19,11,2448,2213,41,56,53,47,25,13
0.816264,2422,2258,74,55,20,15,2453,2222,44,59,48,54,21,5
0.829603,2425,2255,74,59,19,18,2449,2218,58,50,48,45,25,5
0.842651,2418,2254,72,61,20,11,2451,2222,48,68,47,43,17,6
0.855406,2416,2255,72,61,20,8,2454,2226,40,60,56,48,17,7
0.868427,2428,2253,75,57,23,20,2449,2224,49,54,49,41,24,8
0.881223,2421,2252,74,59,23,13,2453,2224,44,53,57,39,32,4
0.894865,2421,2252,75,57,25,12,2450,2223,33,65,62,42,20,5
0.907811,2421,2250,74,58,27,12,2450,2219,42,50,55,49,21,14
0.921248,2423,2251,73,58,28,13,2447,2219,42,57,56,41,22,10
0.935076,2424,2250,73,59,29,13,2438,2217,37,56,51,44,28,5
0.949022,2416,2248,74,58,32,4,2442,2212,51,59,46,42,29,3
0.962700,2420,2247,72,61,31,9,2443,2220,39,64,52,35,26,7
0.977105,2424,2249,70,62,30,13,2443,2215,51,52,56,33,25,11
0.991097,2426,2249,69,62,31,15,2441,2223,39,66,51,38,20,4
1.004178,2419,2250,70,61,30,8,2441,2226,40,59,52,32,23,9
1.018280,2420,2250,71,63,27,9,2438,2223,45,55,61,27,23,4
1.032261,2422,2249,72,62,28,11,2438,2216,49,61,49,44,15,4
1.046083,2421,2249,71,62,29,10,2446,2220,44,58,47,44,24,9
1.059714,2424,2249,71,62,29,13,2438,2224,37,52,58,36,27,4
1.073851,2417,2249,72,61,29,6,2438,2219,49,52,62,35,19,2
1.088026,2422,2249,72,61,29,11,2437,2219,39,60,50,44,23,2
1.102653,2427,2249,72,62,28,16,2438,2224,42,57,54,35,22,4
1.116531,2417,2251,67,67,26,6,2441,2217,45,51,49,41,35,3
1.130726,2425,2252,65,66,29,13,2450,2219,51,57,51,45,20,7
1.144198,2423,2256,64,63,31,9,2455,2226,44,56,53,39,32,5
1.157389,2427,2258,64,62,30,13,2461,2219,53,50,53,49,28,9
1.169839,2435,2259,65,63,27,21,2462,2229,39,61,59,45,23,6
1.182211,2425,2260,63,62,29,11,2459,2218,48,56,45,61,26,5
1.194748,2432,2259,57,70,28,18,2463,2218,48,54,64,44,29,6
1.206778,2423,2258,57,70,29,9,2452,2223,45,50,66,38,25,5
1.219992,2421,2258,59,66,30,8,2454,2226,50,59,47,48,17,7
1.233273,2425,2259,60,63,30,13,2450,2219,51,53,64,34,26,3
1.246576,2425,2258,60,63,31,13,2455,2224,50,52,49,46,23,11
1.259948,2425,2258,61,61,32,13,2461,2229,38,66,54,39,24,11
1.272577,2426,2258,61,60,34,13,2457,2224,59,49,53,49,15,8
1.286014,2421,2259,63,58,33,8,2456,2228,49,55,50,40,26,8
1.299342,2425,2258,63,58,35,11,2450,2225,49,53,57,43,19,4
1.312151,2423,2258,63,58,35,9,2456,2220,45,62,60,34,25,10
1.325606,2426,2255,64,57,39,11,2451,2222,44,58,53,41,27,6
1.338825,2422,2252,65,58,37,10,2454,2220,56,52,49,38,32,7
1.352394,2427,2250,69,53,41,14,2456,2224,48,52,53,38,28,13
1.365993,2434,2248,73,52,39,22,2450,2225,38,55,57,42,29,4
1.380157,2420,2250,67,59,36,8,2445,2226,48,44,56,48,19,4
1.393996,2417,2250,66,61,34,6,2451,2221,49,49,52,46,26,8
1.406295,2419,2249,68,60,34,8,2456,2220,53,42,55,50,31,5
1.419586,2420,2247,69,59,36,9,2450,2227,36,55,54,43,26,9
1.433125,2423,2246,67,62,35,13,2450,2227,42,44,61,47,26,3
1.446912,2427,2246,68,62,34,17,2446,2222,39,63,51,36,25,10
1.460945,2420,2246,67,62,36,9,2435,2215,42,59,44,42,28,5
1.475214,2417,2244,66,64,35,8,2448,2221,51,51,57,37,26,5
1.488155,2424,2246,65,63,35,15,2440,2220,40,57,52,36,29,6
1.502410,2426,2247,65,61,36,17,2442,2221,41,60,41,40,29,10
1.516104,2418,2246,65,60,37,10,2438,2212,55,57,49,41,21,3
1.531194,2418,2247,66,62,32,11,2435,2216,50,53,51,44,17,4
1.545793,2415,2246,67,61,32,9,2439,2220,43,55,47,41,24,9
1.559818,2419,2245,66,61,34,13,2441,2219,49,51,58,36,21,7
1.573198,2423,2245,64,63,34,17,2443,2219,44,51,57,41,26,5
1.587162,2425,2243,65,61,37,19,2443,2222,43,62,49,38,22,7
1.600546,2415,2243,65,61,37,9,2446,2213,51,68,43,42,23,6
1.613449,2418,2243,64,63,36,12,2444,2213,51,68,47,42,21,2
1.626331,2413,2241,65,63,36,8,2447,2214,40,62,60,36,24,11
1.638846,2416,2240,65,66,34,11,2451,2210,52,62,56,41,21,9
1.651786,2417,2240,66,65,33,13,2460,2215,52,57,53,51,23,9
1.663845,2406,2243,65,64,32,2,2458,2211,45,56,54,55,27,10
1.677198,2417,2243,65,64,32,13,2458,2217,48,54,67,40,19,13
1.689594,2416,2242,67,65,30,12,2456,2216,50,60,47,51,28,4
1.702777,2419,2240,68,65,31,15,2455,2216,57,56,53,30,34,9
1.716117,2413,2242,68,63,32,8,2457,2215,55,47,63,49,26,2
1.729100,2417,2240,66,67,32,12,2470,2211,56,55,47,42,50,9
1.741213,2416,2238,68,65,32,13,2470,2207,44,67,57,54,33,8
1.752304,2409,2236,67,67,31,8,2476,2200,58,64,63,47,36,8
1.763815,2423,2235,70,66,30,22,2468,2205,55,60,59,49,34,6
1.775366,2420,2235,70,66,31,18,2473,2206,51,57,71,56,25,7
1.785846,2415,2234,72,65,30,14,2475,2215,46,54,73,55,28,4
1.797445,2410,2232,74,64,30,10,2471,2205,53,69,58,41,35,10
1.808887,2413,2233,72,66,28,14,2471,2198,56,62,64,61,21,9
1.820571,2415,2232,74,64,29,16,2473,2200,60,60,65,51,29,8
1.832056,2420,2231,76,62,30,21,2472,2201,53,62,64,47,41,4
1.843593,2414,2231,75,62,31,15,2465,2200,48,53,72,55,33,4
1.854946,2409,2232,74,60,33,10,2465,2208,51,53,57,55,29,12
1.866493,2415,2232,75,59,34,15,2471,2212,48,62,68,47,29,5
1.877926,2421,2231,76,59,33,22,2474,2210,52,59,54,59,28,12
1.889285,2411,2230,78,62,28,13,2472,2205,55,52,62,58,31,9
1.900465,2412,2230,76,62,30,14,2472,2211,49,60,64,49,27,12
1.911473,2408,2230,76,62,30,10,2471,2203,58,58,64,55,26,7
1.923346,2417,2229,76,64,30,18,2469,2209,55,47,66,57,27,8
1.934426,2411,2229,77,63,30,12,2474,2212,51,60,60,52,29,10
1.945742,2421,2229,76,64,31,21,2468,2214,52,56,61,56,22,7
1.957544,2421,2231,77,62,30,21,2467,2208,63,59,62,43,26,6
1.969576,2416,2230,77,62,32,15,2475,2208,52,64,66,50,24,11
1.980688,2412,2230,77,62,32,11,2477,2208,53,60,60,58,29,9
1.991518,2417,2232,75,61,35,14,2474,2197,59,60,75,51,26,6
2.003969,2414,2232,75,60,36,11,2460,2206,57,69,51,52,17,8
2.015584,2417,2230,78,58,37,14,2459,2211,49,61,54,53,25,6
2.027731,2417,2231,78,58,35,15,2461,2221,46,64,64,35,25,6
2.039927,2418,2230,79,55,37,17,2463,2213,49,46,69,58,20,8
2.051754,2412,2229,82,50,41,10,2466,2203,56,55,67,47,30,8
2.064669,2417,2229,80,51,40,17,2461,2204,57,55,56,50,33,6
2.075807,2418,2227,81,51,42,17,2456,2206,56,59,58,51,18,8
2.088198,2418,2227,81,53,40,17,2455,2200,58,54,63,50,21,9
2.099951,2411,2228,82,51,40,10,2456,2199,56,66,56,39,33,7
2.112238,2411,2230,81,51,40,9,2456,2196,62,62,59,39,27,11
2.124344,2412,2229,81,53,38,11,2440,2196,61,44,64,49,19,7
2.136924,2419,2228,81,51,42,17,2445,2197,53,53,61,40,31,10
2.149166,2410,2225,81,54,42,8,2438,2197,59,51,65,34,27,5
2.162158,2406,2226,82,52,41,5,2442,2194,59,47,69,39,28,6
2.176075,2410,2225,83,51,42,9,2444,2208,46,63,55,42,24,6
2.188804,2413,2225,84,50,41,13,2442,2201,64,56,49,41,25,6
2.201661,2414,2224,85,49,42,14,2442,2196,66,40,50,55,28,7
2.214628,2406,2224,81,53,42,6,2442,2206,54,50,55,48,23,6
2.227161,2409,2224,80,55,41,9,2441,2203,47,61,47,50,27,6
2.239851,2412,2224,80,55,41,12,2447,2224,40,54,53,37,27,12
2.253800,2414,2225,78,57,41,13,2448,2197,57,54,70,36,26,8
2.265650,2417,2225,77,60,39,16,2446,2202,51,60,54,45,27,7
2.276859,2416,2225,77,59,39,16,2449,2197,56,66,56,40,26,8
2.288803,2413,2223,78,60,39,13,2457,2204,51,60,70,44,21,7
2.300991,2418,2224,76,61,39,18,2454,2201,48,58,55,58,26,8
2.313321,2418,2225,74,61,39,19,2447,2197,51,57,50,55,33,4
2.325882,2412,2225,74,61,39,13,2444,2202,42,67,64,36,25,8
2.339296,2410,2226,74,61,39,10,2439,2196,53,56,60,49,23,2
2.352356,2415,2229,72,61,38,15,2444,2212,45,57,52,43,25,10
2.364563,2417,2228,71,64,37,17,2439,2204,47,58,56,50,21,3
2.377530,2412,2226,68,67,38,13,2448,2196,61,58,55,46,24,8
2.390214,2406,2225,70,66,39,6,2456,2212,43,58,63,46,24,10
2.402450,2415,2224,71,65,40,15,2464,2201,58,56,65,48,28,8
2.414760,2412,2226,67,70,37,12,2469,2201,67,61,50,54,27,9
2.426684,2415,2226,68,68,38,15,2468,2201,57,56,62,52,32,8
2.437574,2417,2225,69,67,39,17,2480,2199,65,65,48,60,37,6
2.448172,2415,2223,70,69,38,15,2477,2206,50,69,57,52,34,9
2.458754,2416,2222,71,69,37,17,2471,2195,60,67,53,55,35,6
2.469720,2417,2221,72,68,38,18,2473,2200,61,55,50,60,38,9
2.480801,2411,2219,72,67,40,13,2476,2206,59,67,57,50,23,14
2.491709,2412,2219,70,68,41,14,2472,2197,68,59,47,63,30,8
2.502195,2408,2218,71,67,43,9,2473,2202,54,64,55,54,35,9
2.513045,2412,2217,72,68,42,13,2478,2193,66,59,52,61,41,6
2.524127,2410,2217,71,70,41,11,2474,2195,57,70,58,54,34,6
2.534930,2411,2216,73,68,40,14,2473,2200,61,56,60,58,28,10
2.546499,2413,2216,73,68,39,17,2471,2203,52,60,65,59,25,7
2.557721,2421,2216,73,67,40,25,2472,2194,58,56,71,48,36,9
2.568161,2413,2217,73,66,44,13,2480,2208,47,65,63,59,31,7
2.578883,2415,2216,76,63,45,15,2490,2191,72,56,65,56,38,12
2.589757,2409,2216,77,61,44,11,2481,2196,58,63,57,66,37,4
2.600163,2419,2214,74,66,43,22,2482,2199,54,64,58,65,35,7
2.610858,2412,2214,73,63,46,16,2485,2187,65,64,60,60,37,12
2.622451,2422,2215,71,65,46,25,2482,2193,66,56,58,63,37,9
2.634158,2415,2214,74,62,47,18,2479,2192,58,67,60,63,35,4
2.644832,2413,2214,75,61,45,18,2480,2187,63,63,56,62,40,9
2.654883,2415,2214,75,59,47,20,2473,2180,57,60,64,62,44,6
2.666146,2415,2214,75,60,47,19,2464,2182,59,63,67,59,26,8
2.677183,2409,2214,74,59,49,13,2464,2195,56,64,65,58,20,6
2.688959,2408,2212,72,63,49,12,2467,2185,66,53,53,63,39,8
2.700087,2408,2211,71,63,50,13,2459,2189,55,61,68,46,34,6
2.711880,2408,2210,71,63,49,15,2459,2192,51,58,73,46,33,6
2.723357,2410,2210,70,65,47,18,2453,2175,70,46,69,58,29,6
2.734469,2408,2210,69,63,49,17,2457,2183,66,71,52,50,28,7
2.745657,2416,2211,68,64,48,25,2461,2193,60,58,61,45,30,14
2.757272,2403,2210,73,60,51,9,2462,2187,52,49,71,61,34,8
2.769205,2403,2211,72,61,49,10,2448,2192,61,68,57,40,24,6
2.781673,2413,2211,72,61,52,17,2444,2188,51,68,68,44,21,4
2.793819,2407,2208,73,63,51,12,2445,2186,56,66,61,45,24,7
2.805892,2409,2208,75,62,50,14,2443,2190,53,64,54,46,34,2
2.817553,2411,2208,76,59,51,17,2439,2182,57,69,55,47,20,9
2.829903,2406,2210,77,59,48,12,2433,2178,66,62,55,44,26,2
2.842085,2407,2210,77,59,48,13,2438,2187,63,50,72,43,17,6
2.853273,2408,2208,75,62,50,13,2431,2180,56,58,63,51,18,5
2.865365,2408,2209,73,63,51,12,2433,2182,57,67,57,47,20,3
2.878032,2406,2210,73,63,50,10,2433,2183,54,62,60,45,21,8
2.891116,2414,2209,71,65,50,19,2435,2177,67,59,57,45,23,7
2.902944,2410,2208,71,70,46,15,2430,2180,57,68,56,40,22,7
2.916370,2413,2208,71,71,45,18,2429,2178,72,50,56,45,22,6
2.928866,2410,2206,71,71,45,17,2431,2181,53,73,42,40,32,10
2.941875,2407,2207,72,71,43,14,2423,2185,49,56,52,44,30,7
2.954348,2406,2208,74,64,47,13,2431,2174,64,54,60,45,26,8
2.966885,2405,2208,71,67,46,13,2430,2178,67,60,52,42,28,3
2.979273,2402,2206,72,65,49,10,2437,2186,58,61,46,53,27,6
2.992042,2403,2204,75,62,51,11,2438,2181,54,63,59,40,37,4
3.004508,2412,2204,74,62,53,19,2429,2176,62,52,60,44,26,9
3.017669,2406,2203,76,60,52,15,2429,2172,62,65,49,45,29,7
3.029852,2411,2202,76,61,52,20,2437,2183,45,68,59,46,24,12
3.042334,2408,2202,77,60,53,16,2433,2175,61,61,53,54,24,5
3.054273,2403,2203,76,61,51,12,2435,2182,49,64,63,54,21,2
3.066399,2408,2202,76,61,52,17,2443,2176,69,57,55,53,25,8
3.078412,2404,2203,75,61,52,13,2441,2170,68,58,61,54,22,8
3.089745,2410,2204,74,63,51,18,2442,2179,57,69,65,43,25,4
3.101347,2407,2204,75,60,53,15,2440,2179,61,60,61,37,36,6
3.113175,2406,2203,76,60,53,14,2441,2171,56,61,66,54,26,7
3.125359,2401,2203,76,60,52,10,2438,2173,54,63,63,59,18,8
3.137261,2409,2202,78,57,54,18,2435,2171,66,63,69,39,21,6
3.148911,2408,2201,78,58,54,17,2434,2182,59,56,61,51,22,3
3.161635,2406,2200,79,57,55,15,2438,2173,60,55,61,55,23,11
3.174058,2397,2198,78,57,56,8,2432,2177,56,64,61,52,18,4
3.186043,2402,2198,77,59,55,13,2435,2175,51,56,69,50,28,6
3.198119,2400,2198,77,59,55,11,2438,2169,64,58,67,41,29,10
3.209863,2404,2197,77,60,55,15,2441,2172,51,74,53,52,31,8
3.221805,2407,2199,73,64,53,18,2436,2171,54,59,55,64,24,9
3.233588,2402,2198,73,66,50,15,2439,2182,40,62,64,50,26,15
3.245922,2395,2196,74,67,47,11,2434,2165,53,60,66,56,32,2
3.257788,2408,2196,76,67,47,22,2432,2174,57,49,64,46,34,8
3.269780,2398,2196,80,64,46,12,2436,2167,71,56,56,49,33,4
3.282254,2396,2196,80,64,44,12,2440,2168,62,68,54,53,29,6
3.293742,2397,2194,80,67,42,14,2437,2168,63,67,59,42,31,7
3.304755,2393,2193,83,64,43,10,2436,2180,46,54,75,52,27,2
3.316440,2403,2194,80,66,44,19,2428,2166,60,66,55,54,23,4
3.328294,2408,2192,81,67,42,26,2436,2165,60,71,46,52,38,4
3.339964,2392,2191,81,67,43,10,2445,2161,56,71,62,61,29,5
3.351495,2400,2188,81,67,48,16,2450,2180,59,56,60,64,25,6
3.362351,2398,2187,82,63,51,15,2451,2174,56,53,68,49,41,10
3.373058,2402,2186,84,60,53,19,2451,2173,52,65,62,57,30,12
3.384090,2402,2188,84,58,54,18,2443,2162,61,56,71,54,34,5
3.395855,2396,2187,83,56,59,11,2452,2164,54,71,60,53,43,7
3.406516,2400,2187,82,57,59,15,2454,2171,66,59,68,50,28,12
3.417370,2401,2188,81,57,59,16,2463,2172,56,63,59,67,36,10
3.427731,2397,2189,82,59,55,12,2472,2174,61,63,72,60,34,8
3.437631,2399,2190,82,56,57,14,2465,2165,63,66,64,65,32,10
3.447591,2399,2189,82,57,55,16,2465,2164,67,69,72,55,33,5
3.457513,2400,2189,82,56,56,17,2466,2152,76,56,68,67,34,13
3.467369,2402,2188,81,55,60,18,2472,2158,72,67,67,62,38,8
3.477689,2397,2187,82,55,59,14,2471,2166,74,61,60,53,47,10
3.488288,2393,2188,80,53,59,13,2468,2170,67,58,72,59,36,6
3.498808,2394,2188,80,51,61,14,2463,2172,60,69,65,59,27,11
3.509729,2399,2188,81,51,60,19,2461,2165,55,76,61,64,31,9
3.520120,2395,2185,82,53,58,17,2457,2169,63,61,74,52,26,12
3.530433,2397,2185,81,53,59,19,2465,2165,69,58,71,64,25,13
3.540802,2401,2185,79,53,61,23,2473,2170,66,54,70,60,47,6
3.550662,2394,2184,80,53,61,16,2477,2168,72,62,74,67,28,6
3.561032,2396,2183,80,50,65,18,2477,2155,76,57,71,69,41,8
3.571184,2397,2181,82,51,66,17,2477,2160,65,71,68,66,39,8
3.580931,2396,2180,81,52,68,15,2471,2167,64,71,65,61,32,11
3.591301,2401,2178,82,52,70,19,2474,2170,60,71,69,66,32,6
3.601347,2398,2177,82,53,69,17,2463,2160,69,63,77,62,23,9
3.611582,2400,2177,81,58,65,19,2465,2178,59,76,54,56,34,8
3.622223,2398,2177,80,60,65,16,2468,2162,66,79,64,58,30,9
3.632176,2399,2176,81,58,66,18,2473,2172,52,69,76,64,32,8
3.641802,2393,2176,82,60,62,13,2472,2161,64,64,71,61,41,10
3.651951,2402,2174,82,60,64,22,2476,2166,68,75,55,62,42,8
3.662189,2401,2174,84,60,62,21,2477,2162,66,74,69,63,39,4
3.671874,2394,2175,84,61,63,11,2476,2169,60,69,65,73,32,8
3.682496,2401,2174,84,62,61,20,2469,2162,75,64,61,74,30,3
3.692915,2399,2174,87,61,57,20,2468,2163,69,59,69,58,39,11
3.702281,2393,2174,88,61,56,14,2478,2172,55,75,78,49,33,16
3.712312,2397,2174,88,61,55,19,2485,2173,62,73,68,59,39,11
3.722082,2390,2175,87,60,56,12,2475,2167,65,69,66,60,39,9
3.732258,2392,2175,86,62,55,14,2482,2161,72,60,62,71,45,11
3.742193,2405,2176,85,65,51,28,2480,2155,66,77,65,70,32,15
3.752175,2397,2178,86,65,49,19,2477,2169,65,70,75,61,29,8
3.762214,2393,2178,86,63,51,15,2480,2162,69,63,78,60,40,8
3.772222,2392,2178,84,67,49,14,2472,2155,60,77,60,70,42,8
3.782396,2401,2177,85,67,50,22,2475,2164,54,66,76,64,40,11
3.792440,2406,2175,87,65,52,27,2467,2149,69,66,69,73,36,5
3.802415,2393,2174,89,62,54,14,2459,2165,71,56,59,68,32,8
3.812983,2401,2173,90,63,54,21,2456,2164,69,62,67,53,33,8
3.823569,2397,2169,91,64,56,17,2460,2158,68,65,66,60,37,6
3.834294,2396,2170,90,65,54,17,2459,2165,59,56,78,56,33,12
3.844616,2400,2169,92,62,56,21,2459,2175,53,57,60,63,38,13
3.854946,2391,2169,94,62,54,12,2458,2163,63,64,70,51,35,12
3.865178,2391,2168,94,61,56,12,2450,2174,62,52,76,55,25,6
3.876667,2392,2170,88,66,55,13,2455,2169,54,70,65,57,33,7
3.887916,2391,2169,89,65,56,12,2450,2167,62,63,74,40,38,6
3.898916,2390,2171,86,69,51,13,2447,2162,66,62,58,54,38,7
3.909642,2391,2171,86,69,50,15,2451,2168,54,65,57,54,42,11
3.920744,2388,2172,85,72,47,12,2446,2160,66,66,64,41,41,8
3.931780,2396,2173,84,71,52,16,2458,2164,67,69,64,50,38,6
3.942937,2395,2171,86,68,55,15,2456,2177,54,54,65,57,40,9
3.954343,2401,2172,84,67,57,21,2451,2170,72,54,60,58,28,9
3.964577,2399,2171,86,65,57,20,2457,2162,73,51,74,56,34,7
3.975520,2395,2172,84,66,56,17,2454,2173,52,57,68,64,28,12
3.985291,2386,2171,82,70,53,10,2456,2171,51,71,56,66,35,6
3.996003,2393,2172,81,69,54,17,2459,2160,61,67,58,75,32,6
4.006088,2391,2171,82,71,50,17,2466,2159,76,58,63,58,39,13
4.016792,2395,2169,82,68,55,21,2462,2164,66,67,64,59,34,8
4.026755,2387,2169,83,69,53,13,2457,2166,55,66,74,54,34,8
4.037318,2393,2168,84,68,54,19,2453,2164,64,68,59,58,37,3
4.047751,2393,2169,86,66,53,19,2444,2156,59,72,58,54,36,9
4.059275,2389,2171,84,66,52,16,2444,2167,50,69,64,65,26,3
4.069644,2391,2170,85,66,53,17,2443,2166,54,66,63,52,31,11
4.080512,2388,2170,81,71,51,15,2443,2150,78,63,60,61,22,9
4.091495,2385,2168,80,72,53,12,2452,2158,57,70,63,63,34,7
4.102120,2384,2169,77,75,51,12,2448,2167,67,53,72,51,32,6
4.112979,2389,2169,78,72,53,17,2451,2162,68,55,60,63,33,10
4.124340,2388,2168,79,74,50,17,2449,2161,58,64,76,51,32,7
4.134170,2385,2168,82,70,51,14,2446,2163,59,61,70,53,34,6
4.144993,2381,2168,82,68,53,10,2449,2162,66,64,57,53,38,9
4.155808,2378,2165,83,70,50,10,2448,2157,54,60,79,67,26,5
4.166219,2385,2165,82,73,46,19,2456,2153,73,64,61,61,33,11
4.176919,2374,2165,85,70,46,8,2456,2155,71,62,76,46,37,9
4.187767,2385,2165,84,72,45,19,2449,2151,71,65,63,59,33,7
4.198308,2377,2164,83,75,44,11,2449,2158,54,71,54,65,41,6
4.209627,2385,2166,80,73,46,20,2453,2158,64,55,67,63,39,7
4.219470,2378,2164,80,75,47,12,2454,2153,71,55,73,58,35,9
4.230055,2380,2166,78,75,48,13,2455,2147,68,73,67,59,32,9
4.240774,2386,2165,77,76,50,18,2448,2156,62,66,73,53,30,8
4.251264,2391,2165,76,76,51,23,2452,2151,67,57,82,57,33,5
4.262071,2380,2165,75,77,51,12,2451,2160,61,63,67,63,33,4
4.272124,2380,2166,75,75,53,11,2441,2147,76,58,65,64,25,6
4.282479,2384,2166,73,77,52,16,2440,2163,60,58,67,61,24,7
4.292803,2382,2165,72,79,54,12,2450,2153,70,74,53,54,38,8
4.302978,2382,2164,73,81,52,12,2448,2156,70,68,56,50,38,10
4.313221,2387,2164,73,81,51,18,2458,2153,58,70,78,46,42,11
4.323344,2384,2165,73,84,45,17,2447,2154,58,61,75,52,43,4
4.332994,2387,2166,71,82,49,19,2449,2155,73,51,74,56,31,9
4.342696,2387,2164,74,78,52,19,2447,2139,81,63,77,45,36,6
4.353459,2384,2163,77,78,53,13,2443,2150,65,60,65,55,32,16
4.364544,2391,2164,74,79,55,19,2444,2168,69,49,70,54,26,8
4.375032,2386,2163,75,80,55,13,2449,2143,75,58,78,52,35,8
4.384899,2384,2163,73,82,55,11,2446,2157,79,61,67,52,23,7
4.396017,2389,2163,74,81,55,16,2449,2151,71,54,79,58,34,2
4.406478,2387,2163,74,81,55,14,2456,2153,65,68,67,58,38,7
4.416738,2390,2163,73,82,55,17,2461,2160,57,81,70,52,31,10
4.426452,2386,2163,75,83,52,13,2460,2162,58,80,73,53,27,7
4.436613,2386,2163,75,85,50,13,2451,2162,59,60,76,55,32,7
4.446616,2385,2163,76,84,52,10,2456,2153,60,74,77,50,37,5
4.457169,2386,2161,80,86,47,12,2455,2157,77,61,68,60,28,4
4.467329,2399,2163,79,84,48,25,2461,2158,63,71,55,64,44,6
4.477439,2391,2162,80,83,49,17,2470,2165,62,51,67,68,48,9
4.487103,2389,2159,81,83,51,15,2463,2151,64,59,84,59,39,7
4.497095,2389,2159,81,83,51,15,2475,2158,54,72,76,66,39,10
4.506415,2388,2159,82,81,52,14,2476,2153,75,68,72,69,29,10
4.516293,2390,2159,83,80,53,15,2483,2150,80,63,81,68,31,10
4.525741,2387,2160,80,81,54,12,2473,2168,66,59,85,56,30,9
4.534814,2385,2160,81,81,53,10,2476,2165,60,58,74,78,35,6
4.544785,2393,2160,82,79,54,18,2476,2174,48,63,82,68,32,9
4.554901,2390,2161,82,76,53,18,2471,2156,67,64,69,73,29,13
4.565032,2387,2161,82,75,54,15,2467,2154,64,75,74,59,36,5
4.575329,2395,2160,86,71,55,23,2465,2150,85,54,71,59,39,7
4.585064,2399,2159,86,73,56,25,2460,2154,67,62,75,59,34,9
4.595305,2389,2159,86,74,55,15,2454,2158,64,62,63,68,28,11
4.605839,2385,2158,88,73,56,10,2453,2159,60,64,68,72,23,7
4.616551,2387,2156,90,72,54,15,2451,2166,61,58,64,66,28,8
4.627404,2391,2156,90,71,54,20,2458,2155,64,72,57,63,39,8
4.637671,2385,2157,92,68,54,14,2450,2160,66,63,57,63,32,9
4.647942,2381,2156,93,68,55,9,2454,2163,74,50,63,64,34,6
4.658288,2394,2155,94,67,56,22,2458,2159,70,63,67,52,34,13
4.668776,2384,2157,90,68,56,13,2450,2159,65,57,58,68,30,13
4.679170,2390,2158,89,70,55,18,2452,2156,71,58,65,53,35,14
4.690037,2386,2160,89,72,51,14,2434,2162,68,62,70,41,26,5
4.700665,2388,2161,93,67,51,16,2438,2159,66,67,64,51,27,4
4.712102,2381,2160,93,65,54,9,2441,2161,66,59,61,54,26,14
4.723074,2382,2159,94,62,56,11,2429,2159,56,63,58,55,30,8
4.734245,2382,2160,95,64,52,11,2436,2152,59,57,66,55,36,11
4.745593,2387,2159,96,64,51,17,2428,2149,61,69,55,64,27,3
4.756657,2382,2161,95,65,49,12,2434,2158,59,64,65,55,25,8
4.767857,2386,2164,91,67,48,16,2431,2151,76,47,68,61,22,6
4.778768,2389,2163,92,67,48,19,2425,2158,64,54,68,44,28,9
4.791050,2387,2165,89,69,46,18,2427,2165,53,56,67,53,28,5
4.802348,2385,2163,88,69,49,16,2430,2147,60,61,67,47,31,17
4.813738,2379,2163,87,71,48,10,2434,2157,59,70,58,51,30,9
4.824657,2378,2161,87,72,49,9,2436,2161,64,53,75,53,23,7
4.836373,2388,2161,88,70,51,18,2437,2162,70,53,65,51,26,10
4.847680,2386,2159,86,72,51,18,2432,2148,74,57,63,55,28,7
4.859295,2386,2158,87,71,50,20,2439,2149,64,68,59,60,29,10
4.870482,2378,2158,86,72,50,12,2439,2149,72,60,66,44,38,10
4.881506,2384,2158,85,74,49,18,2429,2142,63,62,66,48,41,7
4.892634,2380,2157,86,73,50,14,2429,2145,62,61,62,58,31,10
4.904668,2378,2158,87,72,49,12,2424,2145,72,52,65,62,20,8
4.915802,2386,2158,87,71,50,20,2423,2153,61,65,65,41,30,8
4.926950,2383,2156,89,70,50,18,2429,2148,70,66,65,48,23,9
4.938204,2377,2156,89,70,48,14,2431,2151,53,68,61,52,35,11
4.949321,2387,2156,89,70,49,23,2428,2158,62,57,61,55,32,3
4.961334,2377,2158,87,70,47,15,2428,2142,64,66,68,54,27,7
4.972435,2377,2157,88,67,51,14,2436,2147,62,64,64,51,36,12
4.983133,2374,2158,89,66,49,12,2431,2143,66,65,61,52,33,11
4.994123,2374,2157,91,63,52,11,2429,2145,65,63,69,50,26,11
5.005593,2373,2157,89,66,51,10,2431,2140,69,58,67,53,35,9
5.017204,2384,2158,87,68,50,21,2433,2148,68,60,62,48,40,7
5.027766,2377,2158,84,68,53,14,2429,2140,69,67,51,66,32,4
5.038291,2374,2158,83,68,54,11,2434,2145,56,68,62,54,38,11
5.048600,2376,2159,80,70,55,12,2441,2143,80,47,68,64,34,5
5.058858,2381,2159,80,71,54,17,2440,2158,65,58,62,63,28,6
5.069567,2381,2158,81,72,54,16,2443,2149,69,62,69,55,31,8
5.080179,2376,2158,80,74,52,12,2436,2157,54,59,70,57,33,6
5.090384,2385,2158,83,74,49,21,2439,2150,65,64,58,59,32,11
5.100471,2375,2157,83,74,47,14,2432,2148,61,52,73,64,26,8
5.111530,2374,2158,83,73,46,14,2435,2152,52,74,69,45,37,6
5.122209,2373,2157,84,72,47,13,2432,2151,62,61,56,64,31,7
5.133227,2377,2156,86,71,47,17,2431,2151,52,65,75,48,24,16
5.144518,2371,2157,86,70,47,11,2427,2150,63,60,66,48,34,6
5.155612,2374,2159,83,73,45,14,2435,2147,62,57,61,76,26,6
5.166068,2379,2159,83,71,48,18,2440,2153,63,51,79,47,40,7
5.176260,2373,2160,82,72,47,12,2442,2157,66,64,60,55,31,9
5.187337,2374,2160,82,72,47,13,2438,2151,66,59,62,56,34,10
5.198446,2370,2160,82,73,46,9,2428,2158,61,53,64,58,28,6
5.209467,2382,2159,86,70,47,20,2434,2150,73,55,72,56,22,6
5.220963,2377,2158,87,70,47,15,2435,2144,68,66,70,48,32,7
5.231639,2369,2158,86,72,43,10,2433,2152,63,65,62,56,29,6
5.242303,2378,2157,87,72,43,19,2431,2147,73,63,56,51,34,7
5.253448,2379,2159,85,72,43,20,2437,2151,49,61,75,53,40,8
5.263812,2379,2161,84,72,43,19,2439,2150,63,68,71,46,29,12
5.274255,2367,2159,87,70,43,8,2442,2152,58,59,64,67,34,8
5.284688,2372,2158,88,69,44,13,2442,2154,64,56,71,52,36,9
5.294900,2378,2159,87,70,43,19,2435,2145,70,55,61,56,34,14
5.305345,2372,2158,90,68,43,13,2431,2147,60,63,61,55,36,9
5.316991,2377,2158,91,66,43,19,2432,2148,55,65,65,71,23,5
5.328050,2374,2160,89,66,44,15,2435,2144,60,55,77,61,29,9
5.338395,2373,2158,90,67,44,14,2432,2145,63,50,71,61,32,10
5.349052,2373,2156,88,67,49,13,2438,2156,54,63,71,54,29,11
5.359222,2366,2156,89,66,48,7,2448,2149,52,67,72,55,39,14
5.369591,2381,2154,90,66,48,23,2450,2160,57,56,81,60,25,11
5.379485,2377,2155,89,67,47,19,2444,2148,65,67,81,43,34,6
5.389667,2376,2154,89,69,46,18,2448,2141,69,55,79,63,28,13
5.399870,2371,2155,87,71,46,12,2445,2140,76,70,65,63,28,3
5.410209,2373,2155,86,73,44,15,2447,2148,72,66,70,53,33,5
5.419940,2376,2154,85,76,43,18,2451,2144,59,64,72,65,39,8
5.430732,2373,2154,86,75,45,13,2447,2143,59,66,67,70,37,5
5.440837,2377,2154,84,78,43,18,2451,2149,55,70,63,64,39,11
5.450876,2382,2152,84,78,45,23,2460,2151,67,58,76,58,36,14
5.460207,2383,2151,84,80,45,23,2453,2149,64,69,67,54,39,11
5.470807,2370,2150,84,80,45,11,2449,2147,67,68,70,61,30,6
5.480854,2377,2148,85,80,47,17,2448,2150,58,59,79,58,36,8
5.491544,2377,2150,86,78,48,15,2453,2146,62,66,72,64,30,13
5.502065,2382,2149,85,78,50,20,2449,2154,54,68,75,51,38,9
5.513153,2375,2150,88,74,50,13,2438,2151,61,63,70,65,22,6
5.524031,2376,2152,86,77,47,14,2441,2162,47,75,73,49,24,11
5.534763,2381,2151,87,77,46,20,2442,2148,61,63,73,58,27,12
5.545575,2377,2152,85,77,48,15,2437,2143,63,61,58,62,47,3
5.556669,2381,2152,85,77,48,19,2440,2166,51,60,74,49,33,7
5.567612,2384,2153,85,78,48,20,2430,2168,49,66,64,50,27,6
5.578898,2370,2152,87,76,49,6,2430,2155,45,64,54,68,32,12
5.590759,2373,2152,86,77,48,10,2434,2155,58,67,61,54,30,9
5.601801,2376,2154,85,75,49,13,2434,2155,55,69,61,51,31,12
5.612801,2378,2156,82,74,51,15,2432,2158,61,59,57,68,23,6
5.623417,2374,2159,80,75,47,13,2443,2149,54,58,72,69,27,14
5.633899,2380,2159,79,76,45,21,2441,2153,54,59,64,63,39,9
5.644387,2374,2158,79,76,45,16,2440,2151,54,63,72,58,37,5
5.654657,2380,2158,79,76,45,22,2443,2153,60,64,64,52,41,9
5.665135,2374,2160,79,76,44,15,2446,2152,65,64,69,54,32,10
5.675756,2372,2158,80,77,44,13,2448,2146,63,62,81,50,40,6
5.686211,2378,2159,81,76,43,19,2452,2148,71,54,62,66,40,11
5.697214,2367,2159,81,78,41,8,2447,2163,54,60,69,53,36,12
5.707675,2376,2159,81,77,43,16,2446,2154,61,58,71,53,38,11
5.718272,2373,2157,83,72,48,13,2432,2156,58,62,55,65,31,5
5.729627,2377,2158,83,70,49,17,2440,2148,69,58,60,63,35,7
5.740417,2377,2160,85,66,51,15,2449,2158,59,70,69,51,30,12
5.750585,2370,2159,84,68,51,8,2444,2148,64,64,74,54,33,7
5.761434,2379,2159,84,68,51,17,2449,2155,55,64,67,58,37,13
5.772011,2371,2158,87,67,49,10,2455,2141,63,61,68,68,43,11
5.782220,2378,2159,89,64,50,16,2455,2151,63,67,57,60,43,14
5.793115,2373,2159,90,65,48,11,2446,2147,66,56,76,56,39,6
5.803149,2388,2157,92,67,46,26,2449,2154,68,57,64,71,29,6
5.813421,2381,2160,87,68,47,19,2453,2164,52,74,74,58,30,1
5.823393,2383,2161,86,71,44,21,2451,2155,64,67,71,64,21,9
5.833255,2381,2162,82,74,44,19,2462,2145,62,72,69,64,39,11
5.843400,2368,2160,84,72,45,7,2458,2144,63,67,69,73,35,7
5.853208,2374,2160,85,68,47,14,2463,2148,59,73,80,57,37,9
5.862985,2370,2160,85,69,45,11,2456,2151,58,66,75,65,31,10
5.873377,2376,2160,84,69,46,17,2456,2142,77,65,83,54,29,6
5.883410,2378,2160,83,71,45,19,2458,2143,58,71,70,69,40,7
5.893384,2375,2161,83,69,46,16,2457,2139,65,63,73,65,43,9
5.903409,2378,2161,83,70,46,18,2452,2156,62,84,50,57,37,6
5.912926,2374,2161,82,69,49,13,2455,2144,66,64,82,53,37,9
5.923684,2375,2162,82,68,48,15,2458,2155,50,85,69,63,27,9
5.933235,2382,2161,83,68,48,22,2462,2157,55,61,72,63,41,13
5.942817,2379,2161,79,73,45,21,2458,2142,70,71,62,63,42,8
5.951838,2380,2160,80,70,48,22,2462,2151,62,66,82,55,37,9
5.961515,2367,2160,79,72,47,9,2461,2150,69,66,58,74,34,10
5.971945,2375,2160,80,71,48,16,2468,2144,69,74,70,64,42,5
5.981476,2376,2159,81,71,48,17,2464,2150,71,65,83,53,35,7
5.990784,2378,2159,81,71,47,20,2475,2149,58,64,71,79,41,13
6.000282,2370,2159,82,71,44,14,2468,2149,64,75,62,73,37,8
6.010223,2376,2158,82,74,41,21,2463,2149,63,78,76,64,27,6
6.019790,2372,2158,83,73,41,17,2457,2143,68,74,70,62,33,7
6.029870,2379,2158,81,73,42,25,2453,2145,69,69,68,57,32,13
6.040075,2375,2158,80,74,43,20,2441,2149,63,76,61,53,32,7
6.049792,2371,2156,80,74,46,15,2437,2134,72,69,74,59,25,4
6.059962,2373,2155,84,70,48,16,2438,2135,66,75,67,58,32,5
6.069932,2367,2155,84,71,48,9,2445,2146,69,57,63,61,36,13
6.080482,2372,2155,84,69,50,14,2437,2151,62,67,60,55,32,10
6.090954,2379,2154,85,66,53,21,2446,2143,65,65,61,71,38,3
6.100815,2375,2152,84,68,53,18,2448,2147,59,72,70,53,34,13
6.111131,2376,2152,84,67,55,18,2440,2150,60,64,79,48,32,7
6.121884,2375,2152,86,66,52,19,2437,2140,59,63,80,62,26,7
6.132427,2386,2153,86,67,50,30,2430,2150,59,71,73,52,21,4
6.143273,2372,2154,85,68,50,15,2435,2144,62,62,75,56,27,9
6.154011,2377,2153,85,67,51,21,2433,2140,68,60,74,57,33,1
6.164926,2371,2152,87,65,51,16,2430,2142,66,55,75,52,28,12
6.175270,2372,2150,87,64,53,18,2428,2130,53,80,73,61,25,6
6.186075,2368,2149,87,67,52,13,2429,2124,67,73,72,58,33,2
6.197074,2378,2149,87,66,54,22,2428,2132,58,65,75,58,34,6
6.207107,2371,2147,89,64,56,15,2442,2134,62,64,82,56,34,10
6.217317,2369,2150,84,68,54,13,2439,2136,66,66,70,65,27,9
6.227115,2379,2149,86,65,56,23,2433,2133,72,61,65,60,32,10
6.237519,2372,2147,86,67,56,16,2432,2141,70,56,75,54,26,10
6.247794,2371,2147,90,65,54,15,2430,2142,66,58,68,58,31,7
6.258764,2372,2148,91,63,54,16,2434,2146,57,68,68,63,24,8
6.269550,2366,2147,91,63,55,10,2424,2132,61,70,71,55,27,8
6.280347,2371,2144,91,64,58,14,2429,2133,61,72,75,57,23,8
6.290411,2373,2144,91,65,55,18,2436,2139,60,68,72,54,31,12
6.300550,2372,2147,89,64,54,18,2435,2144,63,71,77,43,32,5
6.311067,2367,2148,87,66,53,13,2433,2133,69,64,68,54,37,8
6.322219,2371,2149,85,68,53,16,2434,2142,60,62,80,53,29,8
6.332880,2370,2147,87,71,50,15,2429,2137,66,56,73,55,34,8
6.344260,2374,2146,88,70,51,19,2433,2142,54,70,76,56,24,11
6.354387,2381,2146,87,70,52,26,2428,2137,57,73,62,65,27,7
6.365165,2368,2148,86,68,53,13,2425,2147,50,72,61,55,31,9
6.375893,2378,2148,85,69,53,23,2433,2138,62,63,63,64,34,9
6.386188,2374,2149,85,67,52,21,2434,2135,63,71,69,49,36,11
6.396720,2375,2147,86,69,52,21,2420,2136,56,57,67,57,36,11
6.407992,2366,2148,84,71,51,12,2413,2135,46,67,66,59,31,9
6.419008,2367,2148,85,71,51,12,2403,2145,56,55,70,47,23,7
6.431310,2372,2150,84,71,50,17,2411,2138,59,41,62,67,32,12
6.442597,2367,2151,85,70,48,13,2406,2139,63,54,65,55,25,5
6.454637,2370,2150,84,70,50,16,2403,2142,50,60,72,45,28,6
6.465759,2376,2150,84,69,52,21,2407,2149,51,56,57,59,25,10
6.477623,2366,2152,82,69,51,12,2410,2142,50,72,60,44,33,9
6.489128,2366,2151,79,71,50,15,2412,2134,64,63,54,52,41,4
6.500457,2366,2150,74,75,52,15,2408,2148,54,69,52,60,21,4
6.512222,2365,2149,75,75,51,15,2419,2145,60,76,55,51,25,7
6.523364,2366,2149,75,75,50,17,2422,2141,60,65,62,54,37,3
6.534107,2362,2148,76,73,53,12,2426,2126,70,69,60,57,34,10
6.544903,2357,2147,77,73,52,8,2413,2129,67,66,63,55,29,4
6.555950,2366,2147,77,74,52,16,2413,2133,58,59,61,52,40,10
6.566745,2369,2147,78,73,52,19,2411,2133,63,61,66,56,22,10
6.578091,2366,2145,80,71,54,16,2404,2136,57,67,67,45,24,8
6.589164,2369,2145,79,71,55,19,2406,2145,54,57,59,55,27,9
6.600350,2370,2143,79,71,57,20,2405,2135,52,62,65,51,29,11
6.612100,2363,2144,78,71,57,13,2400,2135,45,74,58,48,33,7
6.624272,2367,2144,79,66,60,18,2396,2135,59,63,55,52,26,6
6.636122,2380,2144,79,68,58,31,2399,2134,66,60,60,45,27,7
6.647751,2366,2143,80,69,57,17,2406,2127,70,58,61,51,25,14
6.659093,2363,2141,81,65,61,15,2407,2130,62,65,61,57,23,9
6.669697,2361,2142,80,66,60,13,2407,2141,65,53,59,56,27,6
6.680729,2359,2142,81,64,60,12,2402,2136,55,70,62,47,27,5
6.691956,2360,2142,81,64,59,14,2409,2125,72,55,59,55,33,10
6.703596,2363,2142,80,65,59,17,2420,2130,61,63,70,55,31,10
6.714579,2368,2141,83,65,58,21,2432,2140,56,68,61,53,41,13
6.725274,2367,2141,81,71,53,21,2428,2136,63,56,74,62,29,8
6.735903,2360,2141,78,71,56,14,2423,2130,60,74,67,46,39,7
6.746046,2361,2143,76,72,54,16,2424,2143,71,59,58,51,35,7
6.757210,2360,2140,78,73,55,14,2421,2134,63,64,62,60,34,4
6.767765,2357,2140,80,71,56,10,2434,2135,57,74,60,57,43,8
6.777593,2368,2140,80,69,57,22,2438,2140,64,66,57,68,33,10
6.787627,2366,2138,80,70,58,20,2440,2143,65,61,65,75,23,8
6.797335,2363,2137,81,72,55,18,2441,2134,64,67,76,56,38,6
6.807855,2364,2136,83,73,53,19,2443,2138,68,64,74,47,46,6
6.817576,2362,2137,79,79,49,18,2442,2135,66,73,67,58,32,11
6.827460,2362,2138,78,78,50,18,2439,2130,69,60,70,62,33,15
6.837406,2358,2137,80,77,49,15,2435,2134,64,72,66,64,29,6
6.847486,2361,2134,82,76,51,18,2437,2129,69,64,76,62,31,6
6.857366,2362,2135,81,76,51,19,2437,2124,77,59,71,60,40,6
6.867430,2358,2135,81,76,51,15,2439,2126,77,66,71,58,29,12
6.877277,2360,2136,81,74,53,16,2439,2129,79,64,59,68,35,5
6.887409,2357,2137,79,73,55,13,2440,2129,70,66,71,68,27,9
6.897786,2362,2136,80,72,57,17,2440,2132,71,63,60,68,31,15
6.908193,2365,2136,80,72,58,19,2437,2135,73,67,66,56,33,7
6.918481,2361,2135,79,71,61,15,2431,2124,72,61,68,72,30,4
6.928805,2360,2137,79,67,63,14,2423,2120,73,67,63,59,38,3
6.939343,2360,2138,81,63,64,14,2432,2131,61,63,75,54,40,8
6.949349,2369,2138,83,62,63,23,2436,2128,67,84,66,47,38,6
6.959766,2359,2137,84,62,62,14,2447,2144,61,69,68,65,32,8
6.969859,2360,2138,83,61,63,15,2446,2132,72,64,70,69,31,8
6.979203,2363,2135,85,61,63,19,2450,2129,73,62,80,55,43,8
6.989280,2356,2135,84,64,60,13,2448,2136,73,69,60,67,37,6
6.998903,2356,2134,84,61,63,14,2453,2142,59,73,73,66,31,9
7.008404,2369,2132,87,57,68,25,2461,2133,62,64,76,63,49,14
7.016892,2356,2131,87,55,70,13,2453,2132,63,65,88,51,43,11
7.026610,2362,2133,84,58,67,20,2452,2144,53,69,67,72,34,13
7.036413,2353,2132,88,57,64,12,2447,2131,69,59,84,64,30,10
7.046064,2364,2133,85,60,63,23,2448,2130,66,70,69,67,36,10
7.055359,2359,2135,84,59,63,18,2440,2129,72,68,71,50,41,9
7.065491,2359,2135,84,58,65,17,2432,2126,61,76,68,50,44,7
7.075038,2361,2133,89,54,66,19,2434,2137,63,69,69,55,26,15
7.085232,2359,2135,84,58,66,16,2423,2123,71,63,63,62,30,11
7.095953,2356,2135,83,60,66,12,2418,2136,62,57,58,77,23,5
7.106672,2354,2133,84,58,70,9,2423,2121,69,65,64,61,35,8
7.117152,2360,2132,82,60,72,14,2429,2133,77,58,59,62,31,9
7.127079,2363,2132,80,63,72,16,2422,2129,70,61,62,62,30,8
7.137905,2363,2132,79,65,71,16,2424,2138,57,71,64,53,31,10
7.148529,2363,2131,80,65,71,16,2413,2130,70,74,61,46,25,7
7.159468,2367,2133,78,67,68,21,2418,2138,66,68,57,52,33,4
7.170331,2361,2131,81,63,72,14,2417,2124,80,56,64,54,34,5
7.181328,2359,2132,77,70,67,13,2419,2125,57,73,62,62,38,2
7.192340,2356,2133,75,72,65,11,2426,2128,67,55,64,70,30,12
7.202744,2366,2136,72,73,64,21,2430,2128,61,72,80,49,29,11
7.213092,2356,2135,74,72,64,11,2428,2131,59,61,82,53,35,7
7.223217,2359,2136,73,75,62,13,2426,2131,56,64,72,57,39,7
7.233936,2360,2134,76,75,60,15,2423,2128,60,59,77,60,28,11
7.244470,2368,2135,73,78,59,23,2422,2135,68,62,55,69,30,3
7.255086,2366,2135,74,79,55,23,2427,2135,70,61,61,57,36,7
7.265195,2363,2135,73,82,53,20,2426,2128,68,64,68,56,35,7
7.275319,2358,2136,72,83,55,12,2429,2126,65,65,62,62,42,7
7.285196,2361,2134,72,84,56,15,2438,2125,68,72,58,72,32,11
7.295769,2366,2135,71,83,58,19,2440,2124,74,68,67,67,35,5
7.305892,2363,2136,71,85,55,16,2442,2136,69,64,59,61,42,11
7.315619,2364,2136,71,83,56,18,2439,2130,60,72,75,48,46,8
7.325991,2364,2135,74,80,57,18,2447,2143,70,65,57,63,38,11
7.335376,2362,2133,78,81,53,17,2450,2134,63,64,71,72,39,7
7.344174,2372,2134,80,82,49,27,2450,2137,65,75,61,58,41,13
7.354311,2361,2134,81,80,49,17,2441,2129,68,60,63,71,39,11
7.364014,2366,2133,83,78,50,22,2445,2137,61,56,71,62,47,11
7.373630,2360,2133,84,76,51,16,2447,2131,59,51,83,73,34,16
7.382693,2365,2132,86,74,52,21,2451,2130,58,70,72,74,40,7
7.392560,2366,2132,85,76,51,22,2449,2128,76,53,68,77,34,13
7.401632,2362,2134,86,79,44,19,2447,2129,63,60,65,80,42,8
7.411368,2354,2134,88,76,44,12,2444,2130,70,45,66,83,36,14
7.421980,2351,2133,89,75,44,10,2436,2130,61,68,72,65,29,11
7.432229,2354,2135,88,75,41,15,2441,2124,72,68,69,55,39,14
7.442150,2362,2136,87,75,41,23,2434,2115,81,63,72,56,32,15
7.452313,2353,2134,91,71,44,13,2424,2130,57,67,67,61,34,8
7.462688,2362,2135,89,70,47,21,2416,2116,69,59,71,57,33,11
7.472708,2360,2134,88,70,49,19,2416,2125,57,62,70,66,27,9
7.483704,2363,2133,87,71,50,22,2409,2122,74,63,64,47,31,8
7.494750,2360,2134,87,70,48,21,2413,2116,68,76,59,56,32,6
7.504982,2352,2136,86,70,47,13,2413,2126,53,68,69,50,39,8
7.516392,2359,2137,85,69,49,19,2410,2137,50,66,66,48,36,7
7.528043,2353,2137,85,66,50,15,2407,2133,60,61,51,68,25,9
7.538815,2351,2140,82,69,48,12,2402,2128,56,66,54,60,28,10
7.549918,2357,2136,83,70,50,18,2396,2128,54,68,71,45,24,6
7.561150,2356,2133,85,68,53,17,2398,2125,61,59,59,54,36,4
7.572507,2350,2134,83,73,49,11,2397,2123,68,56,59,47,35,9
7.583694,2355,2133,84,72,49,17,2407,2129,61,66,58,50,34,9
7.594129,2352,2133,85,70,51,13,2404,2114,67,64,68,55,28,8
7.605143,2349,2131,85,72,51,10,2405,2130,56,66,55,61,25,12
7.616669,2358,2131,84,73,48,22,2399,2130,52,69,56,49,37,6
7.627274,2354,2132,85,68,51,18,2405,2128,58,62,59,60,27,11
7.638381,2342,2132,88,65,51,6,2399,2116,60,70,63,41,44,5
7.649533,2353,2131,88,65,52,17,2394,2112,73,64,52,62,24,7
7.660809,2353,2128,88,65,54,18,2395,2115,58,77,56,43,36,10
7.671344,2359,2128,88,65,54,24,2389,2115,65,67,52,57,31,2
7.682631,2352,2128,87,68,53,16,2401,2115,64,68,59,44,36,15
7.693615,2349,2127,90,69,50,13,2390,2121,59,64,63,49,23,11
7.705435,2348,2125,86,74,50,13,2380,2127,52,62,61,42,26,10
7.716568,2349,2124,86,74,51,14,2385,2109,60,62,68,42,34,10
7.727434,2346,2123,86,75,50,12,2382,2117,56,65,49,57,29,9
7.739004,2353,2123,87,76,48,19,2383,2117,54,71,61,47,25,8
7.749833,2356,2125,87,73,48,23,2392,2113,54,60,64,52,39,10
7.760896,2351,2125,88,75,48,15,2396,2110,62,62,73,54,29,6
7.772833,2351,2125,88,73,49,16,2387,2117,55,60,67,52,31,5
7.784275,2346,2123,91,69,51,12,2389,2119,53,63,57,57,33,7
7.795997,2348,2123,92,71,49,13,2393,2119,58,57,57,61,36,5
7.807933,2341,2121,94,70,49,7,2389,2123,62,60,60,54,25,5
7.819093,2345,2120,94,72,47,12,2391,2111,60,78,57,46,29,10
7.830193,2350,2119,91,76,47,17,2395,2110,59,65,65,52,33,11
7.841289,2351,2121,89,78,47,16,2395,2112,62,73,65,47,27,9
7.851607,2348,2120,86,80,48,14,2390,2114,61,75,57,45,32,6
7.862732,2346,2120,87,76,50,13,2398,2105,62,81,59,52,33,6
7.873693,2344,2122,89,73,47,13,2395,2107,67,70,70,48,26,7
7.884488,2355,2121,93,69,50,22,2401,2120,59,80,59,44,30,9
7.894567,2341,2120,94,69,49,9,2406,2112,66,69,71,39,41,8
7.905561,2347,2120,96,65,52,14,2393,2105,60,69,61,58,34,6
7.916224,2352,2122,95,65,52,18,2396,2127,68,65,51,53,27,5
7.927491,2349,2122,93,66,53,15,2404,2119,64,71,57,48,35,10
7.938076,2344,2121,95,65,53,10,2393,2116,61,63,68,53,26,6
7.949499,2350,2124,93,65,52,16,2399,2112,57,60,77,56,29,8
7.960190,2345,2124,92,65,50,14,2393,2104,74,70,68,43,28,6
7.970960,2343,2123,92,66,51,11,2391,2118,74,61,60,47,25,6
7.981843,2347,2122,93,65,52,15,2390,2112,66,71,52,56,27,6
7.992805,2339,2123,97,63,48,8,2389,2117,52,74,58,45,33,10
8.003885,2352,2123,92,68,47,22,2392,2105,58,77,56,56,31,9
8.015177,2347,2127,92,67,44,17,2393,2110,62,66,55,61,29,10
8.025789,2339,2126,90,69,43,11,2395,2112,63,56,63,60,28,13
8.036135,2338,2129,91,67,41,10,2403,2116,60,52,75,49,35,16
8.047798,2333,2130,91,66,41,5,2396,2109,64,61,73,51,31,7
8.058515,2354,2129,89,70,38,28,2408,2112,65,57,68,49,50,7
8.069645,2342,2128,89,71,38,16,2412,2120,61,60,61,70,29,11
8.079726,2346,2128,89,72,37,20,2412,2111,65,62,67,57,41,9
8.090182,2334,2130,88,72,37,7,2409,2113,64,64,55,62,40,11
8.100716,2339,2130,88,72,36,13,2412,2119,68,63,67,53,33,9
8.111519,2341,2130,89,70,37,15,2407,2120,54,67,73,63,21,9
8.121756,2343,2130,89,69,38,17,2409,2121,63,58,58,59,40,10
8.132228,2342,2127,90,69,39,17,2408,2114,61,68,68,64,32,1
8.143118,2341,2127,90,69,39,16,2402,2114,55,68,58,60,37,10
8.153438,2341,2123,92,71,39,16,2399,2116,60,67,58,68,24,6
8.163772,2349,2121,94,70,41,23,2396,2111,63,75,59,52,29,7
8.174613,2340,2120,96,68,42,14,2394,2113,52,77,62,50,31,9
8.185559,2341,2119,96,71,40,15,2402,2099,71,70,65,54,35,8
8.196372,2350,2118,97,69,42,24,2403,2109,65,60,65,65,30,9
8.207889,2343,2119,96,67,44,17,2392,2115,63,65,59,49,32,9
8.219461,2337,2119,96,65,46,11,2391,2118,67,60,62,49,24,11
8.230411,2345,2120,94,66,46,19,2381,2108,51,63,69,49,30,11
8.240995,2343,2119,94,67,45,18,2371,2101,61,62,55,53,30,9
8.252626,2340,2119,92,67,47,15,2371,2108,60,52,66,41,32,12
8.264369,2333,2119,88,68,50,8,2369,2098,54,58,69,47,28,15
8.275815,2342,2122,86,68,48,18,2376,2105,58,63,75,42,25,8
8.286747,2345,2119,85,74,47,20,2378,2101,60,59,58,59,36,5
8.298033,2336,2118,86,74,46,12,2375,2110,52,72,41,55,39,6
8.309463,2338,2117,86,74,46,15,2377,2096,67,66,61,45,35,7
8.320958,2333,2117,88,70,48,10,2376,2107,59,73,59,40,33,5
8.332749,2343,2115,87,72,50,19,2377,2112,54,70,58,54,21,8
8.344185,2337,2113,88,72,47,17,2372,2110,63,61,70,46,16,6
8.355706,2340,2112,89,71,47,21,2377,2112,52,70,61,47,26,9
8.366756,2329,2111,90,69,49,10,2380,2107,62,75,58,47,26,5
8.377857,2335,2111,90,69,49,16,2383,2110,63,65,61,50,23,11
8.388776,2336,2112,90,66,52,16,2384,2112,55,64,59,54,32,8
8.399888,2330,2112,89,64,55,10,2380,2093,67,67,63,45,37,8
8.411009,2333,2111,89,68,53,12,2368,2106,59,70,56,47,24,6
8.423143,2335,2113,88,66,54,14,2369,2098,75,59,58,47,26,6
8.434399,2333,2114,86,68,51,14,2367,2096,68,59,59,46,34,5
8.446701,2328,2115,83,70,51,9,2374,2103,63,52,76,47,30,3
8.457738,2330,2117,86,63,53,11,2375,2105,61,56,59,53,32,9
8.468743,2332,2114,90,63,51,14,2381,2093,72,56,59,63,25,13
8.479750,2326,2113,91,62,49,11,2380,2104,60,49,74,61,27,5
8.489760,2333,2112,92,63,48,18,2382,2088,58,57,68,61,42,8
8.500662,2325,2111,91,63,50,10,2386,2097,63,69,65,56,26,10
8.511483,2328,2109,89,64,51,15,2389,2099,58,68,64,61,30,9
8.522033,2331,2107,90,64,51,19,2390,2101,57,74,69,46,37,6
8.533146,2326,2107,90,64,52,13,2376,2097,54,70,52,64,36,3
8.544200,2324,2108,90,64,51,11,2367,2086,67,60,62,59,29,4
8.554805,2325,2108,88,66,50,13,2372,2093,69,64,60,49,31,6
8.565254,2327,2107,91,63,51,15,2377,2087,78,58,75,47,25,7
8.576474,2322,2106,93,57,56,10,2374,2097,69,67,54,60,22,5
8.587376,2325,2105,91,60,57,12,2384,2093,74,70,53,55,30,9
8.598312,2326,2105,91,62,56,12,2388,2087,66,63,74,63,27,8
8.608708,2327,2105,91,64,54,13,2397,2088,75,59,77,58,31,9
8.618549,2331,2105,90,64,55,17,2400,2101,65,61,64,66,35,8
8.629241,2334,2106,88,71,49,20,2393,2093,65,66,72,65,27,5
8.639617,2326,2105,88,70,51,12,2398,2098,64,64,65,67,34,6
8.650166,2329,2105,88,71,49,16,2392,2094,71,73,61,58,32,3
8.660580,2326,2105,86,69,54,12,2390,2095,71,53,69,60,33,9
8.671111,2330,2104,87,69,53,17,2386,2098,58,65,66,56,32,11
8.682461,2326,2103,87,69,54,13,2390,2095,68,66,46,63,40,12
8.692538,2327,2104,88,67,53,15,2396,2099,65,74,66,53,26,13
8.703029,2332,2105,88,66,54,19,2396,2089,74,68,73,52,30,10
8.713362,2334,2102,92,62,58,20,2396,2097,73,68,59,53,36,10
8.723789,2328,2102,92,62,60,12,2399,2103,71,61,63,64,26,11
8.734257,2328,2099,93,63,58,15,2407,2102,64,68,76,49,37,11
8.744717,2332,2096,97,62,59,18,2400,2097,65,66,73,58,36,5
8.755485,2327,2096,97,60,62,12,2399,2103,52,74,68,61,35,6
8.766100,2333,2096,97,60,62,18,2398,2101,63,69,70,50,34,11
8.776649,2332,2096,98,60,61,17,2384,2107,56,73,63,61,20,4
8.787594,2330,2098,97,62,58,15,2388,2104,64,63,62,52,38,5
8.798131,2326,2099,95,65,56,11,2393,2105,53,61,75,60,29,10
8.808743,2324,2098,94,67,55,10,2392,2098,62,63,62,56,44,7
8.819448,2330,2098,94,68,54,16,2386,2098,58,63,69,51,39,8
8.830046,2331,2099,95,67,52,18,2393,2095,66,66,65,54,34,13
8.840452,2335,2102,94,63,56,20,2398,2104,47,70,63,70,31,13
8.851166,2332,2100,95,67,55,15,2401,2098,74,61,67,55,38,8
8.861750,2334,2099,97,65,56,17,2395,2090,72,63,65,59,37,9
8.871297,2333,2098,97,66,56,16,2394,2100,63,57,65,63,40,6
8.881933,2330,2097,96,68,55,14,2403,2090,68,70,72,67,33,3
8.891901,2331,2099,93,68,54,17,2414,2101,61,68,74,62,41,7
8.901711,2332,2098,94,67,54,19,2410,2096,69,66,66,66,37,10
8.912239,2326,2102,90,67,52,15,2402,2091,69,56,72,60,42,12
8.922227,2329,2101,90,64,56,18,2398,2090,60,65,71,60,43,9
8.932085,2325,2102,88,65,55,15,2399,2082,70,69,73,60,35,10
8.942291,2335,2102,88,65,55,25,2405,2086,70,75,66,61,38,9
8.952362,2329,2101,89,61,59,19,2392,2090,73,59,66,63,32,9
8.962368,2321,2101,91,58,60,11,2398,2084,71,73,71,57,34,8
8.972664,2324,2101,90,61,59,13,2384,2098,58,66,65,71,20,6
8.983048,2329,2099,90,66,56,18,2399,2087,68,71,67,50,41,15
8.992576,2328,2099,90,67,55,17,2393,2091,75,63,63,54,36,11
9.003034,2322,2100,85,72,54,11,2389,2095,62,72,62,60,30,8
9.012803,2337,2099,85,72,54,27,2389,2089,70,57,67,56,35,15
9.022962,2329,2098,86,71,55,19,2389,2101,69,61,66,54,30,8
9.034329,2334,2098,85,70,56,25,2377,2095,59,71,67,50,28,7
9.045795,2323,2098,85,70,56,14,2373,2084,68,58,69,55,33,6
9.056601,2321,2098,85,71,55,12,2373,2089,56,75,66,53,26,8
9.068242,2319,2096,86,72,54,11,2366,2096,58,58,54,57,35,8
9.079659,2322,2097,85,74,53,13,2364,2112,56,60,56,41,33,6
9.090717,2330,2099,85,72,54,20,2375,2090,70,67,61,59,25,3
9.101579,2327,2101,83,73,54,16,2382,2091,71,64,58,62,32,4
9.112233,2331,2100,80,74,57,20,2375,2104,54,62,66,56,28,5
9.123179,2326,2101,78,75,57,15,2375,2092,61,75,63,47,27,10
9.134236,2324,2101,79,73,57,14,2377,2087,65,64,63,60,30,8
9.144681,2329,2101,77,74,58,19,2384,2087,56,75,61,72,25,8
9.155508,2319,2100,78,76,55,10,2379,2099,40,76,63,53,35,13
9.166343,2323,2099,78,78,54,14,2375,2093,64,54,69,65,25,5
9.177387,2324,2098,79,77,54,16,2374,2081,79,52,71,46,35,10
9.187406,2328,2096,79,80,53,20,2374,2092,67,57,56,55,38,9
9.198099,2319,2095,78,82,53,11,2381,2090,65,52,72,53,40,9
9.208243,2319,2096,76,82,54,11,2379,2086,59,69,62,60,34,9
9.219177,2323,2095,76,83,53,16,2381,2092,68,61,64,59,29,8
9.229166,2318,2096,75,83,52,12,2378,2086,68,67,64,49,35,9
9.239483,2318,2095,75,82,53,13,2385,2095,60,70,70,53,27,10
9.250175,2322,2093,76,82,54,17,2385,2080,73,65,58,65,40,4
9.260052,2322,2092,75,83,54,18,2388,2094,64,61,66,60,38,5
9.269724,2320,2093,75,84,55,13,2399,2084,63,65,61,68,47,11
9.279497,2324,2093,75,84,56,16,2400,2099,64,63,81,46,32,15
9.289519,2325,2093,75,84,57,16,2389,2101,60,62,66,65,25,10
9.300069,2321,2093,76,87,54,11,2386,2088,71,76,57,60,26,8
9.310235,2327,2093,75,88,54,17,2379,2083,66,71,72,47,31,9
9.320923,2322,2092,75,87,56,12,2384,2090,57,72,63,65,29,8
9.331695,2316,2092,76,85,57,6,2377,2090,68,73,59,51,30,6
9.342639,2322,2094,75,86,56,11,2378,2100,60,69,61,49,30,9
9.353122,2335,2092,78,86,55,24,2379,2079,76,63,66,54,35,6
9.364152,2332,2091,81,82,56,22,2376,2093,64,62,58,56,36,7
9.374579,2331,2093,79,82,56,21,2380,2076,72,62,72,50,32,16
9.385604,2327,2092,81,80,57,17,2378,2084,68,69,66,49,38,4
9.396556,2322,2094,80,80,56,12,2379,2106,62,67,59,55,25,5
9.407538,2328,2093,82,77,60,16,2386,2088,73,66,71,46,32,10
9.418356,2331,2094,81,78,60,18,2385,2097,63,68,66,52,32,7
9.428838,2329,2094,83,77,59,16,2385,2096,61,71,68,55,30,4
9.439515,2324,2093,81,81,60,9,2388,2088,68,65,67,57,31,12
9.450189,2330,2092,83,84,57,14,2384,2088,73,58,70,71,21,3
9.460704,2327,2092,82,84,58,11,2386,2090,70,56,73,57,34,6
9.471466,2332,2093,82,85,56,16,2387,2095,61,73,72,45,33,8
9.482626,2332,2092,83,85,57,15,2387,2088,72,83,61,54,23,6
9.493302,2334,2093,87,80,58,16,2389,2094,72,55,83,55,20,10
9.503921,2334,2095,87,80,56,16,2394,2096,71,65,68,50,34,10
9.514473,2333,2092,88,81,57,15,2390,2089,83,59,56,59,36,8
9.524973,2329,2091,89,81,57,11,2394,2107,64,59,61,51,41,11
9.536116,2334,2092,91,80,56,15,2385,2092,62,60,71,61,33,6
9.546749,2329,2094,90,77,57,11,2378,2080,76,53,63,60,38,8
9.557323,2330,2095,88,81,55,11,2383,2090,65,56,64,64,36,8
9.568789,2338,2093,91,80,55,19,2379,2105,49,62,60,66,32,5
9.578905,2332,2094,89,80,56,13,2384,2099,63,68,53,61,28,12
9.590113,2333,2095,88,80,55,15,2383,2102,63,64,53,60,32,9
9.600485,2327,2095,85,82,55,10,2386,2096,64,70,69,48,30,9
9.611562,2342,2096,85,81,54,26,2389,2104,73,57,67,45,35,8
9.622623,2331,2097,82,81,54,17,2392,2097,70,63,58,66,32,6
9.633269,2325,2098,84,76,57,10,2392,2093,75,52,77,55,32,8
9.643849,2332,2097,87,75,56,17,2392,2104,58,56,67,65,35,7
9.654050,2323,2098,88,71,57,9,2391,2095,74,63,66,64,18,11
9.665614,2323,2097,86,73,57,10,2392,2089,68,59,61,69,34,12
9.676527,2325,2096,85,74,56,14,2392,2094,71,48,69,56,42,12
9.686823,2325,2096,84,75,56,14,2388,2088,82,44,74,61,31,8
9.697703,2321,2096,86,71,57,11,2397,2097,64,60,56,78,32,10
9.708566,2326,2095,86,71,58,16,2399,2094,64,71,62,62,36,10
9.718243,2328,2095,86,71,58,18,2402,2094,64,68,68,65,33,10
9.728180,2324,2095,86,72,58,13,2399,2095,66,68,60,60,44,6
9.737694,2331,2096,86,71,58,20,2403,2083,76,72,67,62,40,3
9.748009,2335,2096,85,74,57,23,2403,2098,69,67,59,75,31,4
9.757191,2336,2095,86,73,58,24,2413,2093,70,70,72,62,39,7
9.767064,2331,2093,84,77,57,20,2408,2094,66,70,60,61,45,12
9.776647,2324,2094,83,77,57,13,2412,2081,69,70,74,73,33,12
9.786463,2334,2095,83,77,57,22,2411,2093,63,63,68,76,39,9
9.795748,2329,2094,83,79,54,19,2408,2084,64,74,64,74,38,10
9.805879,2329,2098,83,78,53,17,2401,2094,61,72,62,67,35,10
9.815812,2328,2097,83,77,56,15,2398,2088,58,65,75,67,36,9
9.826310,2329,2096,85,74,58,16,2389,2090,65,62,69,64,32,7
9.837139,2324,2097,85,78,53,11,2387,2094,68,63,67,54,27,14
9.846871,2333,2094,88,77,55,19,2396,2084,64,73,61,65,40,9
9.856541,2336,2094,85,80,53,24,2389,2101,64,61,69,58,30,6
9.866736,2330,2094,85,79,54,18,2399,2088,67,62,75,63,27,17
9.876260,2328,2094,85,79,54,16,2397,2086,68,62,66,67,39,9
9.886775,2329,2091,85,77,58,18,2403,2085,73,72,66,65,29,13
9.896510,2329,2091,84,76,60,18,2415,2096,74,61,66,65,43,10
9.906649,2326,2090,87,75,59,15,2411,2095,72,60,66,69,39,10
9.916224,2328,2090,88,74,59,17,2410,2087,71,74,67,75,27,9
9.925588,2335,2089,91,72,59,24,2412,2096,63,66,66,78,34,9
9.934691,2327,2089,90,73,59,16,2411,2094,75,69,66,67,33,7
9.943951,2327,2090,87,74,59,17,2404,2090,72,65,75,59,36,7
9.953177,2325,2089,87,76,58,15,2407,2084,71,70,67,64,44,7
9.962856,2330,2090,86,78,56,20,2407,2094,63,74,69,62,38,7
9.972638,2328,2089,88,78,55,18,2405,2091,65,68,80,53,41,7
9.982234,2329,2090,86,78,58,17,2404,2104,59,67,74,56,37,7
9.991826,2327,2089,87,80,55,16,2416,2087,69,68,75,68,37,12
10.001162,2331,2089,87,79,56,20,2412,2087,76,63,72,68,38,8
10.011054,2330,2090,85,83,53,19,2412,2080,78,65,75,65,32,17
10.020440,2330,2088,86,84,53,19,2416,2090,71,66,64,64,47,14
10.030625,2323,2089,86,84,51,13,2397,2084,81,71,72,50,32,7
10.040470,2329,2089,85,84,51,20,2403,2081,79,74,64,68,28,9
10.050071,2329,2087,87,82,53,20,2405,2095,63,68,68,69,33,9
10.059738,2330,2087,87,84,52,20,2399,2096,67,72,65,71,22,6
10.069969,2334,2087,88,84,51,24,2400,2092,73,57,74,54,46,4
10.079989,2323,2087,87,86,50,13,2398,2088,70,56,73,67,37,7
10.089735,2330,2087,85,89,50,19,2391,2101,60,62,55,65,37,11
10.100803,2328,2086,86,89,49,18,2386,2087,78,59,63,55,34,10
10.111192,2329,2086,88,88,47,20,2392,2094,66,53,65,65,37,12
10.121197,2325,2086,89,87,47,16,2391,2090,66,61,76,58,33,7
10.130828,2325,2086,90,84,49,16,2392,2094,68,66,68,53,33,10
10.140471,2326,2087,92,82,47,18,2393,2086,68,64,64,62,45,4
10.150931,2328,2086,92,81,49,20,2396,2077,77,70,54,69,42,7
10.160500,2331,2086,93,78,51,23,2393,2090,69,66,64,55,35,14
10.170523,2326,2087,92,77,52,18,2392,2096,55,68,58,59,45,11
10.181104,2326,2088,92,73,54,19,2391,2082,76,58,67,66,33,9
10.191171,2327,2088,93,74,53,19,2386,2083,61,73,67,56,34,12
10.201191,2316,2086,92,78,52,8,2388,2091,63,63,61,63,37,10
10.212239,2319,2087,92,77,52,11,2383,2086,74,52,62,56,45,8
10.223208,2321,2086,92,79,51,13,2395,2086,64,67,63,68,38,9
10.234054,2323,2087,91,79,51,15,2396,2080,78,68,52,73,38,7
10.244390,2327,2086,90,80,52,19,2396,2092,64,63,68,66,39,4
10.254406,2330,2089,88,83,47,23,2393,2089,65,68,65,63,39,4
10.264254,2325,2088,89,87,43,18,2388,2082,74,64,67,60,36,5
10.274087,2324,2089,88,87,43,17,2394,2088,65,67,79,56,31,8
10.283990,2327,2091,86,86,44,20,2397,2080,83,58,73,65,28,10
10.293946,2327,2091,86,85,43,22,2392,2087,64,66,61,61,45,8
10.303750,2319,2090,87,83,45,14,2391,2086,75,67,65,50,35,13
10.314465,2329,2089,88,82,46,24,2390,2087,73,66,63,62,27,12
10.325152,2322,2089,90,81,45,17,2386,2086,71,60,66,59,35,9
10.335426,2323,2088,95,76,45,19,2387,2075,83,69,58,60,29,13
10.345585,2327,2088,95,77,44,23,2382,2077,69,70,66,64,30,6
10.356265,2324,2087,95,76,46,20,2382,2088,60,66,68,57,29,14
10.366959,2318,2086,93,80,45,14,2381,2067,80,65,58,74,32,5
10.376942,2330,2085,92,83,44,26,2396,2078,75,55,73,61,43,11
10.386407,2330,2085,95,78,46,26,2394,2096,63,64,73,54,34,10
10.397144,2317,2087,96,77,43,14,2388,2092,63,68,66,62,33,4
10.407046,2323,2087,96,77,43,20,2389,2081,76,61,65,77,25,4
10.416685,2326,2088,95,77,44,22,2399,2079,70,70,59,70,43,8
10.425562,2323,2087,94,78,44,20,2396,2087,69,55,78,59,37,11
10.435479,2320,2087,96,76,44,17,2395,2081,57,63,77,71,33,13
10.445237,2319,2087,96,74,46,16,2393,2083,74,54,75,54,42,11
10.455064,2318,2089,95,76,43,15,2392,2074,78,79,63,60,31,7
10.465111,2321,2088,95,78,43,17,2400,2080,72,64,69,65,40,10
10.475064,2324,2087,95,80,40,22,2394,2073,76,75,70,47,45,8
10.485034,2319,2086,95,79,41,18,2394,2066,84,57,71,65,39,12
10.494662,2322,2087,94,79,42,20,2393,2080,74,77,63,59,31,9
10.504985,2321,2087,96,76,44,18,2399,2088,65,70,72,66,30,8
10.515128,2318,2085,96,77,45,15,2401,2077,71,67,71,69,37,9
10.524621,2323,2084,97,75,47,20,2407,2082,77,77,62,54,44,11
10.533760,2325,2084,94,79,46,22,2405,2081,77,65,66,64,42,10
10.543724,2316,2083,95,77,48,13,2404,2083,79,68,77,58,36,3
10.553508,2316,2085,91,81,46,13,2404,2093,56,80,70,60,38,7
10.563620,2316,2085,90,80,49,12,2396,2085,69,73,69,64,30,6
10.573830,2325,2085,90,80,49,21,2396,2077,76,79,67,49,33,15
10.584279,2324,2088,88,78,52,18,2391,2085,60,72,72,65,32,5
10.594160,2317,2087,90,76,52,12,2393,2078,70,66,69,71,34,5
10.604550,2323,2087,92,74,53,17,2397,2072,77,69,68,71,34,6
10.614733,2317,2086,93,73,54,11,2399,2089,65,63,62,74,37,9
10.624224,2326,2087,92,75,52,20,2400,2086,68,68,75,63,34,6
10.634435,2320,2086,91,77,53,13,2407,2085,70,70,74,62,37,9
10.643907,2322,2086,92,75,54,15,2403,2089,66,68,66,57,42,15
10.653547,2321,2086,94,73,54,14,2404,2078,78,64,62,70,37,15
10.663464,2327,2085,94,71,58,19,2407,2095,75,58,56,73,37,13
10.672916,2324,2086,96,66,60,16,2406,2088,80,58,80,60,31,9
10.682939,2321,2086,96,64,62,13,2404,2093,59,61,75,75,37,4
10.693218,2321,2087,93,65,63,13,2400,2097,55,69,66,64,39,10
10.703082,2327,2088,91,68,61,19,2407,2092,62,65,76,65,39,8
10.712789,2332,2088,90,67,64,23,2409,2089,66,63,79,73,32,7
10.722659,2326,2088,89,70,62,17,2411,2091,69,67,62,67,43,12
10.732309,2323,2089,87,71,61,15,2402,2094,65,68,71,66,34,4
10.742624,2332,2090,86,71,61,24,2387,2088,75,73,58,57,31,5
10.753884,2324,2089,85,74,61,15,2390,2098,65,54,70,62,33,8
10.763885,2319,2088,85,76,60,10,2390,2088,74,66,76,52,26,8
10.774455,2320,2089,83,78,59,11,2389,2095,62,67,65,56,36,8
10.785131,2334,2089,83,75,64,23,2389,2110,55,61,64,67,24,8
10.795758,2323,2088,85,73,64,13,2382,2092,66,61,59,67,30,7
10.807303,2326,2086,88,72,62,18,2392,2094,70,57,61,58,41,11
10.817410,2331,2085,89,71,64,22,2383,2095,65,62,66,53,36,6
10.827889,2325,2087,86,71,64,17,2391,2095,65,60,70,62,32,7
10.838213,2325,2088,85,70,65,17,2388,2091,68,66,59,57,35,12
10.848464,2332,2089,85,72,62,24,2387,2090,66,58,72,62,33,6
10.859390,2322,2087,85,75,60,15,2395,2084,65,60,74,66,40,6
10.869753,2325,2085,85,77,61,17,2408,2092,58,70,71,66,37,14
10.880175,2329,2085,85,77,61,21,2401,2090,62,61,77,73,32,6
10.889444,2328,2086,84,75,64,19,2407,2089,69,63,75,60,40,11
10.899523,2325,2085,85,76,63,16,2392,2088,63,60,76,61,40,4
10.909501,2321,2087,83,76,63,12,2391,2087,66,68,67,59,35,9
10.919894,2319,2087,81,77,63,11,2393,2094,61,60,75,60,38,5
10.930173,2318,2085,83,77,62,11,2389,2086,65,66,57,80,30,5
10.940269,2320,2086,82,76,62,14,2390,2085,77,52,70,71,28,7
10.949924,2324,2086,82,77,61,18,2391,2090,65,61,68,68,35,4
10.959861,2320,2086,83,78,58,15,2390,2090,64,59,62,74,32,9
10.970085,2318,2085,81,83,56,13,2391,2085,67,62,63,62,40,12
10.980472,2325,2084,80,84,56,21,2393,2083,81,55,72,59,31,12
10.990005,2314,2084,80,83,56,11,2394,2085,65,76,67,62,29,10
10.999628,2315,2084,80,85,54,12,2402,2091,63,64,68,70,39,7
11.009271,2326,2084,82,83,54,23,2406,2082,67,72,70,69,39,7
11.018632,2321,2084,83,83,53,18,2405,2082,75,73,81,45,36,13
11.028584,2320,2083,84,85,49,19,2410,2093,66,66,83,59,33,10
11.038301,2319,2081,84,85,52,17,2417,2092,68,64,71,68,44,10
11.047992,2327,2082,88,81,50,26,2415,2091,64,83,63,64,45,5
11.057950,2322,2081,90,78,52,21,2412,2094,58,66,78,66,40,10
11.067763,2318,2080,91,77,52,18,2409,2088,63,71,82,59,37,9
11.076766,2319,2081,89,79,50,20,2412,2096,61,64,75,70,33,13
11.086624,2325,2082,88,81,50,24,2410,2098,58,69,78,60,40,7
11.095538,2318,2081,88,80,54,15,2416,2094,72,62,87,52,37,12
11.104650,2318,2082,88,79,54,15,2410,2086,72,64,72,57,49,10
11.114327,2328,2082,88,79,57,22,2403,2087,78,48,73,69,42,6
11.124258,2322,2083,89,79,55,16,2404,2084,71,56,69,71,38,15
11.133710,2321,2086,86,81,53,15,2402,2084,82,54,66,62,46,8
11.144109,2326,2089,82,82,52,21,2402,2088,75,58,63,66,45,7
11.154711,2325,2090,81,82,53,19,2404,2092,66,74,67,63,30,12
11.165078,2322,2090,81,85,50,16,2400,2079,66,63,85,64,35,8
11.175624,2318,2090,80,84,52,12,2391,2080,82,53,63,72,37,4
11.185556,2320,2089,81,86,48,16,2395,2079,79,51,68,74,34,10
11.195475,2313,2089,81,85,49,9,2404,2089,69,61,68,73,33,11
11.205711,2324,2087,82,85,49,21,2405,2091,50,63,80,72,40,9
11.215451,2323,2088,82,84,49,20,2408,2078,70,64,69,67,50,10
11.224860,2329,2090,81,81,53,24,2409,2097,68,66,61,55,49,13
11.234364,2328,2091,80,83,52,22,2405,2098,70,64,67,57,41,8
11.243412,2324,2090,80,81,55,18,2412,2091,68,63,71,65,46,8
11.253101,2319,2090,79,80,58,12,2414,2088,72,55,81,73,35,10
11.262200,2322,2090,80,82,56,14,2417,2099,65,63,76,65,40,9
11.272061,2325,2091,80,80,58,16,2414,2101,62,67,67,56,49,12
11.281155,2328,2092,78,81,57,20,2414,2081,74,66,74,66,47,6
11.291138,2328,2091,78,81,58,20,2413,2087,79,63,71,68,35,10
11.301106,2323,2091,76,84,57,15,2413,2086,81,69,76,60,33,8
11.311071,2326,2090,75,85,57,19,2412,2093,79,61,74,58,38,9
11.320893,2330,2092,76,85,54,23,2407,2095,64,62,84,58,39,5
11.330943,2315,2091,77,84,53,10,2406,2090,68,69,66,67,34,12
11.341103,2329,2090,78,85,54,22,2397,2096,69,55,69,64,37,7
11.351212,2324,2090,80,83,54,17,2390,2095,68,56,71,63,30,7
11.361004,2321,2089,81,83,53,15,2391,2093,64,68,65,50,42,9
11.371501,2325,2089,81,84,51,20,2379,2095,63,64,55,63,31,8
11.381872,2321,2092,79,83,51,16,2380,2078,78,56,69,61,31,7
11.392035,2321,2090,79,84,52,16,2387,2079,66,68,63,56,41,14
11.402148,2318,2089,80,84,52,13,2395,2085,68,69,68,64,32,9
11.412543,2322,2088,81,83,52,18,2396,2087,67,59,78,64,32,9
11.422359,2311,2088,78,85,52,8,2400,2084,70,72,72,62,36,4
11.432146,2319,2087,82,84,49,17,2398,2082,70,72,72,56,39,7
11.442405,2314,2086,86,80,51,11,2404,2088,64,67,66,58,44,17
11.452577,2322,2085,88,78,52,19,2399,2091,66,61,68,73,30,10
11.462440,2316,2084,87,82,50,13,2398,2083,72,51,80,71,36,5
11.471437,2319,2087,83,83,49,17,2399,2088,68,81,65,58,31,8
11.480746,2320,2087,82,83,49,19,2399,2085,63,64,73,62,42,10
11.489977,2319,2089,81,82,48,19,2398,2084,66,70,77,71,25,5
11.499571,2312,2088,79,85,46,14,2398,2081,60,77,80,64,29,7
11.508536,2316,2089,78,86,45,18,2401,2086,62,69,76,64,33,11
11.518134,2312,2087,83,81,47,14,2394,2074,78,57,81,66,28,10
11.527283,2310,2086,86,78,48,12,2401,2079,72,59,78,67,36,10
11.536939,2322,2089,84,77,51,21,2398,2080,73,63,71,56,44,11
11.546548,2325,2089,83,78,49,26,2389,2069,81,68,69,57,40,5
11.556581,2313,2087,83,78,52,13,2388,2081,65,60,74,67,34,7
11.566584,2316,2087,80,81,52,16,2395,2080,66,75,61,60,45,8
11.576614,2313,2088,82,80,50,13,2394,2072,78,61,67,63,46,7
11.586172,2316,2088,86,76,50,16,2392,2072,63,70,69,66,44,8
11.596861,2308,2088,87,73,52,8,2388,2081,71,51,69,63,42,11
11.607504,2314,2089,88,70,53,14,2390,2072,82,66,65,59,40,6
11.617349,2317,2089,85,75,52,16,2397,2092,64,73,63,58,41,6
11.627405,2315,2089,82,77,52,15,2401,2084,67,59,74,67,41,9
11.637181,2316,2089,84,76,52,15,2396,2077,74,63,67,78,26,11
11.646947,2317,2087,86,73,54,17,2393,2082,73,74,60,64,31,9
11.657172,2321,2087,85,75,55,19,2387,2082,75,53,76,54,37,10
11.668017,2320,2087,84,75,55,19,2384,2075,79,58,68,61,36,7
11.678457,2317,2084,88,75,51,19,2390,2075,78,53,76,66,34,8
11.688530,2309,2083,90,73,49,14,2378,2075,76,62,66,54,37,8
11.698651,2303,2084,88,75,48,8,2380,2068,73,62,70,59,39,9
11.709309,2308,2084,88,74,47,15,2369,2071,75,50,77,62,33,1
11.719579,2306,2084,92,71,47,12,2379,2074,77,59,60,66,33,10
11.730290,2308,2085,89,77,43,14,2372,2075,73,61,71,55,34,3
11.741019,2316,2084,88,80,41,23,2373,2076,72,59,72,58,27,9
11.751234,2314,2085,87,80,42,20,2376,2086,70,59,69,59,29,4
11.761554,2312,2086,87,78,43,18,2380,2072,71,62,69,62,34,10
11.771878,2313,2085,88,77,44,19,2384,2068,69,66,65,58,47,11
11.781798,2314,2084,89,77,43,21,2389,2077,70,62,68,64,39,9
11.791603,2304,2082,90,76,46,10,2387,2082,73,59,72,58,34,9
11.801936,2306,2082,90,77,45,12,2381,2083,61,67,70,63,30,7
11.811994,2308,2083,90,77,43,15,2386,2067,70,75,72,56,29,17
11.821657,2306,2083,91,75,44,13,2376,2077,71,58,65,70,27,8
11.832472,2308,2086,91,74,43,14,2373,2077,66,67,63,51,40,9
11.843029,2310,2082,93,74,45,16,2383,2076,70,56,65,67,33,16
11.853103,2310,2081,91,78,45,15,2385,2068,78,63,72,61,36,7
11.862884,2318,2084,87,82,44,21,2386,2086,65,72,64,60,35,4
11.873620,2311,2084,89,80,44,14,2378,2072,71,58,83,48,43,3
11.884294,2308,2084,88,79,44,13,2376,2072,71,58,67,64,37,7
11.895066,2310,2085,86,79,44,16,2383,2076,73,67,71,53,33,10
11.904362,2313,2083,89,76,46,19,2385,2082,71,64,75,52,32,9
11.914625,2309,2083,87,76,49,14,2380,2080,79,60,78,40,34,9
11.924383,2312,2084,82,82,47,17,2391,2084,72,63,76,59,27,10
11.934833,2313,2083,88,75,48,19,2382,2072,76,64,69,60,37,4
11.945307,2310,2086,85,75,46,18,2379,2077,66,71,65,49,35,16
11.954820,2310,2086,86,75,45,18,2379,2062,73,62,75,59,36,12
11.964777,2307,2085,88,73,46,15,2383,2073,64,64,57,62,45,18
11.975080,2303,2086,87,75,44,11,2368,2068,85,58,57,56,34,10
11.986024,2310,2084,87,77,45,17,2359,2071,66,65,64,56,32,5
11.996295,2310,2083,83,83,43,18,2361,2066,59,64,61,66,36,9
12.006485,2305,2081,83,83,45,13,2367,2074,69,56,60,67,35,6
12.017258,2305,2080,82,84,46,13,2363,2070,69,67,59,56,35,7
12.027523,2303,2080,80,82,49,12,2357,2077,53,65,63,61,31,7
12.039011,2308,2081,79,83,48,17,2354,2079,61,52,70,49,31,12
12.049549,2309,2081,77,88,44,19,2355,2064,75,55,67,57,22,15
12.060411,2306,2080,78,86,47,15,2355,2076,64,53,71,52,29,10
12.071181,2308,2079,77,88,46,18,2360,2068,75,66,67,47,27,10
12.082184,2302,2078,77,88,46,13,2360,2068,72,47,70,70,29,4
12.093154,2302,2078,79,81,50,14,2355,2068,66,68,48,65,30,10
12.103963,2298,2080,80,79,51,8,2346,2068,69,52,61,62,27,7
12.116251,2304,2080,80,81,50,13,2353,2068,60,68,66,62,23,6
12.127391,2307,2080,80,82,49,16,2355,2076,68,60,66,43,31,11
12.138532,2304,2079,80,79,53,13,2349,2074,58,61,65,52,33,6
12.149798,2301,2079,80,80,51,11,2363,2064,77,55,71,54,36,6
12.161328,2308,2077,83,78,52,18,2364,2076,69,60,62,66,28,3
12.172336,2309,2074,85,78,52,20,2370,2070,58,63,85,53,35,6
12.182913,2305,2074,85,76,52,18,2367,2062,72,56,75,54,42,6
12.193937,2302,2073,86,73,55,15,2358,2074,69,57,61,47,39,11
12.205315,2306,2072,87,72,55,20,2359,2073,67,63,48,70,31,7
12.216360,2302,2071,90,70,54,17,2364,2067,74,56,60,65,35,7
12.226516,2303,2071,88,73,53,18,2361,2079,61,66,69,47,34,5
12.237050,2300,2071,88,73,53,15,2365,2067,72,61,60,59,40,6
12.246896,2302,2066,92,72,53,19,2366,2060,82,58,59,57,37,13
12.257371,2305,2067,93,70,54,21,2357,2061,85,43,70,58,32,8
12.267903,2300,2067,92,72,53,16,2355,2067,69,61,60,59,32,7
12.279576,2305,2065,91,73,55,21,2350,2063,69,62,69,47,35,5
12.290587,2299,2064,92,71,57,15,2352,2080,61,50,62,50,42,7
12.302018,2302,2063,94,70,57,18,2348,2067,63,60,63,54,30,11
12.312537,2302,2063,94,70,56,19,2348,2067,65,76,57,46,29,8
12.324043,2303,2063,94,73,55,18,2345,2056,76,59,64,48,38,4
12.335259,2300,2063,92,74,56,15,2351,2062,60,53,68,68,27,13
12.346482,2305,2062,93,75,56,19,2341,2064,58,58,63,63,25,10
12.357552,2306,2062,93,73,58,20,2345,2074,53,56,60,61,32,9
12.368332,2302,2063,93,70,61,15,2349,2063,66,66,54,50,40,10
12.380142,2308,2061,94,69,63,21,2355,2062,65,55,67,58,37,11
12.390464,2296,2058,94,68,66,10,2350,2073,52,79,58,48,29,11
12.402080,2300,2059,93,69,65,14,2351,2064,63,61,59,59,36,9
12.412565,2307,2056,93,70,66,22,2347,2066,55,69,60,50,39,8
12.423655,2302,2057,92,72,62,19,2335,2064,59,64,54,62,28,4
12.435741,2291,2057,90,76,61,7,2332,2062,60,55,65,52,33,5
12.448530,2309,2058,91,73,62,25,2327,2057,76,52,55,54,29,4
12.460267,2298,2062,90,71,60,15,2329,2070,55,65,45,52,34,8
12.471971,2295,2061,89,75,58,12,2329,2062,58,66,63,45,31,4
12.484079,2297,2059,89,74,62,13,2329,2056,60,55,65,55,28,10
12.495797,2297,2060,88,74,62,13,2329,2056,61,68,60,50,27,7
12.508164,2303,2060,86,79,60,18,2328,2054,64,64,52,54,27,13
12.519985,2306,2059,85,81,61,20,2337,2047,61,70,59,57,34,9
12.532040,2303,2060,84,84,59,16,2339,2059,62,61,62,53,29,13
12.544027,2296,2060,85,83,60,8,2343,2062,67,56,66,60,26,6
12.555752,2296,2060,85,83,60,8,2348,2049,76,73,66,46,32,6
12.567006,2296,2061,85,84,58,8,2352,2070,56,73,60,50,38,5
12.578400,2301,2064,82,85,56,14,2345,2050,64,65,68,58,30,10
12.589671,2298,2064,82,86,54,12,2343,2057,65,54,77,53,25,12
12.600366,2300,2063,83,86,54,14,2349,2050,75,66,49,59,39,11
12.610735,2308,2063,82,86,56,21,2351,2050,68,69,67,45,41,11
12.621694,2301,2061,84,84,59,13,2349,2060,73,66,58,59,28,5
12.633204,2304,2061,85,83,59,16,2351,2054,64,66,63,61,29,14
12.643580,2303,2061,86,84,56,16,2354,2047,72,58,66,63,39,9
12.654712,2306,2060,89,80,59,18,2354,2062,67,67,63,59,28,8
12.665745,2301,2060,88,80,60,13,2350,2047,77,61,67,50,37,11
12.677201,2309,2062,87,80,59,21,2353,2057,63,71,65,49,37,11
12.688351,2300,2062,90,75,61,12,2351,2055,72,63,61,57,37,6
12.699324,2304,2061,90,76,62,15,2349,2058,62,68,60,69,22,10
12.710313,2302,2061,92,72,65,12,2344,2064,65,60,64,54,32,5
12.721360,2307,2060,92,71,65,19,2346,2056,62,61,55,62,41,9
12.732468,2303,2060,91,72,65,15,2343,2065,54,72,61,46,31,14
12.743797,2297,2060,91,72,62,12,2343,2066,64,60,59,48,37,9
12.755578,2303,2059,92,71,64,17,2338,2056,52,68,51,67,42,2
12.766711,2301,2061,92,73,60,15,2345,2060,61,72,72,45,27,8
12.777899,2311,2062,90,75,61,23,2354,2059,64,58,66,65,32,10
12.788670,2310,2063,89,77,59,22,2359,2072,59,65,65,60,33,5
12.799219,2302,2063,89,76,59,15,2356,2069,67,64,68,61,19,8
12.810125,2301,2065,89,76,56,15,2357,2070,57,63,69,56,37,5
12.820463,2308,2065,89,75,56,23,2366,2062,77,65,57,61,37,7
12.830814,2307,2068,87,74,56,22,2381,2058,76,53,81,61,42,10
12.840762,2299,2069,87,75,55,13,2384,2058,74,60,77,69,29,17
12.850070,2312,2068,88,76,55,25,2381,2065,79,53,65,64,41,14
12.860429,2301,2067,90,73,57,14,2372,2067,75,62,71,62,23,12
12.870927,2298,2067,90,73,56,12,2366,2059,75,61,75,56,36,4
12.881298,2306,2069,91,72,57,17,2372,2056,68,76,65,59,38,10
12.891608,2317,2070,92,69,57,29,2372,2057,71,65,69,53,40,17
12.901440,2308,2071,91,69,57,20,2367,2067,57,84,62,54,34,9
12.912249,2302,2070,90,71,55,16,2373,2067,66,56,69,65,39,11
12.922717,2307,2070,90,71,55,21,2369,2067,60,70,60,63,42,7
12.932844,2306,2066,93,70,57,20,2371,2054,74,71,51,64,45,12
12.942860,2303,2068,92,70,58,15,2368,2060,75,61,76,55,32,9
12.952502,2307,2068,93,73,54,19,2368,2061,65,74,67,52,39,10
12.962261,2297,2066,94,74,54,9,2363,2050,70,66,69,55,41,12
12.973073,2295,2066,91,78,52,8,2357,2059,68,51,68,57,39,15
12.983417,2306,2067,89,79,52,19,2356,2064,65,66,75,50,29,7
12.993937,2303,2069,86,82,50,16,2366,2067,68,65,71,49,37,9
13.004612,2300,2067,89,80,51,13,2365,2061,70,69,69,54,34,8
13.014315,2300,2067,88,83,49,13,2366,2072,57,61,72,61,31,12
13.025224,2301,2069,85,84,51,12,2361,2068,63,66,68,51,37,8
13.035738,2300,2070,83,86,48,13,2353,2069,54,62,83,49,28,8
13.047075,2301,2071,82,88,47,13,2348,2066,62,64,65,61,23,7
13.058580,2306,2071,82,87,47,19,2349,2073,66,59,65,55,24,7
13.069979,2303,2068,84,86,51,14,2348,2058,70,68,67,53,24,8
13.081156,2307,2068,84,85,52,18,2347,2066,56,75,69,45,31,5
13.092647,2305,2068,84,87,50,16,2349,2070,60,62,67,55,29,6
13.103797,2307,2068,85,85,52,17,2350,2060,58,70,64,50,33,15
13.114152,2307,2068,84,85,52,18,2356,2071,53,79,56,51,37,9
13.125426,2300,2067,86,84,52,11,2361,2064,64,62,71,56,40,4
13.135551,2305,2068,85,84,54,14,2358,2070,61,66,68,61,29,3
13.146667,2311,2067,87,81,56,20,2364,2074,58,56,69,64,38,5
13.157493,2310,2068,87,81,56,18,2372,2072,58,64,70,44,50,14
13.167964,2302,2068,85,83,53,13,2373,2066,65,65,64,66,34,13
13.177470,2304,2069,84,82,54,15,2378,2056,76,63,81,60,35,7
13.187222,2298,2069,81,86,53,9,2375,2070,61,59,78,60,40,7
13.197200,2308,2068,84,83,53,20,2380,2060,74,83,68,53,34,8
13.207191,2302,2067,89,77,56,13,2381,2069,57,75,71,67,35,7
13.216889,2304,2066,89,80,55,14,2387,2071,68,79,63,54,40,12
13.227323,2298,2069,90,78,52,9,2371,2073,71,69,59,60,33,6
13.238261,2304,2069,91,77,52,15,2379,2072,65,67,69,74,26,6
13.248314,2306,2067,92,79,51,17,2375,2070,70,73,62,58,39,3
13.258522,2304,2068,91,79,50,16,2377,2064,68,64,69,69,30,13
13.268455,2304,2067,92,78,50,17,2371,2064,71,76,73,53,29,5
13.278137,2298,2070,92,78,48,10,2373,2064,57,75,75,61,28,13
13.288159,2307,2070,89,81,50,17,2367,2058,71,68,61,68,36,5
13.298318,2306,2069,86,80,55,16,2367,2058,79,60,73,67,28,2
13.308752,2308,2067,88,78,57,18,2367,2068,55,82,68,53,36,5
13.318196,2311,2065,89,79,59,19,2367,2058,83,57,61,68,30,10
13.328072,2306,2063,90,81,57,15,2380,2071,67,67,60,62,46,7
13.337651,2309,2063,90,81,57,18,2378,2062,87,62,69,59,31,8
13.347473,2313,2062,89,83,57,22,2382,2068,66,66,73,61,40,8
13.357383,2304,2063,87,83,58,13,2377,2058,77,64,73,63,34,8
13.366974,2304,2064,87,82,58,13,2378,2050,85,67,69,65,36,6
13.376984,2316,2066,86,84,56,24,2376,2068,71,71,66,66,29,5
13.386976,2308,2067,85,83,57,16,2372,2062,81,61,70,51,40,7
13.397386,2308,2065,85,85,57,16,2370,2072,64,61,73,62,32,6
13.407062,2308,2065,83,89,57,14,2373,2070,72,54,76,60,32,9
13.417313,2310,2064,86,89,54,17,2381,2072,62,78,70,59,30,10
13.427231,2311,2064,85,88,55,19,2397,2066,68,76,62,78,32,15
13.435984,2309,2065,85,87,54,18,2384,2073,67,54,82,64,40,4
13.445957,2302,2065,84,89,54,10,2382,2062,65,62,82,62,40,9
13.455333,2310,2065,83,85,60,17,2392,2075,68,63,79,56,36,15
13.464512,2307,2063,84,86,60,14,2390,2070,66,62,76,69,38,9
13.474494,2305,2063,85,84,61,12,2389,2061,78,70,70,68,35,7
13.484533,2311,2064,84,83,62,18,2390,2072,65,79,74,66,27,7
13.493732,2307,2064,85,84,61,13,2395,2072,62,75,73,68,33,12
13.503238,2320,2065,85,83,61,26,2393,2069,76,61,83,57,39,8
13.512615,2310,2066,82,85,60,17,2402,2069,81,68,78,61,42,3
13.521515,2314,2066,81,84,62,21,2408,2071,75,66,73,71,36,16
13.530848,2310,2065,82,84,61,18,2407,2065,73,80,68,70,39,12
13.540026,2315,2065,84,83,60,23,2398,2067,68,67,87,63,39,7
13.548932,2315,2065,85,80,62,23,2396,2062,80,58,69,77,42,8
13.558239,2302,2062,85,82,64,9,2389,2068,67,73,62,78,33,8
13.567924,2314,2061,86,82,62,23,2390,2073,70,60,84,59,39,5
13.576645,2313,2064,83,84,61,21,2396,2062,69,65,91,70,33,6
13.586021,2303,2062,86,80,59,16,2394,2063,65,83,77,70,32,4
13.594890,2307,2063,91,75,58,20,2392,2062,73,68,78,61,45,5
13.603676,2304,2062,90,76,59,17,2399,2062,82,73,81,61,29,11
13.612783,2311,2062,90,76,59,24,2398,2064,69,68,87,68,32,10
13.622078,2301,2063,91,73,59,15,2391,2055,75,71,83,67,33,7
13.631152,2306,2062,92,72,60,20,2394,2049,75,71,83,66,43,7
13.639779,2304,2063,91,73,59,18,2391,2060,65,75,72,68,40,11
13.649323,2310,2062,93,72,59,24,2387,2058,73,71,71,60,42,12
13.659004,2302,2064,91,71,62,14,2383,2059,66,67,88,63,30,10
13.668486,2308,2063,93,71,61,20,2387,2058,76,77,70,62,35,9
13.677577,2312,2064,92,75,57,24,2389,2056,75,70,81,57,41,9
13.687090,2302,2063,91,76,57,15,2382,2060,73,74,69,70,26,10
13.696824,2304,2064,91,75,58,16,2390,2055,69,76,68,83,28,11
13.705729,2307,2065,91,74,58,19,2393,2054,77,68,74,72,38,10
13.714744,2306,2064,92,72,59,19,2394,2064,65,64,85,64,44,8
13.723911,2300,2066,92,69,59,14,2395,2056,71,74,83,59,42,10
13.733128,2304,2066,91,73,56,18,2396,2060,79,73,75,61,41,7
13.742433,2302,2064,92,71,59,16,2396,2058,69,79,82,57,44,7
13.751695,2301,2064,91,72,59,15,2388,2057,79,74,79,63,31,5
13.760756,2313,2065,90,72,59,27,2392,2062,76,74,65,68,40,7
13.769848,2309,2065,89,72,60,23,2391,2065,61,82,75,71,29,8
13.778741,2312,2063,89,73,61,26,2393,2059,73,81,61,76,36,7
13.788214,2299,2062,88,74,61,14,2390,2056,77,72,68,70,32,15
13.797971,2299,2059,90,73,63,14,2389,2051,73,72,75,74,36,8
13.807045,2300,2061,88,74,62,15,2376,2043,72,68,77,62,43,11
13.816834,2299,2060,87,76,61,15,2380,2053,65,67,69,77,41,8
13.826700,2298,2060,85,79,61,13,2390,2056,70,63,93,54,42,12
13.836642,2303,2059,85,79,61,19,2392,2051,61,83,68,68,42,19
13.846375,2303,2058,86,77,63,19,2385,2066,61,70,73,65,36,14
13.855726,2296,2058,83,79,63,13,2382,2054,75,72,59,63,54,5
13.865825,2303,2058,83,77,65,20,2376,2049,73,74,70,66,36,8
13.875463,2298,2059,84,74,64,17,2384,2047,75,77,73,64,35,13
13.884698,2293,2060,85,72,64,12,2385,2044,72,84,75,72,34,4
13.893747,2295,2059,86,72,64,14,2383,2045,65,72,81,69,40,11
13.902754,2313,2059,88,69,64,33,2383,2049,68,69,83,57,46,11
13.911879,2309,2058,87,72,62,30,2394,2056,64,82,68,79,33,12
13.921479,2298,2057,87,76,59,19,2389,2044,76,78,78,65,38,10
13.930942,2292,2056,88,75,60,13,2386,2045,73,80,85,64,36,3
13.940096,2303,2056,86,77,61,23,2393,2055,64,66,86,73,33,16
13.949029,2298,2055,85,78,63,17,2383,2035,85,71,79,69,32,12
13.958529,2300,2055,86,78,62,19,2383,2042,70,73,78,60,46,14
13.967430,2300,2055,85,79,62,19,2379,2052,61,86,63,69,37,11
13.977080,2294,2053,86,82,60,13,2374,2040,74,92,60,66,34,8
13.987253,2289,2053,86,79,62,9,2375,2050,63,86,68,57,43,8
13.997068,2296,2055,85,75,65,16,2384,2051,71,80,75,65,30,12
14.006456,2293,2055,85,73,66,14,2385,2049,78,68,74,65,40,11
14.015486,2299,2056,85,74,64,20,2387,2038,81,88,60,65,42,13
14.024320,2297,2057,85,72,65,18,2376,2045,67,76,83,58,37,10
14.033719,2286,2055,86,73,62,10,2365,2035,70,74,79,71,33,3
14.042997,2295,2054,86,75,60,20,2363,2043,71,85,59,71,26,8
14.052867,2289,2054,83,76,60,16,2371,2040,77,77,62,64,37,14
14.061889,2292,2055,85,76,58,18,2372,2035,75,74,75,67,37,9
14.071070,2294,2056,86,76,57,19,2370,2032,76,71,69,63,43,16
14.080875,2287,2057,84,75,59,12,2360,2030,75,77,63,73,31,11
14.090273,2298,2058,83,75,58,24,2366,2036,80,69,73,62,34,12
14.099935,2290,2059,80,75,60,16,2365,2038,68,75,79,64,34,7
14.109186,2292,2059,80,76,59,18,2368,2046,71,80,66,63,38,4
14.118670,2299,2059,80,76,59,25,2371,2047,73,75,71,60,37,8
14.128384,2291,2059,80,78,57,17,2366,2036,66,77,68,62,48,9
14.137800,2295,2058,79,78,58,22,2372,2039,68,71,77,63,38,16
14.147234,2283,2058,80,79,57,9,2367,2039,51,88,80,61,34,14
14.156757,2293,2058,78,79,58,20,2361,2035,72,71,70,63,38,12
14.166727,2295,2057,80,77,60,21,2359,2042,73,65,85,60,23,11
14.177001,2283,2057,82,75,58,11,2363,2036,66,71,62,68,48,12
14.187066,2296,2055,81,78,59,23,2362,2038,75,74,62,63,42,8
14.196721,2291,2057,82,74,58,20,2371,2040,73,64,84,56,49,5
14.205755,2293,2057,81,76,57,22,2373,2046,67,82,74,57,39,8
14.214195,2282,2055,79,80,57,11,2383,2032,77,74,82,66,34,18
14.222924,2295,2055,79,81,57,23,2381,2034,80,62,71,87,33,14
14.231693,2287,2054,81,81,56,15,2385,2041,85,73,61,80,35,10
14.240370,2294,2053,81,81,57,22,2393,2043,67,76,79,73,41,14
14.249052,2292,2052,82,82,56,20,2387,2040,83,69,78,65,44,8
14.257643,2291,2052,82,81,57,19,2392,2048,67,83,64,73,47,10
14.266975,2293,2052,83,80,57,21,2390,2032,83,71,82,75,36,11
14.276022,2294,2050,85,77,60,22,2393,2047,69,76,82,71,37,11
14.284591,2284,2050,84,78,60,12,2388,2043,73,68,81,66,47,10
14.293206,2287,2049,84,79,61,14,2391,2036,78,74,80,61,53,9
14.301850,2290,2050,84,74,65,17,2385,2046,68,78,72,76,36,9
14.311379,2293,2050,85,73,65,20,2381,2052,65,79,74,71,35,5
14.320461,2289,2049,84,77,63,16,2381,2036,69,70,90,71,39,6
14.329793,2292,2050,84,76,63,19,2387,2034,82,70,80,76,36,9
14.338466,2292,2050,85,78,59,20,2384,2041,71,71,82,63,49,7
14.347773,2285,2050,86,75,61,13,2380,2036,74,76,72,75,37,10
14.357138,2286,2049,86,74,62,15,2385,2045,59,84,80,68,40,9
14.366350,2293,2052,82,74,63,22,2388,2052,63,81,78,69,37,8
14.375140,2285,2052,82,75,61,15,2388,2034,78,68,78,88,37,5
14.384285,2285,2051,82,76,60,16,2387,2036,62,78,93,64,45,9
14.393172,2292,2051,81,77,60,23,2392,2030,67,78,92,72,42,11
14.401798,2289,2050,82,76,60,21,2393,2045,73,68,76,75,41,15
14.410733,2296,2050,82,74,62,28,2389,2034,76,77,76,78,39,9
14.419984,2279,2050,85,71,62,11,2375,2039,84,72,65,69,42,4
14.428722,2288,2053,82,75,58,20,2380,2038,69,74,72,80,35,12
14.437525,2284,2053,78,80,56,17,2382,2028,80,84,70,73,39,8
14.445845,2286,2051,79,77,60,19,2385,2034,75,81,78,70,38,9
14.454811,2285,2050,80,75,63,17,2395,2037,70,72,95,68,42,11
14.463769,2291,2050,81,72,64,24,2390,2040,71,71,83,78,37,10
14.472454,2286,2050,80,69,66,21,2383,2041,74,70,91,63,32,12
14.481484,2283,2049,80,71,65,18,2377,2036,77,68,85,58,42,11
14.490501,2283,2051,80,69,64,19,2376,2031,71,74,80,71,43,6
14.499528,2287,2052,79,72,62,22,2373,2047,68,71,64,75,42,6
14.508578,2284,2051,78,75,59,21,2373,2036,77,73,72,74,32,9
14.517513,2286,2050,78,75,59,24,2376,2027,80,67,80,71,38,13
14.526677,2278,2049,78,76,60,15,2378,2036,68,76,75,57,55,11
14.535877,2290,2047,80,75,60,28,2376,2034,70,72,93,63,33,11
14.544177,2283,2046,81,75,60,21,2371,2028,70,82,86,56,38,11
14.553811,2283,2046,82,74,61,20,2374,2041,66,66,76,73,41,11
14.563192,2280,2046,83,72,60,19,2370,2041,66,75,71,76,33,8
14.572481,2277,2044,84,73,59,17,2370,2024,72,84,70,78,34,8
14.581568,2284,2043,84,73,60,24,2371,2026,68,74,91,70,34,8
14.589920,2276,2044,84,72,60,16,2365,2034,68,70,76,70,38,9
14.599235,2273,2044,87,68,62,12,2360,2026,83,64,86,68,28,5
14.608424,2277,2043,86,70,61,17,2369,2029,71,76,97,51,34,11
14.617618,2280,2043,83,73,63,18,2369,2027,78,72,87,65,35,5
14.627103,2274,2043,83,73,61,14,2373,2036,65,88,82,61,30,11
14.636134,2280,2043,82,74,61,20,2372,2025,78,67,72,78,39,13
14.644320,2283,2045,80,74,61,23,2372,2033,71,74,86,58,39,11
14.653597,2278,2043,83,71,63,18,2371,2035,62,82,73,73,36,10
14.662498,2278,2043,80,74,63,18,2362,2032,73,69,69,68,45,6
14.671518,2274,2044,76,75,64,15,2364,2031,65,86,66,72,35,9
14.680953,2271,2043,77,76,63,12,2362,2028,79,76,71,60,41,7
14.689746,2271,2044,77,76,62,12,2354,2019,78,78,79,57,37,6
14.699146,2279,2043,78,76,63,19,2348,2016,70,76,86,60,35,5
14.708667,2278,2042,79,78,62,17,2356,2026,73,66,84,69,24,14
14.717669,2271,2042,79,79,61,10,2356,2021,68,79,70,71,34,13
14.726817,2280,2042,79,79,61,19,2356,2029,70,72,69,68,42,6
14.735561,2282,2044,78,79,60,21,2352,2025,71,76,69,62,40,9
14.745305,2277,2044,78,80,59,16,2353,2028,79,70,75,52,35,14
14.754681,2277,2043,79,81,59,15,2352,2033,70,79,71,69,23,7
14.764060,2279,2045,77,83,56,18,2354,2025,79,74,66,64,37,9
14.773242,2287,2048,74,85,54,26,2359,2036,75,50,82,72,35,9
14.782772,2276,2047,76,84,53,16,2354,2031,78,66,63,65,39,12
14.792520,2270,2044,79,82,54,11,2353,2037,68,74,62,69,34,9
14.802138,2274,2042,80,82,54,16,2353,2031,73,63,67,72,38,9
14.812387,2278,2043,78,85,51,21,2351,2029,66,70,69,73,34,10
14.821823,2274,2043,77,86,50,18,2351,2028,71,54,70,67,50,11
14.830906,2267,2042,76,85,55,9,2349,2037,52,72,73,65,34,16
14.840641,2279,2043,76,84,57,19,2349,2029,67,69,67,76,33,8
14.849830,2284,2043,78,83,57,23,2352,2030,72,62,73,67,40,8
14.859251,2288,2045,77,82,58,26,2351,2036,77,63,61,72,33,9
14.868052,2275,2044,78,81,59,13,2365,2050,60,67,78,62,39,9
14.878169,2282,2044,77,82,60,19,2371,2045,68,72,81,56,38,11
14.887191,2281,2043,81,78,61,18,2368,2049,58,63,71,79,34,14
14.896529,2281,2044,79,77,63,18,2367,2050,54,81,81,59,34,8
14.906359,2277,2043,81,74,65,14,2363,2039,68,71,76,65,35,9
14.915854,2277,2042,79,76,65,15,2356,2043,69,60,78,64,33,9
14.926010,2279,2042,79,76,65,17,2360,2039,63,64,83,59,37,15
14.936338,2275,2042,78,77,65,13,2352,2036,63,64,75,65,38,11
14.946439,2288,2043,78,78,63,26,2350,2031,68,61,70,71,33,16
14.956489,2280,2043,78,81,62,16,2342,2038,71,63,78,57,31,4
14.966918,2278,2043,78,82,61,14,2348,2033,77,50,76,60,46,6
14.977071,2281,2042,78,84,60,17,2344,2037,70,57,80,54,33,13
14.987226,2277,2042,77,88,57,13,2357,2031,63,63,73,67,41,19
14.997542,2279,2042,80,86,55,16,2346,2033,74,60,76,61,37,5
15.007428,2276,2041,80,87,56,12,2356,2028,72,66,73,64,40,13
15.017322,2277,2040,81,87,55,14,2353,2023,75,60,68,73,41,13
15.026889,2281,2039,80,92,52,18,2352,2040,66,57,66,73,44,6
15.036894,2276,2039,82,90,52,13,2353,2039,63,58,68,83,33,9
15.046175,2280,2038,82,87,56,17,2357,2044,69,56,70,64,43,11
15.055550,2277,2040,78,92,53,14,2354,2035,73,60,68,68,39,11
15.065282,2274,2043,76,89,55,11,2350,2036,71,56,74,66,38,9
15.075012,2274,2042,77,88,56,11,2350,2037,63,71,55,62,55,7
15.084658,2276,2040,82,79,62,13,2351,2034,69,66,66,66,42,8
15.094410,2289,2038,85,78,62,26,2349,2040,60,73,61,62,40,13
15.104262,2283,2039,82,81,61,20,2342,2043,70,67,61,58,32,11
15.113969,2278,2040,80,83,61,14,2341,2035,68,69,64,57,34,14
15.123657,2284,2040,80,83,64,17,2339,2029,72,62,67,65,37,7
15.133970,2290,2043,78,86,61,22,2344,2047,70,67,67,60,30,3
15.144671,2287,2043,78,85,62,19,2339,2038,70,74,70,53,28,6
15.154833,2285,2043,81,81,63,17,2340,2033,68,60,74,59,33,13
15.165438,2292,2043,81,82,61,25,2337,2041,61,73,67,54,34,7
15.175651,2287,2044,79,85,59,20,2342,2038,55,67,77,59,31,15
15.186297,2288,2044,78,87,59,20,2340,2028,69,74,67,56,41,5
15.195739,2292,2047,77,84,61,23,2346,2044,67,72,71,58,21,13
15.205930,2282,2046,76,85,61,14,2339,2038,72,71,64,53,32,9
15.216869,2294,2046,76,84,62,26,2344,2035,66,70,81,46,37,9
15.226727,2292,2046,72,89,62,23,2347,2043,65,72,70,68,24,5
15.236543,2285,2045,73,87,63,17,2354,2038,68,65,76,59,33,15
15.246084,2286,2044,73,90,61,18,2354,2034,71,63,82,63,33,8
15.255218,2291,2046,73,85,65,22,2361,2038,65,70,73,71,34,10
15.264861,2286,2045,74,85,65,17,2359,2039,62,65,69,71,40,13
15.274032,2297,2045,74,86,64,28,2355,2052,62,80,55,68,30,8
15.284417,2293,2047,73,86,63,24,2352,2039,77,75,66,58,31,6
15.294216,2288,2049,73,82,65,19,2363,2049,62,67,77,63,30,15
15.304547,2282,2048,73,83,65,13,2365,2042,56,64,86,67,32,18
15.313899,2283,2048,73,83,64,15,2360,2040,70,82,68,57,35,8
15.323856,2287,2048,73,81,66,19,2359,2042,66,64,76,64,42,5
15.333439,2287,2049,76,79,63,20,2360,2040,69,69,69,57,47,9
15.343494,2282,2046,77,81,63,15,2361,2038,68,67,73,65,39,11
15.353697,2283,2048,76,80,62,17,2351,2047,63,55,71,77,31,7
15.363610,2282,2047,77,78,64,16,2351,2054,57,57,77,61,37,8
15.373688,2279,2046,77,76,68,12,2347,2043,77,73,58,60,32,4
15.383695,2285,2047,77,76,66,19,2351,2045,54,76,64,77,28,7
15.394015,2289,2046,80,70,70,23,2344,2052,68,66,72,50,33,3
15.404091,2281,2046,81,68,70,16,2356,2043,74,63,69,57,41,9
15.413825,2280,2046,81,68,70,15,2358,2032,74,74,66,67,37,8
15.423762,2291,2045,82,66,71,27,2350,2037,64,65,71,70,32,11
15.434210,2280,2045,79,68,73,15,2349,2039,71,66,70,63,30,10
15.444018,2283,2043,80,68,73,19,2345,2036,69,66,60,69,39,6
15.454157,2284,2045,79,69,72,19,2348,2044,52,65,76,70,31,10
15.464552,2280,2045,77,71,71,16,2349,2029,77,69,64,59,42,9
15.474463,2279,2048,76,73,68,14,2347,2042,57,64,75,57,43,9
15.484598,2277,2048,77,74,66,12,2356,2033,72,58,72,67,40,14
15.494761,2284,2049,76,74,67,18,2345,2046,59,72,69,58,35,6
15.504996,2288,2049,77,73,66,23,2353,2043,71,64,75,56,32,12
15.514252,2286,2051,75,74,66,20,2356,2024,84,72,76,57,37,6
15.524528,2284,2049,77,71,68,19,2359,2042,65,77,62,70,30,13
15.533970,2287,2050,78,68,69,22,2358,2039,61,71,75,60,43,9
15.544322,2285,2049,78,67,67,24,2349,2038,67,74,64,57,38,11
15.554358,2280,2049,77,66,69,19,2347,2039,60,68,64,75,37,4
15.564012,2277,2048,76,70,67,16,2353,2024,82,54,68,73,40,12
15.573977,2274,2051,75,72,63,13,2349,2029,74,76,68,59,36,7
15.584031,2285,2051,75,73,63,23,2350,2039,66,62,66,67,35,15
15.594570,2290,2052,75,72,63,28,2342,2018,81,63,69,74,27,10
15.604068,2280,2052,75,74,61,18,2348,2027,74,78,67,67,28,7
15.613884,2276,2050,75,72,65,14,2352,2022,78,62,75,73,34,8
15.624015,2278,2050,75,75,62,16,2343,2032,73,73,62,60,38,5
15.634425,2277,2050,75,75,63,14,2346,2028,65,69,86,57,36,5
15.644263,2278,2046,76,74,67,15,2348,2023,80,54,83,72,27,9
15.654099,2278,2043,77,76,67,15,2352,2030,69,60,73,71,42,7
15.664083,2284,2042,75,80,64,23,2350,2043,70,67,69,59,29,13
15.673443,2281,2044,74,78,64,21,2351,2034,70,60,81,59,42,5
15.683630,2282,2044,73,79,61,25,2347,2027,66,85,72,57,34,6
15.692852,2271,2046,74,78,59,14,2349,2051,63,76,61,60,27,11
15.703058,2285,2044,74,78,61,28,2345,2040,60,78,67,57,38,5
15.712788,2277,2044,75,77,61,20,2352,2030,76,66,76,65,30,9
15.722661,2285,2044,74,77,63,27,2347,2035,61,82,63,59,35,12
15.732029,2272,2043,75,76,65,13,2350,2025,74,69,70,69,35,8
15.741800,2276,2043,74,77,64,18,2354,2024,67,64,74,67,46,12
15.751515,2273,2043,75,76,66,13,2355,2037,67,76,66,64,33,12
15.760953,2283,2043,74,77,65,24,2357,2045,68,71,69,66,27,11
15.770313,2279,2043,75,76,64,21,2349,2030,80,73,76,52,35,3
15.780199,2278,2042,74,78,64,20,2359,2034,68,71,72,63,36,15
15.789678,2271,2042,74,79,63,13,2355,2017,78,69,77,75,27,12
15.799617,2272,2040,73,82,62,15,2350,2029,71,81,63,63,38,5
15.809262,2274,2041,74,83,59,17,2347,2022,74,56,77,72,35,11
15.819336,2270,2040,73,84,60,13,2342,2029,63,75,59,77,30,9
15.829309,2278,2040,74,83,60,21,2344,2035,63,72,66,69,32,7
15.838953,2279,2040,75,81,61,22,2350,2023,67,66,75,68,40,11
15.848496,2285,2040,75,78,66,26,2346,2023,74,61,77,65,38,8
15.858195,2275,2041,76,78,65,15,2359,2022,83,68,78,59,35,14
15.867805,2285,2043,74,81,61,26,2349,2038,64,78,71,63,26,9
15.877302,2278,2042,78,76,65,17,2352,2033,78,65,73,55,40,8
15.886863,2279,2042,79,76,64,18,2354,2038,55,73,68,67,45,8
15.896963,2278,2041,79,75,64,19,2347,2035,70,72,62,70,22,16
15.906829,2279,2039,83,72,64,21,2344,2018,79,79,69,47,41,11
15.916163,2275,2039,81,74,64,17,2344,2020,78,75,61,63,40,7
15.926255,2273,2037,84,72,64,16,2346,2029,66,74,57,65,47,8
15.935986,2280,2038,82,74,63,23,2347,2032,68,62,66,75,35,9
15.945821,2278,2037,81,77,61,22,2350,2020,82,70,66,58,45,9
15.955201,2266,2038,79,78,59,12,2344,2025,64,69,62,77,37,10
15.964898,2268,2041,78,77,59,13,2341,2022,72,63,78,75,23,8
15.975082,2271,2041,78,78,59,15,2342,2025,69,75,79,54,29,11
15.984804,2267,2041,78,76,60,12,2343,2023,72,64,76,63,37,8
15.995012,2278,2041,76,75,63,23,2349,2026,68,71,72,70,30,12
16.005140,2270,2040,75,78,62,15,2335,2034,64,66,67,67,28,9
16.014978,2270,2040,75,77,63,15,2341,2019,80,69,63,60,38,12
16.024897,2279,2039,78,72,66,24,2334,2025,83,57,73,55,32,9
16.035215,2270,2039,79,71,65,16,2340,2023,80,64,74,59,29,11
16.045286,2266,2040,76,71,66,13,2343,2026,70,68,68,65,35,11
16.055237,2269,2040,80,70,63,16,2337,2029,73,65,66,70,27,7
16.065546,2269,2042,78,71,62,16,2344,2032,61,74,65,65,35,12
16.075191,2273,2043,78,69,61,22,2338,2033,62,64,83,50,42,4
16.085089,2272,2042,78,69,62,21,2339,2032,60,64,78,68,34,3
16.094683,2269,2041,77,69,64,18,2346,2033,58,62,83,71,27,12
16.104071,2270,2040,79,68,65,18,2329,2021,68,76,72,59,25,8
16.115023,2272,2040,78,70,65,19,2336,2037,69,74,51,56,44,5
16.125631,2265,2040,79,67,65,14,2340,2021,71,73,69,58,37,11
16.135660,2272,2037,81,68,63,23,2334,2020,72,66,67,68,33,8
16.146048,2261,2035,81,69,62,14,2335,2013,75,67,66,66,37,11
16.155727,2267,2034,82,69,62,20,2338,2015,69,73,65,76,31,9
16.165804,2262,2036,82,69,60,15,2344,2019,59,61,92,62,40,11
16.174379,2268,2038,80,70,60,20,2346,2015,76,73,65,62,44,11
16.183752,2273,2037,80,73,58,25,2350,2018,65,67,81,70,35,14
16.193039,2268,2036,78,77,55,22,2328,2016,74,67,63,54,48,6
16.203306,2265,2033,78,80,55,19,2322,2015,70,61,78,64,28,6
16.213482,2267,2034,78,78,55,22,2332,2018,75,74,51,62,37,15
16.223444,2262,2033,78,78,55,18,2315,2022,54,76,80,40,37,6
16.233232,2267,2032,79,76,56,24,2319,2012,58,79,65,67,31,7
16.243519,2270,2031,80,77,56,26,2324,2008,78,67,70,59,31,11
16.253244,2255,2031,82,74,55,13,2328,2006,68,69,74,66,37,8
16.262764,2260,2032,78,77,55,18,2332,2021,58,74,76,54,44,5
16.272974,2261,2033,75,80,55,18,2325,2006,67,63,66,73,33,17
16.282829,2260,2032,78,76,55,19,2332,2004,72,59,73,83,28,13
16.292713,2261,2032,79,74,56,20,2334,2009,76,72,66,71,37,3
16.302591,2254,2032,78,75,55,14,2326,2019,65,65,67,74,29,7
16.312441,2253,2032,79,73,56,13,2322,2023,59,60,69,61,42,8
16.323240,2258,2031,80,72,57,18,2318,2014,61,70,70,58,34,11
16.333435,2265,2032,78,76,53,26,2310,2014,64,58,77,58,30,9
16.344051,2259,2032,78,74,55,20,2307,2013,64,81,61,60,23,5
16.355188,2263,2028,78,79,53,25,2306,2009,65,72,57,67,27,9
16.365820,2251,2027,80,80,52,12,2307,2010,64,71,64,65,26,7
16.376570,2252,2025,81,81,52,13,2311,2015,71,75,56,49,38,7
16.387087,2255,2025,79,84,51,16,2320,2013,65,75,66,54,36,11
16.397671,2248,2025,78,86,50,9,2322,2014,75,59,68,63,35,8
16.407961,2262,2025,77,85,52,23,2325,2017,71,61,79,58,29,10
16.417826,2263,2025,79,85,51,23,2322,2010,75,72,64,64,28,9
16.428701,2258,2024,80,84,53,17,2322,2011,73,72,61,60,37,8
16.438597,2254,2023,83,81,54,13,2319,2014,74,56,69,71,27,8
16.448761,2254,2024,83,81,53,13,2318,2011,81,75,59,62,23,7
16.458698,2252,2022,83,82,53,12,2319,2013,72,62,74,55,37,6
16.468666,2256,2024,82,82,52,16,2323,2007,72,78,59,57,37,13
16.478811,2262,2025,82,82,52,21,2324,2017,69,70,57,64,27,20
16.488922,2251,2026,81,83,51,10,2308,2016,51,81,73,52,24,11
16.499832,2257,2026,82,85,49,15,2310,2013,67,66,69,59,30,6
16.511293,2264,2026,84,82,50,22,2319,2005,65,65,75,55,43,11
16.520779,2268,2026,84,85,47,26,2322,2008,70,72,76,59,27,10
16.530720,2258,2025,89,79,49,16,2322,2001,79,73,69,56,34,10
16.540781,2261,2025,91,78,50,17,2317,2014,61,68,70,58,36,10
16.551018,2264,2025,92,76,53,18,2310,2015,67,65,70,51,34,8
16.561430,2267,2025,90,77,53,22,2308,2015,71,64,67,49,35,7
16.572466,2267,2025,92,74,53,23,2311,2007,78,60,70,56,33,7
16.582888,2259,2025,93,76,51,14,2309,2016,72,56,71,50,34,10
16.593334,2264,2026,92,76,50,20,2306,2033,54,65,59,59,29,7
16.604198,2256,2026,92,75,51,12,2316,2021,66,78,58,56,32,5
16.614580,2265,2027,91,75,52,20,2315,2016,65,77,69,53,30,5
16.624855,2260,2027,90,76,52,15,2310,2018,63,81,80,40,22,6
16.636066,2263,2027,90,73,55,18,2312,2022,70,68,62,54,30,6
16.647350,2262,2030,88,75,53,16,2306,2019,72,63,62,53,31,6
16.658611,2262,2029,89,76,53,15,2312,2016,70,71,61,55,29,10
16.669014,2263,2026,92,74,53,18,2315,2021,59,72,74,37,40,12
16.679403,2264,2024,93,76,52,19,2311,2016,65,69,64,54,34,9
16.690268,2269,2024,94,76,51,24,2304,2015,68,64,68,54,27,8
16.701042,2255,2023,88,83,51,10,2303,1997,78,59,69,54,37,9
16.712610,2264,2023,87,86,49,19,2298,2007,77,73,67,47,23,4
16.723324,2256,2023,83,86,52,12,2306,2019,67,66,63,51,35,5
16.733727,2263,2022,85,85,53,18,2308,2006,73,67,68,51,32,11
16.744925,2258,2022,82,87,54,13,2310,2013,67,70,57,60,32,11
16.755415,2256,2023,84,81,57,11,2310,2015,71,55,49,66,45,9
16.766172,2265,2023,84,84,54,20,2309,2019,70,60,56,44,45,15
16.777527,2260,2021,85,85,54,15,2306,2018,65,68,58,50,31,16
16.788412,2265,2020,86,86,54,19,2299,2014,74,59,59,46,35,12
16.800051,2272,2020,87,86,53,26,2289,2017,67,68,59,47,25,6
16.810970,2261,2020,88,83,56,14,2293,2017,70,72,43,58,25,8
16.822680,2266,2019,86,85,57,19,2298,2015,70,77,56,51,25,4
16.834425,2263,2020,87,84,56,16,2305,2018,79,58,71,41,29,9
16.845167,2261,2023,86,82,56,14,2310,2030,60,66,68,52,26,8
16.856030,2268,2021,86,85,54,22,2309,2021,71,63,60,56,30,8
16.866619,2257,2021,85,86,54,11,2312,2004,82,67,63,50,38,8
16.876974,2260,2020,86,83,56,15,2310,2020,60,75,59,63,29,4
16.887140,2263,2019,85,82,59,18,2315,2019,60,69,67,63,25,12
16.898241,2261,2020,86,78,60,17,2312,2012,72,57,72,50,40,9
16.908689,2264,2019,87,77,60,21,2308,2001,73,73,61,66,26,8
16.919071,2258,2018,89,75,61,15,2307,2015,65,65,65,57,30,10
16.929377,2266,2017,91,74,63,21,2310,2008,68,76,63,57,31,7
16.940207,2262,2016,93,74,63,16,2312,2004,77,61,70,54,33,13
16.950405,2263,2016,93,75,62,17,2305,2001,78,69,66,42,39,10
16.961376,2259,2016,93,74,64,12,2307,2006,77,65,68,55,26,10
16.971872,2264,2017,96,71,63,17,2304,2000,70,79,57,63,27,8
16.981823,2263,2016,95,74,63,15,2311,2002,78,72,64,48,39,8
16.992136,2262,2016,95,73,63,15,2319,2005,79,69,64,53,37,12
17.002371,2267,2017,95,72,63,20,2325,2010,65,75,58,66,42,9
17.012321,2263,2015,95,76,62,15,2321,1996,78,74,64,69,31,9
17.022387,2273,2015,88,80,65,25,2324,2006,64,82,61,54,43,14
17.031780,2259,2013,92,79,62,13,2312,2009,59,80,72,59,30,3
17.041599,2264,2013,94,76,63,18,2327,2005,73,78,77,57,32,5
17.051579,2255,2013,92,76,64,10,2324,2009,63,79,72,56,34,11
17.061329,2272,2015,89,78,64,26,2322,2016,73,70,57,65,34,7
17.071629,2266,2015,90,78,64,19,2330,2019,69,68,63,69,35,7
17.081890,2262,2014,91,78,64,15,2330,2025,79,64,53,71,35,3
17.092421,2263,2018,88,78,64,15,2331,2008,73,67,73,65,40,5
17.102146,2266,2018,89,77,65,17,2335,2013,72,69,76,59,34,12
17.112093,2263,2018,90,77,64,14,2331,2031,62,72,69,53,36,8
17.122084,2262,2020,88,79,62,13,2341,2029,69,75,66,56,35,11
17.131765,2267,2019,90,81,61,16,2340,2013,83,70,72,52,37,13
17.140959,2280,2018,90,82,63,27,2339,2008,78,75,68,69,27,14
17.150259,2271,2017,88,86,61,19,2336,2012,80,77,80,47,30,10
17.159948,2271,2018,87,86,63,17,2332,2016,74,72,68,65,29,8
17.169693,2269,2021,85,81,67,15,2327,2015,77,71,70,57,31,6
17.179501,2272,2022,85,80,68,17,2317,2006,81,69,66,50,37,8
17.189920,2270,2024,84,80,66,16,2320,2017,72,72,54,57,36,12
17.199537,2270,2023,84,80,66,17,2317,2016,74,67,66,57,31,6
17.209888,2272,2023,84,79,66,20,2318,2017,67,73,66,58,30,7
17.219593,2266,2021,86,77,65,17,2317,2013,77,73,70,51,31,2
17.229670,2264,2025,83,78,63,15,2327,2015,86,62,68,60,25,11
17.239597,2264,2025,85,70,69,15,2322,2005,73,81,62,57,36,8
17.249842,2263,2023,86,75,66,13,2328,2018,69,64,87,53,30,7
17.259733,2266,2024,85,76,65,16,2331,2019,64,69,78,61,31,9
17.269762,2263,2023,87,73,67,13,2338,2008,71,74,65,72,37,11
17.278938,2264,2023,86,74,66,15,2337,2018,74,61,75,66,37,6
17.288137,2271,2021,88,74,66,22,2338,2011,77,59,87,64,33,7
17.298084,2266,2020,92,75,60,19,2334,2008,77,67,70,63,42,7
17.307886,2262,2020,93,74,58,17,2337,2006,75,69,72,66,35,14
17.317339,2266,2018,96,74,57,21,2338,2010,76,73,64,62,39,14
17.327408,2262,2018,98,73,58,15,2332,2013,76,73,75,46,40,9
17.337128,2266,2019,97,73,57,20,2327,2017,77,80,58,54,31,10
17.347054,2264,2019,97,70,60,18,2333,2018,87,60,70,54,35,9
17.356886,2272,2022,96,67,62,25,2330,2024,58,81,67,54,31,15
17.367016,2266,2021,98,67,60,20,2327,2021,68,71,63,72,27,5
17.376673,2256,2021,97,66,60,12,2323,2016,67,81,77,50,26,6
17.385916,2265,2023,95,68,57,22,2325,2014,74,64,74,62,31,6
17.395712,2263,2021,93,73,56,20,2325,2008,71,80,68,61,31,6
17.405481,2261,2022,93,73,57,16,2328,2009,73,73,75,65,25,8
17.415211,2261,2021,98,68,59,15,2333,2016,67,79,59,62,42,8
17.424892,2262,2021,98,68,59,16,2339,2026,63,79,67,48,44,12
17.434141,2266,2020,95,71,58,22,2330,2008,77,58,73,72,34,8
17.443691,2263,2019,96,72,57,19,2334,2018,65,83,76,54,24,14
17.452671,2263,2020,97,69,59,18,2332,2006,83,65,66,66,38,8
17.462965,2264,2021,95,70,58,20,2338,1998,78,74,73,73,36,6
17.472681,2262,2021,95,71,57,18,2341,2009,79,69,71,66,38,9
17.481590,2262,2022,95,70,57,18,2338,2012,74,71,76,58,31,16
17.491076,2265,2021,97,71,56,20,2342,2015,71,76,70,66,36,8
17.500809,2264,2022,96,70,57,19,2336,2018,80,60,79,64,33,2
17.510553,2258,2018,101,68,60,11,2336,2015,73,64,69,53,48,14
17.520315,2264,2019,97,70,60,18,2339,2010,76,71,72,63,35,12
17.529654,2267,2021,93,73,60,20,2335,2012,71,78,74,55,37,8
17.539513,2259,2023,92,70,63,11,2336,2011,65,70,81,69,33,7
17.549332,2269,2024,91,71,63,20,2330,2015,74,81,61,57,35,7
17.559658,2262,2024,87,76,62,13,2327,2022,67,65,67,59,36,11
17.569994,2275,2024,87,78,60,26,2326,2015,81,68,62,62,32,6
17.580168,2266,2024,87,78,60,17,2327,2016,65,75,65,65,27,14
17.590502,2265,2025,83,79,62,16,2319,2009,71,67,73,52,41,6
17.600554,2266,2025,85,80,59,17,2317,2001,78,62,80,58,25,13
17.610554,2266,2024,85,79,61,17,2312,2006,69,72,73,51,33,8
17.620911,2270,2025,84,82,58,21,2309,2005,72,71,73,46,37,5
17.631475,2265,2028,84,81,57,15,2305,2017,66,69,61,55,27,10
17.642103,2264,2029,82,82,57,14,2295,2014,66,63,74,46,24,8
17.652815,2266,2030,81,83,56,16,2299,2016,62,58,65,59,31,8
17.663277,2267,2030,80,84,56,17,2308,2009,76,65,64,56,30,8
17.673702,2264,2027,83,85,53,16,2304,2020,62,65,61,52,27,17
17.684896,2263,2026,85,84,52,16,2301,2013,57,70,67,52,33,9
17.695030,2256,2025,88,82,49,12,2306,2020,60,61,67,51,39,8
17.705650,2260,2025,86,82,50,17,2304,2013,61,69,64,56,33,8
17.716442,2257,2023,87,82,50,15,2303,2014,64,72,63,51,27,12
17.728485,2258,2023,86,83,50,16,2293,2010,65,61,63,53,36,5
17.738733,2259,2023,88,82,50,16,2306,2001,73,63,65,64,25,15
17.749321,2258,2019,91,83,51,14,2300,2004,75,80,47,58,29,7
17.760544,2257,2020,90,83,51,13,2294,2017,63,58,71,56,22,7
17.771294,2259,2020,90,82,54,13,2304,2018,62,75,56,54,27,12
17.782328,2272,2020,90,80,55,27,2312,2013,67,73,55,57,38,9
17.793041,2265,2019,89,82,55,20,2308,2006,71,69,67,50,30,15
17.803226,2257,2019,89,82,55,12,2308,2002,83,59,69,53,38,4
17.813801,2260,2020,88,83,54,15,2319,2020,71,69,65,43,36,15
17.823135,2260,2019,88,80,59,14,2313,2003,78,63,67,53,36,13
17.834007,2263,2018,88,80,59,18,2300,2018,67,76,61,47,22,9
17.845030,2259,2017,89,80,57,16,2305,2014,70,66,72,45,30,8
17.855253,2256,2014,89,81,58,14,2305,2007,75,72,57,59,29,6
17.866013,2256,2012,90,84,57,13,2303,2005,70,64,62,58,40,4
17.876482,2261,2013,88,87,55,18,2312,2011,73,70,60,59,29,10
17.886293,2256,2014,86,86,57,13,2320,2009,71,72,60,52,36,20
17.896074,2263,2015,85,87,56,20,2315,2012,68,74,61,51,38,11
17.905867,2261,2014,87,88,53,19,2316,2007,71,76,66,61,31,4
17.915596,2252,2015,86,92,46,13,2316,2002,82,64,70,69,24,5
17.925039,2255,2014,88,91,47,15,2325,2017,70,73,73,49,35,8
17.934525,2261,2014,88,89,49,21,2332,2000,83,76,68,61,32,12
17.943674,2261,2015,87,90,49,20,2334,2000,76,63,71,78,38,8
17.952717,2256,2014,89,89,49,15,2330,1997,76,74,73,54,45,11
17.962021,2262,2014,88,90,48,22,2328,2003,71,74,65,66,36,13
17.971172,2254,2012,88,90,49,15,2336,2003,79,75,67,57,41,14
17.980755,2253,2012,91,85,52,13,2339,2005,69,69,68,67,41,20
17.989807,2256,2012,91,84,52,17,2330,2013,65,70,72,61,38,11
17.998640,2256,2013,85,86,57,15,2333,2005,64,78,67,69,40,10
18.007883,2257,2015,83,89,53,17,2333,2008,70,70,85,57,38,5
18.017773,2259,2015,85,90,53,16,2335,2016,68,74,75,49,41,12
18.026592,2270,2012,86,92,52,28,2339,2013,69,75,73,59,42,8
18.036291,2267,2014,84,95,51,23,2336,2019,64,89,54,54,49,7
18.045916,2261,2013,84,98,50,16,2331,2021,63,76,57,60,45,9
18.056387,2256,2014,83,97,51,11,2326,2015,71,61,74,53,40,12
18.066093,2262,2013,85,94,53,17,2329,2030,64,64,58,70,34,9
18.075951,2252,2012,86,95,50,9,2334,2013,71,68,75,65,30,12
18.085052,2267,2011,91,91,49,25,2339,2020,63,71,68,68,35,14
18.095201,2260,2011,89,92,49,19,2348,2012,81,57,75,65,43,15
18.104612,2261,2012,88,93,48,20,2350,2018,68,66,70,71,46,11
18.113379,2263,2013,85,93,51,21,2352,2016,77,70,74,67,38,10
18.122684,2262,2012,86,89,55,20,2345,2023,72,65,70,58,38,19
18.131800,2253,2013,87,88,54,11,2351,2014,70,71,81,63,42,10
18.140982,2261,2012,87,87,58,17,2350,2014,81,74,63,76,33,9
18.150194,2266,2014,85,87,59,21,2350,2019,66,84,59,61,50,11
18.159321,2263,2014,88,85,56,20,2347,2012,77,71,81,63,32,11
18.168158,2266,2013,89,87,52,25,2346,2010,81,66,75,68,35,11
18.177433,2259,2012,90,84,56,17,2344,2014,77,65,78,62,37,11
18.186865,2261,2012,92,81,56,20,2342,2019,77,62,69,69,33,13
18.195799,2259,2011,93,81,56,18,2339,2017,76,54,81,69,35,7
18.204781,2256,2011,92,80,56,17,2336,2010,91,53,68,70,33,11
18.214045,2270,2013,92,83,52,30,2339,2025,65,60,71,57,48,13
18.223618,2261,2013,93,84,50,21,2343,2017,85,61,67,66,33,14
18.232910,2269,2013,94,83,50,29,2345,2013,84,72,71,61,35,9
18.241768,2253,2013,93,83,51,13,2343,2007,74,67,81,58,40,16
18.250818,2258,2013,92,84,51,18,2336,2013,68,81,71,47,47,9
18.259871,2253,2013,93,84,50,13,2334,2016,78,64,72,62,31,11
18.269424,2248,2013,93,84,50,8,2327,2008,82,69,65,67,30,6
18.279949,2258,2014,90,86,51,17,2319,2015,78,61,60,57,43,5
18.289303,2256,2014,95,83,49,15,2331,2020,63,81,72,50,35,10
18.299494,2258,2021,88,83,49,17,2326,2016,67,73,80,50,30,10
18.309097,2257,2020,86,86,49,16,2329,2014,68,54,82,76,24,11
18.318829,2261,2020,86,85,50,20,2325,1999,84,63,66,72,35,6
18.328533,2252,2020,86,85,50,11,2330,2014,80,56,74,61,35,10
18.338127,2255,2019,87,85,48,16,2328,1997,70,76,82,71,27,5
18.347496,2261,2019,90,82,46,24,2327,2013,64,68,75,56,44,7
18.356876,2254,2018,92,81,47,16,2330,2015,69,79,70,57,30,10
18.366714,2252,2018,93,79,48,14,2325,2009,67,61,77,74,30,7
18.375565,2263,2017,94,80,48,24,2333,2014,79,67,61,63,37,12
18.384983,2260,2017,91,83,48,21,2330,2014,78,58,69,64,40,7
18.394514,2250,2018,90,84,46,12,2339,2009,71,70,68,69,44,8
18.403580,2252,2019,91,82,45,15,2341,2010,78,59,78,80,26,10
18.413298,2251,2020,92,80,45,14,2332,2007,85,64,72,59,41,4
18.422867,2254,2019,96,77,45,17,2329,2008,77,69,74,57,40,4
18.432863,2255,2016,95,80,44,20,2313,2006,68,67,63,62,41,6
18.442690,2259,2016,95,77,48,23,2318,2008,67,67,77,65,27,7
18.452509,2252,2015,96,76,48,17,2310,2003,76,63,74,58,27,9
18.463028,2251,2016,97,74,49,15,2315,1996,74,67,75,64,31,8
18.472601,2255,2015,97,76,48,19,2317,1993,80,57,76,72,35,4
18.482368,2259,2015,98,78,46,22,2322,2015,69,76,56,64,31,11
18.492514,2259,2014,98,78,48,21,2324,2007,78,76,53,63,43,4
18.502579,2252,2013,99,75,51,14,2329,2008,78,66,75,59,33,10
18.512466,2257,2013,100,73,52,19,2327,2011,74,66,73,57,39,7
18.522274,2256,2013,99,74,50,20,2322,1996,80,49,81,72,36,8
18.532677,2258,2013,101,73,49,22,2318,2006,70,70,69,59,37,7
18.543301,2251,2012,103,73,50,13,2322,2009,82,73,60,58,32,8
18.553572,2263,2011,104,75,49,24,2328,2015,69,71,70,59,39,5
18.563816,2253,2009,104,76,50,14,2334,2022,67,63,79,58,32,13
18.573830,2257,2006,108,72,54,17,2335,2016,78,72,68,57,38,6
18.583838,2253,2005,107,71,58,12,2330,2003,80,65,65,68,44,5
18.593637,2275,2005,108,70,59,33,2324,2011,75,78,66,60,28,6
18.603655,2254,2005,104,77,56,12,2328,2000,76,78,60,66,40,8
18.613729,2263,2006,104,75,59,19,2342,2029,62,67,63,68,44,9
18.622808,2267,2007,103,78,56,23,2346,2025,76,59,63,71,41,11
18.632471,2264,2007,99,83,53,22,2343,2017,80,61,77,61,36,11
18.642570,2253,2007,101,82,52,11,2329,2014,76,69,67,62,29,12
18.653185,2252,2007,101,82,52,10,2323,2009,77,56,67,64,41,9
18.664101,2262,2007,101,85,50,19,2317,2009,74,62,74,50,36,12
18.674059,2255,2006,105,82,49,13,2315,2014,66,70,63,65,32,5
18.684324,2258,2006,106,80,50,16,2315,1996,87,66,65,62,32,7
18.694731,2255,2005,104,82,51,13,2314,2000,76,73,74,56,25,10
18.704193,2262,2004,105,80,53,20,2317,2005,65,75,71,64,28,9
18.714495,2265,2005,104,81,53,22,2318,2006,79,80,57,58,28,10
18.725243,2257,2004,104,82,52,15,2318,2007,75,76,68,54,33,5
18.735216,2260,2004,105,82,51,18,2319,2007,73,76,65,56,39,3
18.745262,2270,2006,105,82,49,28,2322,2014,73,72,59,62,31,11
18.755480,2268,2005,105,84,48,26,2324,2016,80,61,61,67,33,6
18.765392,2256,2004,106,79,55,12,2330,2009,73,64,70,79,28,7
18.774563,2262,2003,106,80,55,18,2339,2014,72,65,72,56,47,13
18.784100,2257,2002,107,79,57,12,2338,2011,65,66,76,73,40,7
18.793781,2262,2001,108,79,56,18,2340,2021,61,80,74,57,43,4
18.803240,2266,2002,108,79,54,23,2342,2013,61,70,68,75,42,13
18.812658,2262,2001,109,80,53,19,2339,2008,79,69,62,75,39,7
18.822033,2255,1998,110,80,55,12,2336,2008,70,77,64,72,38,7
18.831703,2257,1999,108,81,56,13,2342,2019,69,61,80,55,47,11
18.841898,2256,2000,106,82,56,12,2336,2016,69,58,80,61,38,14
18.852501,2267,2000,106,80,58,23,2333,2021,66,73,72,61,33,7
18.862467,2258,2000,107,81,55,15,2331,2018,71,65,70,62,37,8
18.872992,2260,1999,107,81,56,17,2321,2026,59,81,55,61,33,6
18.883139,2260,2000,106,80,56,18,2327,2013,70,76,64,60,34,10
18.892767,2263,2000,104,83,54,22,2332,2012,66,86,55,62,41,10
18.902376,2254,2000,104,84,54,12,2335,2017,67,69,65,65,41,11
18.912542,2261,2000,101,86,56,18,2327,2024,75,61,63,60,37,7
18.922483,2259,2002,97,90,54,16,2330,2009,78,59,74,61,38,11
18.932768,2263,2003,96,89,56,19,2326,2025,61,65,71,58,31,15
18.942587,2259,2006,90,95,52,16,2331,2017,75,75,81,48,27,8
18.952402,2261,2006,90,95,51,19,2336,2014,76,79,71,65,22,9
18.962139,2260,2006,90,94,53,17,2335,2008,75,77,71,59,38,7
18.972099,2260,2005,91,94,52,18,2332,2013,77,68,67,56,41,10
18.982590,2263,2006,93,91,53,20,2325,2012,77,74,72,43,37,10
18.992657,2257,2007,94,92,52,12,2322,2009,70,76,80,55,22,10
19.002886,2257,2006,94,93,51,13,2325,2002,80,68,82,53,33,7
19.013613,2260,2006,91,95,52,16,2320,2012,69,71,60,61,33,14
19.023355,2266,2004,92,94,54,22,2322,2006,72,72,72,66,28,6
19.033535,2262,2004,93,92,56,17,2325,2014,74,66,73,48,41,9
19.042959,2268,2004,94,89,58,23,2333,2012,80,77,55,59,44,6
19.052347,2255,2007,96,86,54,12,2332,2005,77,67,75,62,34,12
19.061861,2263,2005,96,88,54,20,2325,2014,69,63,80,52,37,10
19.071661,2259,2008,95,87,53,16,2328,2008,74,70,69,51,48,8
19.081028,2271,2005,102,79,57,28,2330,2001,77,75,73,70,32,2
19.090439,2272,2005,103,75,59,30,2334,2014,76,60,86,55,33,10
19.099810,2266,2004,103,79,58,22,2333,2025,69,81,63,52,32,11
19.109186,2264,2004,103,78,58,21,2326,2015,52,87,68,54,38,12
19.119417,2262,2004,103,81,55,19,2327,2006,72,55,75,77,38,4
19.128923,2255,2003,103,80,56,13,2325,1992,85,75,62,67,36,8
19.138220,2260,2005,102,81,54,18,2322,2004,64,68,78,67,34,7
19.148439,2256,2008,102,77,56,13,2322,2006,80,65,72,61,31,7
19.157751,2257,2008,102,76,57,14,2317,2008,67,75,73,54,34,6
19.168261,2254,2009,101,77,58,9,2314,2017,68,71,74,54,27,3
19.178240,2261,2008,102,76,59,16,2329,2013,71,66,68,65,30,16
19.188320,2262,2010,99,75,61,17,2320,2006,83,57,73,55,34,12
19.198412,2262,2009,100,71,65,17,2331,2011,78,60,69,62,44,7
19.207968,2267,2009,98,73,65,22,2331,2010,77,72,68,65,28,11
19.218124,2266,2011,99,71,65,20,2323,2007,66,65,73,77,27,8
19.227398,2260,2012,98,69,65,16,2323,2015,75,77,57,61,29,9
19.237104,2257,2011,98,71,64,13,2316,2013,71,68,74,54,28,8
19.247538,2258,2010,95,75,64,14,2319,2005,90,61,76,52,26,9
19.257126,2263,2010,96,75,63,19,2321,2012,76,66,63,72,28,4
19.267191,2271,2011,94,75,64,27,2325,2012,79,61,67,63,35,8
19.277269,2268,2013,93,74,64,24,2323,2017,71,70,76,57,26,6
19.287203,2258,2011,94,75,63,15,2321,2013,86,57,67,62,24,12
19.297491,2255,2011,93,75,63,13,2324,1996,90,70,82,51,28,7
19.307234,2259,2012,91,78,61,17,2323,2006,80,79,59,58,26,15
19.317484,2259,2011,92,81,60,15,2314,2015,74,73,66,52,27,7
19.327478,2259,2014,93,76,61,15,2318,2003,76,65,75,57,34,8
19.337566,2261,2013,92,78,61,17,2320,2014,65,75,58,63,36,9
19.347746,2266,2013,94,77,62,20,2329,2008,84,74,64,54,32,13
19.357452,2261,2013,92,80,62,14,2329,2015,79,63,67,63,29,13
19.367580,2264,2014,91,81,61,17,2321,2010,76,72,70,50,34,9
19.377655,2269,2011,93,79,65,21,2322,2018,79,71,56,52,40,6
19.387228,2264,2010,98,76,64,16,2321,2017,79,64,60,63,30,8
19.397739,2269,2013,92,80,62,22,2329,2015,76,57,70,66,37,8
19.406847,2274,2013,93,80,64,24,2340,2012,69,81,65,66,37,10
19.416388,2268,2013,94,79,64,18,2348,2024,60,80,76,61,35,12
19.425564,2274,2014,95,81,60,24,2347,2014,75,79,70,69,30,10
19.434954,2264,2013,99,77,62,13,2342,2010,87,59,83,52,37,14
19.444025,2263,2012,99,76,62,14,2336,2012,77,60,76,55,44,12
19.454033,2264,2011,101,72,65,15,2329,2016,77,74,72,58,26,6
19.463198,2260,2011,97,75,65,12,2334,2009,76,67,69,65,35,13
19.472559,2260,2008,98,78,64,12,2329,2009,75,78,69,60,30,8
19.482895,2266,2010,97,78,63,18,2331,2009,85,68,59,75,30,5
19.492905,2264,2008,98,78,63,17,2326,2019,79,58,73,58,32,7
19.503008,2268,2009,97,77,63,22,2328,2021,77,56,78,46,42,8
19.512489,2266,2006,95,80,63,22,2324,2020,84,57,74,54,27,8
19.522692,2260,2004,96,80,62,18,2328,2020,76,67,74,56,29,6
19.532862,2259,2005,96,82,60,16,2321,2011,71,61,87,55,28,8
19.542391,2254,2006,94,85,58,11,2320,2001,81,77,67,59,32,3
19.551723,2261,2006,94,83,60,18,2324,2011,65,72,77,52,37,10
19.561747,2256,2007,93,86,57,13,2329,2005,80,70,63,58,44,9
19.571505,2264,2010,95,80,59,20,2331,2013,78,59,79,58,31,13
19.581074,2261,2008,95,85,55,18,2332,2013,78,68,67,73,28,5
19.590612,2256,2008,95,84,56,13,2347,2007,75,78,85,60,32,10
19.600525,2258,2008,94,84,57,15,2349,2016,77,69,67,64,47,9
19.609425,2253,2010,92,85,54,12,2335,2010,86,67,79,60,26,7
19.619076,2267,2008,94,87,53,25,2336,2014,69,66,74,78,25,10
19.628548,2257,2008,93,88,52,16,2339,2010,78,73,66,77,30,5
19.638056,2259,2007,93,88,52,19,2347,2010,76,67,77,62,41,14
19.647200,2256,2004,94,88,52,18,2340,2025,75,66,76,55,40,3
19.657078,2257,2007,91,88,53,18,2341,2014,67,75,78,65,34,8
19.666670,2261,2005,92,87,55,22,2341,2013,78,58,84,63,36,9
19.676384,2252,2008,89,89,53,13,2342,1997,90,67,65,76,39,8
19.685690,2258,2006,90,87,56,19,2344,2009,99,51,79,58,39,9
19.695141,2257,2005,89,93,52,18,2336,2009,82,70,63,66,38,8
19.704782,2255,2007,88,94,50,16,2337,2009,87,71,71,54,40,5
19.714449,2263,2007,89,93,50,24,2350,2016,75,59,78,63,41,18
19.723270,2257,2006,91,91,51,18,2342,1999,77,81,74,67,36,8
19.732813,2254,2007,92,90,49,16,2350,2014,76,65,81,63,41,10
19.741644,2250,2008,91,90,49,12,2351,2001,76,67,73,78,46,10
19.750719,2258,2007,91,93,47,20,2352,2012,78,65,79,70,35,13
19.760525,2256,2008,91,94,45,18,2346,2019,69,86,62,67,32,11
19.769361,2256,2008,91,95,43,19,2347,2012,73,74,70,75,37,6
19.778423,2252,2006,96,90,44,16,2349,1998,91,68,78,74,33,7
19.787556,2255,2007,97,90,42,19,2345,2002,83,77,77,64,34,8
19.796759,2255,2007,97,91,42,18,2343,2002,80,65,83,72,32,9
19.806494,2257,2008,99,89,42,19,2338,1998,88,75,72,65,29,11
19.815752,2256,2008,99,89,43,17,2330,2011,69,72,70,62,35,11
19.825089,2255,2008,97,90,43,17,2329,2005,69,67,73,67,37,11
19.834875,2268,2011,96,89,40,32,2337,2007,80,71,65,62,37,15
19.844353,2257,2010,97,91,38,21,2332,2006,74,77,64,59,44,8
19.853287,2251,2008,100,85,43,15,2331,2003,89,60,73,58,40,8
19.863199,2257,2008,99,86,43,21,2327,2004,84,65,79,58,28,9
19.873560,2255,2007,99,88,41,20,2326,2012,72,73,72,52,39,6
19.883661,2255,2007,97,90,43,18,2327,2014,75,58,76,51,43,10
19.893173,2259,2008,96,90,44,21,2326,2017,80,71,61,61,31,5
19.903175,2254,2008,93,91,46,16,2328,2008,81,66,70,55,39,9
19.913189,2253,2008,91,89,50,15,2330,2005,73,72,76,56,35,13
19.923071,2253,2006,94,86,53,14,2325,2001,91,57,71,60,35,10
19.932978,2252,2007,93,87,53,12,2322,2005,79,66,69,60,34,9
19.942719,2251,2008,93,86,53,11,2327,1999,83,69,68,66,29,13
19.952814,2263,2007,94,89,50,23,2326,1998,84,67,66,70,30,11
19.962236,2248,2007,95,90,49,7,2326,1998,70,78,65,58,46,11
19.971476,2255,2007,98,85,50,15,2319,2005,69,75,71,69,22,8
19.982355,2261,2008,98,82,53,20,2306,2000,72,77,65,51,33,8
19.991882,2261,2006,98,81,56,20,2306,2016,63,73,68,44,33,9
20.001740,2256,2006,97,81,57,15,2307,2006,79,62,66,50,33,11
20.011900,2257,2007,95,82,56,17,2316,2002,68,72,67,65,30,12
20.021851,2262,2004,96,83,57,22,2319,2001,78,66,56,65,41,12
20.031952,2250,2002,100,80,57,11,2313,2008,74,71,63,58,31,8
20.041908,2257,2003,101,80,55,18,2315,1997,85,66,59,60,39,9
20.051912,2258,2003,101,79,57,18,2311,1994,78,65,72,66,30,6
20.062140,2253,2002,103,79,57,12,2317,1994,76,72,78,47,40,10
20.071436,2264,2002,98,83,57,24,2315,2006,75,83,53,55,33,10
20.080948,2250,2000,97,86,57,10,2317,2012,60,79,78,51,31,6
20.090759,2255,1998,100,84,58,15,2324,2006,71,68,60,59,44,16
20.100546,2259,2000,96,88,55,20,2320,2006,66,69,73,58,36,12
20.110481,2256,1999,98,88,54,17,2311,2006,73,77,67,50,29,9
20.120890,2259,1999,96,91,54,19,2310,2006,70,69,76,49,34,6
20.130610,2257,2000,96,94,51,16,2311,2002,73,66,76,56,28,10
20.141039,2255,2000,94,94,54,13,2325,1991,87,74,61,66,31,15
20.151043,2253,2000,92,94,55,12,2308,1995,64,69,63,72,34,11
20.161110,2250,1999,94,89,60,8,2310,1995,80,75,56,59,34,11
20.171080,2263,1996,97,87,62,21,2302,2005,76,69,65,54,27,6
20.181459,2262,1996,95,90,62,19,2309,1992,69,76,65,69,30,8
20.191957,2264,1994,96,88,66,20,2300,1995,78,71,71,54,28,3
20.202122,2260,1995,96,89,65,15,2302,1993,78,69,68,50,33,11
20.212564,2257,1994,99,85,67,12,2304,2010,61,75,74,50,30,4
20.223848,2262,1993,102,84,66,17,2306,1995,66,85,62,63,24,11
20.233906,2260,1995,101,85,63,16,2300,1992,79,63,69,59,33,5
20.244047,2257,1994,103,82,65,13,2299,2002,66,77,66,48,33,7
20.254158,2262,1993,107,79,64,19,2303,2003,61,84,61,46,43,5
20.264265,2261,1993,106,79,65,18,2304,2002,70,71,78,51,22,10
20.275009,2258,1994,106,80,61,17,2298,1998,74,63,65,56,32,10
20.285582,2256,1995,102,82,62,15,2294,1995,70,69,65,56,31,8
20.295841,2262,1992,101,83,65,21,2299,1999,62,70,68,59,33,8
20.305935,2259,1991,100,87,65,16,2310,1998,80,64,59,63,34,12
20.315912,2258,1992,104,82,65,15,2316,1999,77,59,70,58,42,11
20.325037,2263,1993,102,83,63,22,2312,2002,71,67,73,64,27,8
20.335627,2260,1996,101,85,59,19,2318,2007,69,72,70,57,38,5
20.345320,2263,2000,100,85,56,22,2320,2004,71,75,58,70,28,14
20.356071,2255,2000,100,87,54,14,2324,2000,74,81,70,57,39,3
20.366592,2257,2001,101,85,55,15,2329,2002,77,69,76,67,30,8
20.375994,2261,2000,102,83,55,21,2331,2012,74,65,73,66,35,6
20.385500,2263,1997,104,79,60,23,2339,2008,73,69,81,61,39,8
20.394815,2263,1997,105,77,62,22,2337,2008,77,68,91,54,32,7
20.404539,2259,1999,103,77,62,18,2335,2005,80,60,78,67,35,10
20.413706,2254,1999,104,76,62,13,2324,2008,69,68,78,60,31,10
20.423595,2263,2000,106,71,64,22,2319,2005,76,61,74,68,27,8
20.433601,2260,2000,105,72,64,19,2321,2004,80,67,69,62,35,4
20.443392,2256,2001,105,72,63,15,2330,2022,69,69,58,63,35,14
20.452602,2256,2000,106,72,61,17,2332,2026,61,78,64,55,44,4
20.461861,2256,2001,106,70,60,19,2331,2013,74,58,78,55,41,12
20.471317,2249,2000,102,78,56,13,2327,2001,91,58,75,66,31,5
20.480900,2255,1998,103,78,57,19,2329,2006,76,62,77,62,38,8
20.490149,2254,1999,100,82,56,17,2322,2003,77,65,75,63,30,9
20.499870,2253,1999,98,84,56,16,2321,2002,88,69,65,62,28,7
20.509708,2251,1997,101,82,56,15,2326,2017,68,67,82,54,29,9
20.519730,2246,1997,102,81,56,10,2333,2004,71,77,71,72,27,11
20.529585,2254,1997,103,81,55,18,2326,2014,70,73,68,67,27,7
20.539206,2257,1998,106,78,53,22,2328,2012,83,67,65,61,34,6
20.548447,2250,1997,108,77,53,15,2323,2008,73,66,73,57,34,12
20.558868,2251,1998,108,75,55,15,2315,2011,72,71,71,45,35,10
20.568865,2250,1997,112,72,55,14,2313,2001,74,71,64,61,33,9
20.578585,2263,1998,111,73,54,27,2309,2009,67,68,76,47,33,9
20.588261,2256,2000,110,72,54,20,2319,2020,62,71,67,58,30,11
20.597965,2247,2000,107,75,54,11,2314,2006,69,61,67,71,34,6
20.607731,2249,2000,106,76,55,12,2315,1998,72,79,58,64,35,9
20.617714,2253,2001,106,77,53,16,2325,2007,73,65,88,51,31,10
20.627495,2251,2002,105,76,55,13,2331,2009,63,74,67,73,38,7
20.637478,2256,2000,107,78,52,19,2332,2006,64,78,75,60,41,8
20.647230,2255,2000,106,79,52,18,2325,2022,68,75,61,59,30,10
20.656672,2250,2002,104,79,53,12,2331,1995,67,82,65,79,31,12
20.666342,2254,2003,105,79,51,16,2331,1998,83,71,69,66,34,10
20.675619,2250,2000,105,79,54,12,2334,1993,87,69,82,63,31,9
20.685032,2246,2000,105,79,53,9,2326,2005,71,78,52,65,41,14
20.694223,2255,1999,104,81,55,16,2324,2009,66,76,60,65,38,10
20.703741,2260,2000,105,81,55,19,2322,2015,66,66,75,67,24,9
20.713682,2245,2000,105,82,54,4,2322,2007,82,63,63,69,31,7
20.724072,2256,1998,106,81,56,15,2320,2017,69,71,60,63,30,10
20.733809,2259,1999,107,81,54,18,2328,2009,72,74,60,60,43,10
20.743021,2263,1999,109,80,53,22,2334,2006,66,72,70,70,39,11
20.752190,2264,1999,109,81,53,22,2338,2015,72,75,71,60,34,11
20.761303,2269,1999,107,83,52,28,2342,2011,77,66,72,69,42,5
20.770746,2267,2000,104,84,53,26,2340,2005,85,67,79,62,35,7
20.779528,2260,1999,103,87,52,19,2343,2009,87,62,72,64,38,11
20.788208,2261,2000,103,87,51,20,2347,2004,88,77,75,56,33,14
20.797709,2262,2000,103,87,52,20,2338,2013,77,79,69,55,37,8
20.806944,2257,2001,104,88,51,13,2337,2002,81,61,83,71,34,5
20.816010,2260,2002,105,85,52,16,2338,2002,81,60,86,57,46,6
20.825304,2259,2002,106,81,55,15,2335,2012,79,70,71,65,31,7
20.833946,2262,2001,107,80,55,19,2336,2012,78,63,69,62,44,8
20.843555,2270,2001,107,79,56,27,2335,2011,69,59,70,76,42,8
20.853380,2264,1998,110,79,56,21,2332,2004,76,66,81,62,35,8
20.862015,2262,1995,108,81,59,19,2333,2006,66,88,73,61,29,10
20.871635,2263,1997,106,84,57,19,2328,2020,68,80,57,52,45,6
20.880835,2260,1996,109,82,57,16,2330,2011,75,74,68,66,29,7
20.889980,2257,1997,109,82,56,13,2324,2008,79,72,67,61,31,6
20.899651,2262,2000,108,79,57,18,2321,2007,72,69,73,57,36,7
20.909279,2262,2000,103,84,57,18,2327,2005,78,61,76,57,39,11
20.918951,2259,1997,106,81,60,15,2327,1996,84,64,71,58,39,15
20.928822,2263,1997,103,86,60,17,2322,2013,66,75,69,55,35,9
20.939335,2261,1997,105,83,61,15,2323,2002,75,66,71,65,31,13
20.949116,2262,1999,103,83,60,17,2331,2017,67,68,82,52,33,12
20.959036,2259,1998,105,78,64,14,2328,2000,75,78,68,61,39,7
20.968712,2255,1997,104,81,64,9,2327,2009,76,74,71,54,33,10
20.978792,2266,1997,103,83,63,20,2326,2008,81,76,64,47,39,11
20.988817,2268,1996,103,86,61,22,2330,2011,76,70,72,59,31,11
20.998234,2266,1995,104,87,62,18,2332,2004,86,64,78,63,32,5
21.008326,2279,1997,105,89,57,31,2340,2020,70,59,88,58,32,13
21.018211,2264,1998,102,89,59,16,2331,2010,85,54,65,72,38,7
21.027727,2269,1997,101,91,57,23,2339,2013,73,68,61,69,45,10
21.037521,2256,1997,99,91,59,10,2331,2012,71,70,66,57,42,13
21.047050,2269,1998,99,92,59,21,2332,2019,66,78,72,64,27,6
21.056856,2269,1997,101,92,59,20,2336,2013,72,83,62,64,36,6
21.066744,2263,1998,102,88,62,13,2336,2020,74,71,63,70,31,7
21.077044,2269,1998,104,88,60,19,2338,2019,79,65,61,63,37,14
21.086617,2266,2000,101,89,60,16,2336,2008,76,77,67,67,32,9
21.096521,2265,2000,101,91,58,15,2337,2019,66,81,52,67,48,4
21.106173,2270,2001,101,90,58,20,2341,2013,72,79,68,66,33,10
21.115925,2274,2001,100,89,60,24,2345,2023,71,81,61,60,42,7
21.125704,2268,2003,97,93,60,15,2359,2017,84,80,60,66,42,10
21.134943,2262,2003,99,91,60,9,2353,2021,70,85,66,62,36,13
21.144165,2270,2002,100,92,61,15,2351,2017,70,67,67,58,55,17
21.154282,2272,2000,101,90,62,19,2347,2012,82,74,72,61,35,11
21.163578,2271,2003,101,87,62,18,2348,2014,81,74,67,78,27,7
21.172932,2269,2003,103,85,62,16,2346,2027,76,69,72,58,39,5
21.182592,2273,2002,103,86,60,22,2348,2028,65,70,69,59,39,18
21.192173,2259,2003,101,87,59,9,2348,2024,73,60,79,57,46,9
21.201923,2262,2004,96,93,56,13,2345,2012,70,78,71,71,38,5
21.210733,2263,2004,95,95,56,13,2346,2012,80,70,75,63,38,8
21.219498,2272,2000,97,94,59,22,2352,2016,74,75,76,66,29,16
21.228971,2270,2000,100,88,63,19,2340,2025,76,79,71,43,33,13
21.238846,2275,2000,98,89,63,25,2349,2017,76,88,69,57,32,10
21.247992,2269,2000,96,92,63,18,2346,2006,88,67,77,62,38,8
21.257675,2272,1999,97,91,64,21,2347,2017,69,74,69,77,31,10
21.266920,2271,1999,99,89,64,20,2344,2015,65,82,65,71,37,9
21.276463,2269,1998,100,89,65,17,2336,2011,74,81,65,62,39,4
21.285357,2266,1998,100,89,65,14,2347,2017,62,97,51,65,43,12
21.294889,2269,1996,102,88,65,18,2348,2012,80,61,78,69,34,14
21.303822,2269,1997,101,91,63,17,2341,2013,74,77,73,65,33,6
21.313246,2267,1996,104,87,66,14,2354,2010,78,72,76,78,33,7
21.322454,2266,1995,105,91,62,13,2358,2020,72,87,61,64,43,11
21.331343,2270,1997,102,96,58,17,2355,2021,82,70,75,65,31,11
21.340912,2270,2001,98,99,55,17,2358,2020,67,78,74,69,42,8
21.349796,2278,2001,98,100,52,27,2354,2018,73,73,70,68,41,11
21.358736,2265,2002,96,100,52,15,2337,2022,58,82,73,67,27,8
21.368063,2262,2001,96,100,53,12,2337,2023,66,65,71,72,33,7
21.376850,2265,2003,94,99,52,17,2355,2015,88,64,83,55,38,12
21.386101,2264,2006,91,96,55,16,2348,2022,72,67,79,63,36,9
21.395195,2283,2008,89,94,56,36,2348,2012,88,67,73,70,30,8
21.404972,2272,2006,90,90,61,25,2348,2006,77,67,73,72,47,6
21.413778,2270,2007,87,94,60,22,2351,2016,77,69,79,64,38,8
21.422949,2265,2007,84,101,56,17,2352,2011,88,60,73,65,44,11
21.432236,2270,2008,85,101,55,21,2355,2018,71,80,70,55,52,9
21.441324,2260,2007,82,103,58,10,2361,2002,75,83,70,75,37,19
21.449795,2268,2007,84,103,56,18,2348,2016,86,67,70,61,36,12
21.459684,2267,2008,82,102,58,17,2349,2023,78,66,74,65,30,13
21.469019,2268,2008,83,100,60,17,2347,2014,75,75,64,79,33,7
21.479122,2267,2009,82,103,56,17,2349,2021,68,64,80,65,41,10
21.489183,2267,2007,83,104,55,18,2344,2013,67,71,78,66,40,9
21.498619,2263,2008,82,103,56,14,2345,2021,63,73,69,74,34,11
21.508041,2270,2007,82,106,54,21,2342,2011,78,69,68,71,36,9
21.516851,2260,2006,83,106,53,12,2342,2011,55,76,72,66,44,18
21.526468,2262,2006,82,106,55,13,2329,2010,70,79,62,61,42,5
21.536112,2263,2008,82,104,55,14,2336,2003,79,74,77,67,26,10
21.545406,2271,2009,82,104,54,22,2327,2005,77,76,66,56,39,8
21.555353,2262,2009,80,104,55,14,2333,2010,75,78,65,53,39,13
21.564571,2266,2009,85,100,53,19,2333,2026,62,74,73,50,39,9
21.573864,2259,2010,85,99,52,13,2328,2021,71,67,67,57,38,7
21.583735,2268,2009,88,97,51,23,2329,1993,82,71,77,64,33,9
21.593531,2265,2009,90,95,51,20,2329,2012,67,66,81,69,27,7
21.603987,2256,2009,92,94,49,12,2321,2008,71,54,76,69,37,6
21.613602,2248,2009,92,93,48,6,2328,2003,78,73,70,52,44,8
21.623224,2261,2010,87,95,50,19,2328,2004,80,62,76,65,31,10
21.633112,2260,2009,88,95,50,18,2325,2019,63,70,63,68,31,11
21.643187,2258,2010,88,95,50,15,2322,2016,73,61,67,56,38,11
21.652794,2259,2010,85,97,51,16,2328,2005,78,67,65,67,37,9
21.662209,2262,2010,85,96,52,19,2326,2005,79,60,75,63,33,11
21.671951,2259,2010,86,96,51,16,2322,2017,68,69,77,48,38,5
21.681763,2258,2009,87,96,50,16,2330,2019,70,68,75,52,34,12
21.691250,2260,2011,86,93,52,18,2331,2019,71,71,89,46,30,5
21.701981,2254,2011,89,89,51,14,2329,2021,71,62,64,61,40,10
21.711645,2268,2012,89,89,50,28,2341,2004,65,72,68,69,43,20
21.720474,2255,2012,90,87,52,14,2337,2006,71,72,72,68,40,8
21.729950,2263,2011,89,88,53,22,2340,2006,60,87,82,51,44,10
21.739752,2261,2012,90,88,52,19,2339,2013,72,61,85,58,38,12
21.749472,2260,2013,93,83,54,17,2339,2022,66,65,82,58,35,11
21.758673,2260,2012,95,82,53,18,2339,2012,62,68,76,70,42,9
21.768383,2262,2012,96,81,56,17,2337,2019,59,83,71,60,33,12
21.778046,2268,2012,96,80,57,23,2340,2022,64,59,82,57,44,12
21.787823,2268,2015,95,76,59,23,2326,2017,64,76,66,72,29,2
21.797760,2270,2013,93,80,59,25,2336,2015,76,64,83,59,29,10
21.807224,2264,2012,92,80,58,22,2333,2007,79,59,80,68,30,10
21.816977,2258,2013,90,83,56,16,2331,2024,64,68,68,68,28,11
21.826513,2265,2013,89,82,57,24,2330,2009,67,72,70,69,33,10
21.836155,2259,2013,93,76,59,18,2333,2008,69,78,73,58,36,11
21.846180,2249,2013,97,77,53,9,2327,2005,68,71,77,71,30,5
21.856098,2259,2013,99,74,54,19,2330,2007,74,72,62,65,41,9
21.865173,2260,2011,98,78,52,21,2328,2008,78,66,70,64,31,11
21.874784,2253,2013,96,80,50,14,2326,2014,78,74,68,56,29,7
21.884312,2263,2013,96,82,48,24,2322,2015,72,70,70,59,28,8
21.894466,2253,2013,100,78,48,14,2332,2020,68,69,73,63,32,7
21.903580,2260,2014,99,81,45,21,2336,2014,76,69,80,59,30,8
21.913956,2261,2014,98,81,46,22,2340,2011,73,63,74,73,37,9
21.923136,2258,2015,99,78,46,20,2338,2011,69,71,68,61,48,10
21.932020,2258,2015,97,80,46,20,2336,2002,73,69,85,63,33,11
21.941244,2265,2016,94,81,48,26,2328,1998,69,76,73,74,30,8
21.951015,2259,2017,92,79,52,19,2332,2004,87,59,64,67,41,10
21.961159,2248,2018,90,79,53,8,2327,1994,81,78,72,56,29,17
21.970676,2249,2016,90,80,53,10,2334,2004,79,69,69,59,45,9
21.980438,2257,2016,87,83,53,18,2332,2000,74,70,78,72,28,10
21.990259,2253,2016,88,82,53,14,2339,2005,72,80,69,69,34,10
21.998995,2270,2017,88,80,54,31,2340,2009,73,68,86,60,36,8
22.007782,2258,2017,88,79,55,19,2343,2003,80,69,74,64,39,14
22.017038,2260,2017,88,79,56,20,2337,1989,85,75,78,64,38,8
22.025921,2257,2019,84,81,54,19,2344,2004,74,81,74,67,33,11
22.034935,2251,2015,85,84,54,13,2346,2007,78,70,72,68,38,13
22.044165,2250,2014,88,82,54,12,2339,2003,73,80,66,66,41,10
22.053701,2251,2013,88,82,54,14,2337,1997,87,68,67,76,32,10
22.062855,2254,2013,89,81,55,16,2336,2006,93,60,62,67,38,10
22.072886,2256,2014,89,81,54,18,2325,2002,67,67,78,70,36,5
22.081995,2255,2014,85,84,54,18,2336,2005,70,66,78,76,35,6
22.091452,2255,2014,85,85,52,19,2344,2007,70,73,75,71,37,11
22.100784,2250,2014,88,82,52,14,2335,2005,71,66,90,79,20,4
22.110197,2249,2014,87,83,52,13,2337,2003,77,73,72,73,27,12
22.119366,2253,2011,88,82,54,18,2339,2010,62,62,83,75,36,11
22.128111,2251,2011,87,84,52,17,2335,2009,71,70,65,75,38,7
22.137766,2254,2009,90,82,52,21,2338,2001,79,68,77,69,36,8
22.146482,2254,2008,91,80,55,20,2344,2006,72,75,73,71,37,10
22.155493,2259,2007,90,83,54,25,2343,2007,71,81,66,68,35,15
22.164742,2262,2007,90,82,53,30,2339,2001,69,74,76,67,41,11
22.173649,2254,2006,90,83,52,23,2331,2002,77,80,69,65,31,7
22.182762,2248,2007,89,82,52,18,2328,2001,74,80,82,53,26,12
22.191982,2246,2006,89,82,54,15,2321,2004,74,64,78,60,36,5
22.201288,2252,2004,89,84,53,22,2322,1993,83,72,87,52,31,4
22.210543,2243,2005,87,86,53,12,2322,1999,77,65,64,72,39,6
22.220366,2244,2003,89,85,54,13,2327,2004,66,74,81,65,32,5
22.230055,2250,2003,90,84,55,18,2331,1991,81,71,64,75,39,10
22.239307,2250,2002,93,79,58,18,2337,2000,69,77,73,71,37,10
22.248713,2250,2002,93,79,57,19,2334,1997,80,73,71,72,37,4
22.257914,2246,2003,91,79,56,17,2339,2003,75,85,67,66,31,12
22.267113,2250,2004,91,78,56,21,2329,1991,80,70,67,65,44,12
22.276703,2244,2004,93,76,56,15,2329,1992,89,74,71,69,29,5
22.285915,2246,2003,96,71,59,17,2327,1995,76,66,72,83,26,9
22.295418,2253,2004,96,74,55,24,2334,2010,70,76,73,62,29,14
22.305168,2240,2008,95,73,53,11,2320,1999,75,72,72,57,35,10
22.314264,2244,2008,96,72,53,15,2325,1996,78,57,79,75,33,7
22.323530,2244,2008,95,73,53,15,2323,2009,60,67,89,61,33,4
22.332954,2237,2008,94,73,54,8,2326,2003,70,79,62,53,50,9
22.342894,2247,2007,92,76,53,19,2324,1990,80,71,82,47,44,10
22.352238,2254,2003,91,80,55,25,2336,1994,90,73,80,59,33,7
22.361406,2254,2003,92,78,56,25,2338,2005,87,68,75,61,35,7
22.370535,2246,2002,93,77,55,19,2338,2004,74,79,78,60,29,14
22.379976,2252,2004,93,75,53,27,2334,2011,68,74,67,65,43,6
22.389328,2238,2002,96,72,55,13,2338,2001,74,65,82,70,39,7
22.398333,2252,2002,95,74,54,27,2336,2016,70,72,67,69,35,7
22.407394,2237,2003,94,76,54,10,2336,1997,65,69,86,73,36,10
22.416378,2244,2004,94,77,52,17,2338,1996,79,68,86,53,51,5
22.425438,2248,2005,93,78,50,22,2335,1987,81,68,85,65,39,10
22.434750,2241,2005,91,80,51,14,2326,1996,72,69,80,56,46,7
22.444170,2242,2002,92,81,50,17,2328,1993,67,80,69,66,41,12
22.453444,2247,2001,92,83,47,24,2321,1998,69,79,55,72,36,12
22.462654,2246,2000,92,84,45,25,2318,1988,75,72,80,53,40,10
22.471548,2241,2001,91,83,47,19,2320,1989,69,80,58,66,49,9
22.480347,2247,2000,92,81,51,23,2312,1984,74,69,76,61,39,9
22.489449,2251,2003,90,81,55,22,2312,1993,60,88,70,65,26,10
22.499073,2243,2001,91,81,55,15,2312,1983,70,63,75,72,42,7
22.508715,2238,2001,90,82,53,12,2307,1998,59,69,88,50,37,6
22.518494,2245,2002,90,83,52,18,2306,1984,73,69,70,73,29,8
22.528294,2240,2002,91,78,56,13,2303,1980,77,68,60,79,35,4
22.537514,2245,2002,91,78,56,18,2305,1991,69,78,66,62,31,8
22.547422,2237,2003,91,75,58,10,2317,1986,73,80,64,77,28,9
22.556934,2246,2002,93,69,62,20,2316,1971,73,75,66,76,43,12
22.566156,2241,2003,93,68,61,16,2311,1971,83,75,75,70,33,4
22.575878,2242,2002,92,68,62,18,2313,1973,75,79,86,63,31,6
22.584620,2242,2001,93,69,61,18,2323,1976,70,79,75,71,45,7
22.594017,2250,2000,94,71,59,26,2319,1992,66,69,80,66,40,6
22.602774,2235,2000,93,72,59,11,2322,1984,71,79,68,83,32,5
22.611601,2238,2002,90,76,55,15,2322,1983,77,72,72,72,39,7
22.620964,2241,2003,90,77,53,18,2317,1988,74,85,67,75,23,5
22.630899,2239,2004,89,77,53,16,2326,1981,75,82,81,66,31,10
22.639948,2239,2006,84,82,49,18,2327,1994,74,77,79,63,29,11
22.648811,2239,2006,84,84,47,18,2324,1984,80,77,83,63,31,6
22.658039,2246,2006,83,84,48,25,2331,1998,64,77,80,59,34,19
22.667313,2233,2005,85,84,45,14,2325,1994,85,70,78,53,36,9
22.676605,2237,2003,86,83,47,18,2321,1978,76,80,77,66,37,7
22.685680,2229,2004,85,84,45,11,2322,1988,76,74,71,74,28,11
22.694748,2235,2003,86,82,47,17,2330,1999,75,70,85,56,35,10
22.703785,2235,2001,87,81,49,17,2335,1985,82,77,81,69,32,9
22.712225,2239,2000,89,79,51,20,2324,1975,88,77,67,80,33,4
22.721491,2241,2000,88,80,49,24,2330,2001,72,80,71,58,42,6
22.730186,2246,2000,89,80,52,25,2334,2002,82,64,67,74,38,7
22.739723,2236,1999,89,80,54,14,2332,1999,79,67,68,73,39,7
22.748739,2242,1998,89,81,54,20,2345,1994,73,68,83,65,41,21
22.758043,2247,2000,90,76,55,26,2331,1990,72,67,73,75,50,4
22.767138,2240,1999,89,76,58,18,2335,1991,86,66,73,70,38,11
22.776577,2238,1999,89,76,58,16,2334,2001,68,74,79,64,34,14
22.785875,2240,1998,89,75,60,18,2338,2000,68,73,72,74,40,11
22.794933,2236,1997,90,74,61,14,2335,1998,65,67,64,86,45,10
22.804066,2234,1997,91,74,60,12,2325,1991,78,76,64,68,36,12
22.813334,2245,1998,91,73,62,21,2322,1988,75,74,60,80,38,7
22.822191,2236,1997,95,69,62,13,2320,1995,71,55,80,62,52,5
22.831741,2238,1997,98,65,65,13,2323,1996,68,67,79,73,32,8
22.841009,2250,1996,97,69,63,25,2329,1992,73,69,64,83,31,17
22.849995,2247,1997,97,69,62,22,2333,1987,81,70,84,61,34,16
22.858727,2246,1997,97,69,62,21,2343,1999,81,69,67,64,53,10
22.867424,2235,1997,96,67,65,10,2341,1994,74,70,78,82,27,16
22.876719,2240,1997,96,66,65,16,2336,1996,71,82,78,66,39,4
22.886324,2239,1996,97,65,66,15,2340,1997,70,77,79,78,28,11
22.895529,2253,1998,94,67,66,28,2344,1995,75,69,82,69,47,7
22.904434,2248,1998,94,68,66,22,2345,1986,76,66,84,82,42,9
22.913200,2248,1999,92,69,66,22,2340,1995,72,75,80,71,36,11
22.922432,2250,1998,94,68,67,23,2340,1997,69,77,77,72,39,9
22.931517,2248,1999,94,68,66,21,2338,1985,87,70,86,62,39,9
22.940542,2254,2000,94,69,65,26,2340,1995,78,78,77,66,38,8
22.949244,2244,1999,93,68,67,17,2334,1991,79,69,90,67,35,3
22.958530,2248,1999,96,65,67,21,2340,1979,85,67,74,81,43,11
22.967440,2243,1998,97,65,67,16,2333,1995,70,80,67,71,37,13
22.976795,2244,1997,97,67,64,19,2325,2002,61,77,69,70,40,6
22.986103,2248,1997,97,69,61,24,2325,1995,84,72,70,65,34,5
22.995592,2244,1996,96,73,58,21,2315,1989,73,74,66,69,37,7
23.005194,2238,1996,91,79,57,15,2317,1995,70,65,74,66,39,8
23.015087,2248,1995,94,78,57,24,2315,1996,73,69,78,66,27,6
23.024809,2243,1996,92,80,57,18,2321,1994,80,51,79,75,26,16
23.033552,2244,1995,93,78,59,19,2318,2000,75,67,76,51,45,4
23.042635,2244,1993,91,82,59,19,2323,1999,65,71,74,61,42,11
23.052082,2254,1993,90,84,58,29,2323,1996,73,78,59,70,42,5
23.062021,2238,1993,89,84,59,13,2327,1988,79,69,70,75,36,10
23.071224,2245,1994,89,82,61,19,2325,1997,80,64,65,73,33,13
23.081848,2246,1995,88,82,60,21,2316,1994,74,65,69,61,42,11
23.091303,2244,1995,88,83,58,20,2323,1996,72,79,64,59,41,12
23.100800,2241,1996,88,81,57,19,2328,1992,75,76,71,66,39,9
23.110195,2242,1999,86,81,57,19,2321,2000,63,81,66,66,34,11
23.119873,2237,1999,84,80,58,16,2323,1998,78,61,72,63,41,10
23.129274,2238,1998,84,80,58,18,2329,1988,71,71,78,70,41,10
23.138197,2236,1996,84,83,57,16,2331,1989,76,75,72,72,34,13
23.147150,2230,1995,87,80,57,11,2334,2004,68,70,73,70,40,9
23.156599,2241,1992,91,74,63,21,2336,1994,78,69,75,72,37,11
23.165529,2243,1989,94,74,62,24,2339,2002,75,74,64,68,49,7
23.174408,2239,1989,92,74,62,22,2338,1991,71,70,76,82,36,12
23.183727,2240,1991,90,77,60,22,2328,1984,88,65,69,62,47,13
23.193670,2236,1992,90,76,61,17,2327,1999,80,68,76,57,39,8
23.203249,2240,1992,89,77,61,21,2327,1995,71,80,80,52,41,8
23.212395,2245,1990,90,78,61,26,2332,1985,87,55,87,73,37,8
23.221525,2240,1988,93,75,63,21,2333,1998,73,61,70,80,39,12
23.230684,2238,1988,92,75,64,19,2334,1995,73,69,70,71,48,8
23.240131,2232,1985,94,77,61,15,2325,1998,73,60,86,62,41,5
23.249523,2226,1986,94,77,59,10,2328,1985,78,75,67,67,43,13
23.259403,2230,1985,92,77,62,14,2320,1985,76,73,72,68,39,7
23.269796,2229,1987,93,76,60,13,2321,1998,82,56,77,73,28,7
23.278667,2241,1987,92,76,60,26,2325,1981,79,64,83,59,49,10
23.287928,2232,1985,93,76,61,17,2327,2004,63,61,79,72,41,7
23.297228,2230,1983,93,78,61,15,2328,1990,75,66,76,70,39,12
23.306818,2229,1983,93,79,59,15,2312,1988,67,66,63,75,42,11
23.316658,2231,1983,93,79,61,15,2314,1989,76,62,73,67,34,13
23.326216,2236,1982,92,76,67,19,2314,1982,79,69,63,67,43,11
23.335903,2234,1986,91,73,67,17,2309,1988,74,68,74,58,37,10
23.345432,2236,1985,92,72,69,18,2309,1997,61,71,72,65,28,15
23.355312,2241,1983,93,70,74,21,2313,1984,79,62,82,67,33,6
23.365042,2232,1985,93,68,74,12,2320,1998,70,79,73,57,33,10
23.375141,2248,1983,95,64,78,28,2318,2004,63,82,71,44,45,9
23.384867,2234,1984,96,66,73,15,2318,1996,77,76,63,59,35,12
23.394218,2232,1983,96,70,69,14,2316,1993,72,70,73,72,33,3
23.403145,2239,1983,96,70,69,21,2325,1982,81,74,78,66,41,3
23.412546,2234,1982,96,73,68,15,2330,1997,67,75,70,67,42,12
23.421804,2237,1981,96,77,65,18,2331,1994,78,72,65,63,45,14
23.430878,2238,1980,97,79,62,20,2328,1992,76,76,74,55,44,11
23.440109,2244,1980,99,77,63,25,2323,2003,68,76,61,61,43,11
23.449045,2236,1980,101,76,62,17,2317,1997,69,87,50,71,38,5
23.458475,2247,1981,101,72,65,28,2321,1997,72,84,49,54,54,11
23.467472,2244,1981,101,71,66,25,2323,2000,83,63,67,63,40,7
23.477283,2240,1979,102,71,67,21,2321,1993,86,69,74,55,29,15
23.487103,2234,1979,101,71,69,14,2314,1991,76,65,80,56,37,9
23.496527,2243,1978,101,73,68,23,2309,2002,73,56,76,67,31,4
23.506441,2239,1980,100,73,67,19,2312,1991,74,64,75,61,41,6
23.516403,2236,1980,99,75,66,16,2315,1993,75,69,66,75,29,8
23.525618,2241,1980,100,73,68,20,2307,1991,87,66,69,62,25,7
23.534920,2241,1981,100,73,68,19,2313,1990,76,65,68,65,38,11
23.544203,2242,1982,100,76,66,18,2314,1999,61,78,68,63,35,10
23.553514,2241,1983,100,78,62,18,2317,1987,74,76,63,74,37,6
23.563175,2242,1983,100,78,62,19,2320,1991,66,62,83,73,32,13
23.572838,2233,1984,99,78,61,11,2309,1982,61,71,95,62,36,2
23.582569,2245,1982,100,76,63,24,2307,1984,78,71,72,65,28,9
23.591881,2240,1981,102,72,67,18,2307,1993,73,68,71,51,41,10
23.602083,2243,1981,102,76,65,19,2311,1989,68,75,81,58,27,13
23.612240,2249,1980,101,77,65,26,2311,1992,74,66,67,67,35,10
23.621971,2233,1981,101,77,64,10,2315,1980,82,81,69,63,32,8
23.631542,2237,1981,100,77,65,14,2315,1983,67,73,80,63,41,8
23.640476,2238,1981,101,77,64,15,2320,1984,70,73,67,77,36,13
23.650169,2239,1980,103,76,64,16,2315,1975,74,73,71,72,37,13
23.659582,2247,1981,101,78,63,24,2313,1985,67,84,74,59,35,9
23.669378,2236,1981,103,79,58,15,2313,1970,82,73,86,66,28,8
23.678711,2234,1981,105,77,59,12,2313,1992,80,71,59,69,32,10
23.688742,2242,1980,107,75,57,23,2310,1988,75,77,63,52,38,17
23.698589,2231,1980,106,75,58,12,2307,1987,76,69,68,62,37,8
23.708725,2234,1980,103,77,59,15,2300,1987,76,70,55,74,32,6
23.718523,2238,1982,102,75,61,18,2298,1975,89,59,61,76,30,8
23.728767,2234,1981,102,75,62,14,2305,1986,80,85,65,47,31,11
23.738712,2239,1984,100,75,62,18,2302,1982,74,83,64,58,33,8
23.748436,2238,1985,98,76,62,17,2302,1980,80,69,65,64,35,9
23.758474,2233,1982,100,75,64,12,2302,1991,75,61,69,65,30,11
23.768490,2237,1982,98,74,68,15,2301,1985,73,61,66,76,34,6
23.778385,2239,1982,97,80,65,15,2301,1990,69,68,68,71,29,6
23.788599,2240,1983,96,80,66,15,2300,1999,67,63,62,69,31,9
23.798031,2240,1983,98,79,65,15,2307,1990,68,79,67,64,31,8
23.807434,2243,1982,100,83,59,19,2309,1978,86,75,76,61,26,7
23.817024,2244,1982,102,81,59,20,2306,1986,73,72,82,58,29,6
23.826426,2236,1980,103,82,59,12,2308,1993,70,71,74,64,29,7
23.835752,2243,1980,102,82,61,18,2298,1987,70,79,77,53,27,5
23.845650,2250,1981,102,80,62,25,2307,1991,77,68,65,66,30,10
23.854849,2250,1981,103,77,64,25,2298,1989,75,70,76,46,36,6
23.864355,2250,1981,105,74,64,26,2309,1984,78,77,67,58,37,8
23.874723,2239,1980,106,75,65,13,2312,1985,76,75,67,64,35,10
23.884800,2242,1981,104,76,65,16,2314,1988,91,66,74,51,32,12
23.894794,2239,1982,104,76,62,15,2315,1998,59,81,69,65,28,15
23.904184,2242,1981,105,75,64,17,2307,1993,76,68,59,70,33,8
23.914303,2237,1982,102,79,61,13,2310,1994,70,77,72,60,26,11
23.924118,2238,1980,103,81,59,15,2309,1988,78,71,77,53,35,7
23.933918,2242,1979,105,80,59,19,2309,1991,70,66,69,65,33,15
23.943121,2246,1979,104,79,61,23,2316,1995,65,67,71,74,36,8
23.952597,2237,1978,107,76,62,14,2322,1997,67,71,74,65,33,15
23.962313,2242,1978,105,80,59,20,2324,1994,79,61,83,62,38,7
23.971615,2233,1978,105,79,58,13,2331,1991,73,76,65,80,33,13
23.980368,2244,1978,107,78,59,22,2321,1989,77,61,76,59,48,11
23.990290,2243,1979,108,77,58,21,2322,1993,68,66,63,71,52,9
23.999994,2244,1977,110,78,55,24,2321,1994,75,61,74,61,44,12
24.009422,2236,1976,109,79,55,17,2314,1991,67,59,85,53,48,11
24.019075,2231,1975,109,77,58,12,2315,1988,73,79,69,60,39,7
24.029057,2227,1975,110,77,57,8,2312,1994,73,67,66,66,36,10
24.038424,2240,1975,109,76,59,21,2313,1990,79,64,70,62,37,11
24.047722,2242,1975,108,77,59,23,2319,1995,75,70,68,67,36,8
24.057859,2237,1974,108,75,62,18,2317,1986,85,72,67,60,36,11
24.067459,2236,1972,110,73,64,17,2317,1991,75,75,69,59,41,7
24.077766,2234,1972,111,73,64,14,2316,1991,75,63,79,60,43,5
24.087414,2240,1973,111,70,66,20,2323,1994,84,66,52,77,38,12
24.096266,2242,1974,110,70,66,22,2319,1992,78,69,68,60,41,11
24.105818,2239,1974,107,73,65,20,2319,1989,88,59,78,61,31,13
24.115133,2238,1974,107,73,65,19,2315,1985,80,64,71,66,41,8
24.124695,2240,1978,105,72,61,24,2313,1996,71,77,67,59,37,6
24.134453,2228,1976,107,71,62,12,2315,1985,79,68,77,66,27,13
24.143467,2236,1976,106,71,63,20,2319,1986,75,63,76,62,47,10
24.152618,2231,1973,107,69,66,16,2322,1995,65,68,82,59,44,9
24.162271,2234,1974,102,73,64,21,2318,1988,69,75,67,69,41,9
24.171570,2236,1974,102,75,63,22,2319,1992,83,60,79,66,29,10
24.180935,2228,1976,98,77,62,15,2318,1997,73,76,63,63,36,10
24.189871,2231,1976,99,76,62,18,2317,1983,67,78,80,66,35,8
24.199116,2232,1978,99,71,64,20,2320,1982,77,74,84,57,37,9
24.208593,2230,1977,100,73,62,18,2313,1989,69,63,81,63,38,10
24.217592,2232,1976,98,76,59,23,2306,1992,67,72,66,79,23,7
24.227028,2229,1977,96,76,62,18,2305,1973,81,56,72,74,45,4
24.236517,2226,1977,95,77,61,16,2306,1984,74,62,69,67,38,12
24.246532,2221,1976,95,77,63,10,2300,1983,73,69,64,73,35,3
24.256218,2226,1974,94,78,65,15,2291,1987,65,59,71,70,33,6
24.266167,2230,1975,94,76,66,19,2297,1982,72,71,58,63,41,10
24.276148,2237,1978,91,78,65,25,2298,1987,69,59,80,59,34,10
24.285421,2236,1977,94,79,61,25,2297,1984,67,66,77,55,36,12
24.295254,2232,1978,92,78,63,21,2297,1995,57,73,75,60,30,7
24.305483,2221,1980,89,77,65,10,2291,1986,61,81,58,58,33,14
24.315512,2233,1980,89,77,65,22,2296,1991,62,77,69,56,34,7
24.325928,2226,1979,92,76,64,15,2288,1977,72,69,68,58,38,6
24.335682,2239,1981,88,77,64,29,2287,1971,66,70,70,52,47,11
24.345564,2225,1980,88,78,64,15,2289,1968,77,73,77,51,34,9
24.355211,2228,1981,87,77,65,18,2283,1969,71,73,68,61,34,7
24.365372,2227,1979,88,77,66,17,2286,1975,70,63,63,72,36,7
24.375284,2231,1978,90,77,65,21,2288,1983,74,66,64,65,26,10
24.385380,2219,1978,91,79,60,11,2295,1989,64,62,67,65,35,13
24.395809,2228,1979,89,79,63,18,2283,1986,57,69,62,62,41,6
24.405540,2230,1980,88,80,62,20,2291,1981,63,60,69,61,43,14
24.415909,2233,1979,89,83,59,23,2288,1973,67,76,76,61,26,9
24.426121,2228,1976,93,78,63,18,2286,1976,66,75,70,56,33,10
24.436193,2230,1975,94,76,65,20,2284,1969,76,70,74,59,27,9
24.446226,2227,1977,94,76,65,15,2282,1974,70,63,81,47,40,7
24.455807,2239,1980,93,74,63,29,2282,1979,55,71,73,68,27,9
24.465929,2226,1981,93,74,61,17,2274,1979,69,62,59,61,34,10
24.476259,2231,1980,91,77,60,23,2269,1971,68,72,68,57,27,6
24.486681,2227,1979,92,76,60,20,2270,1970,66,85,60,45,31,13
24.497112,2215,1976,92,77,62,8,2259,1969,72,70,50,56,32,10
24.508450,2219,1975,90,82,61,11,2263,1972,57,76,68,58,25,7
24.519218,2230,1976,88,85,59,22,2259,1976,57,64,65,57,26,14
24.529751,2239,1976,87,87,60,29,2272,1978,63,61,76,54,29,11
24.540947,2227,1975,84,91,59,18,2273,1979,74,54,81,46,29,10
24.551212,2228,1977,80,94,59,18,2277,1970,73,65,69,57,32,11
24.561041,2231,1975,84,89,62,21,2280,1971,73,70,62,59,36,9
24.571011,2231,1974,85,88,63,21,2278,1982,70,69,69,46,36,6
24.581085,2229,1972,87,85,66,19,2282,1979,71,62,63,73,27,7
24.591230,2229,1972,86,88,64,19,2287,1987,71,66,68,49,34,12
24.601519,2225,1973,84,88,64,16,2277,1971,92,66,58,60,27,3
24.612226,2218,1973,86,85,62,12,2276,1980,79,60,63,60,27,7
24.621691,2220,1974,86,85,60,15,2280,1963,85,59,69,56,40,8
24.631763,2219,1974,89,83,59,14,2279,1977,71,60,74,51,35,11
24.641867,2226,1975,88,88,57,18,2281,1974,73,59,60,66,42,7
24.651945,2226,1974,90,84,60,18,2287,1972,74,64,66,68,33,10
24.661785,2230,1971,92,84,62,21,2292,1986,70,61,62,61,43,9
24.671442,2233,1973,93,82,65,20,2291,1984,62,65,76,62,37,5
24.681789,2239,1972,90,87,64,26,2292,1984,80,63,59,56,39,11
24.691895,2236,1973,88,86,66,23,2299,1975,78,67,79,52,39,9
24.701912,2228,1974,86,89,64,15,2295,1974,81,68,69,69,27,7
24.712156,2234,1971,92,87,62,22,2295,1991,71,62,80,50,33,8
24.722321,2230,1971,93,87,61,18,2298,1984,62,74,71,66,30,11
24.731880,2225,1971,91,88,61,14,2296,1970,81,59,72,61,40,13
24.741383,2228,1971,92,88,60,17,2301,1978,82,61,72,64,33,11
24.751547,2232,1971,93,89,59,20,2296,1972,80,56,81,64,40,3
24.760727,2234,1970,95,89,58,22,2303,1982,65,68,76,61,46,5
24.770548,2232,1970,92,92,58,20,2300,1992,66,58,75,64,32,13
24.780458,2232,1969,92,94,56,21,2301,1977,69,80,70,55,39,11
24.790167,2231,1969,90,96,56,20,2299,1991,63,52,64,80,39,10
24.799381,2224,1970,88,95,58,13,2302,1980,67,69,73,69,36,8
24.809320,2230,1973,89,89,59,20,2304,1969,78,65,80,73,31,8
24.818567,2221,1974,92,87,57,11,2307,1980,71,60,92,56,35,13
24.827353,2224,1977,88,89,57,13,2301,1976,75,70,69,64,38,9
24.836617,2235,1976,89,89,57,24,2298,1986,66,80,59,67,32,8
24.846239,2232,1978,88,86,59,21,2302,1980,82,61,72,66,29,12
24.856062,2234,1976,88,86,61,23,2300,1988,71,67,77,50,36,11
24.865700,2232,1975,91,85,61,20,2300,1980,76,63,74,71,28,8
24.875620,2224,1976,91,84,61,12,2295,1985,67,72,60,72,34,5
24.885889,2229,1976,91,83,62,17,2303,1978,77,72,67,69,34,6
24.894972,2229,1973,95,79,64,18,2300,1985,71,62,72,66,35,9
24.904514,2232,1971,97,78,65,21,2305,1984,76,75,65,54,38,13
24.914400,2234,1972,96,76,66,24,2288,1978,69,68,69,51,48,5
24.924261,2228,1972,96,75,66,19,2299,1989,60,70,65,67,40,8
24.933395,2227,1972,97,74,65,19,2305,1981,72,69,67,67,41,8
24.943481,2225,1972,96,76,64,17,2304,1980,72,66,83,63,30,10
24.952694,2227,1971,96,77,64,19,2304,1981,60,73,75,72,35,8
24.961954,2220,1971,96,76,64,13,2306,1976,74,77,85,50,36,8
24.970972,2230,1972,95,77,64,22,2311,1969,80,78,75,66,38,5
24.979927,2229,1973,95,76,65,20,2309,1976,72,64,81,66,44,6
24.989304,2227,1972,95,76,66,18,2317,1973,79,67,68,74,41,15
24.998947,2227,1972,92,79,66,18,2306,1973,62,80,76,66,39,10
25.007727,2233,1971,92,77,69,24,2308,1978,73,70,79,67,35,6
25.017431,2228,1973,90,78,69,18,2314,1980,74,60,68,77,46,9
25.026665,2229,1975,90,79,66,19,2314,1982,69,79,75,61,39,9
25.035654,2225,1972,94,75,69,15,2304,1976,60,69,90,64,36,9
25.044617,2235,1972,96,75,68,24,2308,1979,78,61,88,58,33,11
25.053507,2237,1972,95,76,67,27,2323,1978,82,64,78,61,48,12
25.062828,2232,1974,92,77,67,22,2321,1981,69,74,83,70,37,7
25.072062,2231,1973,92,77,68,21,2318,1987,74,71,74,69,38,5
25.081753,2228,1973,87,82,69,17,2323,2001,54,77,76,63,39,13
25.090530,2226,1974,88,81,68,15,2325,1984,64,86,73,64,45,9
25.099482,2233,1974,87,83,67,22,2324,1981,80,76,71,66,42,8
25.107851,2232,1974,88,82,67,21,2333,1978,71,85,82,65,43,9
25.116987,2237,1974,88,82,67,26,2334,1979,79,75,85,61,43,12
25.125673,2229,1972,89,82,68,18,2343,1982,74,66,91,74,39,17
25.134745,2233,1970,92,81,68,22,2337,1964,83,84,67,86,36,17
25.143208,2236,1970,90,80,71,25,2336,1977,74,71,75,89,41,9
25.151455,2231,1969,89,81,71,21,2345,1982,67,84,85,67,44,16
25.159559,2230,1969,90,85,67,19,2333,1975,80,69,88,73,44,4
25.168381,2233,1968,93,83,64,25,2327,1970,76,64,87,72,44,14
25.177557,2223,1968,93,83,62,17,2323,1966,71,71,89,69,46,11
25.186264,2215,1969,92,83,60,11,2321,1974,65,80,81,78,34,9
25.195002,2220,1969,91,83,61,16,2318,1962,77,77,67,86,42,7
25.204119,2220,1969,91,82,62,16,2319,1971,76,75,78,72,34,13
25.213200,2221,1971,90,80,62,18,2321,1981,72,66,75,71,46,10
25.222233,2222,1971,89,81,61,20,2316,1961,79,64,84,75,45,8
25.230642,2227,1969,92,77,67,22,2314,1963,80,71,83,73,35,9
25.239901,2227,1970,92,76,69,20,2318,1968,81,78,69,74,39,9
25.248734,2224,1972,90,79,66,17,2323,1974,78,60,74,78,50,9
25.258051,2225,1974,88,82,63,18,2325,1987,66,72,74,77,33,16
25.266411,2229,1974,89,81,64,21,2328,1988,68,64,96,58,44,10
25.275194,2233,1975,87,81,65,25,2324,1975,84,71,81,68,33,12
25.283882,2226,1976,86,83,63,18,2322,1979,79,70,72,70,42,10
25.292646,2228,1974,89,81,63,21,2326,1986,67,73,85,67,35,13
25.302391,2220,1973,89,81,64,13,2322,1977,77,84,57,75,46,6
25.311522,2221,1972,89,80,65,15,2321,1996,73,58,75,66,44,9
25.320454,2225,1972,89,81,63,20,2318,1966,85,65,80,68,39,15
25.329084,2225,1971,90,80,63,21,2314,1971,75,82,63,77,41,5
25.338301,2222,1972,89,80,63,18,2318,1978,77,69,75,73,34,12
25.347513,2220,1971,90,80,61,18,2306,1978,67,73,74,67,41,6
25.356609,2219,1972,88,82,60,17,2308,1972,70,74,71,61,48,12
25.365616,2220,1971,88,84,58,19,2301,1971,84,81,51,72,35,7
25.374765,2228,1972,88,84,56,28,2295,1977,85,66,71,49,40,7
25.383995,2218,1972,89,84,56,17,2295,1972,77,50,89,64,34,9
25.393435,2222,1972,85,85,60,20,2291,1975,74,64,78,61,32,7
25.403040,2213,1972,87,83,60,11,2289,1986,66,61,74,62,33,7
25.412483,2213,1969,88,83,63,10,2293,1980,68,78,69,59,26,13
25.422398,2213,1969,88,83,63,10,2297,1984,65,68,78,59,36,7
25.431688,2219,1970,89,79,67,14,2305,1967,86,55,82,58,49,8
25.440979,2217,1969,90,79,67,12,2303,1973,74,65,79,77,29,6
25.450407,2227,1968,92,78,68,21,2302,1974,73,56,80,62,47,10
25.460236,2229,1970,92,81,64,22,2299,1982,76,73,65,68,32,3
25.469435,2228,1971,93,79,64,21,2307,1970,88,63,82,63,36,5
25.478756,2230,1971,94,77,65,23,2305,1974,84,73,70,69,27,8
25.487610,2226,1970,94,77,66,19,2303,1969,83,64,73,77,31,6
25.497181,2218,1970,93,81,63,11,2309,1981,70,81,76,63,31,7
25.507401,2227,1969,94,82,62,20,2307,1986,70,75,75,60,34,7
25.516188,2223,1968,93,83,62,17,2306,1973,82,67,75,63,40,6
25.525568,2225,1968,94,80,64,19,2310,1971,66,84,82,54,41,12
25.535172,2227,1968,95,80,63,21,2309,1980,77,71,77,66,32,6
25.544434,2224,1966,98,78,65,17,2306,1967,80,77,78,66,29,9
25.554745,2219,1966,98,79,64,12,2308,1982,77,66,78,64,33,8
25.564358,2224,1967,99,79,62,17,2310,1962,77,91,76,65,31,8
25.573067,2229,1967,98,80,62,22,2312,1972,85,82,73,53,39,8
25.582338,2226,1967,98,81,61,19,2312,1977,73,64,84,69,36,9
25.591858,2223,1966,98,83,62,14,2303,1978,73,70,78,67,34,3
25.601267,2224,1967,97,84,62,14,2302,1972,73,67,85,60,39,6
25.610727,2227,1966,98,83,63,17,2306,1979,78,72,62,72,33,10
25.619686,2236,1966,97,84,63,26,2310,1977,76,66,74,76,31,10
25.628931,2231,1968,96,81,66,20,2312,1984,64,74,88,67,31,4
25.637928,2224,1967,98,78,68,13,2308,1968,74,71,79,74,40,2
25.647316,2239,1966,101,76,66,30,2313,1978,78,70,67,81,31,8
25.655764,2236,1966,100,79,66,25,2312,1975,73,72,75,56,51,10
25.664999,2229,1966,99,81,65,18,2314,1976,66,74,76,59,50,13
25.674400,2225,1965,98,85,62,15,2301,1971,75,75,73,61,40,6
25.683117,2234,1965,99,82,64,24,2308,1965,75,70,74,80,36,8
25.692968,2230,1967,97,84,61,21,2313,1968,93,67,70,66,42,7
25.701797,2225,1966,97,82,64,16,2309,1966,80,79,71,70,33,10
25.710844,2229,1970,92,83,65,19,2310,1976,74,68,70,70,46,6
25.720081,2231,1969,95,81,64,22,2313,1972,79,67,72,75,40,8
25.729090,2223,1970,93,82,65,13,2309,1976,76,67,67,77,37,9
25.738020,2221,1969,94,82,64,12,2306,1958,82,73,69,77,35,12
25.747709,2229,1969,96,80,64,20,2308,1959,86,75,72,62,46,8
25.756496,2237,1969,97,79,63,29,2302,1966,75,89,78,52,28,14
25.765533,2223,1969,95,82,62,15,2294,1962,85,67,70,59,42,9
25.774698,2222,1969,96,80,63,14,2298,1962,85,75,68,66,33,9
25.784595,2225,1968,93,86,62,16,2302,1969,75,80,85,57,28,8
25.793913,2226,1966,93,87,64,16,2302,1963,79,86,71,62,32,9
25.803490,2225,1966,94,88,61,16,2298,1978,74,65,68,67,37,9
25.813431,2223,1964,93,90,60,16,2295,1964,81,68,84,59,33,6
25.822571,2222,1962,95,88,62,15,2291,1969,70,77,77,59,33,6
25.831955,2228,1960,95,90,62,21,2303,1955,92,65,73,70,40,8
25.840836,2227,1960,98,87,62,20,2302,1964,84,81,72,56,36,9
25.850044,2225,1959,98,88,60,20,2309,1969,72,70,86,66,35,11
25.859190,2226,1960,98,87,62,19,2313,1978,72,73,80,65,36,9
25.868437,2222,1963,96,88,59,16,2315,1959,80,68,95,75,30,8
25.877151,2215,1961,97,85,61,11,2317,1964,86,78,70,69,37,13
25.886358,2233,1962,96,84,63,28,2315,1966,64,73,92,65,45,10
25.894352,2226,1963,94,85,63,21,2318,1958,99,79,65,65,46,6
25.903042,2220,1962,94,86,61,17,2325,1972,81,76,71,71,46,8
25.911963,2228,1964,95,82,64,23,2323,1990,68,83,59,81,35,7
25.920805,2224,1968,92,83,62,19,2328,1972,79,78,84,58,48,9
25.929098,2227,1967,95,78,64,23,2319,1969,79,69,98,57,35,12
25.938025,2219,1967,97,77,62,16,2321,1966,88,65,67,70,60,5
25.946358,2224,1969,94,76,65,20,2315,1973,65,73,71,86,38,9
25.955845,2220,1967,96,77,63,17,2317,1984,73,79,68,59,46,8
25.964329,2224,1966,97,76,65,20,2313,1968,80,72,79,69,35,10
25.973440,2223,1967,95,80,62,19,2304,1977,67,66,80,60,44,10
25.982216,2229,1967,95,79,63,25,2300,1973,79,75,82,58,28,5
25.991480,2223,1970,95,77,61,20,2301,1974,76,83,69,62,30,7
26.000429,2224,1967,95,79,61,22,2299,1968,80,75,74,59,29,14
26.009596,2212,1965,93,81,61,12,2296,1959,82,80,67,63,37,8
26.018955,2218,1961,95,81,63,18,2298,1970,72,66,71,75,36,8
26.027699,2214,1961,95,81,63,14,2299,1962,81,85,61,62,38,10
26.036947,2219,1962,90,86,60,21,2300,1953,90,73,76,70,30,8
26.045973,2217,1961,91,83,61,21,2305,1960,76,81,72,74,37,5
26.055237,2209,1964,89,82,61,13,2299,1971,68,79,72,69,34,6
26.064281,2219,1964,91,78,63,23,2304,1963,82,63,87,65,33,11
26.073421,2220,1964,90,76,67,23,2309,1955,84,71,79,69,40,11
26.082182,2214,1964,91,75,67,17,2309,1958,89,74,73,61,44,10
26.091429,2227,1964,92,74,66,31,2303,1961,82,77,69,60,45,9
26.099936,2215,1964,93,74,64,20,2307,1967,84,82,65,63,42,4
26.109280,2212,1965,93,73,66,15,2309,1961,88,70,73,69,38,10
26.118450,2221,1966,92,73,66,24,2314,1969,76,73,73,73,42,8
26.126715,2213,1965,94,72,65,17,2316,1967,76,73,71,63,50,16
26.135252,2219,1965,92,71,68,23,2314,1956,87,71,84,68,37,11
26.144253,2210,1966,90,72,68,14,2311,1956,89,62,91,59,49,5
26.152538,2213,1967,89,74,67,16,2297,1966,67,70,82,68,37,7
26.161945,2216,1965,91,73,66,21,2290,1955,81,79,66,63,37,9
26.171219,2206,1963,91,74,67,11,2284,1952,81,73,72,63,35,8
26.180948,2220,1967,85,76,66,26,2281,1948,70,83,73,63,36,8
26.190582,2218,1967,85,76,66,24,2284,1963,74,68,80,64,30,5
26.200651,2213,1967,85,75,67,19,2283,1960,78,80,73,62,24,6
26.210119,2213,1966,87,75,66,19,2287,1960,76,70,77,65,28,11
26.220001,2209,1966,85,78,65,15,2284,1962,75,67,78,58,29,15
26.229366,2216,1963,85,79,65,24,2281,1936,80,75,80,61,37,12
26.238939,2211,1966,86,77,64,18,2270,1947,73,77,64,68,27,14
26.248846,2201,1964,88,75,65,9,2271,1939,85,69,75,67,29,7
26.258688,2208,1965,87,75,64,17,2272,1954,67,73,62,72,39,5
26.268864,2215,1964,89,75,64,23,2278,1952,62,78,80,62,37,7
26.278790,2216,1964,88,76,64,24,2279,1957,65,78,85,59,26,9
26.288261,2216,1964,88,75,65,24,2282,1955,70,85,67,58,38,9
26.298101,2210,1964,88,75,64,19,2278,1951,76,74,67,63,36,11
26.307547,2209,1963,88,74,66,18,2271,1946,73,71,71,61,46,3
26.317438,2212,1964,87,77,62,22,2278,1945,73,77,71,53,45,14
26.327827,2206,1964,88,74,64,16,2276,1954,68,64,74,71,38,7
26.337479,2207,1964,88,77,61,17,2285,1950,76,74,67,62,37,19
26.348076,2206,1963,90,75,61,17,2269,1958,67,71,69,57,43,4
26.358086,2197,1964,87,79,60,7,2268,1946,73,82,72,56,31,8
26.368353,2213,1964,86,79,62,22,2268,1963,73,72,72,57,23,8
26.378193,2207,1965,88,76,63,15,2269,1943,74,68,74,67,33,10
26.387810,2211,1963,90,73,66,19,2271,1966,60,71,82,51,34,7
26.397284,2211,1965,88,74,68,16,2272,1946,75,73,74,65,31,8
26.407352,2212,1967,85,73,71,16,2273,1956,67,78,57,64,36,15
26.416634,2214,1970,82,72,71,19,2272,1945,86,69,70,68,26,8
26.426607,2211,1970,77,80,69,15,2269,1954,88,52,76,58,34,7
26.436157,2215,1969,79,80,68,19,2274,1947,80,74,65,52,46,10
26.445591,2210,1970,80,76,69,15,2273,1951,72,75,71,55,38,11
26.455610,2216,1970,76,87,61,22,2270,1943,70,74,62,74,37,10
26.465502,2209,1971,73,89,61,15,2269,1958,64,74,68,69,29,7
26.474504,2210,1971,73,90,60,16,2271,1960,74,72,71,58,27,9
26.484821,2215,1972,72,92,60,19,2277,1953,73,77,67,66,34,7
26.495159,2207,1973,72,92,59,11,2275,1941,78,75,87,64,20,10
26.505117,2221,1973,73,91,58,26,2274,1954,85,66,78,59,26,6
26.514402,2215,1973,73,88,62,19,2274,1957,76,70,75,55,35,6
26.524302,2219,1974,75,87,61,22,2272,1949,76,72,69,63,33,10
26.534306,2203,1975,75,85,63,5,2281,1942,82,69,62,76,37,13
26.544245,2221,1976,74,89,60,22,2287,1955,77,65,67,79,32,12
26.553391,2213,1977,72,90,59,15,2293,1958,83,54,79,74,36,9
26.563515,2216,1976,71,92,59,18,2287,1953,81,57,83,66,33,14
26.573381,2219,1976,73,90,59,21,2282,1962,74,84,60,59,34,9
26.583178,2228,1975,71,90,62,30,2287,1967,71,70,62,74,34,9
26.592833,2223,1974,72,89,64,24,2285,1962,85,67,66,75,24,6
26.602577,2218,1973,73,90,64,18,2284,1961,82,75,72,56,29,9
26.612598,2222,1974,72,88,67,21,2288,1976,65,72,80,62,26,7
26.622345,2219,1975,72,87,67,18,2285,1969,69,83,61,56,35,12
26.631674,2217,1975,71,90,65,16,2275,1964,63,72,70,59,43,4
26.641672,2220,1974,74,89,63,20,2289,1960,73,74,68,57,46,11
26.651516,2222,1972,75,89,65,21,2285,1955,80,67,71,62,37,13
26.661207,2220,1972,78,86,66,18,2289,1968,73,70,72,63,35,8
26.670322,2218,1973,77,87,63,18,2286,1964,74,67,69,69,37,6
26.679836,2213,1973,77,87,62,14,2291,1956,73,79,74,69,29,11
26.689281,2215,1972,78,87,62,16,2297,1961,73,68,76,67,43,9
26.698931,2219,1972,80,86,58,23,2291,1958,69,76,74,67,39,8
26.707626,2220,1972,80,85,58,25,2288,1953,75,77,87,60,30,6
26.717058,2212,1971,80,85,60,16,2286,1958,69,73,70,68,40,8
26.726437,2221,1971,77,87,60,26,2284,1952,73,78,80,48,41,12
26.735752,2207,1970,78,87,60,12,2276,1955,67,77,73,53,43,8
26.745539,2217,1969,80,86,60,22,2276,1948,67,84,70,62,33,12
26.755495,2212,1967,80,88,60,17,2264,1951,77,73,78,44,36,5
26.765051,2220,1967,80,87,61,25,2271,1950,72,87,71,50,26,15
26.774717,2207,1965,83,84,64,11,2271,1952,85,67,69,63,24,11
26.784931,2222,1965,84,83,64,26,2270,1951,78,74,70,62,31,4
26.794870,2217,1965,83,83,65,21,2276,1958,69,72,71,65,33,8
26.804323,2217,1965,82,83,65,22,2273,1956,75,74,65,60,32,11
26.814108,2212,1967,83,81,66,15,2272,1942,85,74,62,64,35,10
26.824219,2217,1969,84,76,68,20,2273,1961,82,69,76,43,37,5
26.834642,2210,1970,85,72,71,12,2269,1961,70,78,71,56,26,7
26.845251,2221,1969,85,73,72,22,2268,1967,63,64,60,76,34,4
26.855730,2214,1971,83,74,72,14,2259,1960,70,57,70,60,38,4
26.866035,2219,1973,82,72,73,19,2271,1959,79,70,64,45,42,12
26.875509,2215,1973,81,72,74,15,2275,1967,74,55,72,54,43,10
26.884808,2218,1971,83,69,76,19,2275,1960,66,69,69,65,35,11
26.895132,2213,1970,83,70,75,15,2274,1950,71,72,75,58,35,13
26.905008,2223,1971,85,67,76,24,2271,1946,81,61,71,69,38,5
26.914791,2218,1971,83,67,77,20,2272,1949,71,71,76,63,35,7
26.924627,2220,1970,86,66,77,21,2273,1972,60,71,68,53,39,10
26.934521,2219,1970,87,67,76,19,2274,1955,79,59,66,71,38,6
26.944767,2216,1968,88,68,73,19,2274,1954,87,68,57,71,27,10
26.954834,2205,1968,88,67,74,8,2267,1951,80,66,64,61,40,5
26.964983,2216,1968,91,66,74,17,2273,1950,80,67,77,59,33,7
26.974937,2222,1967,94,64,75,22,2282,1953,75,68,82,68,24,12
26.984592,2226,1969,91,66,75,25,2282,1964,80,72,60,70,33,3
26.995020,2214,1969,91,67,75,12,2284,1959,71,71,83,61,33,6
27.004278,2215,1970,90,70,72,13,2290,1951,74,75,74,58,50,8
27.013288,2229,1970,94,68,71,26,2298,1955,76,76,66,70,43,12
27.022350,2219,1970,95,67,70,17,2293,1961,80,71,70,57,44,10
27.031710,2219,1969,94,70,68,18,2299,1951,76,84,66,73,39,10
27.040768,2214,1966,95,73,65,15,2295,1961,65,83,79,52,45,10
27.049652,2221,1967,96,69,67,22,2304,1954,83,72,76,67,43,9
27.059196,2213,1966,98,68,66,15,2308,1940,76,77,80,74,51,10
27.068064,2212,1965,99,69,65,14,2294,1957,68,83,74,64,43,5
27.077663,2216,1965,101,66,66,18,2290,1963,67,78,69,62,44,7
27.087175,2213,1964,102,66,65,16,2293,1966,69,77,75,61,37,8
27.096090,2217,1964,98,69,64,22,2300,1957,72,69,83,60,42,17
27.104988,2209,1964,96,70,65,14,2296,1951,70,66,92,66,36,15
27.114016,2215,1962,97,67,69,20,2292,1945,80,74,76,70,40,7
27.123623,2216,1958,99,70,70,19,2296,1958,88,74,75,59,31,11
27.133163,2210,1958,98,69,71,14,2289,1956,83,70,86,58,31,5
27.142588,2215,1959,98,69,71,18,2282,1958,77,64,80,62,32,9
27.152369,2216,1958,100,68,72,18,2290,1956,84,66,78,61,37,8
27.161085,2211,1959,99,69,70,14,2294,1953,79,75,64,74,43,6
27.170635,2220,1959,99,73,65,24,2292,1960,74,74,61,71,38,14
27.179913,2220,1956,99,77,63,25,2290,1955,81,77,61,68,39,9
27.188612,2216,1956,99,78,62,21,2298,1952,72,75,66,69,52,12
27.197699,2214,1954,99,80,64,17,2300,1960,60,90,84,57,39,10
27.207035,2211,1953,100,80,64,14,2298,1946,89,86,80,58,36,3
27.216213,2215,1953,99,82,63,18,2294,1959,78,77,62,77,28,13
27.225317,2216,1953,100,82,62,19,2298,1958,68,95,71,62,35,9
27.234539,2220,1954,98,82,63,23,2303,1962,79,75,93,51,35,8
27.243135,2221,1952,98,81,65,25,2307,1955,82,73,90,69,31,7
27.251728,2217,1952,98,79,67,21,2303,1954,76,76,77,70,38,12
27.260649,2213,1952,98,80,68,15,2307,1959,73,69,85,73,41,7
27.269346,2221,1952,98,80,68,23,2318,1958,75,82,78,81,34,10
27.278013,2218,1952,98,80,67,21,2323,1967,84,74,73,85,31,9
27.286602,2216,1951,96,85,65,19,2335,1954,80,82,77,84,43,15
27.294449,2224,1951,96,84,67,26,2336,1964,81,75,85,71,47,13
27.303110,2226,1951,95,89,64,27,2333,1964,75,86,73,90,38,7
27.311289,2219,1947,100,85,67,20,2333,1964,82,83,80,64,45,15
27.320066,2215,1945,100,84,70,16,2317,1959,86,81,78,77,30,6
27.328356,2218,1944,100,82,72,20,2322,1962,73,83,67,77,48,12
27.337132,2215,1945,100,83,72,15,2323,1955,79,78,86,74,42,9
27.345531,2217,1944,101,85,70,17,2327,1960,74,87,79,77,41,9
27.353800,2220,1945,99,83,73,20,2328,1953,76,81,88,75,41,14
27.361574,2221,1946,99,86,68,22,2322,1958,76,71,88,77,43,9
27.370163,2221,1946,98,86,68,23,2325,1952,75,89,73,78,46,12
27.378950,2216,1946,98,83,71,18,2315,1965,76,80,67,77,35,15
27.387035,2219,1945,99,80,73,22,2308,1942,82,81,90,74,31,8
27.396080,2221,1945,99,79,74,24,2311,1928,93,87,83,56,49,15
27.404642,2208,1944,98,79,73,14,2314,1946,82,76,98,66,33,13
27.413109,2212,1944,99,78,73,18,2304,1945,77,81,83,67,40,11
27.421669,2211,1947,98,79,71,16,2305,1939,95,83,66,59,54,9
27.430506,2222,1946,96,80,71,29,2305,1940,78,85,74,77,40,11
27.439241,2218,1944,95,80,74,25,2300,1940,89,83,78,69,32,9
27.448204,2208,1945,94,81,71,17,2299,1937,79,90,76,72,35,10
27.456738,2214,1943,95,83,69,24,2295,1932,87,80,84,57,41,14
27.465727,2210,1943,95,85,67,20,2300,1944,76,73,74,82,36,15
27.474260,2210,1942,98,83,69,18,2304,1957,70,86,81,61,36,13
27.482786,2207,1941,97,87,67,15,2300,1935,88,74,77,69,46,11
27.491671,2208,1942,98,85,66,17,2305,1950,83,74,76,75,38,9
27.500874,2207,1942,96,87,66,16,2304,1963,78,82,59,71,42,9
27.509930,2220,1942,95,85,69,29,2310,1955,76,73,89,73,36,8
27.518162,2220,1939,96,86,70,29,2311,1970,77,77,70,67,33,17
27.526739,2204,1939,95,88,70,12,2310,1943,78,78,85,72,40,14
27.535221,2208,1935,98,88,70,17,2318,1944,83,70,86,74,51,10
27.543510,2210,1936,98,89,68,19,2325,1940,88,72,87,90,36,12
27.551571,2217,1937,98,90,64,28,2311,1954,72,70,91,78,38,8
27.559847,2209,1936,98,89,67,19,2314,1948,81,76,90,79,30,10
27.568491,2210,1936,98,88,68,20,2309,1952,71,90,81,71,34,10
27.577477,2211,1937,99,87,67,21,2316,1952,82,68,86,82,36,10
27.586405,2208,1936,97,91,66,18,2318,1954,75,70,96,74,41,8
27.594748,2209,1935,99,90,65,20,2316,1939,100,74,71,83,41,8
27.602871,2208,1936,99,87,68,18,2320,1943,86,69,88,64,61,9
27.611662,2211,1936,99,89,65,22,2321,1944,79,92,78,81,42,5
27.619978,2204,1937,98,92,62,15,2326,1953,74,84,89,73,47,6
27.627750,2208,1937,98,91,63,19,2324,1929,88,83,78,88,42,16
27.635307,2214,1937,98,92,62,25,2335,1945,97,74,85,76,48,10
27.643194,2208,1938,98,91,61,20,2340,1926,97,75,79,86,62,15
27.651047,2207,1937,98,93,60,19,2340,1945,73,82,90,93,46,11
27.658836,2211,1939,95,95,59,23,2339,1940,84,85,86,86,46,12
27.666368,2209,1939,95,95,58,22,2341,1936,89,87,88,84,38,19
27.673750,2209,1939,92,98,57,23,2337,1941,87,69,98,73,58,11
27.682083,2210,1938,91,99,58,24,2334,1945,73,82,95,86,43,10
27.689819,2207,1939,90,101,54,23,2336,1945,82,85,83,88,40,13
27.697554,2205,1939,90,100,53,23,2324,1939,84,85,85,89,32,10
27.705593,2205,1939,92,97,56,21,2329,1945,82,78,87,82,52,3
27.713140,2199,1939,96,94,54,16,2337,1942,82,81,86,84,49,13
27.721231,2204,1940,96,91,56,21,2335,1948,79,69,104,82,44,9
27.728867,2212,1940,96,92,54,30,2337,1941,103,69,91,91,32,10
27.736248,2214,1940,98,91,54,31,2338,1946,82,76,95,74,58,7
27.743914,2211,1940,100,88,56,27,2331,1941,86,82,81,77,52,12
27.751522,2208,1940,99,90,55,24,2334,1948,81,77,78,85,54,11
27.759653,2197,1940,98,90,56,13,2337,1949,82,66,95,80,47,18
27.767597,2205,1938,101,88,57,21,2333,1948,84,78,86,81,44,12
27.775883,2216,1940,101,88,55,32,2335,1938,90,85,89,82,45,6
27.783627,2196,1938,99,92,55,12,2325,1940,85,79,79,81,52,9
27.791586,2201,1940,97,94,53,17,2328,1936,92,82,77,74,55,12
27.799898,2202,1939,98,93,54,18,2319,1948,72,87,90,77,37,8
27.807896,2203,1937,100,92,55,19,2318,1919,86,84,84,83,53,9
27.816195,2208,1938,98,91,56,25,2320,1932,80,81,83,88,44,12
27.823929,2207,1938,98,93,53,25,2322,1932,89,89,90,69,42,11
27.831814,2196,1938,100,90,53,15,2319,1931,81,79,91,84,44,9
27.839800,2197,1939,100,89,53,16,2322,1929,93,90,90,72,38,10
27.847752,2197,1939,100,89,53,16,2321,1929,83,87,88,71,53,10
27.856203,2201,1939,101,87,54,20,2322,1947,82,90,80,73,37,13
27.864506,2198,1940,98,87,57,16,2318,1926,94,74,77,83,52,12
27.872650,2208,1940,97,83,64,24,2318,1936,84,81,92,71,45,9
27.880323,2210,1940,97,83,65,25,2317,1936,91,85,80,74,43,8
27.887897,2204,1942,96,84,63,19,2319,1927,76,92,93,76,45,10
27.895624,2204,1943,97,82,63,19,2327,1935,86,76,103,72,46,9
27.903233,2202,1944,96,83,62,17,2322,1934,93,66,90,95,37,7
27.911285,2207,1944,96,82,64,21,2322,1934,98,67,91,85,42,5
27.919378,2206,1943,96,84,65,18,2319,1937,91,79,88,75,42,7
27.927345,2215,1943,97,82,66,27,2320,1949,88,87,83,72,33,8
27.935272,2211,1941,97,83,67,23,2319,1945,89,68,81,81,40,15
27.943613,2206,1941,98,82,68,17,2322,1949,86,70,91,74,42,10
27.951445,2207,1941,98,83,67,18,2324,1947,82,80,89,72,45,9
27.959511,2203,1941,97,86,66,13,2316,1941,84,79,74,89,46,3
27.968033,2197,1941,100,84,65,7,2323,1948,74,93,87,65,42,14
27.975960,2204,1940,102,80,68,14,2314,1944,88,88,82,67,39,6
27.984783,2210,1939,102,81,66,22,2306,1949,91,78,58,86,34,10
27.993046,2206,1937,104,80,65,20,2308,1947,76,82,80,63,44,16
28.001295,2209,1938,101,84,63,23,2308,1940,86,83,80,66,39,14
28.009748,2202,1938,102,80,66,16,2306,1934,77,79,79,71,52,14
28.018169,2206,1938,102,80,66,20,2303,1947,84,78,67,78,37,12
28.027107,2198,1938,104,75,69,12,2310,1941,81,82,80,76,35,15
28.035540,2207,1938,105,74,68,22,2302,1953,70,67,85,71,49,7
28.043890,2203,1938,105,75,68,17,2310,1959,72,72,80,77,37,13
28.052681,2205,1938,106,76,67,18,2306,1941,90,73,85,76,38,3
28.061043,2206,1937,107,78,64,20,2309,1949,68,72,82,75,55,8
28.069397,2205,1936,107,79,64,19,2306,1934,90,74,87,65,44,12
28.077627,2212,1937,106,78,64,27,2299,1951,70,71,82,74,41,10
28.085674,2202,1935,105,81,63,18,2306,1942,84,70,82,77,40,11
28.094280,2202,1934,105,82,65,16,2309,1935,89,81,80,76,41,7
28.102736,2197,1935,102,84,65,11,2310,1932,86,68,89,76,47,12
28.111383,2206,1935,103,84,64,20,2306,1939,95,66,87,63,48,8
28.119846,2204,1934,103,85,65,17,2308,1937,82,86,82,73,42,6
28.128189,2203,1934,100,89,64,16,2312,1942,88,84,80,68,37,13
28.137104,2202,1934,101,89,63,15,2303,1944,85,77,88,65,38,6
28.145432,2209,1933,100,93,60,23,2315,1940,94,81,75,71,42,12
28.153839,2210,1932,100,95,59,24,2324,1946,87,66,87,77,51,10
28.162260,2213,1932,99,94,60,28,2320,1944,82,69,87,78,51,9
28.170033,2204,1932,98,97,57,20,2321,1948,81,77,86,76,44,9
28.177977,2200,1933,100,95,56,16,2318,1960,73,75,82,75,42,11
28.186491,2204,1933,100,97,54,20,2323,1944,90,72,79,85,45,8
28.194887,2200,1934,102,94,54,16,2321,1933,89,72,81,79,52,15
28.202436,2196,1935,104,93,52,12,2324,1958,74,75,87,76,44,10
28.210560,2203,1937,103,93,51,19,2317,1935,86,73,90,81,43,9
28.218895,2210,1939,105,90,51,25,2314,1942,82,86,83,64,46,11
28.227455,2205,1938,104,93,51,19,2304,1942,80,84,76,77,34,11
28.235411,2216,1940,105,90,52,29,2307,1942,86,71,79,70,47,12
28.243963,2206,1942,106,90,51,17,2303,1942,82,73,80,76,39,11
28.252983,2209,1943,110,84,53,19,2296,1939,72,84,70,85,37,9
28.261644,2213,1941,110,85,53,24,2290,1947,76,72,75,79,34,7
28.270765,2207,1944,107,85,53,18,2299,1934,89,78,76,73,37,12
28.279676,2211,1943,106,89,52,21,2293,1936,86,77,84,62,35,13
28.288797,2208,1944,107,88,51,18,2282,1934,85,82,80,61,36,4
28.298204,2203,1943,110,86,50,14,2279,1928,88,72,79,65,37,10
28.307480,2211,1943,106,86,54,22,2270,1937,76,76,72,63,39,7
28.316263,2214,1942,107,87,54,24,2277,1943,72,77,83,52,40,10
28.325556,2207,1941,107,92,51,16,2277,1926,88,80,74,66,34,9
28.334412,2202,1940,106,93,52,11,2276,1942,71,82,69,66,37,9
28.344080,2221,1941,103,96,51,30,2282,1944,69,92,69,60,32,16
28.353268,2209,1940,106,92,53,18,2281,1924,93,76,83,60,36,9
28.362623,2217,1940,107,87,58,25,2288,1943,94,68,75,61,34,13
28.371918,2213,1941,104,88,59,21,2286,1944,85,81,63,56,48,9
28.381048,2209,1941,106,87,58,17,2292,1942,76,74,72,74,42,12
28.389847,2205,1943,103,88,58,13,2295,1946,81,86,65,62,40,15
28.399265,2215,1943,101,92,56,23,2293,1950,80,68,94,50,39,12
28.408487,2213,1943,102,92,56,20,2292,1946,85,73,66,74,34,14
28.417049,2214,1943,102,95,53,21,2288,1936,87,76,77,71,37,4
28.426306,2205,1943,102,96,52,12,2291,1932,89,72,80,71,39,8
28.435133,2214,1947,100,95,51,21,2286,1927,85,78,86,63,40,7
28.444443,2210,1948,98,97,51,16,2289,1955,69,80,71,79,28,7
28.453156,2206,1947,100,93,52,14,2287,1936,87,72,75,77,31,9
28.461985,2208,1946,102,90,53,17,2285,1933,85,68,78,72,38,11
28.471432,2204,1947,102,90,52,13,2286,1933,99,62,69,73,37,13
28.480242,2203,1946,104,90,49,14,2286,1929,80,76,80,63,47,11
28.489265,2200,1946,104,91,48,11,2283,1955,72,67,80,65,37,7
28.498362,2207,1946,104,86,54,17,2284,1942,80,76,71,73,32,10
28.507662,2216,1947,102,89,52,26,2285,1949,82,77,77,54,39,7
28.516241,2215,1947,101,92,50,25,2287,1946,82,73,78,61,37,10
28.525038,2210,1942,102,93,52,21,2288,1935,82,91,70,71,28,11
28.533541,2202,1943,101,89,55,14,2292,1937,94,76,83,54,38,10
28.542807,2200,1944,99,90,56,11,2287,1927,84,90,73,69,34,10
28.552160,2206,1942,102,88,57,17,2281,1949,74,82,70,62,37,7
28.561150,2202,1942,101,89,57,13,2280,1938,78,85,70,73,31,5
28.569908,2209,1939,103,89,58,20,2280,1929,93,83,76,53,38,8
28.578753,2208,1938,104,87,60,19,2284,1934,91,77,83,53,41,5
28.587700,2200,1938,103,88,59,12,2290,1940,93,78,81,58,35,5
28.596233,2209,1937,101,93,60,18,2288,1932,83,81,68,80,37,7
28.605692,2204,1938,100,92,61,13,2289,1938,75,69,82,65,43,17
28.614813,2212,1937,98,93,62,22,2281,1946,79,69,74,55,47,11
28.624125,2222,1936,98,96,64,28,2273,1941,94,80,60,61,29,8
28.634003,2219,1937,96,96,66,24,2276,1948,78,79,73,53,35,10
28.643906,2217,1938,97,94,66,22,2277,1949,73,71,73,63,41,7
28.653858,2212,1939,97,95,64,17,2275,1933,86,73,63,71,41,8
28.663227,2215,1939,97,95,64,20,2286,1950,77,67,83,67,34,8
28.672966,2207,1938,98,94,62,15,2287,1953,77,66,71,74,36,10
28.681767,2212,1938,98,92,65,19,2284,1948,83,72,63,71,41,6
28.691111,2215,1938,100,90,65,22,2287,1955,80,77,67,64,35,9
28.700356,2215,1938,102,89,65,21,2289,1951,78,68,68,78,37,9
28.709467,2211,1938,101,90,65,17,2295,1944,92,74,67,69,38,11
28.718704,2219,1938,101,89,67,24,2305,1950,76,79,77,66,42,15
28.727077,2206,1938,102,87,67,12,2297,1957,76,68,80,77,32,7
28.736145,2208,1939,101,89,64,15,2300,1953,73,78,78,66,43,9
28.744614,2211,1938,101,91,62,19,2298,1934,93,70,71,76,41,13
28.753157,2209,1938,100,92,62,17,2299,1926,103,79,89,64,29,9
28.761948,2211,1937,102,90,62,20,2302,1933,89,70,92,66,39,13
28.770731,2209,1937,103,89,62,18,2291,1954,73,70,88,64,39,3
28.779781,2210,1937,103,89,61,20,2294,1953,80,72,72,68,44,5
28.788589,2207,1937,103,89,61,17,2295,1951,78,80,65,66,47,8
28.797464,2205,1937,104,90,59,15,2299,1941,82,77,95,52,42,10
28.806219,2215,1936,107,87,62,23,2295,1950,80,69,68,75,42,11
28.815315,2212,1936,104,88,63,21,2300,1936,86,78,70,67,52,11
28.824030,2208,1940,104,85,62,17,2302,1951,82,63,82,76,35,13
28.832920,2206,1943,104,86,59,14,2302,1941,86,64,91,63,43,14
28.841560,2212,1944,103,87,58,20,2301,1944,91,59,88,70,42,7
28.850370,2214,1947,104,88,53,22,2298,1949,83,72,66,85,34,9
28.859238,2215,1946,103,88,55,23,2301,1956,79,69,73,65,45,14
28.868263,2212,1950,99,90,54,19,2298,1951,83,71,70,78,32,13
28.877020,2214,1952,93,96,53,20,2302,1949,84,68,80,65,43,13
28.886206,2207,1954,92,96,52,13,2299,1954,81,69,80,71,38,6
28.895355,2213,1953,95,94,53,18,2307,1951,73,73,84,71,38,17
28.903944,2205,1951,96,97,51,10,2300,1956,82,77,67,68,41,9
28.913822,2215,1953,93,96,54,19,2292,1949,87,81,66,69,34,6
28.923124,2214,1951,93,96,55,19,2290,1954,77,83,71,61,36,8
28.932472,2217,1952,92,96,54,23,2299,1965,70,72,81,65,39,7
28.941761,2209,1952,90,98,54,15,2300,1949,93,82,72,61,37,6
28.951117,2210,1953,90,95,56,16,2301,1950,91,79,66,60,47,8
28.960220,2211,1952,91,97,55,16,2292,1948,84,83,71,65,34,7
28.969925,2210,1952,91,98,54,15,2295,1953,75,79,78,60,38,12
28.979033,2208,1951,92,96,56,13,2287,1943,75,78,69,76,37,9
28.988173,2221,1951,92,96,56,26,2286,1961,67,76,68,66,38,10
28.996880,2213,1952,92,93,58,18,2296,1960,65,74,72,75,38,12
29.006388,2211,1952,92,94,56,17,2294,1955,79,74,75,70,32,9
29.015198,2210,1952,93,94,56,15,2302,1951,78,63,91,66,41,12
29.025105,2211,1948,97,91,59,16,2293,1972,71,65,77,64,40,4
29.035236,2210,1946,96,91,61,16,2296,1952,72,72,74,73,40,13
29.044477,2206,1946,96,92,60,12,2298,1955,68,69,86,75,42,3
29.053114,2211,1947,97,91,58,18,2299,1965,75,65,75,71,38,10
29.062218,2217,1947,97,89,61,23,2300,1951,86,66,79,72,38,8
29.071657,2211,1946,95,91,63,16,2300,1947,91,64,77,71,39,11
29.080730,2215,1945,96,90,64,20,2294,1959,82,63,79,65,34,12
29.090012,2213,1945,94,91,65,18,2285,1943,95,57,86,58,35,11
29.099632,2217,1944,99,92,61,21,2286,1951,74,80,79,62,32,8
29.109129,2212,1942,99,92,63,16,2287,1945,83,71,73,68,38,9
29.118593,2213,1942,98,88,67,18,2290,1950,79,75,79,61,33,13
29.127907,2209,1943,99,87,65,15,2283,1953,92,51,82,66,29,10
29.137352,2211,1943,100,88,63,17,2285,1959,71,68,80,63,33,11
29.146257,2211,1942,97,92,64,16,2282,1953,80,76,67,58,41,7
29.155918,2213,1941,98,90,66,18,2274,1964,70,74,79,52,30,5
29.165485,2216,1939,101,89,69,18,2283,1950,73,74,75,60,43,8
29.175785,2217,1944,99,86,72,16,2286,1969,83,58,77,51,39,9
29.185091,2222,1945,100,83,72,22,2294,1962,78,69,69,56,47,13
29.194876,2217,1945,100,83,74,15,2300,1972,81,68,69,68,33,9
29.204281,2215,1948,101,81,72,13,2298,1961,79,75,75,62,40,6
29.213358,2216,1947,103,80,72,14,2303,1971,75,83,68,61,35,10
29.223087,2225,1948,103,79,72,23,2298,1964,79,73,67,61,44,10
29.232603,2218,1948,104,79,70,17,2302,1969,76,72,82,59,35,9
29.242567,2221,1949,103,82,68,19,2298,1974,70,62,94,52,37,9
29.251825,2227,1946,105,82,68,26,2299,1967,76,72,60,79,33,12
29.260906,2216,1945,102,85,68,16,2303,1968,70,79,83,59,37,7
29.270655,2215,1945,101,88,66,15,2302,1971,69,67,71,80,37,7
29.280052,2217,1947,99,89,65,17,2296,1970,79,66,67,68,34,12
29.289595,2217,1947,99,90,64,17,2294,1966,74,81,55,70,39,9
29.298927,2218,1946,99,91,64,18,2293,1956,79,73,76,71,29,9
29.308271,2220,1945,100,91,64,20,2292,1963,82,65,75,65,32,10
29.317480,2220,1943,101,91,64,21,2296,1954,82,78,66,68,38,10
29.326817,2218,1944,100,90,66,18,2297,1961,67,84,80,63,35,7
29.335901,2214,1945,96,94,65,14,2296,1965,81,75,72,69,27,7
29.345562,2223,1947,91,98,65,22,2290,1967,72,78,72,58,37,6
29.354944,2219,1948,94,93,66,18,2303,1967,75,80,73,61,34,13
29.364752,2219,1949,95,92,66,17,2294,1961,77,73,62,66,47,8
29.374033,2217,1948,95,90,70,14,2293,1968,72,68,70,60,41,14
29.384003,2221,1947,96,88,72,18,2283,1963,68,68,65,67,44,8
29.393930,2223,1946,97,89,71,20,2287,1978,73,59,75,64,29,9
29.404140,2217,1947,98,88,71,13,2285,1978,64,61,74,59,33,16
29.414652,2216,1949,96,89,70,12,2275,1969,70,71,89,44,26,6
29.424423,2228,1951,96,94,64,23,2284,1958,78,60,79,61,40,8
29.434023,2221,1951,94,95,65,16,2284,1965,73,69,65,68,38,6
29.444035,2219,1950,94,97,62,16,2291,1956,80,74,77,53,37,14
29.452990,2218,1949,94,95,64,16,2294,1960,72,88,64,63,33,14
29.463022,2226,1949,97,91,65,24,2289,1960,78,66,70,63,46,6
29.472240,2223,1948,97,92,64,22,2289,1959,84,64,69,69,39,5
29.481356,2212,1947,96,91,67,11,2290,1962,69,75,75,62,41,6
29.490793,2218,1945,97,91,68,17,2289,1954,82,56,85,61,41,10
29.499823,2217,1944,95,94,68,16,2290,1961,73,78,67,54,48,9
29.508717,2213,1946,94,95,66,12,2289,1949,83,80,65,72,32,8
29.518404,2224,1946,95,96,63,24,2297,1961,89,66,74,61,36,10
29.527880,2214,1948,94,92,65,15,2303,1951,88,78,73,57,44,12
29.536674,2212,1946,97,90,67,12,2299,1960,85,60,74,68,43,9
29.546198,2224,1946,97,89,69,23,2302,1958,76,80,66,63,45,14
29.554977,2221,1948,98,88,69,18,2305,1953,92,71,65,75,36,13
29.564505,2219,1948,97,87,70,17,2298,1952,90,74,70,63,33,16
29.573954,2219,1946,98,89,69,17,2294,1964,69,79,67,72,38,5
29.583311,2217,1946,99,87,70,15,2295,1952,92,69,74,56,45,7
29.592493,2227,1945,100,84,72,26,2299,1957,79,74,80,69,32,8
29.602219,2225,1943,97,88,75,22,2302,1969,79,70,72,69,34,9
29.611237,2221,1942,97,87,75,20,2304,1951,74,75,87,64,44,9
29.620184,2218,1942,96,88,74,18,2303,1952,88,74,71,71,35,12
29.629169,2221,1943,94,90,74,20,2304,1955,77,80,82,73,31,6
29.638128,2219,1943,94,89,76,17,2301,1963,81,68,84,56,42,7
29.647369,2220,1941,96,88,77,18,2303,1964,71,76,76,59,44,13
29.656136,2223,1941,96,88,76,22,2309,1960,89,69,63,75,39,14
29.665302,2221,1942,96,88,75,20,2304,1966,75,80,69,62,44,8
29.674814,2217,1940,98,88,76,15,2306,1972,72,80,78,61,35,8
29.684088,2225,1942,98,89,73,23,2299,1952,80,72,94,63,31,7
29.692656,2226,1941,99,88,74,24,2299,1954,72,71,74,78,34,16
29.701796,2213,1941,101,87,73,11,2291,1956,79,65,70,65,49,7
29.710941,2219,1942,100,86,73,18,2295,1957,66,76,72,65,48,11
29.720316,2217,1943,99,88,71,16,2291,1962,69,81,65,73,35,6
29.730114,2209,1943,100,84,74,8,2289,1947,75,75,67,76,38,11
29.739679,2220,1943,102,83,70,22,2292,1961,79,63,75,59,42,13
29.748589,2210,1943,103,82,70,12,2285,1954,68,68,81,64,44,6
29.758150,2215,1943,102,84,67,19,2287,1950,77,77,73,60,44,6
29.767187,2214,1945,100,86,64,19,2291,1950,85,76,69,66,41,4
29.776527,2216,1944,99,85,67,21,2293,1951,82,78,71,70,32,9
29.785870,2211,1945,98,84,66,18,2295,1958,74,75,74,61,44,9
29.795790,2206,1946,97,83,67,13,2292,1951,69,73,83,72,34,10
29.805557,2206,1946,96,84,67,13,2293,1951,72,79,77,69,36,9
29.814465,2207,1945,100,82,66,14,2294,1952,72,75,78,73,41,3
29.823328,2212,1944,101,82,65,20,2302,1965,69,87,75,69,27,10
29.832066,2216,1944,101,81,66,24,2309,1965,73,68,83,75,36,9
29.840570,2215,1943,105,79,67,21,2299,1960,79,72,73,77,32,6
29.849894,2211,1943,104,81,65,18,2295,1957,78,70,72,75,35,8
29.858702,2209,1943,104,81,65,16,2288,1953,68,82,67,69,34,15
29.867912,2216,1942,104,80,67,23,2279,1948,77,69,73,73,31,8
29.876919,2210,1941,105,81,66,17,2283,1950,80,66,63,75,35,14
29.886545,2211,1941,104,83,65,18,2280,1947,88,59,77,67,31,11
29.895493,2211,1940,105,81,67,18,2276,1958,64,75,80,61,32,6
29.905127,2208,1941,104,81,65,17,2280,1956,73,73,76,57,37,8
29.914438,2208,1941,104,82,64,17,2282,1950,80,72,73,60,40,7
29.923635,2218,1940,109,78,66,25,2288,1946,86,76,73,56,39,12
29.932997,2210,1940,110,76,66,18,2282,1940,90,77,71,57,33,14
29.941614,2212,1940,110,76,66,20,2290,1956,77,64,66,59,52,16
29.950815,2209,1938,111,81,62,17,2290,1959,80,72,74,57,38,10
29.960531,2214,1936,111,85,60,22,2275,1958,76,75,65,61,31,9
29.970222,2213,1936,112,84,59,22,2271,1951,68,79,62,67,38,6
29.979532,2207,1937,111,84,57,18,2273,1941,77,79,68,59,43,6
29.989555,2205,1940,110,84,55,16,2274,1940,78,81,70,64,35,6
29.999187,2204,1939,114,84,53,14,2275,1953,79,72,71,60,32,8
30.008341,2211,1939,114,84,53,21,2271,1951,78,75,66,69,23,9
30.018204,2210,1940,115,80,53,22,2270,1945,82,66,67,68,34,8
30.027721,2204,1939,113,85,51,16,2269,1952,69,69,71,64,36,8
30.037697,2205,1937,115,83,53,17,2277,1958,83,58,76,52,38,12
30.046696,2207,1937,117,80,54,19,2279,1949,77,69,78,53,37,16
30.056559,2198,1938,117,80,54,9,2276,1954,80,60,82,55,37,8
30.066448,2207,1939,119,80,50,19,2273,1946,79,70,62,62,44,10
30.075975,2206,1938,120,79,51,18,2268,1938,88,66,67,68,35,6
30.085667,2203,1939,118,82,48,16,2268,1950,74,67,71,67,33,6
30.095428,2206,1939,118,83,47,19,2266,1949,73,76,62,65,34,7
30.104692,2208,1940,118,81,49,20,2270,1939,83,69,68,72,35,4
30.114452,2204,1938,119,81,51,15,2268,1937,86,56,65,75,42,7
30.124279,2214,1937,120,79,53,25,2267,1948,80,60,59,74,39,7
30.134068,2199,1936,123,79,51,10,2273,1942,94,60,66,58,44,9
30.144169,2208,1936,124,76,54,18,2275,1956,81,63,64,68,30,13
30.153717,2211,1937,124,75,54,21,2272,1954,69,63,72,69,33,12
30.163895,2204,1936,124,76,53,15,2279,1958,71,59,76,67,33,15
30.173782,2206,1936,121,79,50,20,2260,1954,73,68,58,66,32,9
30.183340,2205,1935,118,84,49,19,2270,1946,75,80,60,62,37,10
30.192621,2207,1937,115,88,47,20,2274,1943,73,86,69,67,29,7
30.202116,2205,1936,116,89,48,16,2277,1966,75,67,61,57,40,11
30.211216,2209,1938,113,89,49,20,2273,1957,74,70,62,61,44,5
30.221001,2210,1938,113,88,50,21,2272,1953,70,69,62,66,43,9
30.231449,2215,1937,113,88,52,25,2283,1965,67,73,73,63,31,11
30.240517,2203,1937,114,87,51,14,2273,1948,85,73,70,63,28,6
30.250111,2202,1936,111,90,52,13,2270,1945,81,78,68,48,37,13
30.259687,2205,1937,109,97,46,16,2271,1950,78,66,66,60,41,10
30.269251,2199,1937,111,93,47,11,2279,1934,83,74,69,65,39,15
30.279388,2202,1936,107,98,46,15,2269,1963,75,66,63,60,36,6
30.289328,2204,1937,105,100,44,18,2270,1955,81,65,69,65,31,4
30.299343,2202,1937,104,98,47,16,2264,1952,79,66,69,60,32,6
30.309124,2208,1936,105,97,48,22,2266,1958,81,46,70,73,33,5
30.319395,2204,1937,104,98,47,18,2268,1961,67,63,75,61,28,13
30.329304,2200,1937,105,97,47,14,2268,1949,72,74,69,69,30,5
30.338728,2204,1938,103,97,48,18,2275,1943,77,71,79,63,33,9
30.347494,2210,1939,100,100,48,23,2279,1951,73,78,61,75,37,4
30.357414,2210,1939,99,101,50,21,2278,1953,81,69,64,64,39,8
30.366547,2210,1937,98,102,50,23,2275,1960,77,69,66,64,29,10
30.376074,2204,1935,100,101,52,16,2282,1953,74,75,72,61,34,13
30.386097,2205,1934,100,97,58,16,2289,1956,78,66,71,61,45,12
30.395729,2216,1935,96,100,58,27,2279,1951,75,77,75,57,36,8
30.405523,2207,1935,97,101,56,18,2283,1955,77,70,68,56,40,17
30.415382,2207,1936,96,101,57,17,2282,1959,73,67,73,66,38,6
30.424953,2204,1935,97,100,58,14,2287,1958,75,77,61,68,40,8
30.435316,2199,1935,94,102,58,10,2280,1947,83,70,69,69,34,8
30.445150,2203,1936,95,99,59,14,2279,1959,81,62,67,69,33,8
30.454945,2208,1937,96,96,60,19,2277,1960,74,67,67,57,40,12
30.464653,2205,1938,95,95,62,15,2272,1954,84,65,69,60,29,11
30.474148,2214,1938,95,96,63,22,2272,1940,88,66,64,73,36,5
30.483534,2209,1935,97,95,65,17,2273,1940,88,73,73,56,36,7
30.493179,2224,1934,102,92,64,32,2272,1947,89,55,75,65,28,13
30.502590,2209,1932,105,91,65,16,2267,1950,81,61,68,58,43,6
30.512814,2202,1933,106,89,65,9,2275,1944,76,76,70,59,38,12
30.522161,2211,1935,103,92,62,19,2269,1939,68,70,86,64,31,11
30.531782,2211,1936,101,95,60,19,2268,1947,72,77,79,51,29,13
30.541685,2204,1936,101,96,59,12,2261,1926,89,75,77,40,43,11
30.551163,2210,1935,101,97,59,18,2263,1945,73,64,74,64,35,8
30.561520,2210,1935,100,100,59,16,2262,1944,91,60,69,54,37,7
30.571337,2207,1935,102,96,61,13,2270,1943,81,68,73,63,33,9
30.581110,2205,1934,102,97,60,12,2273,1947,70,82,65,63,34,12
30.591112,2210,1933,102,97,62,16,2277,1948,76,78,73,61,30,11
30.600847,2217,1936,101,94,63,23,2274,1958,77,81,69,53,30,6
30.610380,2207,1936,101,96,60,14,2277,1956,77,72,72,67,27,6
30.619690,2211,1937,99,97,61,17,2277,1953,72,86,73,52,30,11
30.629322,2214,1938,99,95,62,20,2280,1958,67,74,68,60,39,14
30.638985,2208,1939,100,92,63,14,2275,1956,80,74,52,62,36,15
30.648746,2214,1937,101,90,66,20,2264,1962,68,72,65,59,30,8
30.658730,2205,1937,101,90,66,11,2262,1950,69,73,59,66,36,9
30.667875,2213,1935,98,92,69,19,2266,1938,77,78,82,46,36,9
30.677679,2202,1935,102,90,65,10,2265,1943,73,68,76,59,37,9
30.687033,2217,1936,101,89,68,23,2273,1938,84,79,74,54,39,5
30.696404,2222,1937,99,90,68,28,2294,1944,79,78,86,48,45,14
30.705637,2211,1939,98,88,69,17,2295,1942,80,66,78,69,46,14
30.714390,2206,1940,99,88,67,12,2301,1933,94,73,72,60,52,17
30.723915,2214,1942,98,90,64,20,2296,1938,91,64,84,76,33,10
30.733095,2214,1942,98,91,63,20,2296,1932,94,67,86,70,38,9
30.742201,2224,1941,100,88,66,29,2297,1939,85,77,63,83,41,9
30.751348,2219,1941,99,91,64,24,2304,1947,82,69,72,76,46,12
30.759888,2206,1943,101,86,67,9,2301,1953,75,70,73,81,40,9
30.768724,2220,1946,98,86,67,23,2298,1943,95,80,73,61,38,8
30.777794,2213,1945,100,85,69,14,2300,1945,94,70,80,62,40,9
30.786789,2217,1945,100,84,72,16,2310,1952,90,68,81,65,44,10
30.795496,2220,1945,102,84,70,19,2307,1950,83,72,84,77,35,6
30.804037,2219,1945,100,89,68,17,2305,1957,75,60,95,75,34,9
30.812420,2222,1945,94,96,67,20,2307,1946,84,67,89,73,38,10
30.821119,2223,1947,95,93,66,22,2307,1957,85,64,93,63,42,3
30.829905,2224,1947,94,93,67,23,2304,1947,81,81,84,60,41,10
30.838223,2228,1950,89,96,66,27,2304,1943,96,83,69,64,40,9
30.847397,2215,1950,92,98,63,12,2301,1956,86,65,81,67,40,6
30.855986,2221,1949,93,97,64,18,2311,1959,83,65,82,71,41,10
30.864428,2220,1951,91,97,63,18,2313,1954,81,67,76,78,41,16
30.872458,2222,1951,91,96,64,20,2311,1951,88,72,86,68,41,5
30.880915,2227,1950,90,98,64,25,2311,1945,91,76,64,83,45,7
30.889412,2221,1949,90,98,66,18,2311,1937,96,63,78,78,49,10
30.897711,2226,1949,91,95,67,24,2315,1933,89,74,69,83,56,11
30.905857,2219,1948,90,97,66,18,2315,1948,93,73,66,85,41,9
30.914335,2223,1947,92,97,64,23,2318,1945,91,80,73,74,47,8
30.923027,2217,1947,94,94,64,18,2312,1956,84,70,78,69,46,9
30.931538,2235,1945,98,93,64,35,2307,1956,81,85,73,76,31,5
30.940401,2214,1946,97,95,63,13,2303,1950,73,79,78,75,41,7
30.948877,2223,1946,97,95,64,21,2305,1948,83,80,83,61,41,9
30.957689,2218,1945,98,94,65,16,2303,1954,84,70,82,65,41,7
30.967039,2219,1945,98,92,68,16,2306,1956,75,70,83,76,36,10
30.975723,2226,1945,100,90,68,23,2313,1959,82,73,73,72,38,16
30.984381,2219,1946,101,87,70,15,2310,1956,75,70,88,68,45,8
30.992743,2222,1945,104,84,71,18,2309,1959,73,73,70,84,37,13
31.001652,2228,1947,104,84,70,23,2294,1960,87,76,70,56,32,13
31.011520,2231,1946,105,82,72,26,2299,1955,85,69,79,61,40,10
31.020058,2220,1946,105,83,70,16,2302,1957,84,83,68,64,41,5
31.029140,2212,1947,105,83,67,10,2306,1956,75,75,77,77,38,8
31.038008,2218,1947,105,84,65,17,2317,1948,93,71,92,70,34,9
31.046820,2220,1946,105,85,64,20,2323,1961,79,71,83,73,40,16
31.055334,2216,1946,105,85,63,17,2320,1956,74,81,88,65,43,13
31.063944,2223,1948,104,84,64,23,2329,1966,79,66,93,71,42,12
31.072289,2218,1947,104,83,66,18,2327,1962,89,70,79,70,48,9
31.080872,2219,1947,105,82,66,19,2321,1951,93,80,92,56,45,4
31.089317,2223,1947,105,82,66,23,2323,1954,91,74,79,76,40,9
31.097761,2218,1948,105,79,68,18,2329,1964,78,74,78,82,41,12
31.106281,2222,1949,104,76,69,24,2316,1960,81,75,80,73,38,9
31.114794,2219,1949,104,77,68,21,2316,1943,87,71,87,67,52,9
31.122551,2219,1950,104,76,68,21,2318,1952,87,65,80,77,48,9
31.130924,2216,1949,101,79,69,18,2316,1952,83,72,79,76,45,9
31.139648,2216,1950,101,78,68,19,2312,1971,69,80,69,79,38,6
31.148834,2216,1949,101,77,72,17,2317,1956,88,70,93,57,39,14
31.157785,2215,1951,100,78,70,16,2314,1954,78,74,76,76,44,12
31.166670,2219,1950,101,78,71,19,2313,1942,80,66,89,75,51,10
31.175205,2218,1952,100,80,67,19,2313,1965,79,83,86,64,30,6
31.183840,2222,1952,99,80,67,24,2305,1965,78,79,75,66,33,9
31.192846,2213,1953,97,82,66,15,2302,1950,80,75,92,66,28,11
31.201649,2216,1952,94,85,66,19,2305,1945,80,71,80,88,31,10
31.210403,2221,1951,96,82,70,22,2299,1963,87,78,76,54,33,8
31.219166,2209,1950,96,82,70,11,2299,1966,68,85,78,49,45,8
31.227713,2235,1952,97,81,68,37,2304,1962,68,78,85,59,42,10
31.236078,2225,1952,99,80,69,25,2306,1964,78,63,85,57,49,10
31.245344,2214,1953,96,79,71,15,2297,1957,86,66,88,55,39,6
31.254074,2217,1955,94,80,70,18,2306,1958,81,84,65,70,37,11
31.262659,2210,1955,97,76,70,12,2306,1956,85,75,79,63,41,7
31.271580,2215,1956,97,75,69,18,2303,1950,92,80,83,60,33,5
31.280401,2216,1955,95,78,69,19,2308,1962,82,69,89,62,37,7
31.289415,2225,1956,95,74,72,28,2304,1969,72,75,74,67,39,8
31.298578,2216,1956,96,71,72,21,2301,1960,78,64,75,72,39,13
31.307575,2214,1956,98,73,69,18,2292,1962,81,77,73,58,34,7
31.317297,2214,1955,98,74,69,18,2293,1964,76,77,68,63,35,10
31.326441,2226,1955,97,75,68,31,2289,1967,73,84,67,58,30,10
31.335218,2217,1956,94,80,65,22,2293,1960,86,67,74,75,23,8
31.344555,2208,1956,94,81,64,13,2288,1968,76,76,62,61,38,7
31.354025,2218,1957,95,78,65,23,2286,1956,83,63,74,60,42,8
31.363449,2216,1956,97,78,64,21,2297,1958,75,78,65,71,41,9
31.373117,2216,1957,97,76,65,21,2293,1958,75,73,80,63,29,15
31.382421,2218,1955,99,78,62,24,2299,1966,74,73,69,63,41,13
31.391699,2213,1954,97,79,63,20,2287,1963,68,83,56,75,33,9
31.400915,2214,1952,97,79,64,22,2279,1954,75,72,62,74,35,7
31.410690,2214,1951,99,78,64,22,2278,1951,85,65,68,67,36,6
31.420019,2210,1950,101,78,63,18,2283,1953,80,71,66,56,45,12
31.429289,2206,1949,102,79,59,17,2278,1951,76,65,79,62,37,8
31.439077,2201,1952,99,81,55,14,2284,1950,78,73,60,73,42,8
31.447557,2197,1955,97,82,53,10,2281,1949,71,66,71,65,49,10
31.456923,2206,1955,96,84,51,20,2276,1953,74,65,70,73,35,6
31.466421,2202,1952,98,80,55,17,2274,1943,83,69,65,65,38,11
31.476244,2201,1953,98,78,57,15,2284,1950,84,55,95,56,30,14
31.485441,2198,1953,97,77,59,12,2287,1951,75,71,77,65,33,15
31.495113,2210,1955,96,77,58,24,2277,1958,69,66,73,60,45,6
31.504610,2203,1956,94,78,56,19,2284,1951,72,83,65,55,45,13
31.514038,2201,1956,92,79,58,16,2271,1952,84,70,73,53,32,7
31.523844,2206,1955,94,76,60,21,2275,1960,65,72,62,68,37,11
31.533264,2202,1955,96,76,57,18,2282,1943,85,64,77,72,30,11
31.542755,2218,1955,95,75,59,34,2281,1959,81,68,67,65,34,7
31.551899,2197,1955,93,77,59,13,2288,1959,72,66,83,63,37,8
31.561600,2198,1954,94,76,61,13,2288,1932,79,67,88,73,40,9
31.570707,2205,1954,93,78,58,22,2280,1936,72,65,74,81,43,9
31.579655,2198,1954,96,76,58,14,2283,1937,73,76,87,70,30,10
31.588936,2202,1953,95,77,59,18,2284,1948,74,68,70,85,28,11
31.598091,2212,1953,96,75,60,28,2290,1954,70,78,74,63,39,12
31.606947,2195,1952,97,72,63,11,2294,1958,71,73,75,68,37,12
31.616293,2208,1950,99,70,64,25,2296,1952,79,70,74,69,43,9
31.625486,2202,1949,99,71,64,19,2293,1943,70,74,76,71,50,9
31.634319,2207,1948,99,72,64,24,2291,1949,71,75,79,57,53,7
31.643152,2193,1950,98,71,63,11,2287,1948,76,73,69,62,51,8
31.652084,2201,1951,100,70,60,20,2283,1946,90,63,70,76,32,6
31.661009,2188,1952,99,73,56,8,2281,1955,79,74,65,70,29,9
31.671074,2196,1952,100,71,56,17,2275,1951,66,83,72,63,32,8
31.680714,2201,1952,98,73,58,20,2278,1941,79,66,79,48,51,14
31.689754,2198,1953,99,71,58,17,2279,1945,70,75,73,67,40,9
31.698822,2199,1951,99,72,58,19,2282,1951,62,84,83,64,30,8
31.708334,2201,1950,98,75,56,22,2277,1951,66,95,60,65,30,10
31.717911,2198,1949,100,76,54,19,2276,1949,68,70,86,64,32,7
31.727545,2194,1948,102,75,54,15,2279,1948,73,77,83,58,34,6
31.736612,2204,1949,103,75,53,24,2275,1957,70,81,73,48,40,6
31.746021,2192,1950,104,73,53,12,2273,1940,80,70,74,58,45,6
31.755875,2202,1949,104,71,56,22,2269,1947,80,67,73,65,28,9
31.765131,2205,1949,105,72,54,25,2281,1941,82,66,81,58,41,12
31.774111,2197,1950,105,71,54,17,2278,1935,83,72,74,67,38,9
31.784164,2202,1951,105,70,55,21,2269,1945,74,72,68,56,41,13
31.793745,2194,1952,106,69,53,14,2270,1951,83,64,71,64,30,7
31.803669,2192,1952,105,71,52,12,2274,1937,75,86,59,66,38,13
31.813889,2201,1952,102,73,54,20,2266,1952,66,71,69,58,34,16
31.823658,2190,1953,100,74,55,8,2266,1940,71,81,60,69,34,11
31.834402,2196,1954,100,71,57,14,2266,1939,78,72,60,62,47,8
31.844185,2195,1954,99,72,58,12,2269,1955,70,73,63,63,37,8
31.853647,2192,1954,98,73,58,9,2259,1960,67,73,61,57,34,7
31.863527,2215,1953,98,74,58,32,2268,1950,77,81,71,48,33,8
31.872967,2202,1954,98,72,60,18,2268,1947,89,76,62,56,33,5
31.882845,2199,1957,97,70,61,14,2272,1953,63,65,78,56,40,17
31.892389,2210,1959,97,69,60,25,2269,1948,71,71,63,61,44,11
31.902439,2199,1958,98,69,60,14,2271,1951,75,82,63,52,36,12
31.912622,2208,1960,95,72,58,23,2271,1947,71,70,71,66,37,9
31.922808,2203,1959,95,73,59,17,2281,1958,80,72,72,57,35,7
31.932283,2210,1956,97,71,63,23,2281,1949,78,72,74,65,34,9
31.942362,2209,1955,98,73,60,23,2283,1954,76,72,63,65,43,10
31.951851,2197,1955,98,71,62,11,2277,1945,75,67,72,70,39,9
31.961473,2203,1954,97,73,62,17,2271,1956,72,62,72,61,43,5
31.971342,2206,1952,98,73,63,20,2269,1952,70,80,62,61,29,15
31.981058,2205,1951,100,70,66,18,2277,1954,69,71,70,63,41,9
31.990673,2203,1952,100,71,65,15,2271,1953,67,78,71,60,32,10
32.000282,2209,1952,101,70,65,21,2275,1954,64,61,80,60,46,10
32.009663,2203,1950,102,69,66,16,2284,1958,68,66,60,72,40,20
32.019825,2207,1950,101,70,67,19,2275,1942,82,69,81,67,28,6
32.029709,2205,1948,102,66,71,18,2270,1956,76,70,70,65,31,2
32.039677,2206,1948,103,65,70,20,2272,1940,77,69,65,75,34,12
32.049297,2198,1948,107,63,67,13,2267,1957,60,84,62,54,36,14
32.058235,2198,1950,104,65,65,14,2268,1938,78,79,64,65,32,12
32.068401,2201,1952,103,64,67,15,2274,1942,73,77,70,62,39,11
32.078140,2206,1952,104,63,68,19,2279,1949,86,72,68,53,38,13
32.087566,2203,1952,104,62,68,17,2276,1944,64,84,78,57,41,8
32.096748,2204,1953,103,62,69,17,2282,1934,81,79,78,57,48,5
32.106018,2206,1952,107,60,70,17,2281,1953,70,75,70,68,36,9
32.115791,2205,1952,109,60,66,18,2285,1965,65,84,63,54,41,13
32.124786,2205,1953,106,62,64,20,2286,1950,87,66,77,62,32,12
32.133713,2198,1952,107,63,64,12,2283,1953,73,76,69,67,33,12
32.142876,2198,1947,110,61,68,12,2283,1941,93,54,78,66,36,15
32.152153,2201,1948,108,62,67,16,2284,1944,77,65,82,57,45,14
32.161251,2203,1946,109,62,67,19,2282,1960,67,79,64,57,46,9
32.170467,2198,1948,108,62,66,14,2291,1942,77,87,68,67,37,13
32.179512,2196,1948,108,63,65,12,2288,1943,72,72,73,76,42,10
32.188393,2201,1948,109,62,65,17,2281,1940,67,76,83,65,38,12
32.197796,2206,1948,106,65,64,23,2287,1947,70,65,82,70,41,12
32.207455,2205,1948,108,64,64,21,2274,1942,79,79,67,53,45,9
32.217155,2204,1949,104,68,62,21,2268,1940,74,73,73,62,39,7
32.226299,2199,1949,102,71,61,16,2265,1948,78,64,67,61,41,6
32.235836,2197,1949,102,72,60,14,2268,1947,63,78,78,58,36,8
32.245998,2198,1950,105,68,61,14,2267,1940,82,79,68,64,29,5
32.255379,2205,1949,103,70,61,22,2267,1943,72,76,66,71,33,6
32.265053,2198,1948,98,73,63,16,2268,1940,78,66,88,53,33,10
32.273754,2203,1949,99,73,61,21,2271,1942,67,74,80,57,45,6
32.282646,2194,1949,96,78,57,14,2273,1936,76,71,75,59,46,10
32.291946,2196,1950,96,80,55,15,2280,1946,83,55,87,56,39,14
32.300987,2201,1952,94,80,55,20,2290,1949,68,78,68,65,47,15
32.310402,2200,1951,92,82,56,19,2287,1946,80,75,62,76,42,6
32.319695,2207,1950,91,86,54,26,2286,1949,80,70,64,71,44,8
32.328846,2201,1949,90,89,56,17,2282,1953,73,69,73,59,47,8
32.338867,2208,1951,90,88,55,24,2271,1950,73,78,57,71,31,11
32.348465,2200,1950,90,90,54,16,2276,1953,70,64,66,81,31,11
32.357891,2202,1953,90,88,51,20,2268,1951,66,84,71,56,31,9
32.367413,2209,1953,90,88,50,28,2271,1954,77,55,81,55,36,13
32.376907,2196,1953,90,88,50,15,2279,1950,67,75,58,67,48,14
32.386051,2197,1953,90,87,51,16,2277,1952,61,74,73,54,51,12
32.395847,2196,1948,94,86,51,17,2276,1942,71,72,72,72,38,9
32.405075,2193,1949,95,85,50,14,2267,1941,73,65,82,59,42,5
32.414825,2194,1951,94,83,49,17,2262,1939,76,65,73,63,36,10
32.424660,2198,1952,93,86,49,18,2263,1943,75,62,88,58,28,9
32.434406,2191,1952,92,85,51,11,2258,1947,73,63,83,50,37,5
32.443813,2197,1949,93,89,48,18,2264,1933,79,73,78,58,37,6
32.453976,2196,1950,93,88,47,18,2269,1949,67,81,77,56,30,9
32.463333,2197,1949,92,88,48,20,2270,1953,66,73,71,61,37,9
32.473347,2192,1948,88,93,47,16,2266,1944,71,74,69,63,34,11
32.482449,2186,1947,87,95,46,11,2272,1947,75,69,73,57,41,10
32.492062,2197,1946,87,96,45,23,2271,1945,76,68,79,60,35,8
32.500908,2189,1947,88,94,47,13,2272,1937,85,73,76,48,39,14
32.510525,2194,1946,92,90,48,18,2268,1941,69,80,76,64,30,8
32.520351,2191,1945,93,88,50,15,2269,1948,62,72,87,60,29,11
32.529728,2194,1944,94,86,50,20,2271,1937,77,68,73,64,44,8
32.539814,2192,1944,94,86,50,18,2270,1936,68,69,78,67,43,9
32.549316,2194,1946,94,86,47,21,2269,1950,67,70,70,67,41,4
32.557972,2195,1946,95,85,47,22,2273,1935,68,83,78,58,39,12
32.567764,2191,1945,96,86,48,16,2273,1926,77,79,71,66,42,12
32.578064,2195,1943,96,87,48,21,2270,1942,65,89,63,68,34,9
32.587479,2186,1944,97,85,48,12,2265,1932,68,68,78,72,38,9
32.597416,2194,1944,99,87,46,18,2270,1945,71,62,67,58,47,20
32.606918,2197,1945,98,87,47,20,2261,1939,77,74,70,52,41,8
32.616444,2195,1945,96,91,44,19,2259,1942,66,73,72,65,34,7
32.626499,2197,1944,96,90,47,20,2264,1938,73,70,73,61,37,12
32.636292,2198,1944,95,90,48,21,2251,1935,77,55,81,54,44,5
32.646305,2195,1946,93,91,46,19,2259,1938,70,71,63,69,38,10
32.655746,2200,1946,96,89,44,25,2266,1929,84,68,74,56,42,13
32.665310,2190,1947,96,87,46,14,2270,1940,70,72,78,48,54,8
32.674877,2201,1946,97,85,48,25,2263,1948,67,61,65,68,42,12
32.684265,2193,1946,98,84,49,16,2260,1929,80,62,83,55,41,10
32.693188,2197,1947,97,84,49,20,2261,1944,68,66,76,66,32,9
32.703033,2192,1946,100,84,47,15,2251,1932,83,63,65,62,30,16
32.713245,2189,1946,101,84,46,12,2251,1941,68,63,62,71,37,9
32.723473,2199,1944,100,85,48,22,2250,1924,67,75,76,66,32,10
32.733448,2197,1945,97,86,49,20,2250,1935,80,68,70,59,30,8
32.743744,2196,1944,98,84,50,20,2252,1937,67,73,80,47,39,9
32.753773,2193,1944,97,86,48,18,2264,1937,68,78,67,59,36,19
32.763634,2192,1943,96,89,47,17,2250,1940,64,77,67,62,31,9
32.774036,2195,1943,96,88,47,21,2246,1945,69,55,82,59,31,5
32.783855,2195,1944,99,87,44,21,2253,1942,63,78,60,69,32,9
32.793892,2182,1942,99,88,44,9,2260,1939,67,69,64,73,42,6
32.804062,2185,1940,100,84,50,11,2251,1941,67,68,72,55,37,11
32.814358,2184,1939,101,84,48,12,2255,1933,78,68,61,66,41,8
32.824642,2179,1937,103,82,48,9,2260,1934,80,74,72,58,33,9
32.834347,2184,1937,104,81,49,13,2253,1935,77,68,81,53,33,6
32.844418,2181,1936,104,80,51,10,2260,1941,83,58,77,65,28,8
32.853977,2191,1935,104,82,50,20,2255,1942,70,69,75,65,26,8
32.863594,2189,1934,107,81,49,18,2264,1936,82,58,79,66,35,8
32.873108,2187,1934,109,80,49,15,2265,1941,80,72,69,59,35,9
32.882305,2189,1935,110,80,48,16,2266,1944,76,63,73,64,35,11
32.891338,2191,1935,109,79,50,18,2267,1940,74,84,67,51,31,20
32.901257,2197,1937,106,80,50,24,2271,1938,72,64,83,70,35,9
32.910713,2190,1938,105,79,52,16,2276,1947,83,73,57,66,41,9
32.919777,2189,1937,106,79,53,14,2273,1937,75,83,80,61,32,5
32.929047,2191,1938,104,77,56,16,2273,1939,73,78,80,62,36,5
32.937855,2190,1937,105,77,57,14,2270,1942,66,75,84,67,29,7
32.947525,2191,1938,103,79,55,16,2272,1946,69,69,71,66,43,8
32.956455,2200,1935,105,78,57,25,2270,1946,64,63,80,70,39,8
32.965656,2191,1935,106,77,57,16,2269,1936,76,77,80,72,25,3
32.974747,2193,1934,106,80,55,18,2269,1941,76,77,68,73,26,8
32.984024,2201,1933,107,80,56,25,2276,1934,71,78,84,63,35,11
32.992912,2204,1933,107,81,55,28,2273,1936,74,78,75,70,36,4
33.002132,2190,1934,107,82,52,15,2273,1935,82,65,86,66,34,5
33.010986,2185,1934,107,85,49,10,2278,1929,77,83,83,64,30,12
33.019966,2186,1936,105,84,50,11,2280,1940,69,86,82,59,37,7
33.028290,2185,1934,107,85,48,11,2282,1936,72,81,93,55,38,7
33.037853,2197,1932,108,84,49,24,2276,1933,82,71,81,63,40,6
33.046616,2189,1933,110,84,45,17,2275,1945,81,63,71,74,28,13
33.055607,2188,1935,110,83,45,15,2274,1936,87,65,73,66,39,8
33.064537,2189,1935,109,84,45,16,2275,1943,73,70,77,69,34,9
33.073700,2195,1937,106,87,46,19,2281,1928,74,86,70,72,41,10
33.082279,2194,1937,106,87,46,18,2276,1942,64,72,85,66,39,8
33.090786,2195,1934,108,86,48,19,2284,1944,71,82,67,77,34,9
33.099201,2197,1934,107,88,46,22,2285,1935,84,63,80,72,36,15
33.107819,2200,1935,105,88,47,25,2289,1952,73,77,70,70,39,8
33.116791,2200,1938,102,88,48,24,2289,1947,66,82,76,70,42,6
33.124878,2196,1938,102,90,50,16,2289,1943,75,77,86,60,42,6
33.133686,2205,1937,103,88,52,25,2286,1951,68,76,90,65,32,4
33.142239,2198,1936,104,87,52,19,2288,1943,80,69,82,71,37,6
33.150692,2195,1937,106,84,52,16,2290,1942,82,69,79,70,39,9
33.159584,2196,1941,104,82,52,17,2289,1939,85,74,74,63,44,10
33.168396,2198,1940,105,82,51,20,2288,1947,78,73,75,68,38,9
33.177025,2199,1939,104,83,51,22,2281,1931,90,66,74,77,35,8
33.185471,2198,1940,104,82,51,21,2280,1949,74,85,64,66,36,6
33.194233,2194,1939,106,81,51,17,2284,1943,80,74,81,65,27,14
33.203503,2189,1935,107,82,52,13,2290,1928,93,73,79,63,40,14
33.212563,2197,1937,105,81,54,20,2281,1934,89,71,65,64,44,14
33.221474,2195,1936,108,79,54,18,2283,1942,84,79,74,57,41,6
33.230270,2200,1936,107,79,55,23,2290,1939,85,66,84,72,30,14
33.238899,2195,1936,107,79,56,17,2289,1936,86,78,78,68,35,8
33.247673,2190,1934,104,83,56,13,2283,1933,77,70,74,79,43,7
33.256115,2194,1935,101,85,56,17,2282,1927,75,69,84,67,49,11
33.265156,2194,1935,98,83,58,20,2286,1938,72,71,82,61,50,12
33.274673,2197,1935,98,81,62,21,2275,1932,68,73,75,64,50,13
33.283726,2192,1932,102,80,60,18,2264,1934,68,74,67,69,41,11
33.293129,2197,1930,103,78,64,22,2269,1930,70,72,74,69,43,11
33.301815,2189,1931,103,77,63,15,2274,1931,79,65,76,74,42,7
33.310799,2190,1931,101,81,61,16,2274,1926,87,64,73,85,34,5
33.320015,2199,1932,100,83,58,26,2275,1930,85,76,73,71,33,7
33.328934,2189,1931,100,83,59,16,2275,1937,75,74,79,75,32,3
33.338043,2189,1930,100,83,59,17,2282,1953,72,70,75,74,27,11
33.346905,2188,1929,101,83,59,16,2278,1948,71,78,66,59,41,15
33.356312,2189,1930,100,82,59,18,2274,1933,80,76,77,67,32,9
33.365231,2187,1930,101,80,61,15,2282,1937,79,63,76,70,41,16
33.374413,2191,1929,102,79,62,19,2284,1930,90,60,78,77,41,8
33.382320,2198,1928,102,78,65,25,2285,1937,73,77,66,67,47,18
33.391056,2189,1928,102,78,63,18,2279,1929,83,74,82,67,38,6
33.399807,2192,1928,104,78,62,20,2283,1951,68,76,84,51,41,12
33.408661,2190,1928,104,80,60,18,2285,1941,83,59,81,73,40,8
33.417091,2192,1928,105,79,59,21,2294,1949,69,75,84,65,40,12
33.426067,2193,1927,104,79,59,24,2283,1939,78,75,75,69,39,8
33.434711,2184,1927,105,79,58,15,2287,1936,75,82,84,64,32,14
33.443356,2183,1926,102,83,57,15,2281,1931,82,79,84,64,34,7
33.452236,2190,1926,102,82,58,22,2285,1926,88,95,58,66,44,8
33.460972,2179,1925,104,78,62,10,2278,1930,85,77,76,63,37,10
33.469997,2181,1926,103,79,60,13,2279,1935,70,88,79,65,34,8
33.479076,2188,1926,103,75,65,19,2285,1934,78,76,80,63,46,8
33.487328,2200,1923,103,76,68,30,2295,1935,85,77,82,62,40,14
33.495934,2189,1922,102,75,70,20,2300,1937,79,76,73,73,47,15
33.504238,2185,1920,102,76,69,18,2297,1932,77,84,86,68,41,9
33.512562,2189,1921,100,79,68,21,2294,1934,82,84,71,77,40,6
33.520870,2186,1921,99,80,68,18,2295,1938,79,73,94,62,38,11
33.529099,2181,1923,98,81,66,13,2302,1936,77,67,93,79,39,11
33.537285,2186,1924,99,80,65,18,2299,1921,87,78,82,81,36,14
33.545338,2189,1925,96,84,63,21,2302,1927,78,71,86,85,44,11
33.552742,2192,1925,97,84,62,24,2303,1920,83,73,82,91,45,9
33.560520,2196,1924,97,85,61,29,2306,1930,83,81,81,73,44,14
33.568779,2188,1924,98,84,62,20,2296,1928,91,78,78,70,43,8
33.577595,2186,1922,99,86,62,17,2306,1926,77,72,95,79,50,7
33.585987,2187,1921,101,85,61,19,2299,1930,77,78,87,81,39,7
33.594250,2186,1920,100,88,59,19,2293,1919,88,79,80,70,52,5
33.602268,2200,1920,100,87,61,32,2296,1918,91,75,82,75,51,4
33.610603,2191,1922,99,85,62,23,2300,1932,88,79,87,58,44,12
33.619133,2188,1921,102,85,61,19,2301,1934,93,72,79,72,34,17
33.627674,2194,1921,101,87,62,23,2290,1922,86,81,72,83,38,8
33.636074,2189,1921,97,91,62,18,2291,1929,86,67,84,85,34,6
33.644154,2199,1920,98,90,66,25,2287,1927,90,68,84,79,33,6
33.652580,2192,1924,96,90,64,18,2282,1941,78,69,79,65,41,9
33.660828,2191,1922,99,87,64,19,2275,1933,79,81,77,66,32,7
33.670116,2194,1921,100,87,64,22,2276,1942,75,75,76,57,41,10
33.679375,2181,1920,101,87,63,10,2274,1921,78,75,67,80,41,12
33.688198,2200,1919,102,88,62,29,2274,1931,89,69,70,61,41,13
33.696880,2192,1920,101,88,63,20,2276,1925,81,68,82,72,39,9
33.705929,2188,1919,102,88,64,15,2280,1933,87,71,59,76,45,9
33.714615,2197,1918,100,89,65,25,2282,1930,77,72,84,69,37,13
33.722721,2194,1916,102,87,68,21,2277,1934,79,66,86,64,37,11
33.731750,2202,1914,104,86,71,27,2280,1941,74,69,81,63,39,13
33.740540,2190,1913,105,86,69,17,2280,1920,94,75,87,59,34,11
33.749050,2184,1913,103,90,67,11,2282,1914,97,67,78,69,38,19
33.757862,2187,1913,102,91,67,14,2278,1925,70,70,83,72,43,15
33.766068,2192,1913,100,95,65,19,2275,1929,71,75,92,60,37,11
33.775032,2188,1913,100,97,63,15,2277,1927,77,68,92,64,40,9
33.783768,2193,1913,101,96,62,21,2290,1929,78,74,91,61,50,7
33.791805,2180,1913,101,97,61,8,2283,1926,78,74,78,80,39,8
33.800579,2195,1912,103,99,60,21,2283,1925,85,81,79,70,31,12
33.809212,2193,1911,103,99,61,19,2285,1927,86,80,81,73,35,3
33.818314,2196,1912,102,99,61,22,2285,1930,84,79,88,62,35,7
33.827072,2189,1909,101,103,61,15,2283,1933,79,83,73,72,37,6
33.835518,2197,1908,101,103,61,24,2275,1933,75,77,82,70,33,5
33.843918,2197,1909,102,99,63,24,2281,1937,77,79,83,59,40,6
33.852482,2194,1908,104,98,63,21,2283,1933,79,77,60,80,43,11
33.860889,2196,1908,105,96,64,23,2281,1926,78,87,75,67,39,9
33.870354,2185,1908,104,94,67,12,2276,1926,76,62,96,71,34,11
33.880119,2187,1908,103,96,66,14,2271,1929,71,79,78,70,35,9
33.888992,2190,1908,103,96,66,17,2275,1921,82,90,71,66,41,4
33.897652,2198,1910,100,98,66,24,2283,1932,68,65,95,75,36,12
33.905754,2190,1910,102,95,66,17,2273,1927,74,80,82,68,31,11
33.915123,2193,1910,102,95,65,21,2264,1925,69,86,79,63,36,6
33.924080,2193,1909,103,95,64,22,2267,1931,82,69,77,59,39,10
33.933777,2195,1910,103,98,63,21,2261,1933,76,64,86,62,31,9
33.942482,2194,1910,106,97,62,19,2266,1926,80,66,84,73,26,11
33.951981,2188,1910,106,97,61,14,2265,1926,84,67,73,70,37,8
33.960670,2187,1912,107,96,59,13,2264,1932,72,81,67,66,41,5
33.969799,2202,1913,106,97,58,28,2266,1932,72,72,77,64,41,8
33.978882,2188,1916,104,96,57,15,2266,1923,83,69,71,72,43,5
33.987961,2197,1915,107,97,53,25,2268,1923,76,75,78,60,41,15
33.997356,2190,1915,109,95,52,19,2263,1934,84,73,68,58,38,8
34.006439,2195,1915,111,93,53,23,2263,1933,80,67,77,63,31,12
34.016518,2190,1917,110,93,53,17,2260,1929,88,69,75,57,32,10
34.026340,2197,1917,109,92,57,22,2262,1924,87,62,92,51,39,7
34.035683,2188,1918,109,96,52,13,2261,1942,74,70,78,51,38,8
34.044727,2192,1916,108,99,51,18,2257,1935,76,71,78,55,34,8
34.053818,2194,1915,109,100,50,20,2259,1924,76,65,105,48,35,6
34.063076,2191,1913,110,100,51,17,2256,1923,72,72,84,65,33,7
34.072456,2191,1916,107,102,49,17,2253,1923,78,72,77,73,24,6
34.081348,2191,1916,108,102,46,19,2264,1923,81,71,71,72,37,9
34.089752,2189,1916,110,100,47,16,2266,1930,76,77,78,60,35,10
34.098797,2189,1915,106,102,50,16,2269,1932,82,71,77,47,47,13
34.108856,2196,1915,108,98,52,23,2260,1930,72,82,72,61,32,11
34.118290,2195,1915,108,98,54,20,2257,1924,81,82,74,52,37,7
34.127029,2195,1915,107,100,53,20,2260,1935,81,75,69,59,33,8
34.136036,2197,1915,108,98,53,23,2265,1928,88,72,71,68,32,6
34.145725,2192,1914,111,96,52,19,2265,1917,89,77,78,72,24,8
34.154633,2202,1914,113,95,52,28,2264,1915,76,80,73,76,32,12
34.163063,2191,1914,113,98,49,17,2266,1930,85,86,64,62,27,12
34.172104,2191,1914,109,99,52,17,2274,1922,75,87,70,57,48,15
34.181759,2188,1914,113,95,52,14,2269,1943,73,67,93,56,30,7
34.190563,2186,1911,114,94,55,12,2270,1935,65,92,63,68,33,14
34.199619,2192,1910,115,93,56,18,2261,1922,79,70,74,64,40,12
34.209202,2193,1910,115,94,55,19,2263,1928,76,78,76,58,37,10
34.217800,2193,1910,117,91,56,19,2262,1932,73,83,71,58,36,9
34.226967,2194,1910,118,88,58,20,2261,1931,64,84,68,64,32,18
34.235851,2190,1910,115,88,62,15,2257,1922,81,80,74,60,38,2
34.244682,2191,1911,113,89,61,17,2266,1920,79,73,75,74,35,10
34.253849,2194,1912,112,89,60,21,2262,1934,65,84,76,64,34,5
34.262386,2195,1913,113,86,61,22,2265,1914,89,76,87,53,29,17
34.271423,2186,1913,114,83,63,13,2252,1921,73,78,77,65,29,9
34.280476,2187,1912,114,87,62,12,2255,1926,69,82,75,61,31,11
34.289715,2188,1912,114,87,62,13,2254,1929,74,73,83,54,37,4
34.299347,2190,1912,114,86,62,16,2258,1918,76,80,72,69,37,6
34.307838,2198,1911,114,85,65,23,2259,1917,83,81,76,61,36,5
34.316975,2189,1911,116,83,65,14,2262,1914,86,79,68,63,36,16
34.325939,2205,1911,115,85,65,29,2265,1932,74,82,65,70,34,8
34.335278,2193,1911,118,81,67,16,2270,1931,84,67,82,67,30,9
34.344902,2194,1912,115,84,67,16,2274,1935,83,68,77,67,34,10
34.353794,2200,1911,113,87,66,23,2265,1943,70,85,62,62,38,5
34.362934,2195,1911,111,90,65,18,2279,1928,79,79,78,61,45,9
34.371578,2197,1914,110,90,63,20,2273,1922,77,79,74,75,37,9
34.380322,2196,1914,113,88,64,17,2271,1924,89,72,83,60,37,6
34.389294,2195,1914,113,88,64,16,2277,1929,76,73,71,83,40,5
34.398735,2195,1914,113,90,64,14,2270,1927,83,82,63,63,42,10
34.408463,2199,1913,114,88,64,20,2277,1937,73,70,82,64,42,9
34.417057,2191,1913,115,89,61,13,2277,1921,97,78,73,52,43,13
34.425663,2193,1911,119,86,62,15,2278,1931,82,82,74,60,38,11
34.434002,2200,1914,115,88,63,20,2272,1938,84,76,74,55,36,9
34.443100,2196,1913,115,89,62,17,2274,1932,80,64,77,74,33,14
34.451962,2196,1914,113,91,61,17,2280,1923,92,79,77,61,37,11
34.461239,2195,1914,111,94,59,17,2271,1933,74,82,74,66,36,6
34.469807,2193,1915,108,98,58,14,2284,1941,71,79,75,71,41,6
34.478111,2202,1914,109,98,58,23,2275,1936,76,72,95,46,41,9
34.487221,2206,1914,113,93,62,24,2276,1939,82,79,73,56,38,9
34.496250,2204,1914,112,94,64,20,2274,1938,76,62,84,67,37,10
34.505867,2203,1915,109,98,62,19,2276,1936,73,82,77,65,35,8
34.514523,2201,1918,106,99,61,17,2268,1937,77,77,75,62,33,7
34.523533,2198,1917,107,99,61,14,2275,1928,95,70,74,61,40,7
34.532204,2191,1917,107,97,63,7,2270,1927,84,71,87,63,31,7
34.541012,2209,1914,107,97,65,26,2275,1936,86,66,82,71,30,4
34.550194,2197,1913,109,92,68,15,2271,1933,86,73,68,73,33,5
34.559456,2201,1910,109,94,67,21,2274,1941,81,64,80,63,36,9
34.568535,2195,1910,110,92,67,16,2279,1933,85,74,81,62,37,7
34.577744,2197,1910,110,92,67,18,2271,1930,82,80,75,66,28,10
34.587311,2199,1909,111,91,67,21,2273,1927,87,78,77,60,32,12
34.596863,2189,1909,109,95,65,11,2271,1928,81,76,79,64,33,10
34.605980,2204,1909,111,92,65,27,2269,1941,75,64,87,59,35,8
34.614971,2193,1909,113,92,64,15,2266,1923,73,73,82,66,46,3
34.624180,2203,1911,109,93,65,25,2267,1936,70,79,77,56,41,8
34.633167,2189,1912,108,95,62,12,2271,1933,79,81,76,56,35,11
34.642426,2200,1914,107,95,63,21,2276,1929,71,80,73,70,44,9
34.650703,2198,1916,105,95,62,20,2284,1935,71,67,82,66,48,15
34.659542,2196,1914,106,96,62,18,2275,1913,92,84,68,74,37,7
34.667931,2198,1914,102,99,61,22,2282,1912,88,78,81,68,44,11
34.676834,2198,1915,102,99,63,19,2281,1937,80,78,64,68,47,7
34.685162,2194,1916,102,98,64,14,2293,1929,80,76,86,65,45,12
34.693497,2195,1915,103,99,64,14,2292,1927,88,74,89,61,43,10
34.701744,2199,1915,103,98,64,19,2293,1933,73,84,79,74,38,12
34.709644,2203,1916,102,98,64,23,2295,1935,79,82,93,60,35,11
34.718391,2197,1916,101,97,65,18,2295,1946,76,76,77,72,40,8
34.727135,2208,1916,101,99,62,30,2291,1938,68,85,82,68,39,11
34.735764,2193,1916,102,97,63,15,2291,1941,78,84,82,65,29,12
34.744854,2204,1915,103,96,65,25,2294,1934,87,67,86,67,42,11
34.753223,2197,1915,101,97,66,18,2291,1941,87,72,77,68,40,6
34.761375,2207,1916,100,98,66,27,2286,1934,72,72,84,73,42,9
34.769756,2210,1916,101,98,66,29,2283,1930,79,76,88,65,35,10
34.778446,2199,1915,104,101,61,18,2284,1921,88,84,71,67,44,9
34.787350,2202,1914,108,97,62,21,2288,1931,72,80,89,70,36,10
34.795212,2202,1915,107,96,61,23,2293,1926,84,71,88,75,38,11
34.803856,2201,1916,107,95,62,21,2298,1928,88,76,78,74,44,10
34.811436,2196,1916,107,95,62,16,2296,1933,73,78,76,76,46,14
34.819702,2201,1919,106,92,63,21,2297,1939,84,88,89,57,32,8
34.827873,2196,1919,105,93,63,16,2303,1936,84,90,76,66,37,14
34.836479,2195,1920,101,95,64,15,2298,1928,85,86,95,57,36,11
34.845512,2194,1918,105,94,64,13,2299,1930,80,91,86,67,40,5
34.853695,2195,1918,103,96,63,15,2296,1933,66,91,84,69,44,9
34.862473,2198,1919,104,93,64,18,2298,1922,82,69,84,88,41,12
34.870800,2200,1919,104,94,62,21,2297,1941,71,83,76,77,39,10
34.879047,2198,1919,106,91,63,19,2298,1938,83,76,74,75,42,10
34.887363,2198,1920,104,92,63,19,2288,1935,67,80,76,77,39,14
34.895992,2198,1919,106,92,62,19,2288,1932,75,76,79,78,40,8
34.904263,2203,1919,107,93,61,23,2293,1927,88,76,85,62,47,8
34.912857,2195,1918,110,89,62,16,2287,1927,84,88,78,68,33,9
34.921585,2193,1919,108,91,61,14,2276,1923,89,78,78,75,27,6
34.930283,2195,1920,110,84,64,17,2286,1919,82,70,91,74,38,12
34.938469,2196,1919,110,88,58,21,2282,1933,87,69,88,53,42,10
34.947044,2186,1920,108,86,60,12,2286,1940,75,59,77,77,45,13
34.954987,2194,1922,105,90,57,20,2285,1928,88,79,68,78,36,8
34.963993,2200,1921,107,84,62,26,2283,1924,90,78,70,82,35,4
34.973034,2186,1921,105,85,61,14,2288,1919,84,78,93,66,39,9
34.980999,2186,1920,108,82,62,14,2287,1927,87,82,86,60,35,10
34.989731,2191,1922,107,83,60,19,2285,1927,82,92,73,63,39,9
34.997612,2186,1922,109,82,61,12,2285,1928,88,78,74,73,40,4
35.006218,2194,1923,108,81,63,19,2288,1927,69,84,74,69,56,9
35.014339,2200,1923,110,79,63,25,2287,1921,85,71,72,78,48,12
35.022461,2192,1922,109,80,64,17,2289,1920,88,76,81,68,47,9
35.031223,2200,1921,110,81,64,24,2285,1931,85,82,71,71,36,9
35.039886,2194,1923,110,78,66,17,2286,1918,93,78,72,71,39,15
35.048153,2204,1922,113,77,64,28,2276,1922,85,65,85,64,44,11
35.056583,2191,1918,116,75,66,16,2273,1924,86,76,76,75,29,7
35.065277,2192,1919,116,77,63,17,2281,1929,85,70,91,62,31,13
35.073639,2200,1918,116,78,63,25,2279,1907,81,85,78,58,58,12
35.082352,2200,1917,118,75,66,24,2277,1937,78,67,90,57,38,10
35.091454,2197,1918,117,75,66,21,2272,1925,86,71,81,59,41,9
35.100361,2193,1918,117,75,66,17,2273,1914,79,90,91,66,28,5
35.108917,2193,1920,116,72,68,17,2273,1927,80,87,81,59,37,2
35.118111,2194,1920,114,73,71,16,2283,1928,68,90,80,63,42,12
35.127552,2187,1921,112,76,70,8,2273,1927,80,84,81,63,29,9
35.136909,2198,1920,114,75,71,18,2272,1929,77,68,77,71,41,9
35.146404,2193,1920,113,79,68,13,2271,1921,85,67,78,67,42,11
35.155861,2199,1922,111,79,68,19,2273,1919,88,71,87,59,42,7
35.164543,2192,1923,107,82,67,13,2286,1931,76,88,65,61,47,18
35.173450,2204,1923,105,81,69,26,2289,1923,96,75,89,60,35,11
35.182522,2200,1921,105,83,70,21,2288,1920,85,78,89,72,35,9
35.190449,2195,1920,105,82,72,16,2294,1929,88,79,84,66,39,9
35.198776,2197,1922,102,82,71,20,2292,1927,85,72,89,70,38,11
35.207760,2196,1922,105,80,70,19,2287,1916,89,91,76,71,39,5
35.216038,2197,1922,104,80,72,19,2298,1926,78,74,88,81,44,7
35.224350,2199,1923,103,81,71,21,2298,1937,81,87,79,71,35,8
35.232738,2187,1923,103,81,70,10,2295,1930,81,85,74,72,47,6
35.240738,2197,1924,103,80,70,20,2299,1937,83,85,78,66,39,11
35.249210,2201,1924,102,82,70,23,2297,1926,75,96,80,77,34,9
35.257156,2196,1923,104,79,72,18,2296,1931,80,91,94,62,33,5
35.265388,2191,1923,103,80,71,14,2307,1925,82,83,84,85,36,12
35.273483,2186,1925,102,77,74,8,2308,1914,84,85,83,78,54,10
35.281254,2198,1924,102,77,73,22,2305,1916,88,80,94,71,41,15
35.289318,2194,1924,104,75,73,18,2307,1915,88,75,96,84,38,11
35.297268,2190,1924,104,75,73,14,2300,1921,82,91,74,83,42,7
35.305584,2197,1925,104,78,69,21,2297,1927,79,84,85,73,44,5
35.313698,2194,1925,103,78,70,18,2310,1933,85,77,77,84,40,14
35.321781,2197,1927,102,79,68,21,2304,1915,96,85,77,72,47,12
35.329762,2196,1926,101,80,69,20,2296,1910,86,79,84,87,43,7
35.337498,2194,1926,100,81,69,18,2300,1935,79,94,84,65,36,7
35.345390,2190,1927,99,83,66,15,2292,1927,74,91,73,71,49,7
35.354012,2198,1927,98,84,66,23,2284,1926,79,91,76,61,41,10
35.362717,2192,1927,97,87,64,17,2280,1915,78,95,86,62,36,8
35.370262,2189,1928,94,89,64,14,2288,1911,82,87,90,72,37,9
35.378372,2196,1927,95,89,66,19,2290,1919,85,88,82,74,33,9
35.386513,2197,1926,95,90,66,20,2288,1910,94,89,83,81,22,9
35.394867,2195,1924,95,90,68,18,2288,1908,79,93,84,79,38,7
35.402874,2202,1923,95,89,68,27,2290,1910,84,93,73,69,41,20
35.410648,2197,1921,94,92,68,22,2281,1931,74,88,83,66,30,9
35.418945,2191,1922,94,90,69,16,2292,1920,79,90,88,66,34,15
35.426945,2201,1922,93,90,70,26,2295,1910,77,78,90,89,43,8
35.435097,2185,1921,95,88,71,10,2292,1908,74,100,84,70,46,10
35.443161,2192,1920,95,88,72,17,2287,1912,82,87,91,71,38,6
35.451080,2192,1921,94,88,72,17,2286,1935,59,86,101,61,36,8
35.459919,2185,1921,96,86,71,11,2289,1921,79,90,81,72,36,10
35.468075,2188,1921,97,83,72,15,2301,1906,84,91,95,63,44,18
35.475826,2189,1921,97,82,72,17,2300,1908,89,102,94,62,34,11
35.484406,2199,1919,97,84,72,27,2303,1917,79,79,97,83,33,15
35.492477,2186,1920,97,81,73,15,2296,1916,72,97,92,73,38,8
35.500343,2194,1919,97,80,72,26,2302,1928,69,82,90,71,51,11
35.507912,2190,1921,94,84,70,21,2301,1930,71,87,84,68,45,16
35.515709,2182,1921,94,85,68,14,2298,1913,89,79,81,70,54,12
35.523525,2188,1921,94,83,67,23,2288,1906,91,86,88,69,44,4
35.531780,2185,1921,94,86,64,20,2297,1914,86,74,97,75,35,16
35.539944,2181,1921,94,87,62,17,2292,1923,86,71,91,72,42,7
35.548286,2182,1919,92,89,63,19,2290,1917,75,81,88,80,40,9
35.556339,2187,1920,94,87,62,24,2286,1918,71,87,78,80,41,11
35.564285,2185,1922,95,80,66,22,2281,1909,89,79,79,73,41,11
35.572399,2185,1921,94,83,65,22,2275,1915,82,82,85,68,31,12
35.580875,2179,1921,93,87,61,17,2275,1917,84,68,82,69,46,9
35.589035,2184,1921,93,87,61,22,2283,1915,72,94,62,69,57,14
35.597309,2186,1920,96,86,61,23,2283,1907,88,78,80,78,40,12
35.605824,2175,1921,91,90,61,12,2276,1904,85,83,82,73,41,8
35.613987,2179,1921,89,90,62,17,2279,1892,92,74,87,77,45,12
35.622383,2182,1921,85,93,63,20,2274,1912,91,68,85,72,40,6
35.630703,2176,1921,85,92,63,15,2275,1906,83,90,85,72,30,9
35.639309,2182,1921,86,91,66,18,2281,1915,87,75,93,66,39,6
35.647224,2181,1919,89,88,66,19,2277,1912,86,72,75,83,38,11
35.655861,2182,1918,88,90,66,20,2276,1908,76,83,77,79,43,10
35.664410,2187,1918,87,92,66,24,2281,1905,90,84,80,69,47,6
35.672588,2186,1917,89,92,64,24,2277,1903,87,86,91,62,37,11
35.681206,2175,1916,88,93,65,13,2282,1908,82,78,93,70,44,7
35.689529,2178,1916,91,90,63,18,2279,1910,75,79,94,79,33,9
35.697849,2177,1915,93,88,64,17,2273,1913,77,81,84,63,48,7
35.706249,2180,1912,94,90,62,22,2272,1921,74,71,80,84,34,8
35.714790,2182,1911,93,93,61,24,2278,1916,68,79,90,68,46,11
35.722412,2181,1910,92,94,62,23,2270,1901,89,64,81,84,40,11
35.731159,2172,1913,90,94,59,16,2266,1910,68,85,82,69,44,8
35.739658,2183,1910,93,93,60,27,2278,1915,69,75,78,81,46,14
35.748428,2177,1909,94,93,61,20,2287,1911,74,76,78,91,43,14
35.756344,2184,1909,95,93,60,27,2286,1911,85,74,76,76,56,8
35.764481,2180,1909,99,89,59,24,2283,1913,79,71,82,69,58,11
35.772915,2172,1909,97,93,57,16,2281,1921,68,81,82,76,45,8
35.781433,2178,1909,96,92,59,22,2285,1910,88,80,80,66,46,15
35.789997,2172,1909,98,90,59,16,2282,1920,70,81,81,75,39,16
35.798203,2173,1910,98,88,59,18,2281,1910,80,71,88,81,44,7
35.806339,2180,1911,99,86,57,27,2277,1900,80,79,87,75,42,14
35.815086,2175,1912,99,84,58,22,2273,1916,75,82,78,75,38,9
35.823795,2176,1913,98,83,59,23,2270,1915,71,75,90,73,38,8
35.832726,2172,1913,97,82,61,19,2273,1907,80,84,69,83,41,9
35.840408,2171,1911,102,79,62,17,2271,1912,79,76,84,75,35,10
35.848995,2175,1913,102,79,60,21,2269,1907,84,69,83,71,50,5
35.857464,2179,1915,99,78,62,25,2275,1904,89,88,78,69,37,10
35.865765,2184,1915,101,78,59,31,2280,1903,86,87,85,75,35,9
35.874424,2165,1916,100,78,60,11,2280,1904,76,83,76,86,44,11
35.882801,2174,1916,97,82,60,19,2281,1910,87,79,84,69,42,10
35.891251,2174,1916,98,81,62,17,2277,1917,79,81,78,85,30,7
35.900162,2177,1915,97,79,66,20,2278,1916,87,78,75,77,39,6
35.908890,2184,1916,97,79,65,27,2271,1929,73,84,71,62,44,8
35.917553,2179,1916,97,80,64,22,2269,1922,77,80,79,66,37,8
35.926006,2170,1917,97,79,64,13,2263,1914,95,66,83,69,30,6
35.934425,2170,1916,95,82,63,14,2266,1923,77,79,76,63,39,9
35.943607,2168,1916,96,81,63,12,2257,1907,92,70,90,60,34,4
35.952816,2178,1917,99,81,59,22,2260,1906,99,77,79,57,32,10
35.961712,2174,1915,100,81,59,19,2256,1916,68,83,78,72,33,6
35.970470,2179,1917,99,80,59,24,2258,1916,75,79,83,57,38,10
35.979244,2180,1917,100,80,60,23,2253,1919,80,69,76,61,38,10
35.988647,2170,1917,99,81,60,13,2245,1921,68,86,77,49,41,3
35.997883,2171,1917,99,81,60,14,2255,1906,80,86,79,55,38,11
36.007046,2172,1917,99,80,62,14,2257,1926,78,66,83,59,32,13
36.015953,2174,1916,98,83,61,16,2246,1918,69,78,75,71,31,4
36.025517,2176,1917,97,84,61,17,2250,1910,82,79,72,70,27,10
36.035385,2172,1916,98,82,62,14,2240,1912,81,75,86,57,26,3
36.045193,2170,1915,99,82,61,13,2239,1918,79,74,74,64,26,4
36.054531,2178,1913,101,81,60,23,2239,1916,78,81,60,67,30,7
36.063503,2180,1914,101,82,59,24,2241,1914,76,77,75,60,31,8
36.072994,2175,1913,102,82,59,19,2241,1915,80,68,59,70,38,11
36.082287,2176,1913,102,81,61,19,2240,1905,79,67,73,72,34,10
36.091789,2172,1914,100,83,59,16,2243,1900,82,79,69,72,26,15
36.100822,2171,1914,102,79,61,15,2240,1909,72,83,69,62,35,10
36.110027,2177,1913,103,78,63,20,2250,1904,80,75,78,65,41,7
36.119408,2176,1914,102,79,64,17,2252,1912,88,73,78,57,34,10
36.128624,2169,1912,101,82,62,12,2254,1910,82,74,81,61,36,10
36.137230,2172,1912,103,83,60,14,2253,1918,76,73,71,71,37,7
36.146320,2181,1912,103,83,60,23,2258,1922,71,76,74,63,41,11
36.155003,2180,1913,102,83,61,21,2261,1914,88,64,84,70,30,11
36.164310,2170,1913,103,81,61,12,2260,1910,91,81,61,69,41,7
36.173244,2170,1909,103,85,61,12,2264,1924,78,84,75,54,37,12
36.181675,2174,1909,102,87,59,17,2268,1911,84,67,85,72,38,11
36.190735,2166,1910,101,86,60,9,2276,1922,72,86,78,80,30,8
36.198864,2180,1912,103,82,61,22,2280,1911,79,72,81,84,50,3
36.206863,2179,1913,103,84,58,21,2285,1923,82,83,90,66,33,8
36.214748,2175,1911,106,79,62,17,2287,1925,73,74,86,77,39,13
36.223133,2176,1912,106,79,62,17,2279,1920,83,69,83,75,38,11
36.230843,2181,1911,105,82,61,22,2285,1926,71,91,53,80,54,10
36.238503,2180,1910,105,79,65,21,2287,1922,78,77,78,76,46,10
36.246494,2177,1911,103,80,64,19,2282,1913,91,62,101,69,36,10
36.255062,2171,1910,102,81,64,14,2281,1906,92,67,97,72,38,9
36.263569,2176,1909,102,82,64,19,2280,1905,80,91,77,75,39,13
36.271946,2177,1908,102,82,66,19,2274,1912,84,85,88,73,24,8
36.280945,2180,1907,104,81,67,21,2273,1920,75,83,77,68,44,6
36.289780,2183,1908,102,84,64,25,2273,1910,72,88,85,62,48,8
36.298195,2177,1908,102,84,64,19,2278,1918,70,85,83,70,43,9
36.306038,2173,1908,104,84,63,14,2276,1911,82,90,76,69,36,12
36.314178,2178,1909,101,87,61,20,2281,1913,84,84,72,73,46,9
36.322399,2172,1910,99,90,60,13,2280,1915,78,86,83,57,43,18
36.331066,2180,1910,96,93,61,20,2278,1910,85,76,83,75,41,8
36.339706,2181,1910,96,92,62,21,2277,1915,89,81,68,81,35,8
36.348362,2179,1911,96,92,60,20,2269,1916,83,70,84,68,41,7
36.356930,2170,1911,99,91,58,11,2266,1921,73,67,81,75,39,10
36.365421,2174,1909,100,94,55,16,2270,1905,96,79,56,87,40,7
36.373940,2179,1909,101,93,57,19,2269,1917,84,65,81,72,39,11
36.382137,2174,1909,99,94,57,15,2269,1917,81,73,73,87,29,9
36.390915,2177,1910,100,94,55,18,2263,1921,80,64,79,70,42,7
36.400169,2189,1908,103,91,58,29,2274,1920,75,76,86,78,34,5
36.408840,2189,1908,103,91,59,28,2287,1916,83,70,91,75,38,14
36.417179,2184,1908,102,92,61,21,2284,1923,80,74,85,72,41,9
36.425388,2183,1911,101,91,61,19,2285,1913,88,64,89,80,39,12
36.433907,2179,1912,100,94,58,15,2288,1918,80,88,68,80,38,16
36.442062,2176,1911,99,97,57,12,2277,1939,76,82,59,78,36,7
36.450832,2183,1910,101,95,58,19,2285,1932,75,76,87,63,38,14
36.459656,2183,1908,102,94,57,22,2278,1936,79,83,68,72,34,6
36.468307,2181,1908,101,96,56,20,2284,1912,97,74,72,66,47,16
36.476460,2179,1907,105,92,57,18,2276,1912,97,64,84,68,47,4
36.484943,2178,1908,105,91,57,17,2277,1921,87,84,63,70,45,7
36.493877,2177,1909,108,87,57,16,2284,1920,85,80,69,72,49,9
36.502735,2181,1907,110,86,56,22,2281,1919,85,77,80,68,45,7
36.511383,2174,1910,107,87,55,15,2282,1913,81,77,79,79,44,9
36.520237,2175,1909,109,86,56,15,2280,1918,87,86,80,63,36,10
36.528713,2177,1910,111,84,56,16,2278,1924,76,71,78,73,46,10
36.537659,2173,1907,113,83,56,14,2279,1916,78,76,80,76,37,16
36.546829,2174,1905,114,81,59,15,2272,1903,92,67,73,89,42,6
36.554939,2173,1904,114,79,61,15,2279,1908,93,71,75,76,39,17
36.563572,2180,1903,114,79,62,22,2284,1934,76,76,87,70,29,12
36.572227,2171,1902,111,85,59,14,2283,1927,85,60,78,69,57,7
36.580822,2170,1900,111,87,57,15,2275,1921,88,66,90,63,42,5
36.589436,2170,1899,110,88,57,16,2273,1932,83,67,79,64,39,9
36.598270,2172,1899,108,90,57,18,2278,1917,81,86,66,79,39,10
36.606133,2178,1899,110,88,57,24,2286,1903,94,72,79,85,47,6
36.614685,2169,1902,109,90,53,15,2284,1916,85,85,78,68,39,13
36.623077,2174,1903,108,88,55,20,2279,1914,74,71,96,81,36,7
36.630775,2177,1903,108,88,53,25,2285,1922,74,78,78,78,43,12
36.638630,2173,1902,108,90,51,22,2287,1913,86,63,81,87,45,12
36.646557,2179,1902,108,90,52,27,2277,1920,87,67,77,85,31,10
36.654530,2175,1903,109,88,54,21,2275,1916,81,74,87,62,46,9
36.662243,2173,1905,107,87,55,19,2278,1911,94,62,69,82,44,16
36.670624,2170,1904,108,87,56,15,2269,1919,80,74,76,67,40,13
36.679474,2173,1904,107,88,55,19,2270,1913,82,79,84,73,26,13
36.688389,2172,1903,107,89,55,18,2263,1927,70,75,94,58,30,9
36.697002,2174,1904,107,89,54,20,2266,1910,84,64,83,72,37,16
36.706070,2174,1905,106,90,53,20,2264,1917,73,77,76,68,42,11
36.715363,2179,1908,105,92,49,25,2261,1924,68,81,86,63,30,9
36.724003,2185,1909,103,92,52,29,2267,1909,87,98,66,63,31,13
36.732605,2176,1907,105,94,50,20,2256,1909,72,71,92,64,38,10
36.741341,2169,1906,107,92,50,14,2250,1900,79,74,85,65,38,9
36.750595,2176,1907,107,92,49,21,2252,1909,82,63,78,81,29,10
36.759781,2185,1907,107,93,48,30,2253,1914,78,70,72,71,39,9
36.768532,2175,1907,105,97,47,19,2255,1913,77,65,91,66,29,14
36.777859,2180,1910,102,97,47,24,2258,1910,83,67,87,68,35,8
36.786858,2173,1909,103,95,49,17,2265,1919,85,69,89,58,35,10
36.795387,2177,1909,100,97,50,21,2260,1913,84,75,77,64,38,9
36.803894,2180,1911,97,97,50,25,2268,1915,84,75,67,75,45,7
36.812145,2170,1911,97,94,53,15,2267,1908,75,81,92,70,28,13
36.820778,2179,1913,95,94,54,23,2266,1913,71,84,82,73,28,15
36.829800,2169,1913,96,93,54,13,2260,1913,79,78,69,63,45,13
36.838493,2176,1913,95,94,54,20,2272,1910,80,75,81,73,40,13
36.847149,2180,1912,97,93,54,24,2272,1918,82,67,84,72,37,12
36.855335,2172,1912,98,89,58,15,2276,1918,70,74,93,65,44,12
36.863052,2181,1910,96,89,62,24,2274,1913,82,79,87,65,43,5
36.871090,2178,1911,97,86,62,22,2281,1913,85,77,87,70,34,15
36.879490,2170,1910,95,86,64,15,2279,1903,93,59,99,73,41,11
36.888416,2173,1912,93,88,59,21,2273,1912,82,69,91,76,38,5
36.897015,2168,1912,93,88,59,16,2280,1914,83,82,93,61,37,10
36.904510,2177,1911,91,90,59,26,2283,1905,78,80,95,80,38,7
36.912506,2175,1909,91,91,62,22,2284,1910,89,69,104,67,37,8
36.921326,2181,1910,90,90,63,28,2290,1927,80,66,77,84,43,13
36.929710,2174,1911,92,87,63,21,2280,1926,66,84,79,73,44,8
36.938339,2166,1910,93,87,63,13,2272,1916,78,68,84,79,40,7
36.946793,2177,1909,90,88,66,24,2271,1912,85,80,67,73,44,10
36.955387,2179,1908,90,89,66,26,2277,1915,73,84,75,78,35,17
36.963982,2175,1908,90,89,65,23,2270,1908,84,82,76,64,43,13
36.971935,2167,1907,92,91,63,14,2278,1903,93,64,95,74,41,8
36.980988,2174,1905,92,92,65,20,2271,1901,89,70,82,83,40,6
36.989719,2179,1904,94,90,66,25,2281,1922,81,71,78,82,38,9
36.997704,2169,1902,95,94,61,17,2277,1913,81,86,71,85,36,5
37.005863,2173,1901,96,92,63,21,2281,1906,78,83,80,80,46,8
37.014259,2174,1901,96,92,64,21,2276,1923,71,80,72,83,41,6
37.022213,2181,1901,97,92,63,28,2283,1912,79,76,77,85,40,14
37.030430,2172,1901,95,94,63,19,2286,1918,81,69,83,86,41,8
37.038567,2168,1902,95,94,62,15,2281,1916,75,71,87,72,42,18
37.046848,2171,1905,92,93,64,17,2279,1908,77,68,91,85,45,5
37.054974,2172,1909,89,94,61,19,2277,1908,81,91,79,69,37,12
37.062767,2175,1909,87,97,60,22,2282,1913,88,73,74,88,39,7
37.071228,2162,1907,87,97,62,9,2273,1907,70,87,74,86,42,7
37.079945,2164,1908,89,94,61,12,2269,1914,71,83,75,72,46,8
37.088673,2174,1908,89,93,62,22,2270,1915,72,73,91,70,42,7
37.096947,2178,1909,91,89,63,26,2271,1913,74,80,81,72,42,9
37.105663,2178,1907,92,88,66,25,2278,1925,72,73,73,82,47,6
37.114105,2173,1907,93,88,65,20,2277,1914,74,80,86,75,34,14
37.122147,2167,1906,93,90,64,14,2283,1914,75,71,93,77,41,12
37.130787,2170,1908,93,91,60,18,2279,1927,66,77,100,68,37,4
37.138660,2168,1907,99,86,61,15,2279,1915,75,78,92,69,39,11
37.147240,2185,1907,100,86,60,32,2278,1918,78,83,87,69,33,10
37.155315,2166,1909,100,84,61,12,2291,1917,84,73,75,86,42,14
37.163708,2169,1909,105,80,59,16,2293,1919,80,72,71,87,49,15
37.172009,2173,1909,104,80,60,20,2306,1914,73,81,84,85,53,16
37.179623,2176,1907,104,80,63,22,2295,1896,96,68,93,88,46,8
37.187473,2173,1906,102,80,65,20,2295,1908,84,84,86,82,39,12
37.195782,2176,1906,102,81,66,21,2292,1905,88,72,97,91,33,6
37.203781,2170,1905,101,83,66,15,2291,1914,72,75,99,80,43,8
37.211872,2171,1904,101,86,64,16,2290,1911,71,87,90,79,45,7
37.220329,2179,1903,100,89,62,25,2293,1917,70,75,92,89,43,7
37.228214,2169,1903,100,91,60,15,2286,1910,79,75,86,88,39,9
37.236313,2176,1902,100,93,59,22,2284,1916,76,78,83,80,42,9
37.244244,2180,1901,100,91,63,25,2290,1914,64,94,97,69,37,15
37.251907,2170,1901,99,92,63,15,2289,1917,67,82,90,85,41,7
37.260551,2164,1902,98,94,61,9,2286,1921,78,66,77,81,51,12
37.268635,2170,1904,98,92,61,15,2288,1917,75,87,86,72,45,6
37.276737,2187,1904,101,89,62,31,2288,1915,85,83,91,61,42,11
37.284206,2175,1905,102,89,60,19,2288,1922,69,85,88,81,34,9
37.291698,2174,1904,101,90,61,18,2297,1911,74,79,79,88,53,13
37.299244,2185,1905,101,86,64,29,2293,1913,81,82,89,79,41,8
37.306999,2174,1905,104,83,64,18,2293,1914,73,89,89,78,36,14
37.315437,2176,1905,103,88,61,19,2297,1916,82,92,86,72,37,12
37.323368,2180,1905,103,86,63,23,2289,1918,71,91,101,65,33,10
37.331478,2182,1905,102,88,63,24,2291,1918,81,84,86,81,38,3
37.339630,2173,1904,101,92,61,15,2298,1918,76,69,91,85,49,10
37.347748,2181,1905,100,93,59,24,2292,1915,75,74,92,83,46,7
37.355877,2185,1905,98,95,60,27,2292,1927,84,74,90,76,34,7
37.363800,2186,1906,97,97,60,26,2297,1920,82,89,96,72,33,5
37.371410,2180,1905,99,95,61,20,2299,1920,72,86,85,79,46,11
37.379227,2184,1904,98,97,62,23,2302,1920,83,88,84,81,38,8
37.387222,2181,1901,100,95,64,21,2295,1917,90,80,73,83,45,7
37.395302,2183,1902,97,98,63,23,2293,1914,88,80,90,72,37,12
37.403145,2184,1902,98,101,59,24,2293,1926,79,80,80,78,37,13
37.411221,2181,1902,98,101,58,22,2288,1916,76,72,95,72,45,12
37.419334,2181,1902,95,102,61,21,2284,1923,82,56,93,69,48,13
37.427509,2176,1902,93,101,64,16,2276,1922,82,76,73,80,33,10
37.435440,2183,1901,92,103,63,24,2279,1915,80,85,86,65,41,7
37.444118,2180,1902,91,107,59,21,2282,1923,82,62,103,68,35,9
37.452328,2177,1901,89,108,61,18,2287,1922,80,80,79,75,37,14
37.460762,2183,1900,89,107,64,23,2282,1925,67,84,79,70,46,11
37.469242,2181,1900,90,105,65,21,2277,1919,80,78,81,70,37,12
37.477650,2181,1900,90,105,65,21,2278,1917,75,64,94,72,47,9
37.486187,2178,1901,89,105,65,18,2280,1928,76,69,74,74,47,12
37.494743,2180,1901,93,100,66,20,2281,1922,80,70,83,79,39,8
37.503025,2181,1900,93,101,66,21,2282,1924,83,76,64,71,47,17
37.511578,2188,1901,93,100,68,26,2275,1914,80,77,89,73,36,6
37.520012,2180,1902,90,102,68,18,2277,1920,66,78,87,78,38,10
37.528473,2183,1902,90,102,68,21,2284,1913,74,72,83,87,42,13
37.536934,2178,1903,89,102,68,16,2279,1903,90,67,85,80,40,14
37.545231,2186,1903,90,101,69,23,2277,1916,73,83,79,73,42,11
37.553570,2191,1904,90,102,68,27,2278,1918,90,67,84,85,26,8
37.562767,2186,1904,89,101,70,22,2278,1910,88,74,79,71,45,11
37.570984,2189,1904,90,100,71,24,2280,1918,84,70,78,80,38,12
37.579517,2179,1903,89,102,70,15,2284,1918,77,89,84,68,38,10
37.588097,2184,1902,91,99,72,20,2279,1918,83,72,79,85,39,3
37.596962,2188,1903,94,93,74,24,2281,1927,70,83,76,74,41,10
37.604908,2186,1904,93,94,72,23,2286,1916,91,74,81,71,43,10
37.613785,2176,1904,93,97,69,13,2282,1930,73,75,78,67,48,11
37.622604,2192,1904,95,95,69,29,2283,1912,91,74,84,65,44,13
37.631340,2191,1902,95,96,68,30,2291,1928,75,67,89,79,40,13
37.639576,2184,1902,95,96,70,21,2287,1929,72,70,76,86,43,11
37.647488,2188,1903,97,93,69,26,2287,1917,94,64,90,75,37,10
37.655342,2176,1900,97,95,69,15,2285,1927,62,88,82,79,40,7
37.664215,2185,1902,98,92,69,24,2281,1924,72,94,74,74,37,6
37.671749,2183,1902,98,91,70,22,2287,1915,76,84,80,80,42,10
37.679924,2181,1901,101,88,71,20,2290,1910,92,66,96,77,46,3
37.687366,2179,1900,102,86,73,18,2284,1917,73,73,97,72,46,6
37.695316,2182,1901,101,85,73,22,2294,1908,74,92,84,82,43,11
37.703323,2180,1901,101,84,74,20,2293,1918,88,84,80,73,38,12
37.711693,2178,1901,102,83,73,19,2296,1921,78,88,84,73,43,9
37.719604,2186,1900,102,83,74,27,2289,1917,72,74,95,81,43,7
37.727528,2187,1901,101,81,76,28,2294,1917,84,86,78,76,45,8
37.735481,2185,1903,100,83,74,25,2299,1919,71,89,91,76,40,13
37.743206,2182,1905,106,77,71,23,2304,1927,77,74,77,78,59,12
37.750511,2169,1906,103,80,70,10,2306,1912,82,86,68,84,53,21
37.758644,2175,1906,103,80,70,16,2290,1921,84,68,77,86,43,11
37.766808,2174,1906,103,82,69,14,2293,1928,61,88,94,66,49,7
37.775246,2188,1903,106,80,72,27,2294,1918,68,83,96,80,36,13
37.783287,2183,1905,107,76,72,23,2306,1926,76,79,92,76,42,15
37.791111,2180,1905,108,76,73,18,2313,1923,71,91,74,84,52,18
37.799244,2173,1906,109,78,68,12,2302,1910,91,79,84,87,43,8
37.807144,2182,1904,110,77,68,23,2300,1907,91,86,103,58,48,7
37.815121,2183,1903,111,76,67,26,2298,1913,93,84,82,77,38,11
37.822479,2187,1904,112,75,65,31,2289,1920,75,87,90,83,30,4
37.830837,2174,1904,110,75,67,18,2289,1911,83,92,89,73,31,10
37.838825,2175,1903,111,73,69,19,2288,1918,75,88,83,80,41,3
37.847157,2174,1903,111,75,67,18,2294,1904,90,85,85,85,35,10
37.855289,2177,1903,110,77,66,21,2306,1911,86,83,91,78,39,18
37.862823,2175,1899,113,77,64,22,2306,1917,79,98,81,81,43,7
37.870480,2173,1900,113,77,62,21,2303,1913,79,96,79,85,39,12
37.878342,2174,1901,112,77,60,24,2287,1893,95,69,104,66,48,12
37.886444,2169,1901,113,74,61,20,2287,1901,92,78,103,60,43,10
37.894913,2171,1902,114,72,62,21,2280,1905,74,90,79,83,40,9
37.902786,2178,1901,112,76,60,29,2278,1902,83,78,94,75,36,10
37.910820,2172,1901,113,75,62,21,2287,1903,82,86,78,68,57,13
37.918877,2178,1901,113,77,60,27,2286,1906,88,78,78,85,43,8
37.926956,2171,1900,113,78,60,20,2282,1904,81,85,79,78,48,7
37.935135,2170,1899,112,80,59,20,2285,1903,76,77,82,86,48,13
37.943096,2174,1898,110,82,60,24,2274,1914,80,76,88,68,41,7
37.951462,2172,1899,109,82,60,22,2275,1889,91,79,87,75,45,9
37.959587,2173,1898,109,84,58,24,2279,1905,97,76,83,61,45,12
37.968231,2169,1898,108,84,60,19,2270,1903,74,81,88,78,37,9
37.976753,2165,1898,108,84,61,14,2266,1904,70,86,70,89,42,5
37.985283,2166,1893,107,90,60,16,2273,1905,86,79,74,84,32,13
37.993793,2170,1893,105,89,63,20,2263,1894,83,78,88,70,39,11
38.002831,2167,1894,105,88,65,15,2259,1895,80,66,88,70,52,8
38.011494,2174,1894,105,87,67,21,2257,1889,94,70,77,62,53,12
38.019459,2177,1891,106,87,67,26,2257,1903,90,73,75,68,39,9
38.028088,2172,1889,108,87,65,23,2263,1905,85,84,78,67,35,9
38.036812,2181,1888,107,88,67,31,2267,1910,81,71,81,74,39,11
38.045525,2166,1888,108,87,67,16,2265,1903,96,79,77,68,35,7
38.054466,2173,1887,109,88,65,24,2271,1898,86,88,82,63,44,10
38.063046,2165,1886,113,86,64,16,2267,1905,77,76,85,72,42,10
38.071533,2162,1887,110,85,68,12,2266,1907,83,64,87,73,45,7
38.080044,2166,1887,109,86,68,16,2261,1896,89,67,76,74,45,14
38.088764,2164,1886,108,89,64,17,2257,1898,82,69,87,69,42,10
38.097263,2165,1886,109,87,65,18,2251,1891,83,79,71,80,40,7
38.105980,2172,1887,107,89,64,25,2258,1913,66,75,79,63,49,13
38.114647,2163,1888,104,91,64,16,2255,1909,77,76,71,71,41,10
38.123932,2165,1891,102,86,68,18,2255,1897,76,72,88,63,42,17
38.132687,2163,1890,102,86,69,16,2251,1901,67,83,83,69,42,6
38.141544,2168,1889,103,86,69,21,2259,1903,72,75,88,73,37,11
38.150318,2171,1889,104,86,70,22,2268,1908,67,89,85,74,33,12
38.158905,2167,1892,102,86,68,19,2269,1902,78,74,82,80,44,9
38.166958,2163,1891,101,89,68,14,2264,1895,82,81,71,80,45,10
38.176018,2167,1891,102,89,66,19,2261,1909,74,78,83,72,36,9
38.184772,2164,1892,102,88,66,16,2259,1914,72,61,102,66,36,8
38.193810,2160,1892,102,89,66,11,2259,1893,77,84,83,71,43,8
38.202271,2159,1891,100,93,64,11,2256,1912,71,68,82,73,38,12
38.211273,2173,1890,100,95,64,24,2253,1909,85,64,89,61,37,8
38.219894,2165,1889,100,96,64,16,2252,1891,84,90,78,73,30,6
38.228580,2174,1888,100,96,67,23,2267,1901,90,75,76,75,40,10
38.236603,2165,1887,101,97,66,14,2268,1907,78,71,88,71,39,14
38.244995,2170,1885,103,95,68,19,2262,1913,76,79,93,71,25,5
38.253841,2176,1884,103,93,71,25,2270,1910,73,81,82,79,30,15
38.262775,2173,1882,104,91,74,22,2265,1901,87,70,80,88,31,8
38.271229,2170,1881,108,88,74,19,2258,1915,69,84,79,68,35,8
38.280731,2162,1880,107,87,77,11,2261,1902,80,75,93,68,33,10
38.288887,2170,1880,108,86,78,18,2257,1897,88,69,86,68,45,4
38.297771,2169,1881,103,89,80,16,2258,1895,89,70,88,72,35,9
38.306843,2168,1882,100,92,80,14,2254,1901,93,75,72,75,27,11
38.315777,2168,1883,98,94,79,14,2261,1907,86,72,82,69,36,9
38.324459,2165,1882,99,94,80,10,2268,1917,73,72,82,76,42,6
38.332905,2176,1882,99,92,81,22,2268,1921,64,75,86,73,40,9
38.341167,2172,1882,100,93,79,18,2277,1909,82,83,92,72,29,10
38.349728,2175,1882,99,95,77,22,2272,1900,79,74,83,81,42,13
38.358215,2178,1880,102,97,73,26,2272,1916,72,78,80,75,42,9
38.366596,2177,1879,106,93,74,25,2270,1910,70,88,93,55,44,10
38.374283,2176,1882,105,94,71,24,2274,1916,81,74,77,78,41,7
38.382954,2169,1882,104,95,71,17,2279,1915,74,72,86,76,42,14
38.391472,2170,1883,105,96,69,17,2264,1908,81,92,73,58,41,11
38.400539,2174,1883,105,96,69,21,2261,1916,58,71,95,73,35,13
38.409531,2176,1884,103,96,69,24,2263,1910,72,69,91,67,42,12
38.418571,2171,1886,102,94,70,19,2266,1906,80,74,82,70,44,10
38.427029,2174,1885,100,97,70,22,2272,1907,79,90,68,77,43,8
38.435410,2167,1886,100,100,66,15,2264,1902,86,78,92,65,34,7
38.444065,2166,1885,104,98,65,14,2266,1905,74,74,88,74,44,7
38.452919,2172,1885,104,99,66,18,2261,1904,77,71,77,85,37,10
38.461990,2167,1882,105,98,67,15,2263,1906,75,99,70,64,44,5
38.470039,2170,1881,103,100,67,19,2267,1902,82,81,78,73,41,10
38.478489,2166,1880,106,98,68,14,2269,1903,82,87,83,59,43,12
38.486557,2169,1881,103,97,72,16,2267,1909,68,83,76,78,42,11
38.494839,2172,1882,103,97,71,19,2265,1917,76,74,86,63,41,8
38.503494,2163,1882,102,98,71,10,2267,1913,72,68,99,59,45,11
38.511745,2176,1883,99,99,72,23,2268,1901,90,70,79,72,47,9
38.520741,2171,1884,101,100,69,17,2267,1916,75,79,81,70,37,9
38.529209,2169,1884,102,100,68,15,2275,1896,88,77,70,83,50,11
38.537445,2175,1885,103,100,66,21,2274,1911,85,74,81,64,47,12
38.545372,2175,1886,103,99,65,22,2271,1920,76,76,77,75,40,7
38.553787,2166,1885,100,104,65,12,2262,1907,81,69,79,80,40,6
38.562069,2174,1887,98,100,69,20,2263,1909,67,78,84,80,35,10
38.570862,2173,1888,99,99,68,19,2256,1906,80,70,81,76,38,5
38.579601,2170,1891,97,100,65,17,2255,1908,71,85,82,64,37,8
38.588554,2172,1888,100,99,66,19,2261,1895,101,75,73,75,30,12
38.597752,2171,1889,101,99,64,18,2257,1913,87,77,75,69,28,8
38.606583,2174,1889,101,99,63,22,2251,1924,78,79,65,65,36,4
38.614933,2165,1887,102,97,66,13,2256,1903,82,66,93,64,38,10
38.624081,2167,1888,102,97,65,15,2258,1902,98,66,93,66,29,4
38.632507,2178,1890,100,96,67,25,2263,1912,91,71,76,66,41,6
38.640324,2166,1888,99,96,70,13,2266,1911,84,77,62,79,38,15
38.648449,2174,1887,103,93,71,20,2255,1903,79,83,84,62,30,14
38.656227,2172,1886,102,95,71,18,2260,1904,89,72,78,67,39,11
38.665173,2170,1885,103,94,72,16,2257,1910,73,80,84,60,42,8
38.674278,2173,1886,103,91,73,20,2255,1902,95,74,84,68,24,8
38.683098,2178,1885,105,91,72,25,2256,1897,79,88,75,68,40,9
38.691608,2180,1885,104,92,73,26,2252,1899,78,76,77,68,43,11
38.700424,2179,1884,103,92,73,27,2252,1907,74,81,72,75,31,12
38.709026,2172,1885,104,88,75,20,2256,1902,76,88,73,66,36,15
38.718079,2173,1885,105,86,75,22,2252,1897,78,75,96,70,30,6
38.727299,2176,1885,103,89,74,25,2246,1897,85,73,77,71,35,8
38.736385,2171,1885,103,90,73,20,2241,1910,75,78,71,72,27,8
38.745396,2183,1885,104,92,71,31,2252,1917,64,85,81,57,39,9
38.754486,2173,1884,104,93,71,21,2249,1906,76,87,72,66,39,3
38.763672,2173,1884,104,95,68,22,2250,1893,80,90,75,66,36,10
38.771832,2171,1883,105,93,70,20,2254,1899,75,82,88,63,38,9
38.780418,2166,1882,106,91,72,15,2257,1891,89,84,91,64,29,9
38.789009,2175,1879,107,92,72,25,2264,1905,76,79,87,66,37,14
38.797733,2170,1877,112,89,74,18,2261,1902,83,83,73,73,38,9
38.806183,2174,1875,114,90,71,24,2264,1901,81,75,76,74,44,13
38.814556,2173,1877,118,85,70,23,2255,1902,87,60,90,68,43,5
38.822914,2163,1877,120,83,69,14,2257,1892,94,71,74,69,46,11
38.830837,2167,1876,119,84,70,18,2254,1896,79,86,80,64,34,15
38.839199,2162,1875,121,81,70,15,2256,1882,96,81,80,70,36,11
38.847443,2174,1875,122,80,71,26,2258,1900,79,89,80,70,28,12
38.855923,2165,1876,121,81,68,19,2258,1892,78,80,94,65,40,9
38.864384,2164,1878,116,86,65,19,2254,1906,65,87,84,62,39,11
38.873302,2160,1876,116,87,66,15,2253,1894,77,78,91,75,26,12
38.881618,2169,1877,115,89,64,24,2244,1895,87,86,71,69,31,5
38.890602,2161,1876,115,90,63,17,2252,1897,84,83,69,72,38,9
38.899075,2165,1876,116,89,63,21,2247,1903,76,76,87,64,29,12
38.907719,2167,1873,117,89,64,24,2254,1895,82,77,78,75,39,8
38.916286,2160,1872,119,89,63,17,2257,1893,84,74,88,78,30,10
38.924770,2162,1873,121,86,61,21,2266,1894,69,78,96,77,33,19
38.932770,2158,1872,121,84,62,19,2257,1888,92,63,95,81,31,7
38.940937,2162,1874,119,88,59,22,2266,1894,85,87,90,66,32,12
38.948673,2162,1874,118,88,60,22,2266,1890,85,76,78,82,48,7
38.956272,2167,1875,117,87,61,27,2270,1894,93,82,78,74,40,9
38.963924,2159,1875,118,85,64,17,2275,1888,79,89,89,86,37,7
38.971832,2159,1876,117,84,64,18,2272,1889,82,89,95,75,33,9
38.980106,2162,1878,117,83,63,21,2278,1884,86,91,102,69,38,8
38.987976,2157,1877,119,79,66,16,2277,1880,85,98,80,81,40,13
38.995899,2156,1878,117,80,66,15,2275,1893,80,82,103,73,36,8
39.003849,2160,1876,116,81,68,19,2276,1878,88,84,100,77,41,8
39.011604,2170,1875,118,76,72,29,2271,1894,87,78,85,81,39,7
39.019070,2157,1877,117,79,68,16,2273,1879,92,84,80,86,43,9
39.027252,2159,1878,114,82,67,18,2266,1894,71,82,90,81,38,10
39.035095,2160,1878,112,83,66,21,2268,1891,77,77,97,73,45,8
39.042572,2157,1877,112,83,68,17,2273,1887,74,88,97,68,40,19
39.050789,2157,1878,113,81,66,19,2260,1894,66,88,76,84,40,12
39.059227,2159,1878,112,85,64,20,2259,1885,84,83,80,67,47,13
39.067051,2151,1878,112,85,65,11,2272,1885,77,83,87,79,48,13
39.075397,2160,1878,113,83,65,21,2269,1881,86,82,74,81,51,14
39.083366,2163,1876,116,82,62,27,2271,1882,90,79,85,71,49,15
39.091305,2164,1878,114,82,61,29,2256,1872,78,86,92,77,42,9
39.099094,2165,1878,115,81,60,31,2262,1885,79,87,85,67,47,12
39.106964,2155,1878,114,83,59,21,2270,1884,75,73,99,84,38,17
39.115250,2155,1880,112,85,57,21,2274,1891,77,88,79,76,45,18
39.123131,2159,1880,112,85,57,25,2266,1896,76,77,95,74,39,9
39.131142,2154,1879,113,85,57,20,2269,1901,80,80,87,80,30,11
39.138901,2154,1879,112,86,57,20,2263,1884,95,86,89,70,30,9
39.146679,2156,1879,111,87,57,22,2264,1893,93,87,63,80,40,8
39.154976,2148,1879,111,88,55,15,2273,1898,78,76,96,73,47,5
39.163052,2148,1878,112,84,59,15,2264,1896,85,78,77,73,47,8
39.171223,2153,1878,111,85,59,20,2265,1879,73,104,79,78,41,11
39.179211,2153,1878,112,83,60,20,2252,1885,65,102,87,75,36,2
39.187744,2150,1876,113,84,60,17,2257,1893,62,82,100,66,40,14
39.195652,2145,1876,113,82,62,12,2256,1876,93,71,79,86,41,10
39.203552,2159,1876,110,85,63,25,2253,1880,83,86,71,83,44,6
39.211811,2148,1876,111,85,62,14,2251,1891,70,89,96,65,32,8
39.219936,2150,1874,112,83,65,16,2248,1881,81,77,86,71,47,5
39.227680,2150,1875,110,87,62,16,2252,1877,73,87,84,83,40,8
39.235218,2152,1875,109,88,62,18,2255,1881,81,90,92,60,40,11
39.243011,2157,1875,109,88,62,23,2260,1877,85,79,81,85,42,11
39.250751,2156,1878,109,90,57,22,2259,1885,79,82,82,76,44,11
39.258114,2155,1877,108,92,57,21,2260,1879,83,80,84,83,41,10
39.266174,2156,1876,108,93,53,26,2255,1873,92,68,95,79,38,10
39.274269,2155,1875,108,94,53,25,2257,1870,76,81,76,88,53,13
39.282173,2148,1876,106,96,54,16,2254,1877,72,82,101,67,44,11
39.290623,2156,1876,106,97,53,24,2255,1886,75,95,85,70,35,9
39.298271,2153,1877,106,93,55,22,2260,1882,84,67,87,79,50,11
39.306553,2155,1877,107,91,56,24,2257,1886,70,88,77,81,39,16
39.314636,2151,1876,107,92,56,20,2253,1879,84,84,93,61,41,11
39.322174,2153,1876,108,92,54,23,2258,1884,73,90,82,70,50,9
39.329906,2155,1877,110,88,55,25,2256,1883,85,74,84,80,43,7
39.337521,2151,1878,109,89,54,21,2263,1882,77,71,85,85,49,14
39.345718,2148,1879,105,91,54,19,2260,1873,81,81,97,76,43,9
39.353596,2146,1879,105,91,54,17,2254,1871,97,77,87,65,49,8
39.361931,2152,1879,106,89,55,23,2255,1891,78,69,89,64,51,13
39.369701,2150,1879,105,92,53,21,2252,1871,86,83,82,76,40,14
39.377926,2147,1881,103,91,56,16,2249,1866,91,82,93,70,39,8
39.386009,2148,1881,103,92,56,16,2251,1879,83,81,80,83,35,10
39.394627,2147,1881,103,89,57,17,2241,1869,90,87,79,66,44,6
39.402794,2145,1879,103,88,59,16,2245,1869,90,81,84,63,49,9
39.411163,2152,1878,103,87,60,24,2243,1872,78,83,83,70,46,11
39.419796,2149,1879,104,84,61,21,2252,1876,76,74,101,72,38,15
39.427593,2142,1879,104,83,63,13,2249,1872,88,81,77,75,46,10
39.435795,2157,1878,105,83,64,27,2248,1867,77,78,90,86,43,7
39.443489,2157,1875,107,81,66,28,2250,1880,80,77,78,78,48,9
39.451416,2147,1875,107,80,66,19,2251,1870,97,79,77,82,36,10
39.459469,2143,1877,106,82,65,13,2243,1894,72,72,79,76,44,6
39.467705,2155,1877,104,84,65,25,2249,1892,71,75,80,84,35,12
39.475899,2150,1874,107,84,64,21,2253,1877,90,66,93,80,35,12
39.483833,2152,1873,108,83,65,23,2254,1875,79,87,86,82,32,13
39.491627,2165,1870,110,85,65,35,2252,1881,89,72,89,73,45,3
39.499329,2148,1868,111,84,66,19,2254,1878,89,77,97,75,31,7
39.506676,2155,1869,110,84,65,27,2259,1861,91,84,83,87,43,10
39.514942,2146,1869,110,83,67,17,2267,1877,89,82,86,75,46,12
39.522484,2147,1866,109,88,66,18,2263,1872,79,87,95,76,46,8
39.530247,2155,1866,107,89,67,26,2267,1873,92,76,94,83,37,12
39.538376,2147,1867,106,90,67,17,2270,1874,91,80,93,76,51,5
39.545891,2154,1867,108,88,66,25,2273,1871,87,101,77,81,48,8
39.553284,2158,1870,107,89,63,29,2272,1867,102,71,79,90,50,13
39.561195,2144,1868,109,89,62,16,2270,1877,89,85,82,83,43,11
39.568600,2141,1870,107,86,64,14,2263,1879,86,88,79,85,37,9
39.576538,2141,1871,107,86,62,15,2262,1872,88,80,88,76,48,10
39.584343,2151,1870,106,89,61,25,2262,1867,85,94,86,60,58,12
39.592361,2158,1870,109,87,60,32,2251,1875,84,87,82,71,47,5
39.600323,2144,1868,110,86,62,18,2251,1881,71,99,82,72,40,6
39.608456,2144,1868,110,86,61,19,2245,1876,82,82,82,67,49,7
39.616146,2148,1869,109,81,66,23,2250,1878,74,88,85,72,45,8
39.624096,2141,1867,109,82,67,16,2248,1874,81,73,100,67,44,9
39.631996,2148,1867,110,81,69,21,2251,1875,81,84,98,71,33,9
39.640240,2156,1867,108,82,73,26,2252,1875,76,98,78,74,40,11
39.648594,2151,1866,108,80,75,22,2248,1861,98,82,92,77,30,8
39.656601,2148,1866,109,78,76,19,2254,1879,82,83,92,64,40,14
39.664524,2156,1870,105,82,72,27,2256,1872,82,93,80,71,45,13
39.672031,2151,1869,105,84,72,21,2254,1882,80,70,102,80,35,5
39.679359,2147,1869,105,86,70,17,2252,1874,80,86,92,76,37,7
39.687229,2155,1869,107,84,70,25,2256,1876,79,91,92,82,31,5
39.694927,2158,1869,106,84,69,30,2254,1880,80,85,93,68,36,12
39.702980,2148,1872,104,86,68,18,2254,1862,78,97,81,80,50,6
39.710613,2155,1872,98,90,70,25,2260,1869,92,79,95,69,38,18
39.718647,2148,1873,99,88,70,18,2259,1874,84,88,69,81,56,7
39.726524,2153,1874,100,84,73,22,2267,1866,91,76,85,82,47,20
39.733856,2154,1875,101,83,74,21,2261,1877,80,85,84,77,49,9
39.741936,2162,1875,98,87,74,28,2258,1858,97,77,96,70,47,13
39.750019,2152,1877,98,87,73,17,2259,1878,77,93,75,90,33,13
39.757862,2156,1877,101,83,73,22,2258,1877,90,65,85,82,45,14
39.766487,2159,1876,102,83,74,24,2261,1882,93,74,76,86,38,12
39.774448,2163,1875,105,82,73,28,2257,1873,90,81,89,77,41,6
39.782097,2161,1875,107,81,71,27,2265,1870,94,70,90,80,49,12
39.789513,2158,1874,107,82,70,25,2267,1864,80,99,84,80,47,13
39.797337,2154,1873,107,83,70,21,2259,1876,66,97,85,71,56,8
39.805161,2154,1872,108,81,73,20,2261,1886,85,78,90,69,45,8
39.813194,2166,1871,107,84,71,33,2255,1893,74,78,87,68,40,15
39.821217,2152,1872,108,86,67,19,2253,1872,100,77,76,78,41,9
39.829487,2147,1873,108,85,67,14,2248,1882,82,85,82,63,46,8
39.838284,2147,1876,106,87,64,14,2251,1885,76,78,92,79,26,15
39.846428,2152,1874,109,85,65,19,2247,1874,82,79,77,91,39,5
39.854565,2151,1875,107,88,63,18,2253,1884,67,92,75,86,42,7
39.862354,2158,1873,108,89,64,24,2260,1893,86,84,83,64,42,8
39.870033,2158,1874,106,92,64,22,2263,1886,84,83,98,70,32,10
39.877926,2158,1875,107,88,65,23,2266,1888,77,82,91,72,52,4
39.886028,2166,1874,106,89,65,32,2264,1869,81,95,85,92,36,6
39.893482,2154,1874,103,92,66,19,2270,1877,82,94,94,67,44,12
39.901344,2157,1876,100,94,65,22,2267,1874,95,72,102,69,44,11
39.908966,2163,1875,97,98,65,28,2275,1881,90,75,86,80,50,13
39.916401,2165,1874,97,98,65,31,2266,1880,83,77,92,71,58,5
39.924519,2153,1874,97,99,64,19,2266,1876,86,87,86,72,50,9
39.932369,2157,1874,100,98,63,22,2270,1878,70,89,97,77,48,11
39.940067,2154,1873,100,99,62,20,2266,1872,95,79,84,92,33,11
39.947750,2153,1873,102,97,63,18,2271,1883,86,80,75,91,48,8
39.955364,2154,1873,103,96,63,19,2265,1883,87,82,84,78,45,6
39.962971,2155,1872,103,95,65,20,2264,1878,82,91,98,60,50,5
39.971252,2156,1872,103,94,66,21,2256,1882,85,76,84,82,39,8
39.979496,2161,1871,105,93,67,25,2257,1883,84,77,83,66,47,17
39.988003,2151,1869,109,89,70,14,2244,1879,84,90,80,71,36,4
39.995930,2156,1870,108,88,72,18,2250,1890,86,75,94,65,32,8
40.004307,2158,1871,106,89,72,20,2259,1876,93,77,90,78,36,9
40.012211,2148,1869,107,92,68,12,2263,1887,87,86,84,70,39,10
40.019947,2154,1870,106,92,68,18,2266,1871,91,87,91,68,49,9
40.027821,2162,1868,106,93,69,26,2273,1876,86,76,95,77,41,22
40.036018,2154,1868,106,92,71,17,2280,1886,86,75,89,83,50,11
40.043755,2167,1868,105,93,72,29,2276,1884,90,91,94,70,33,14
40.051357,2162,1867,108,89,74,24,2274,1879,96,85,89,75,42,8
40.059002,2167,1866,109,86,78,28,2274,1885,90,89,81,80,42,7
40.066521,2163,1868,107,86,77,25,2276,1890,93,77,78,77,48,13
40.074383,2156,1870,106,85,77,18,2273,1882,90,82,86,65,52,16
40.081703,2166,1869,106,87,76,28,2270,1885,93,80,74,81,45,12
40.089905,2164,1870,103,90,75,26,2265,1888,88,72,83,85,41,8
40.097511,2166,1870,104,87,77,28,2270,1879,78,67,85,82,59,20
40.105202,2152,1870,106,88,74,14,2270,1882,88,80,97,76,38,9
40.113224,2162,1868,107,92,71,24,2273,1896,75,78,71,92,46,15
40.121368,2154,1868,106,92,71,17,2276,1885,101,78,89,73,37,13
40.129391,2153,1868,106,87,76,16,2266,1888,99,65,91,75,39,9
40.137585,2152,1871,105,86,75,15,2265,1882,86,85,67,88,47,10
40.145428,2152,1869,108,83,77,15,2261,1870,78,93,84,83,47,6
40.153038,2155,1869,108,84,75,19,2261,1880,90,75,75,78,47,16
40.161343,2154,1870,109,83,74,18,2251,1885,70,95,76,74,40,11
40.170422,2158,1870,110,81,75,22,2256,1890,83,80,93,64,37,9
40.178879,2149,1868,112,80,74,15,2257,1874,79,80,91,84,39,10
40.186935,2147,1868,113,79,73,14,2254,1873,81,89,90,76,36,9
40.194611,2159,1870,111,79,73,26,2262,1877,93,75,89,81,40,7
40.202496,2153,1869,110,81,73,20,2261,1901,76,74,88,76,41,5
40.210796,2156,1869,108,81,75,23,2266,1876,84,92,81,84,41,8
40.218048,2157,1867,109,79,80,22,2268,1870,100,73,99,74,43,9
40.226452,2156,1867,108,78,81,22,2271,1877,79,84,91,85,43,12
40.234741,2154,1869,105,81,78,21,2267,1870,97,82,86,72,52,8
40.242313,2164,1871,107,78,77,31,2263,1854,95,90,84,84,47,9
40.249969,2153,1871,107,78,76,21,2259,1883,85,67,98,84,37,5
40.257801,2155,1870,106,81,74,24,2263,1859,92,77,91,93,39,12
40.265865,2156,1870,106,82,71,27,2256,1854,99,82,95,73,42,11
40.273685,2148,1872,106,84,67,19,2260,1865,91,88,86,70,46,14
40.281097,2147,1872,107,83,67,18,2265,1873,84,88,76,91,38,15
40.289017,2147,1873,107,82,67,18,2261,1856,99,80,91,82,44,9
40.297432,2148,1872,109,78,68,21,2251,1868,94,73,98,66,42,10
40.306046,2152,1872,109,80,66,25,2247,1872,81,90,89,69,35,11
40.314247,2160,1872,109,79,67,33,2239,1877,87,79,93,69,31,3
40.322895,2143,1871,110,77,68,17,2246,1868,91,70,90,67,47,13
40.331356,2150,1870,109,77,70,24,2248,1859,94,87,78,75,40,15
40.339691,2149,1871,107,78,70,23,2244,1866,82,92,75,84,35,10
40.347538,2148,1870,108,79,70,21,2245,1869,86,77,88,65,48,12
40.355900,2149,1873,104,84,65,23,2238,1872,86,82,84,73,36,5
40.364132,2141,1873,105,82,66,15,2246,1871,81,82,82,67,51,12
40.371998,2145,1873,105,83,66,18,2256,1878,81,89,81,71,43,13
40.380096,2145,1870,107,81,70,17,2257,1867,84,89,82,84,35,16
40.388241,2157,1871,105,81,71,29,2257,1867,83,86,94,82,36,9
40.396156,2150,1870,107,80,71,22,2257,1864,95,77,93,85,40,3
40.403931,2155,1870,108,80,70,27,2266,1870,92,77,85,82,47,13
40.411957,2157,1868,110,80,68,31,2264,1886,78,80,92,79,41,8
40.419289,2152,1868,109,81,67,27,2267,1866,90,90,93,68,46,14
40.426678,2153,1868,109,81,67,28,2269,1869,92,99,86,78,34,11
40.434013,2148,1869,108,82,66,23,2263,1868,87,90,93,75,40,10
40.441353,2147,1869,107,81,69,21,2260,1858,97,92,92,74,43,4
40.449390,2144,1869,109,81,68,17,2268,1866,90,78,88,89,50,7
40.456570,2151,1868,108,86,65,24,2270,1865,100,68,99,85,40,13
40.464287,2144,1866,108,87,65,18,2259,1871,87,84,93,78,38,8
40.472382,2146,1865,106,91,64,20,2262,1860,89,90,72,92,47,12
40.480148,2146,1865,108,88,65,20,2258,1869,71,75,89,92,49,13
40.488377,2147,1866,106,88,66,21,2255,1867,85,85,82,85,46,5
40.496338,2150,1866,105,89,66,24,2258,1874,78,76,91,75,54,10
40.504044,2148,1865,105,88,69,21,2252,1870,90,75,82,82,47,6
40.512207,2146,1866,105,89,67,19,2256,1866,90,82,90,73,46,9
40.520439,2148,1865,105,88,68,22,2259,1880,73,79,81,83,50,13
40.528423,2145,1865,107,87,66,20,2249,1865,83,86,83,77,45,10
40.536785,2141,1867,106,88,64,16,2240,1869,72,97,81,71,36,14
40.544956,2139,1867,108,86,65,13,2240,1867,70,96,84,71,42,10
40.552998,2143,1873,106,82,65,17,2242,1872,84,73,101,68,34,10
40.561665,2147,1872,106,84,64,21,2242,1874,69,96,86,72,38,7
40.570118,2146,1874,105,85,62,20,2244,1873,74,93,79,68,44,13
40.578362,2142,1875,105,84,62,16,2251,1874,72,89,80,88,40,8
40.586567,2143,1874,105,84,63,17,2246,1881,73,85,85,73,45,4
40.595669,2144,1875,101,90,59,19,2244,1872,73,86,89,77,41,6
40.604149,2154,1873,103,89,59,30,2242,1879,82,83,73,86,34,5
40.612103,2137,1873,103,90,58,13,2245,1877,85,76,86,69,45,7
40.620869,2143,1873,104,89,58,19,2247,1873,89,84,75,72,44,10
40.628967,2139,1875,103,91,55,15,2254,1878,74,77,99,77,41,8
40.637451,2143,1876,102,92,55,18,2253,1867,80,92,74,74,52,14
40.645382,2136,1878,97,94,56,11,2251,1876,80,74,79,86,43,13
40.653507,2145,1878,99,94,55,19,2251,1869,80,75,91,68,55,13
40.661499,2144,1879,99,91,57,18,2243,1885,87,72,77,79,38,5
40.669609,2145,1878,100,90,59,18,2241,1871,91,72,81,87,27,12
40.677917,2147,1877,100,91,62,17,2245,1870,82,76,101,76,28,12
40.686127,2148,1876,102,89,64,17,2255,1871,89,82,88,79,38,8
40.694168,2147,1876,102,91,61,17,2255,1883,71,87,97,66,45,6
40.702099,2156,1872,101,95,61,27,2263,1890,77,91,89,67,39,10
40.709747,2143,1870,104,95,60,14,2265,1870,95,93,85,78,31,13
40.717594,2148,1870,105,98,58,17,2265,1887,74,88,87,83,34,12
40.725407,2153,1869,103,102,57,22,2266,1878,97,69,91,74,47,10
40.733185,2155,1869,103,103,56,24,2257,1873,84,90,82,83,36,9
40.741199,2154,1868,102,107,52,25,2257,1868,82,80,88,82,43,14
40.748680,2164,1868,102,104,55,35,2252,1867,100,82,81,75,35,12
40.756317,2144,1868,102,103,56,15,2256,1880,85,72,90,70,48,11
40.764313,2149,1868,102,105,54,20,2254,1868,85,81,89,73,50,8
40.772625,2149,1867,106,103,53,20,2247,1879,85,80,98,61,37,7
40.780422,2156,1866,106,103,53,28,2259,1862,91,81,86,86,39,14
40.788246,2153,1866,105,105,51,26,2262,1877,85,92,91,65,39,13
40.796494,2151,1865,104,106,51,25,2255,1868,83,100,94,67,38,5
40.804131,2143,1868,102,104,52,17,2263,1865,88,86,86,82,50,6
40.811977,2147,1867,101,106,51,22,2252,1868,92,85,93,76,36,2
40.820217,2149,1867,100,108,49,25,2251,1872,80,80,99,76,36,8
40.827953,2146,1868,98,110,48,22,2252,1877,77,85,94,78,34,7
40.835941,2144,1868,98,107,50,21,2255,1877,71,102,82,73,41,9
40.844063,2136,1869,99,106,49,13,2256,1872,72,85,97,74,44,12
40.851261,2143,1866,103,104,52,18,2258,1860,90,77,80,84,55,12
40.859337,2144,1865,106,102,51,20,2256,1866,92,79,89,84,41,5
40.867199,2145,1864,108,101,50,22,2258,1867,84,89,89,79,42,8
40.875000,2134,1864,105,103,51,11,2253,1867,95,66,90,79,42,14
40.882820,2151,1863,107,100,53,28,2261,1872,86,87,81,73,48,14
40.890862,2146,1863,112,97,53,21,2254,1878,68,96,90,73,34,15
40.898540,2146,1863,112,96,54,21,2260,1876,84,87,83,70,48,12
40.906597,2149,1861,111,99,54,24,2259,1869,88,74,92,73,50,13
40.914341,2154,1860,113,100,55,26,2249,1875,80,80,82,77,49,6
40.922440,2149,1861,113,100,53,22,2253,1877,85,89,91,64,37,10
40.930302,2148,1864,110,100,54,20,2246,1879,73,82,93,68,41,10
40.938389,2148,1864,111,100,53,20,2242,1878,68,92,84,77,37,6
40.946571,2152,1864,111,100,54,23,2247,1868,69,81,83,78,50,18
40.954643,2150,1864,113,99,53,21,2242,1865,73,85,88,74,52,5
40.962963,2148,1865,112,100,52,19,2249,1864,76,91,69,94,41,14
40.970974,2149,1863,112,102,53,19,2237,1863,84,93,77,66,42,12
40.978786,2146,1862,113,102,53,16,2244,1859,79,95,84,73,42,12
40.987175,2153,1863,113,102,52,23,2243,1859,77,95,99,73,34,6
40.995232,2152,1862,114,102,53,21,2247,1863,89,83,76,76,47,13
41.003510,2152,1860,116,101,54,21,2253,1877,91,75,72,86,37,15
41.011429,2149,1859,117,102,53,18,2248,1860,80,94,67,80,56,11
41.019775,2149,1860,114,107,49,19,2244,1875,70,85,90,88,32,4
41.027458,2155,1859,115,106,52,23,2256,1870,80,90,75,87,42,12
41.034996,2152,1859,115,104,54,20,2257,1883,96,67,85,77,39,10
41.043179,2155,1859,115,103,53,25,2262,1881,88,79,63,74,58,19
41.050991,2146,1858,116,101,55,16,2258,1876,89,89,73,82,41,8
41.058998,2143,1857,117,101,55,13,2260,1872,85,73,95,76,51,8
41.066948,2159,1859,117,99,56,28,2260,1881,86,70,93,79,40,11
41.074776,2146,1857,120,97,57,15,2258,1874,68,86,87,77,57,9
41.082489,2152,1859,118,96,58,21,2254,1876,79,88,76,89,35,11
41.089905,2154,1858,118,97,58,23,2260,1874,84,69,99,77,47,10
41.098068,2150,1858,119,95,59,19,2262,1867,85,89,98,71,42,10
41.106216,2157,1860,120,95,56,26,2262,1870,86,80,86,88,45,7
41.113834,2161,1864,115,99,53,30,2262,1868,84,79,95,86,39,11
41.121742,2162,1863,116,98,54,31,2262,1866,90,91,76,83,42,14
41.129631,2149,1862,117,98,54,18,2259,1877,87,75,75,83,50,12
41.137516,2153,1859,114,102,55,23,2257,1872,83,81,90,70,53,8
41.145412,2150,1858,113,102,57,20,2255,1859,98,71,77,93,45,12
41.153358,2151,1857,113,103,57,21,2257,1883,81,95,90,61,35,12
41.161919,2152,1858,112,104,57,21,2256,1866,89,87,91,79,35,9
41.169933,2153,1858,113,102,59,21,2249,1867,81,80,102,76,38,5
41.178375,2158,1858,114,100,59,27,2258,1887,85,69,87,69,53,8
41.186893,2154,1860,114,98,59,23,2261,1881,77,92,80,81,45,5
41.194633,2154,1861,114,97,59,23,2264,1898,84,71,105,69,30,7
41.203316,2146,1864,113,95,59,15,2269,1883,83,81,96,80,37,9
41.211079,2153,1863,113,95,60,22,2266,1882,87,96,82,74,40,5
41.219204,2145,1862,110,98,60,15,2268,1882,81,72,94,86,47,6
41.227467,2154,1862,110,101,58,23,2268,1895,91,84,73,74,41,10
41.234940,2149,1860,112,101,58,18,2271,1879,85,86,91,77,41,12
41.242672,2157,1859,111,103,58,26,2266,1878,93,76,84,90,32,13
41.250351,2149,1859,112,101,58,19,2268,1885,86,83,79,86,38,11
41.258354,2147,1859,111,105,55,17,2259,1872,95,77,100,71,36,8
41.266315,2152,1858,112,103,56,23,2257,1871,95,70,88,83,43,7
41.274124,2153,1859,113,100,59,22,2267,1887,91,79,87,73,37,13
41.282532,2145,1859,116,97,57,16,2264,1874,93,84,88,79,40,6
41.290291,2153,1859,115,100,54,25,2271,1877,80,84,94,80,45,11
41.297760,2149,1860,116,98,54,21,2267,1882,83,82,94,78,39,9
41.305790,2152,1859,116,98,55,24,2264,1884,83,87,88,76,40,6
41.313763,2146,1859,116,98,55,18,2267,1870,85,74,112,70,46,10
41.322044,2153,1859,115,98,55,26,2264,1885,83,83,85,81,39,8
41.329987,2143,1860,115,99,52,17,2268,1878,78,84,101,70,46,11
41.337345,2156,1858,118,99,55,26,2271,1877,90,89,94,73,33,15
41.345417,2151,1857,120,99,54,21,2269,1887,83,83,92,73,40,11
41.353722,2152,1858,117,100,55,22,2259,1887,84,66,97,82,37,6
41.361847,2149,1856,115,101,58,19,2263,1876,89,78,95,72,48,5
41.369980,2146,1855,114,101,59,17,2268,1867,90,81,100,76,43,11
41.377586,2156,1856,113,102,59,26,2264,1880,102,86,74,74,42,6
41.385376,2154,1857,115,98,60,24,2261,1887,92,71,74,87,41,9
41.393059,2155,1858,115,97,61,24,2266,1874,93,94,72,86,36,11
41.400879,2152,1858,114,100,60,20,2270,1886,86,87,80,65,59,7
41.408791,2149,1859,111,104,57,18,2266,1886,86,75,94,74,41,10
41.417122,2149,1859,111,103,59,17,2279,1891,77,75,83,80,58,15
41.424583,2160,1861,106,106,57,30,2274,1890,89,83,78,79,48,7
41.432304,2152,1860,106,108,57,21,2271,1892,90,69,87,91,36,6
41.440632,2161,1859,108,106,58,30,2261,1878,93,90,78,72,42,8
41.449543,2156,1859,108,105,58,26,2257,1875,102,71,81,75,44,9
41.457409,2149,1862,108,103,58,18,2252,1888,81,67,90,75,42,9
41.465752,2148,1862,108,104,57,17,2245,1902,63,83,66,82,40,9
41.474220,2151,1862,105,106,58,20,2240,1880,83,74,77,83,36,7
41.481785,2146,1861,107,106,58,14,2241,1885,79,84,91,59,32,11
41.490875,2152,1860,109,104,57,22,2246,1880,89,72,87,77,31,10
41.499321,2160,1861,108,105,56,30,2247,1891,64,88,90,73,31,10
41.507996,2145,1863,106,109,52,15,2240,1891,67,79,90,69,35,9
41.516117,2153,1865,104,108,53,23,2237,1894,75,73,83,67,32,13
41.525139,2147,1863,104,108,55,17,2237,1888,87,63,87,62,46,4
41.533993,2159,1863,105,106,58,27,2247,1891,73,82,89,60,39,13
41.542439,2158,1865,105,105,58,25,2254,1893,74,79,90,72,42,4
41.550339,2159,1863,106,104,59,27,2261,1895,77,83,77,81,37,11
41.558926,2148,1863,106,103,60,16,2256,1879,86,83,87,64,49,8
41.566566,2149,1864,104,104,60,17,2260,1884,75,86,80,75,51,9
41.574875,2149,1860,105,108,58,18,2256,1879,76,76,85,81,45,14
41.583168,2152,1859,103,111,57,22,2248,1878,72,79,87,79,44,9
41.591728,2143,1859,102,110,59,13,2250,1883,74,80,77,82,40,14
41.600075,2160,1858,97,114,62,29,2252,1872,81,80,89,61,56,13
41.608353,2148,1857,99,113,63,16,2244,1872,76,82,93,68,45,8
41.616596,2151,1859,96,112,65,19,2254,1882,84,85,65,79,40,19
41.625546,2156,1859,99,111,64,23,2248,1866,86,76,95,76,35,14
41.633953,2150,1858,102,112,60,18,2252,1879,78,81,80,73,55,6
41.642204,2152,1855,106,108,63,20,2260,1879,84,76,71,86,52,12
41.650635,2153,1857,104,108,66,18,2257,1865,91,82,89,78,43,9
41.658497,2159,1857,103,110,67,22,2255,1887,73,98,82,67,40,8
41.666492,2156,1857,103,109,68,19,2261,1875,71,99,74,79,46,17
41.674389,2159,1857,102,105,73,22,2259,1877,83,74,89,80,45,11
41.682220,2165,1856,101,108,69,31,2263,1868,100,77,79,82,47,10
41.689968,2157,1857,101,109,67,23,2269,1879,88,88,83,80,39,12
41.698437,2160,1857,101,106,70,26,2273,1879,93,77,81,89,41,13
41.705631,2159,1860,100,107,67,25,2265,1863,94,86,95,69,54,4
41.713596,2152,1860,99,107,66,20,2272,1878,81,80,85,82,49,17
41.721672,2155,1858,100,109,65,23,2269,1873,94,71,91,82,43,15
41.729450,2152,1858,100,109,64,21,2264,1881,82,69,80,89,55,8
41.737629,2155,1859,100,107,63,26,2257,1876,84,82,78,86,40,11
41.746304,2152,1859,102,105,66,20,2266,1871,87,71,98,86,45,8
41.754238,2148,1858,100,108,66,16,2264,1867,89,69,85,79,55,20
41.762280,2153,1856,100,109,66,22,2261,1875,86,74,93,75,45,13
41.770065,2146,1855,101,108,67,15,2266,1876,73,73,94,78,60,12
41.778053,2148,1854,101,107,67,19,2256,1866,75,84,82,88,53,8
41.786388,2155,1854,101,108,67,25,2267,1878,83,83,86,83,44,10
41.793968,2161,1854,101,108,67,31,2267,1877,77,94,93,78,39,9
41.801811,2156,1853,100,108,69,26,2260,1875,77,83,94,83,45,3
41.809513,2145,1853,99,107,70,16,2270,1882,86,77,82,76,58,9
41.816666,2152,1852,101,105,70,24,2273,1880,74,91,85,86,46,11
41.824303,2156,1854,101,103,70,28,2273,1869,86,85,75,95,53,10
41.832577,2150,1855,100,104,69,22,2262,1878,86,78,84,85,44,7
41.840752,2148,1853,101,103,72,19,2263,1861,87,92,79,85,46,13
41.848286,2160,1853,102,104,72,29,2255,1873,72,94,82,79,44,11
41.856239,2150,1854,102,106,71,17,2255,1890,55,91,74,77,53,15
41.863987,2163,1854,102,105,72,30,2263,1871,83,87,84,67,54,17
41.871681,2156,1855,105,103,71,22,2256,1875,80,81,84,75,45,16
41.880077,2150,1854,108,101,72,15,2251,1878,90,79,73,81,45,5
41.888332,2147,1853,108,101,73,12,2254,1878,84,84,84,88,34,2
41.896370,2157,1852,109,101,73,22,2257,1890,77,81,86,81,31,11
41.904526,2157,1850,111,99,73,24,2256,1877,82,82,85,81,40,9
41.912228,2154,1851,111,98,73,21,2270,1885,85,77,88,87,38,10
41.920219,2169,1853,108,97,75,36,2268,1885,87,69,98,69,41,19
41.927658,2162,1853,110,99,70,30,2260,1886,73,83,71,73,60,14
41.935535,2161,1854,111,98,69,29,2262,1871,78,87,89,75,46,16
41.943012,2160,1853,111,96,71,29,2257,1884,77,90,88,73,35,10
41.951313,2149,1854,110,97,69,19,2262,1880,83,71,94,76,52,6
41.959126,2154,1854,109,98,69,24,2272,1880,82,81,80,83,54,12
41.967297,2146,1853,108,99,70,16,2271,1874,96,85,85,78,47,6
41.974953,2150,1852,110,99,69,20,2277,1866,96,73,87,93,50,12
41.982647,2148,1853,110,96,71,18,2275,1870,90,86,103,74,46,6
41.990463,2147,1852,111,95,72,17,2273,1884,83,81,92,75,44,14
41.998135,2141,1853,110,93,74,11,2272,1878,86,90,91,78,42,7
42.006058,2148,1853,110,99,68,18,2269,1875,85,77,92,75,54,11
42.013966,2158,1852,109,98,71,28,2269,1866,86,93,77,87,47,13
42.021946,2149,1853,109,100,69,18,2268,1887,78,83,88,63,54,15
42.030479,2151,1853,110,101,67,20,2260,1887,76,75,87,79,42,14
42.038471,2147,1852,112,98,68,17,2255,1883,91,78,79,64,47,13
42.046501,2158,1852,110,100,67,29,2250,1890,78,75,79,79,34,15
42.055000,2155,1850,109,104,66,26,2250,1878,71,84,91,59,53,14
42.062866,2141,1850,109,104,67,11,2252,1865,91,77,91,75,42,11
42.071655,2148,1851,108,106,65,18,2251,1880,82,82,97,57,39,14
42.079872,2145,1851,107,107,64,16,2253,1875,82,91,90,74,34,7
42.087898,2163,1854,104,108,64,33,2252,1876,92,81,83,72,38,10
42.096146,2144,1853,105,108,65,13,2252,1886,79,70,82,71,51,13
42.104027,2146,1852,107,108,62,17,2247,1884,70,82,88,68,41,14
42.111862,2153,1849,110,110,59,25,2249,1882,81,78,95,68,34,11
42.119991,2153,1848,112,108,59,26,2257,1886,76,73,96,74,36,16
42.127800,2144,1849,106,114,57,18,2258,1878,76,81,78,80,53,12
42.135983,2142,1849,106,112,57,18,2259,1865,96,81,90,77,42,8
42.143391,2154,1849,105,112,60,28,2260,1862,89,77,94,77,47,14
42.151505,2143,1848,108,111,56,20,2251,1876,88,75,82,68,48,14
42.159840,2141,1847,110,109,56,19,2247,1876,82,65,89,85,35,15
42.168129,2144,1846,110,108,58,22,2252,1879,74,88,78,80,41,12
42.175945,2142,1848,109,107,58,20,2250,1871,86,79,88,75,37,14
42.183670,2141,1849,109,106,57,20,2249,1874,80,73,83,75,53,11
42.191879,2147,1849,107,107,58,26,2247,1868,82,80,90,77,41,9
42.200237,2140,1851,107,104,59,19,2251,1865,86,76,87,79,40,18
42.208260,2138,1852,106,105,58,17,2242,1872,81,75,94,73,41,6
42.216663,2139,1851,105,107,59,17,2236,1871,77,77,83,88,29,11
42.225063,2139,1849,104,110,59,17,2226,1858,81,69,86,79,45,8
42.233559,2143,1847,108,104,63,21,2240,1864,83,75,75,83,48,12
42.241394,2156,1847,110,103,62,34,2240,1862,81,77,75,84,47,14
42.249088,2139,1849,111,97,65,17,2237,1872,74,86,76,68,53,8
42.257038,2141,1848,113,94,67,19,2232,1860,85,71,92,67,49,8
42.265331,2150,1849,112,94,66,29,2231,1861,80,77,84,89,33,7
42.273571,2144,1851,108,100,62,23,2237,1870,72,72,86,89,39,9
42.281807,2149,1848,109,101,62,29,2242,1874,74,81,86,83,37,7
42.289745,2137,1849,108,101,62,17,2241,1864,83,86,81,81,33,13
42.298080,2141,1849,107,105,59,21,2240,1871,86,78,85,69,44,7
42.306511,2141,1849,108,103,64,17,2246,1866,78,88,74,69,56,15
42.314865,2148,1850,107,101,66,24,2239,1864,89,79,83,76,42,6
42.323246,2146,1851,106,103,64,22,2236,1859,77,79,93,83,38,7
42.331402,2150,1851,106,104,63,26,2238,1861,79,88,80,85,33,12
42.339272,2149,1851,106,104,64,24,2241,1863,76,78,101,74,36,13
42.347610,2155,1851,107,106,62,29,2244,1866,79,76,79,85,45,14
42.356068,2148,1851,108,107,62,20,2245,1876,81,81,93,63,41,10
42.364021,2149,1852,107,110,59,21,2244,1871,92,90,84,66,33,8
42.372555,2163,1852,105,112,60,34,2245,1885,74,81,90,64,39,12
42.380810,2148,1852,104,115,58,19,2237,1883,79,84,78,64,44,5
42.389412,2144,1852,105,112,60,15,2239,1883,76,78,88,69,35,10
42.398232,2145,1853,106,108,62,16,2223,1860,92,72,81,75,35,8
42.406414,2151,1854,106,108,62,21,2233,1873,78,79,84,83,29,7
42.415104,2150,1851,109,106,64,20,2237,1883,71,81,87,69,41,5
42.423454,2144,1854,107,107,62,14,2240,1860,83,90,79,77,41,10
42.432060,2154,1854,110,102,65,23,2251,1874,76,76,80,95,34,16
42.439873,2152,1856,106,103,66,21,2254,1884,76,81,83,85,39,6
42.448086,2145,1857,106,100,67,15,2249,1868,70,90,98,75,40,8
42.455978,2149,1857,106,98,68,20,2248,1875,81,81,84,78,43,6
42.464550,2146,1858,104,99,67,18,2253,1871,84,83,96,74,35,10
42.472771,2155,1858,101,103,65,28,2258,1888,86,77,92,73,29,13
42.480549,2152,1857,101,104,65,25,2267,1882,82,89,87,71,42,14
42.488171,2152,1858,101,103,65,25,2258,1863,103,78,80,81,39,14
42.496075,2154,1858,102,100,68,26,2259,1881,74,90,78,80,44,12
42.504471,2156,1858,103,98,69,28,2252,1880,84,79,79,80,40,10
42.512482,2148,1858,104,97,69,20,2250,1880,78,96,86,61,43,6
42.520767,2150,1857,106,97,68,22,2255,1868,90,99,71,65,48,14
42.528305,2141,1858,105,94,68,16,2256,1872,88,67,105,62,48,14
42.536003,2151,1859,104,95,67,26,2256,1873,71,88,97,75,39,13
42.543644,2140,1859,104,94,68,15,2256,1872,92,84,85,81,33,9
42.551319,2152,1859,103,93,71,26,2255,1882,81,81,71,81,45,14
42.559063,2149,1858,103,92,71,25,2249,1867,93,73,88,80,37,11
42.566265,2143,1857,105,92,70,19,2251,1870,84,79,84,76,54,4
42.574314,2142,1858,103,94,69,18,2256,1869,83,86,95,72,42,9
42.582340,2140,1859,102,96,67,16,2246,1873,75,78,86,81,41,12
42.589928,2146,1860,101,96,68,21,2249,1874,74,78,97,75,40,11
42.598110,2146,1861,99,98,68,20,2250,1864,92,88,88,74,36,8
42.606045,2149,1862,97,101,67,22,2258,1883,77,69,104,67,39,19
42.614460,2143,1864,96,100,67,16,2261,1867,86,78,91,88,37,14
42.622841,2142,1864,97,98,68,15,2257,1876,78,79,91,82,38,13
42.630890,2146,1861,99,101,66,19,2254,1883,76,85,80,67,54,9
42.638821,2151,1861,99,101,66,24,2253,1872,86,88,88,69,47,3
42.646580,2143,1861,99,101,67,15,2273,1870,88,87,90,76,49,13
42.653877,2155,1861,98,104,65,27,2275,1869,87,74,95,89,44,17
42.661747,2158,1861,97,104,66,30,2271,1864,82,82,97,76,61,9
42.668999,2147,1860,97,105,67,18,2275,1879,87,76,84,80,57,12
42.676804,2148,1859,97,108,65,19,2270,1873,71,90,79,90,54,13
42.684299,2145,1858,99,110,62,16,2279,1872,81,89,89,96,39,13
42.691887,2157,1858,99,106,67,27,2275,1867,97,70,90,92,48,11
42.699898,2153,1858,100,104,68,23,2270,1871,86,89,98,70,43,13
42.707684,2152,1859,98,105,67,23,2271,1879,90,81,84,79,47,11
42.715271,2155,1858,101,102,68,26,2266,1878,90,82,96,65,48,7
42.722752,2146,1857,101,103,68,17,2269,1865,87,79,91,89,43,15
42.730553,2152,1859,99,104,67,23,2270,1875,90,73,99,75,50,8
42.738281,2145,1859,102,101,68,15,2274,1876,82,74,82,99,47,14
42.745731,2151,1859,102,100,69,21,2278,1879,93,86,86,76,50,8
42.753239,2158,1858,105,98,70,27,2281,1865,82,102,89,79,54,10
42.760784,2152,1859,103,102,67,21,2276,1872,85,101,87,72,50,9
42.767891,2149,1861,101,105,65,17,2282,1867,77,109,86,81,46,16
42.775089,2153,1859,102,106,64,22,2269,1876,85,90,77,91,41,9
42.782696,2150,1859,104,102,65,20,2274,1874,85,81,96,77,51,10
42.790218,2148,1860,102,102,67,17,2272,1867,82,83,86,100,42,12
42.798439,2149,1862,102,101,69,15,2274,1870,86,93,81,77,56,11
42.805981,2151,1858,105,99,72,17,2271,1867,82,85,103,77,42,15
42.813400,2158,1858,104,99,73,24,2263,1865,78,99,90,79,39,13
42.821251,2168,1859,102,101,72,34,2267,1866,82,91,84,77,54,13
42.828697,2154,1860,103,97,72,22,2273,1866,99,77,90,88,41,12
42.836468,2159,1862,101,98,72,26,2277,1863,93,89,94,90,38,10
42.844193,2159,1862,101,96,74,26,2274,1872,87,99,85,77,42,12
42.851711,2154,1864,98,99,71,22,2273,1861,90,84,86,94,49,9
42.859322,2155,1864,98,100,70,23,2278,1868,84,81,88,95,45,17
42.866787,2153,1864,97,102,69,21,2274,1878,87,84,82,91,43,9
42.874805,2155,1863,95,103,69,25,2273,1880,76,85,88,87,44,13
42.882885,2150,1862,97,102,69,20,2270,1865,81,87,94,91,45,7
42.890198,2152,1862,99,101,70,20,2277,1874,88,90,79,82,48,16
42.898163,2150,1861,98,101,73,17,2272,1869,88,95,85,81,43,11
42.906269,2158,1859,97,106,71,25,2275,1874,83,85,106,72,43,12
42.913265,2151,1859,98,103,73,18,2273,1880,79,78,92,79,48,17
42.921009,2150,1858,99,103,74,16,2270,1873,85,79,94,78,53,8
42.928864,2148,1858,100,102,74,14,2266,1861,89,93,87,80,41,15
42.937080,2151,1860,98,105,71,17,2266,1882,78,89,94,68,46,9
42.944965,2147,1859,101,104,71,12,2266,1877,78,86,98,76,44,7
42.952682,2154,1859,101,102,73,19,2266,1862,85,77,105,87,36,14
42.960236,2156,1858,100,105,72,21,2262,1874,81,88,84,84,45,6
42.968536,2158,1859,101,103,72,23,2257,1881,82,83,91,70,40,10
42.977154,2159,1861,100,100,74,24,2262,1871,88,80,89,80,35,19
42.985199,2155,1864,97,101,73,20,2255,1876,86,82,90,84,27,10
42.992924,2151,1866,97,99,73,16,2262,1873,78,96,72,81,55,7
43.000591,2152,1868,96,100,72,16,2261,1882,72,86,88,82,45,6
43.008774,2157,1867,95,103,72,20,2263,1879,77,90,84,73,47,13
43.016857,2158,1866,96,101,74,21,2253,1870,85,87,73,84,44,10
43.025005,2155,1866,96,104,71,18,2246,1874,89,85,93,58,36,11
43.033466,2152,1865,95,106,71,15,2249,1874,86,79,92,76,34,8
43.041676,2155,1865,96,106,69,19,2255,1882,79,78,90,72,45,9
43.050255,2157,1864,97,107,68,21,2255,1888,75,86,80,83,35,8
43.058224,2158,1865,96,107,68,22,2255,1876,90,84,71,85,39,10
43.065971,2158,1866,94,107,68,23,2259,1879,83,86,89,72,38,12
43.074062,2157,1865,95,107,68,22,2253,1875,84,83,71,74,59,7
43.082054,2149,1864,95,106,69,15,2254,1876,89,64,105,81,30,9
43.090179,2153,1864,96,103,71,19,2259,1879,78,86,83,76,42,15
43.098019,2154,1865,96,104,69,20,2261,1882,81,77,88,78,42,13
43.105968,2152,1866,94,104,69,19,2260,1878,77,90,82,74,49,10
43.114079,2141,1866,92,106,67,10,2256,1864,99,82,75,83,43,10
43.121716,2157,1867,92,103,69,26,2259,1874,90,80,92,74,42,7
43.129986,2155,1866,93,103,69,24,2258,1874,84,89,73,87,42,9
43.137562,2158,1865,92,102,71,28,2264,1856,98,88,85,94,32,11
43.145134,2149,1868,92,101,71,17,2263,1873,85,88,91,76,43,7
43.153168,2155,1867,93,100,73,22,2270,1871,104,87,69,83,42,14
43.160892,2158,1868,91,99,75,25,2282,1885,91,79,84,79,40,24
43.168488,2152,1867,92,98,76,19,2268,1876,89,81,91,85,37,9
43.176769,2152,1866,90,101,75,20,2271,1873,91,73,90,84,48,12
43.184105,2150,1863,93,98,78,18,2269,1877,84,84,84,83,44,13
43.192112,2148,1863,93,101,75,16,2277,1879,79,87,91,87,41,13
43.199322,2153,1863,91,102,74,23,2270,1873,91,79,88,81,48,10
43.207352,2144,1863,90,100,76,15,2271,1882,81,77,80,88,50,13
43.215332,2147,1862,90,101,76,18,2273,1866,87,85,87,88,47,13
43.223591,2154,1862,89,102,77,24,2271,1873,78,84,89,88,46,13
43.231083,2153,1860,89,102,79,23,2273,1870,89,92,80,82,43,17
43.238926,2159,1860,88,101,81,29,2279,1874,83,91,87,82,48,14
43.246090,2147,1858,90,98,83,18,2290,1873,74,92,98,86,52,15
43.253773,2154,1858,89,100,82,25,2297,1882,83,88,95,87,49,13
43.260670,2153,1858,90,98,82,25,2301,1872,93,79,109,80,54,14
43.267448,2142,1859,89,97,82,15,2294,1870,95,83,102,87,47,10
43.274387,2155,1859,92,97,79,28,2291,1880,77,85,92,94,54,9
43.281212,2152,1858,92,96,81,25,2291,1882,83,89,89,85,49,14
43.288456,2150,1859,91,98,79,23,2282,1875,83,74,83,102,57,8
43.296112,2156,1860,92,97,79,28,2279,1871,95,78,90,87,47,11
43.303535,2152,1859,94,96,79,24,2283,1872,99,75,87,86,53,11
43.310978,2152,1859,93,98,78,24,2283,1875,91,102,74,78,50,13
43.318302,2150,1860,91,100,78,21,2276,1871,96,84,96,74,48,7
43.326176,2156,1861,90,99,78,28,2272,1864,96,79,100,80,49,4
43.333641,2152,1860,87,103,77,25,2270,1878,81,85,83,85,44,14
43.341568,2139,1860,86,105,78,10,2262,1884,71,92,76,86,40,13
43.349991,2140,1860,88,103,78,11,2260,1887,85,81,76,77,46,8
43.357441,2161,1860,84,107,78,32,2265,1887,85,86,79,72,49,7
43.365131,2153,1860,84,106,80,23,2274,1874,89,80,94,81,43,13
43.372601,2157,1861,84,105,80,27,2275,1871,87,77,92,87,48,13
43.380089,2149,1862,84,104,80,19,2268,1874,86,87,85,71,52,13
43.387959,2156,1862,84,104,80,26,2268,1884,84,79,90,77,41,13
43.395699,2153,1862,84,107,77,23,2264,1866,75,83,89,96,42,13
43.403713,2152,1861,86,107,77,21,2257,1874,80,89,80,73,50,11
43.412018,2151,1861,86,108,76,20,2255,1863,96,84,89,76,39,8
43.420551,2156,1861,91,103,76,25,2257,1878,73,82,98,71,40,15
43.428432,2151,1860,89,107,75,20,2254,1877,87,82,86,78,33,11
43.436291,2147,1860,89,106,74,18,2250,1875,81,85,73,82,44,10
43.444298,2150,1860,89,106,76,19,2262,1878,71,69,95,88,41,20
43.452652,2150,1859,90,107,74,20,2255,1879,76,81,85,67,51,16
43.461353,2147,1859,96,102,72,18,2247,1879,82,81,81,75,41,8
43.469646,2150,1858,95,103,73,21,2253,1883,88,69,83,69,48,13
43.477798,2143,1858,93,104,73,15,2251,1879,89,82,77,75,35,14
43.485878,2142,1858,90,105,74,15,2239,1866,84,79,84,82,39,5
43.494083,2152,1858,93,103,73,25,2245,1874,85,70,93,76,40,7
43.502605,2155,1858,94,102,72,29,2244,1878,88,74,81,82,35,6
43.511127,2142,1858,94,102,70,18,2253,1884,81,68,99,70,41,10
43.518944,2148,1858,94,103,68,25,2250,1892,73,76,81,73,43,12
43.526997,2140,1858,92,104,66,20,2253,1878,68,80,78,86,50,13
43.534828,2139,1859,92,104,67,17,2250,1867,87,67,73,88,57,11
43.543526,2147,1861,93,102,68,23,2249,1869,92,70,85,88,37,8
43.551811,2147,1858,97,102,67,23,2251,1870,87,74,80,89,40,11
43.559860,2145,1858,97,101,68,21,2261,1879,75,82,85,80,49,11
43.567848,2146,1854,99,101,70,22,2249,1863,86,77,90,80,41,12
43.575886,2146,1854,99,102,69,22,2247,1874,79,81,75,84,47,7
43.584152,2136,1855,98,103,68,12,2239,1863,87,85,77,72,50,5
43.593117,2145,1855,97,103,70,20,2229,1866,87,81,86,69,32,8
43.601894,2153,1853,95,106,71,28,2230,1877,76,75,80,82,31,9
43.610046,2154,1854,95,108,68,29,2239,1868,85,71,84,73,41,17
43.618698,2147,1858,90,112,65,22,2230,1863,74,78,86,70,49,10
43.627048,2140,1857,90,112,66,15,2234,1858,75,91,89,71,43,7
43.635624,2148,1857,89,112,67,23,2236,1866,88,78,85,74,40,5
43.643650,2145,1857,90,109,71,18,2243,1865,76,79,92,78,45,8
43.651642,2147,1859,89,109,71,19,2246,1863,82,78,79,86,50,8
43.659885,2151,1860,88,108,72,23,2248,1863,81,75,79,92,44,14
43.668430,2149,1860,88,110,69,22,2243,1874,83,86,86,68,42,4
43.677067,2139,1862,87,112,66,12,2249,1865,91,73,92,76,40,12
43.685642,2148,1861,88,114,65,20,2241,1883,72,73,80,87,35,11
43.693890,2146,1861,89,112,66,18,2241,1870,82,88,82,71,34,14
43.701683,2151,1862,87,112,67,23,2241,1863,78,99,75,75,40,11
43.709774,2147,1863,88,112,65,19,2241,1875,73,88,85,67,43,10
43.717995,2159,1864,85,112,67,31,2244,1865,88,77,88,80,37,9
43.725899,2147,1862,86,113,67,19,2259,1875,79,72,105,65,47,16
43.734039,2153,1863,85,112,68,25,2253,1876,85,82,79,83,39,9
43.742680,2139,1862,85,110,69,13,2252,1873,90,73,85,72,52,7
43.750870,2149,1861,85,111,69,23,2246,1878,80,79,81,74,45,9
43.759254,2147,1862,82,113,70,20,2251,1877,80,69,76,90,46,13
43.767509,2147,1861,84,115,64,23,2243,1864,85,70,83,83,51,7
43.775902,2143,1861,86,111,65,20,2239,1864,83,81,75,79,44,13
43.784077,2149,1862,87,110,64,26,2244,1877,83,75,82,69,51,7
43.792122,2141,1864,86,111,63,17,2241,1887,70,77,75,91,33,8
43.800533,2148,1863,86,111,64,24,2246,1886,64,77,90,72,47,10
43.808929,2150,1866,83,113,63,25,2240,1883,74,79,88,65,42,9
43.817234,2141,1867,84,112,61,17,2236,1874,77,93,80,61,39,12
43.825466,2150,1867,84,111,61,27,2238,1868,83,70,93,72,38,14
43.833729,2152,1867,88,107,62,28,2241,1875,78,83,87,71,33,14
43.841919,2147,1867,88,107,62,23,2242,1867,79,95,75,73,40,13
43.849712,2145,1866,89,107,62,21,2246,1866,88,106,65,70,41,10
43.857845,2151,1864,91,106,64,26,2258,1859,93,79,95,72,42,18
43.865417,2151,1864,89,108,65,25,2261,1888,69,78,82,89,35,20
43.873180,2152,1865,90,106,65,26,2249,1869,89,70,103,67,37,14
43.881748,2144,1866,91,106,63,18,2241,1865,91,87,75,73,40,10
43.890400,2143,1865,92,105,64,17,2247,1879,76,67,91,82,40,12
43.898727,2156,1865,94,104,64,29,2254,1874,84,70,92,80,38,16
43.907116,2161,1866,92,105,65,33,2248,1890,71,80,94,73,30,10
43.915409,2147,1866,92,105,65,19,2246,1884,85,78,73,70,43,13
43.923962,2155,1867,93,102,65,28,2246,1886,83,66,81,86,35,9
43.931938,2140,1867,94,101,65,13,2249,1876,76,83,76,76,52,10
43.939690,2143,1866,94,102,66,15,2249,1871,84,80,80,76,47,11
43.947918,2152,1866,95,101,66,24,2250,1884,85,83,76,76,36,10
43.956017,2138,1866,95,103,62,12,2249,1878,88,83,82,74,32,12
43.964413,2150,1866,94,103,63,24,2244,1887,75,89,70,72,43,8
43.972569,2142,1866,93,104,64,15,2240,1883,76,83,73,77,38,10
43.980629,2148,1864,96,100,65,23,2241,1877,84,75,78,76,37,14
43.988949,2146,1865,97,98,64,22,2247,1879,81,73,94,65,48,7
43.997284,2147,1865,98,96,66,22,2257,1880,80,73,95,67,45,17
44.005642,2144,1865,98,96,67,18,2254,1871,82,88,95,81,35,2
44.013336,2143,1865,99,96,66,17,2266,1873,95,86,86,62,49,15
44.021851,2148,1865,100,95,65,23,2262,1869,84,78,103,78,38,12
44.029896,2154,1864,103,94,64,29,2269,1884,83,94,82,65,46,15
44.037968,2138,1863,104,93,65,13,2260,1878,85,94,76,78,42,7
44.045868,2144,1863,104,93,64,20,2252,1871,86,91,87,72,38,7
44.054214,2145,1863,99,98,64,21,2250,1878,81,86,93,64,37,11
44.062481,2147,1864,97,96,66,24,2238,1865,78,87,86,79,34,9
44.070908,2136,1863,100,96,64,13,2241,1862,85,73,87,73,51,10
44.079224,2147,1861,100,97,65,24,2244,1857,81,77,83,82,51,13
44.087242,2139,1861,98,99,66,15,2240,1861,74,87,85,73,48,12
44.095032,2147,1859,99,97,68,24,2239,1867,87,84,90,58,40,13
44.102806,2138,1856,99,105,62,16,2247,1858,77,82,86,79,50,15
44.110657,2143,1857,97,106,62,21,2257,1862,81,76,86,82,53,17
44.118469,2147,1855,100,102,65,25,2249,1866,65,90,95,83,46,4
44.126347,2141,1857,97,100,68,19,2261,1869,79,94,88,71,45,15
44.134136,2144,1858,95,103,65,23,2248,1858,97,85,80,84,37,7
44.141953,2144,1856,95,106,65,22,2255,1875,65,90,93,86,39,7
44.149868,2146,1855,99,100,68,24,2261,1863,86,90,84,81,43,14
44.157925,2146,1855,97,106,64,24,2269,1863,89,93,88,80,47,9
44.165504,2143,1857,97,105,61,23,2274,1872,92,85,90,80,42,13
44.172768,2144,1857,96,106,61,24,2273,1870,103,74,103,69,40,14
44.179993,2140,1857,94,108,61,20,2274,1862,85,96,83,80,55,13
44.187672,2135,1857,92,107,61,18,2273,1864,96,93,86,84,45,5
44.194733,2141,1858,92,108,59,24,2275,1871,70,97,83,90,53,11
44.201935,2142,1856,93,108,60,25,2271,1866,87,87,90,83,47,11
44.209034,2134,1855,95,108,59,17,2268,1866,87,76,98,83,50,8
44.216534,2135,1857,94,106,60,18,2276,1850,104,83,100,83,50,6
44.224285,2142,1858,94,105,60,25,2275,1865,96,80,94,78,49,13
44.231583,2139,1857,94,105,61,22,2286,1874,79,84,88,92,52,17
44.238811,2137,1858,93,105,64,17,2283,1867,98,68,89,92,53,16
44.246338,2144,1858,92,107,63,24,2278,1859,92,84,90,86,55,12
44.253494,2140,1858,94,103,65,20,2267,1870,90,72,83,77,67,8
44.261135,2143,1856,97,101,65,24,2262,1866,83,86,84,83,45,15
44.269352,2135,1857,96,101,65,16,2259,1867,87,83,81,79,52,10
44.277538,2146,1857,96,99,68,26,2252,1864,80,90,87,79,44,8
44.285561,2140,1857,96,101,66,20,2253,1856,83,84,87,81,50,12
44.293453,2149,1858,96,99,67,29,2244,1865,88,96,83,71,35,6
44.301891,2135,1859,95,101,65,15,2245,1860,90,79,90,72,51,3
44.309540,2142,1860,95,99,66,22,2250,1858,102,74,83,85,38,10
44.318188,2141,1859,99,94,69,20,2246,1887,77,86,88,60,35,13
44.326355,2139,1857,101,93,68,20,2243,1878,72,83,89,63,52,6
44.334198,2146,1857,102,94,68,25,2250,1866,81,87,89,85,31,11
44.342091,2149,1861,95,98,67,28,2240,1868,92,71,90,79,36,4
44.350452,2139,1862,94,98,68,17,2241,1863,79,79,97,69,46,8
44.358589,2139,1863,95,98,67,16,2238,1882,69,82,81,76,40,8
44.366859,2140,1862,94,99,68,17,2244,1861,78,82,90,72,47,14
44.374866,2140,1863,93,98,68,18,2249,1875,89,79,95,66,36,9
44.383045,2144,1861,92,100,67,24,2244,1865,80,87,90,77,35,10
44.390808,2137,1861,97,96,66,17,2246,1868,84,73,94,75,46,6
44.398670,2136,1862,97,95,64,18,2245,1860,93,74,91,82,36,9
44.406384,2138,1862,98,89,67,22,2254,1868,72,80,104,74,43,13
44.413963,2139,1863,96,90,67,23,2251,1866,87,78,93,72,46,9
44.421459,2125,1863,95,92,65,10,2259,1861,79,84,97,73,51,14
44.428898,2137,1862,94,92,66,23,2249,1855,85,76,98,83,45,7
44.436691,2140,1862,93,93,66,26,2251,1854,97,82,88,82,34,14
44.444366,2145,1862,92,96,65,30,2248,1866,76,92,92,67,49,6
44.452583,2134,1862,94,93,67,18,2249,1853,70,95,100,76,44,11
44.459991,2138,1863,93,94,65,23,2254,1857,90,79,82,81,51,14
44.467785,2132,1864,91,96,62,19,2252,1867,82,90,85,78,45,5
44.475769,2131,1864,90,98,61,18,2255,1852,89,95,84,79,47,9
44.483337,2132,1862,92,97,63,18,2256,1852,77,82,102,80,53,10
44.490879,2137,1862,93,93,64,25,2257,1856,83,88,86,92,45,7
44.498444,2130,1862,92,95,65,16,2261,1855,84,86,93,89,48,6
44.506233,2140,1860,92,95,67,26,2265,1857,83,75,97,95,45,13
44.513817,2133,1857,94,94,69,19,2261,1857,80,94,97,79,41,13
44.521011,2137,1857,93,92,73,22,2266,1847,85,95,87,90,49,13
44.528450,2146,1857,94,91,74,30,2267,1856,92,80,94,94,40,11
44.536045,2137,1857,95,89,75,21,2266,1860,88,89,98,73,45,13
44.543186,2132,1856,95,88,77,16,2271,1838,89,106,92,90,41,15
44.550690,2139,1855,97,85,78,24,2264,1853,90,81,106,84,40,10
44.557404,2138,1854,98,87,76,23,2265,1864,78,87,102,86,37,11
44.564812,2133,1853,99,86,77,18,2262,1859,81,80,99,92,38,13
44.572350,2137,1854,98,86,78,21,2256,1867,66,86,95,80,45,17
44.580387,2133,1853,99,86,79,16,2249,1850,73,80,110,76,48,12
44.588234,2143,1854,96,88,80,25,2245,1854,89,90,87,61,50,14
44.595966,2137,1855,95,89,79,19,2248,1860,78,82,91,87,36,14
44.603687,2136,1854,94,90,80,18,2239,1851,82,88,92,76,42,8
44.611244,2130,1850,96,92,80,12,2234,1863,77,75,84,84,42,9
44.619125,2143,1852,93,91,81,26,2241,1843,88,83,89,70,58,10
44.627052,2141,1851,92,93,80,25,2234,1856,78,74,98,73,40,15
44.635002,2134,1850,97,88,82,17,2244,1856,83,94,76,75,41,19
44.642899,2131,1851,95,91,80,14,2242,1847,81,83,110,69,39,13
44.651306,2133,1850,98,90,81,14,2242,1846,88,97,81,68,49,13
44.659428,2137,1848,99,91,82,17,2241,1853,76,93,93,74,43,9
44.667450,2151,1846,99,92,83,31,2243,1850,83,80,89,87,46,8
44.674931,2137,1846,100,92,82,17,2249,1850,74,91,105,77,37,15
44.682449,2141,1845,100,92,85,19,2252,1850,84,88,87,85,49,9
44.690544,2133,1845,101,92,82,13,2251,1850,86,77,95,81,44,18
44.698147,2133,1846,100,93,83,11,2248,1851,75,100,96,69,40,17
44.706249,2139,1846,100,93,83,17,2241,1845,87,89,87,78,42,13
44.714195,2138,1846,97,94,79,22,2244,1846,81,93,114,61,41,8
44.721622,2138,1848,95,96,77,22,2245,1853,86,86,104,74,34,8
44.729431,2132,1847,96,96,76,17,2239,1843,89,86,92,75,44,10
44.737190,2135,1848,96,99,71,21,2241,1860,75,91,90,79,37,9
44.744843,2130,1848,97,97,72,16,2244,1857,93,89,80,80,39,6
44.752434,2131,1849,97,92,76,17,2245,1851,97,90,91,70,39,7
44.759995,2136,1849,94,89,81,23,2250,1855,82,90,107,79,29,8
44.768055,2137,1849,94,90,82,22,2255,1842,98,92,77,91,43,12
44.775700,2138,1849,95,86,85,23,2253,1858,75,98,100,64,49,9
44.783054,2135,1848,95,88,85,19,2251,1846,96,92,99,70,42,6
44.790852,2150,1849,94,89,82,36,2254,1845,89,93,89,82,41,15
44.798576,2138,1849,94,89,81,25,2246,1848,80,95,93,77,45,8
44.805946,2140,1849,95,87,83,26,2248,1837,96,89,94,79,45,8
44.813282,2138,1848,96,91,79,24,2249,1860,81,91,85,85,39,8
44.821438,2133,1848,96,93,78,18,2254,1859,96,100,79,62,46,12
44.829105,2142,1846,98,94,76,28,2249,1845,91,93,94,72,42,12
44.836781,2135,1845,99,94,76,21,2246,1836,89,101,87,81,42,10
44.843876,2133,1844,100,95,75,19,2246,1846,84,89,105,67,40,15
44.851570,2137,1844,100,93,77,23,2239,1848,80,94,98,70,39,10
44.859325,2141,1842,103,90,79,27,2234,1858,79,87,82,79,37,12
44.866936,2136,1841,105,87,83,20,2232,1853,101,79,87,62,36,14
44.874996,2136,1840,105,88,83,20,2231,1845,92,85,86,75,37,11
44.883350,2142,1839,106,88,82,27,2230,1850,79,81,99,74,40,7
44.891689,2138,1838,108,89,82,21,2228,1853,84,85,86,63,50,7
44.900539,2137,1839,107,90,80,21,2231,1859,86,85,88,56,44,13
44.908596,2139,1838,109,89,80,23,2231,1845,96,82,97,62,35,14
44.916939,2136,1837,111,86,81,21,2229,1860,89,77,87,62,44,10
44.925041,2142,1837,111,86,80,28,2219,1853,84,83,80,69,41,9
44.933193,2138,1838,112,83,81,24,2218,1847,88,82,78,82,33,8
44.941746,2131,1838,112,87,75,19,2216,1843,84,88,88,77,32,4
44.950245,2137,1838,110,91,74,24,2220,1849,85,81,75,84,39,7
44.958771,2132,1840,108,93,73,18,2223,1844,82,79,76,86,47,9
44.966835,2137,1843,106,97,68,23,2224,1848,80,84,82,68,49,13
44.974892,2135,1843,111,92,69,20,2226,1860,85,78,84,77,33,9
44.983139,2132,1844,109,94,68,17,2226,1856,85,76,85,62,52,10
44.991661,2136,1845,111,94,66,20,2228,1854,90,88,82,74,33,7
45.000202,2131,1845,110,96,65,15,2224,1854,83,82,82,67,44,12
45.008823,2137,1846,105,100,64,22,2226,1864,79,89,78,68,35,13
45.018093,2132,1845,108,99,64,16,2216,1857,90,78,75,71,37,8
45.027184,2139,1845,109,98,65,22,2214,1844,93,67,88,75,36,11
45.035568,2141,1848,110,93,67,23,2211,1853,85,79,83,71,28,12
45.043758,2142,1849,111,93,66,23,2218,1847,90,88,74,81,28,10
45.052250,2136,1849,108,98,64,17,2218,1849,102,92,79,62,28,6
45.060818,2144,1848,109,99,62,26,2214,1854,88,83,88,63,31,7
45.069611,2133,1846,108,102,62,15,2212,1849,88,82,83,73,35,2
45.078312,2146,1845,108,102,63,28,2218,1869,74,88,81,63,35,8
45.086517,2130,1843,109,100,65,13,2223,1850,99,88,79,60,34,13
45.095257,2146,1844,107,102,64,29,2212,1857,81,82,85,66,32,9
45.104256,2133,1845,108,99,66,15,2212,1846,91,80,66,76,44,9
45.113304,2137,1848,107,98,66,18,2208,1860,79,75,75,73,37,9
45.122314,2137,1848,107,98,66,18,2218,1848,82,77,89,65,38,19
45.130463,2145,1848,108,97,66,26,2220,1855,90,87,76,70,35,7
45.138569,2143,1850,107,95,67,24,2235,1862,73,93,83,79,33,12
45.146637,2139,1849,106,97,68,19,2236,1860,89,86,84,63,44,10
45.154793,2141,1849,105,97,67,23,2235,1854,91,77,85,78,47,3
45.162682,2145,1849,106,96,67,27,2237,1850,78,94,78,83,45,9
45.170158,2139,1850,106,95,68,20,2232,1846,72,97,82,73,47,15
45.178402,2139,1848,107,95,70,19,2232,1865,73,87,90,71,29,17
45.186699,2142,1850,103,98,69,22,2231,1855,80,100,82,76,32,6
45.195381,2140,1848,105,97,70,20,2229,1864,80,76,96,68,34,11
45.203739,2133,1848,108,95,66,16,2232,1856,80,83,101,66,37,9
45.212086,2143,1849,106,95,66,27,2231,1862,75,95,79,77,34,9
45.219910,2133,1849,104,96,67,17,2234,1853,83,94,81,76,43,4
45.227715,2134,1850,104,96,66,18,2242,1857,84,85,95,73,40,8
45.235706,2138,1850,104,98,64,22,2252,1860,82,82,87,81,46,14
45.243523,2134,1849,107,96,64,18,2246,1871,77,90,86,79,35,8
45.251659,2135,1847,108,95,66,19,2234,1852,91,79,80,86,35,11
45.259083,2135,1847,109,93,67,19,2247,1854,83,86,93,72,45,14
45.267300,2141,1848,108,94,64,27,2247,1852,95,87,94,73,34,12
45.275063,2139,1846,109,94,65,25,2251,1851,100,70,93,83,43,11
45.282730,2136,1845,109,95,65,22,2246,1860,79,73,115,64,45,10
45.290508,2138,1845,109,93,67,24,2256,1862,71,93,90,82,44,14
45.298374,2138,1844,108,95,67,24,2243,1864,85,79,90,73,39,13
45.306160,2133,1843,110,94,66,20,2247,1865,79,81,97,84,32,9
45.314281,2131,1843,110,92,68,18,2240,1856,84,89,84,83,42,2
45.322495,2139,1842,108,94,68,27,2240,1845,93,93,95,68,36,10
45.330837,2130,1841,109,92,70,18,2239,1862,80,81,95,59,44,18
45.338547,2131,1841,111,91,68,20,2238,1859,80,95,85,68,38,13
45.346340,2136,1840,110,93,67,26,2237,1847,90,85,89,75,40,11
45.354439,2123,1839,111,95,66,12,2235,1848,83,74,93,76,49,12
45.362328,2124,1840,112,92,67,13,2240,1844,84,90,89,85,35,13
45.370129,2135,1840,111,93,65,26,2243,1841,95,89,79,83,46,10
45.378078,2118,1840,112,92,65,9,2242,1847,92,92,81,80,42,8
45.385307,2132,1840,112,94,64,22,2254,1846,94,88,86,75,48,17
45.392807,2134,1839,111,96,62,26,2254,1850,97,75,90,86,43,13
45.400333,2128,1839,110,97,61,21,2253,1848,85,89,98,75,49,9
45.407673,2129,1839,109,98,59,24,2247,1856,87,76,82,91,49,6
45.414829,2122,1838,109,98,61,16,2244,1853,90,89,85,77,38,12
45.423008,2122,1837,109,97,63,16,2238,1863,90,76,83,83,32,11
45.431217,2127,1838,107,98,63,21,2231,1841,102,79,90,70,44,5
45.439518,2127,1839,106,100,61,21,2233,1845,89,89,84,72,45,9
45.447353,2131,1841,102,104,60,24,2234,1838,104,84,88,71,42,7
45.455273,2129,1841,101,101,64,22,2243,1851,86,73,90,91,38,14
45.462799,2128,1842,100,101,63,22,2249,1854,82,81,88,83,54,7
45.470215,2136,1841,102,98,67,28,2249,1844,86,96,90,78,43,12
45.477661,2133,1840,103,98,68,24,2240,1852,85,101,87,78,32,5
45.485622,2123,1842,103,97,69,12,2245,1858,86,90,86,79,31,15
45.493587,2134,1844,101,98,67,24,2249,1849,92,81,93,85,38,11
45.500790,2133,1844,101,100,65,23,2241,1843,95,65,98,71,56,13
45.509369,2131,1843,103,99,66,20,2234,1848,89,99,72,81,36,9
45.517567,2127,1843,102,102,64,16,2236,1855,91,81,81,85,31,12
45.525089,2131,1842,104,100,64,21,2238,1855,82,93,81,90,27,10
45.532848,2129,1840,104,101,64,20,2241,1843,90,86,86,84,42,10
45.540878,2135,1840,103,102,64,26,2241,1845,93,89,91,76,41,6
45.548126,2133,1840,105,104,62,22,2250,1856,98,78,88,85,37,8
45.555393,2137,1842,103,104,62,26,2250,1854,73,91,97,89,38,8
45.562881,2144,1843,102,101,65,33,2255,1854,96,83,93,77,38,14
45.570248,2139,1843,101,101,66,28,2243,1857,81,89,97,62,46,11
45.577602,2136,1844,99,101,68,24,2242,1847,94,80,81,90,42,8
45.584942,2134,1844,99,104,65,22,2242,1845,90,76,92,81,46,12
45.592773,2138,1845,97,105,63,28,2246,1854,80,100,84,67,45,16
45.600468,2129,1848,98,103,61,19,2253,1849,85,92,82,92,41,12
45.608192,2128,1847,98,104,60,19,2257,1843,83,103,83,82,48,15
45.615074,2125,1847,98,104,60,16,2255,1839,97,85,76,92,51,15
45.622540,2124,1844,98,105,63,14,2257,1848,94,94,90,75,43,13
45.630016,2129,1843,98,108,61,19,2258,1849,91,87,98,76,44,13
45.638004,2126,1844,99,105,63,15,2256,1857,78,79,109,80,43,10
45.645164,2127,1843,100,103,65,16,2257,1852,86,86,100,83,41,9
45.652302,2128,1844,99,102,65,18,2259,1859,77,92,98,83,42,8
45.659794,2138,1845,99,100,66,28,2256,1858,94,89,79,89,36,11
45.667488,2132,1843,99,102,66,22,2261,1851,93,71,99,85,49,13
45.675079,2131,1842,100,100,67,22,2256,1843,91,82,105,79,50,6
45.682381,2119,1841,101,98,65,14,2252,1837,100,78,86,86,54,11
45.689743,2120,1842,101,99,64,14,2247,1853,92,84,97,78,34,9
45.697315,2118,1843,100,100,62,13,2236,1858,91,79,89,80,32,7
45.705193,2127,1841,104,95,65,22,2241,1852,94,81,79,80,48,7
45.712406,2127,1842,102,97,62,24,2246,1845,93,86,67,96,44,15
45.719662,2134,1842,102,98,62,30,2250,1846,96,92,85,80,39,12
45.726868,2129,1843,100,101,61,24,2248,1837,104,88,83,80,48,8
45.734734,2122,1842,101,101,61,17,2237,1848,87,80,99,82,35,6
45.741966,2131,1842,100,102,59,28,2241,1836,96,72,96,85,43,13
45.749847,2118,1843,98,104,58,15,2242,1851,91,86,85,76,45,8
45.757442,2126,1844,98,103,58,23,2242,1846,90,85,85,83,44,9
45.764893,2120,1844,98,102,59,17,2249,1840,83,86,91,93,41,15
45.772301,2123,1842,100,100,61,20,2243,1853,88,86,99,66,42,9
45.779957,2127,1842,99,102,60,24,2250,1846,85,89,101,71,47,11
45.787483,2122,1843,100,98,61,20,2250,1836,88,113,91,63,45,14
45.794880,2128,1843,99,100,61,25,2251,1852,80,102,94,69,44,10
45.802361,2124,1844,99,99,60,22,2248,1841,83,87,90,79,55,13
45.810314,2121,1844,96,101,61,19,2240,1837,84,102,85,82,40,10
45.818016,2127,1844,99,101,58,25,2234,1840,87,88,97,70,44,8
45.825897,2120,1842,101,100,59,18,2237,1848,85,82,87,76,51,8
45.834175,2120,1842,100,102,58,18,2233,1853,76,93,90,73,34,14
45.842087,2125,1843,100,100,59,23,2227,1849,80,92,85,75,35,11
45.849697,2126,1843,100,99,60,24,2238,1850,82,91,88,65,51,11
45.857178,2122,1844,101,98,60,19,2247,1836,90,81,83,84,55,18
45.864689,2126,1845,99,101,58,23,2251,1838,84,79,102,77,57,14
45.871593,2123,1846,98,104,55,20,2250,1846,90,88,109,63,46,8
45.878780,2127,1845,97,102,59,24,2250,1838,101,88,90,78,41,14
45.886696,2116,1843,99,102,60,12,2246,1847,82,84,93,83,48,9
45.894348,2122,1842,98,102,62,18,2243,1843,93,83,92,75,48,9
45.902271,2125,1843,97,102,64,19,2241,1855,88,71,92,79,43,13
45.909885,2127,1843,96,105,63,20,2235,1857,88,79,75,77,44,15
45.917439,2128,1843,95,109,59,22,2232,1848,75,86,88,80,46,9
45.925636,2124,1842,98,106,61,17,2241,1843,83,79,99,72,53,12
45.933578,2138,1840,101,107,59,31,2232,1849,89,95,69,70,49,11
45.941528,2128,1840,103,106,56,23,2234,1846,85,92,80,78,44,9
45.949234,2132,1842,101,104,59,26,2227,1858,77,88,97,60,39,8
45.956753,2120,1841,102,103,59,15,2233,1849,84,78,78,88,46,10
45.964626,2128,1840,103,102,60,23,2234,1857,80,75,95,84,34,9
45.973000,2119,1840,101,104,59,15,2232,1835,103,73,90,74,41,16
45.980911,2126,1840,101,106,57,22,2235,1848,83,89,79,84,36,16
45.988285,2136,1840,101,105,57,33,2235,1849,69,76,85,88,50,18
45.995865,2115,1840,104,103,56,12,2230,1851,79,93,87,69,35,16
46.004078,2118,1840,105,103,56,14,2224,1851,78,92,72,70,49,12
46.012226,2132,1839,104,103,58,28,2212,1853,83,81,77,74,38,6
46.020760,2121,1839,105,100,60,17,2225,1850,88,74,86,68,50,9
46.029110,2125,1839,106,99,58,23,2229,1845,84,92,78,68,48,14
46.037823,2121,1839,106,97,61,18,2222,1850,83,90,85,68,33,13
46.045956,2113,1839,105,98,59,12,2222,1852,84,89,66,73,41,17
46.054276,2125,1839,104,98,60,24,2230,1855,83,81,85,72,43,11
46.062653,2124,1838,104,97,60,25,2227,1851,89,81,83,73,42,8
46.070793,2119,1836,108,95,59,21,2238,1851,86,89,75,73,52,12
46.078892,2119,1837,105,96,59,22,2236,1851,79,95,79,71,48,13
46.087078,2119,1839,102,95,61,22,2232,1851,78,75,91,79,48,10
46.095325,2106,1837,104,94,61,10,2228,1838,83,89,78,86,43,11
46.103359,2115,1836,106,92,62,19,2237,1840,86,85,73,93,50,10
46.111500,2118,1836,106,91,62,23,2233,1838,92,73,86,95,44,5
46.119541,2113,1837,103,89,66,18,2229,1835,90,81,89,82,41,11
46.127380,2115,1837,103,88,67,20,2230,1846,92,84,83,72,41,12
46.135708,2127,1834,106,85,70,32,2228,1844,75,95,86,79,41,8
46.143970,2113,1834,105,86,70,18,2217,1848,77,95,78,62,45,12
46.152195,2119,1834,105,88,67,25,2219,1841,82,80,88,71,50,7
46.161266,2118,1833,105,89,66,25,2219,1839,83,87,78,72,47,13
46.169369,2119,1833,105,89,66,26,2219,1845,81,70,95,64,52,12
46.177128,2108,1830,107,88,66,17,2220,1831,88,75,87,78,49,12
46.185204,2108,1831,105,90,63,19,2217,1832,81,85,71,79,54,15
46.193157,2109,1830,107,89,63,20,2218,1833,64,94,74,91,50,12
46.201351,2102,1828,106,95,59,14,2222,1823,82,81,86,99,43,8
46.209499,2111,1831,102,92,64,22,2216,1826,84,82,97,87,30,10
46.217655,2104,1829,104,89,67,15,2217,1831,86,86,88,76,41,9
46.225090,2107,1829,102,91,67,18,2221,1826,78,102,82,67,51,15
46.233105,2115,1830,101,90,68,26,2217,1823,84,85,93,82,39,11
46.240658,2110,1830,100,90,69,21,2217,1823,79,95,94,79,39,8
46.249119,2111,1831,97,90,71,22,2224,1834,77,81,96,85,43,8
46.256416,2110,1830,98,89,71,22,2228,1823,95,76,105,76,47,6
46.263992,2115,1831,95,90,73,26,2231,1829,81,94,99,77,39,12
46.271812,2111,1828,99,91,70,23,2224,1829,85,77,94,85,44,10
46.279278,2110,1827,100,92,71,20,2220,1824,78,82,93,81,46,16
46.287285,2114,1826,100,92,71,25,2216,1819,91,77,102,69,47,11
46.295303,2098,1826,99,93,70,10,2216,1830,88,76,96,80,37,9
46.302471,2102,1826,99,91,71,15,2219,1818,68,88,90,86,54,15
46.310440,2102,1827,100,91,68,16,2213,1819,89,92,71,83,45,14
46.319206,2110,1828,99,92,65,26,2212,1822,85,92,77,77,49,10
46.327518,2102,1828,99,90,67,18,2211,1824,79,83,84,88,43,10
46.335480,2100,1829,97,92,65,17,2206,1805,82,85,87,82,55,10
46.343578,2108,1831,98,86,68,25,2208,1817,75,101,85,85,36,9
46.351624,2101,1831,98,86,68,18,2197,1815,82,80,97,65,50,8
46.360531,2105,1830,99,86,69,21,2196,1829,75,89,76,84,29,14
46.368614,2105,1830,100,87,68,20,2204,1828,67,108,81,61,46,13
46.376865,2109,1830,100,87,68,24,2205,1819,89,73,90,76,46,12
46.384846,2099,1829,100,87,69,14,2202,1838,69,83,98,63,36,15
46.393494,2107,1826,101,87,68,25,2194,1818,86,87,86,69,42,6
46.402092,2108,1825,102,90,67,24,2188,1825,76,92,87,69,34,5
46.410213,2102,1824,102,95,64,17,2188,1824,74,90,75,80,36,9
46.418289,2109,1824,104,92,65,24,2199,1825,78,87,96,58,45,10
46.426643,2106,1823,102,96,64,21,2195,1823,72,87,76,77,49,11
46.435158,2109,1823,103,96,62,25,2190,1823,69,86,82,86,37,7
46.443707,2097,1824,102,97,62,12,2196,1824,86,83,70,76,51,6
46.451626,2105,1823,103,97,61,21,2186,1826,75,78,90,65,48,4
46.460457,2101,1822,103,96,63,17,2190,1822,83,84,80,67,42,12
46.468761,2112,1821,102,96,65,28,2188,1827,73,87,73,73,38,17
46.477440,2103,1820,101,99,64,19,2186,1832,66,88,81,73,39,7
46.486008,2101,1820,103,98,62,18,2193,1821,83,80,79,73,43,14
46.494148,2109,1822,101,98,63,25,2194,1826,92,80,78,62,46,10
46.502426,2096,1820,103,96,64,13,2185,1830,77,86,72,72,43,5
46.511181,2100,1824,101,93,65,17,2185,1831,81,73,73,70,44,13
46.519844,2099,1823,101,94,66,15,2189,1811,89,66,93,75,45,10
46.528885,2107,1822,103,93,67,22,2195,1822,76,82,83,85,36,11
46.537327,2103,1821,104,93,67,18,2192,1826,71,102,85,59,41,8
46.545994,2108,1822,104,92,67,23,2191,1825,78,80,89,76,33,10
46.555042,2103,1822,105,93,65,18,2190,1833,72,83,80,77,41,4
46.563324,2102,1821,106,94,63,18,2197,1833,69,77,97,65,46,10
46.571903,2111,1818,108,89,67,29,2198,1828,88,81,92,68,32,9
46.580097,2107,1816,110,90,68,23,2211,1842,67,92,89,65,44,12
46.588139,2111,1816,110,91,67,27,2209,1834,78,85,85,67,52,8
46.596088,2102,1817,110,90,67,18,2215,1817,85,86,99,72,46,10
46.604279,2106,1816,111,90,67,22,2219,1828,87,80,93,72,46,13
46.611774,2102,1815,110,90,68,19,2223,1818,83,85,84,97,46,10
46.619190,2100,1815,109,90,69,17,2220,1819,77,97,95,71,49,12
46.626797,2103,1815,109,90,70,19,2219,1816,82,96,87,86,41,11
46.634766,2106,1815,103,97,67,24,2222,1825,89,79,90,74,55,10
46.642902,2109,1811,107,93,72,26,2213,1831,83,98,87,68,37,9
46.650833,2107,1810,107,93,71,26,2220,1839,85,82,83,64,45,22
46.658222,2101,1811,106,94,70,20,2218,1832,93,74,84,76,47,12
46.666035,2109,1811,107,95,69,27,2214,1830,104,75,96,68,37,4
46.674065,2106,1814,105,97,68,22,2217,1823,78,86,109,71,42,8
46.681454,2100,1813,107,96,69,15,2215,1829,82,79,103,77,41,4
46.689644,2102,1813,106,98,68,17,2213,1817,88,88,83,91,35,11
46.698162,2097,1814,106,97,66,14,2215,1831,85,72,94,73,52,8
46.706253,2101,1814,105,94,69,19,2215,1812,86,81,93,87,43,13
46.714073,2103,1814,104,97,66,22,2209,1830,70,97,96,80,33,3
46.722290,2101,1815,102,99,65,20,2200,1824,93,82,83,85,28,5
46.730091,2102,1815,102,101,64,20,2209,1829,75,92,91,74,40,8
46.738201,2106,1815,103,98,67,23,2206,1820,95,101,72,64,44,10
46.745892,2098,1814,103,98,67,16,2207,1820,89,91,80,71,45,11
46.753578,2103,1815,102,96,69,21,2204,1829,75,90,96,66,36,12
46.761349,2103,1813,101,97,70,22,2211,1844,77,83,94,64,37,12
46.769356,2092,1813,102,95,70,12,2208,1819,85,81,92,75,46,10
46.777172,2108,1812,103,95,70,28,2209,1811,92,77,107,74,41,7
46.784611,2104,1810,104,92,74,24,2208,1828,80,102,80,67,45,6
46.792198,2114,1811,103,91,75,34,2206,1833,71,94,92,79,31,6
46.799831,2099,1812,103,91,73,20,2207,1829,83,107,76,66,40,6
46.807564,2099,1811,104,91,73,20,2215,1821,82,102,91,67,46,6
46.814907,2098,1812,104,90,73,19,2218,1816,76,103,76,90,44,13
46.822330,2093,1810,106,91,71,15,2210,1804,87,88,105,78,39,9
46.829937,2098,1810,105,92,70,21,2205,1808,84,87,104,72,42,8
46.838261,2103,1810,104,93,71,25,2201,1817,81,90,83,84,38,8
46.845825,2101,1811,103,94,71,22,2203,1812,101,88,85,73,37,7
46.853680,2110,1812,103,93,71,31,2208,1821,85,90,83,77,41,11
46.861004,2099,1813,102,92,71,21,2203,1819,83,90,87,76,41,7
46.868645,2098,1812,103,93,70,20,2210,1817,86,86,95,85,33,8
46.876385,2095,1812,103,91,71,18,2213,1814,83,85,94,71,58,8
46.884148,2099,1812,103,90,72,22,2204,1829,80,97,85,72,33,8
46.892014,2105,1811,106,86,75,27,2201,1818,88,80,94,81,35,5
46.900028,2112,1812,104,88,73,35,2199,1826,77,73,97,77,42,7
46.907391,2105,1810,107,83,77,28,2203,1820,90,82,92,71,33,15
46.915432,2100,1809,109,82,76,24,2198,1823,82,79,82,82,42,8
46.923454,2107,1808,109,81,78,31,2203,1826,85,98,83,60,43,8
46.931091,2099,1808,109,81,78,23,2202,1818,98,73,90,81,30,12
46.938869,2098,1809,108,85,75,21,2205,1822,103,72,88,66,40,14
46.947266,2098,1811,108,84,74,21,2204,1822,83,86,89,81,34,9
46.955036,2093,1811,108,82,76,16,2207,1824,82,80,95,74,36,16
46.963226,2103,1811,108,80,78,26,2207,1822,94,68,92,66,53,12
46.970741,2104,1811,106,80,79,28,2204,1835,80,80,78,76,44,11
46.979599,2092,1810,103,85,77,17,2202,1829,85,77,94,74,37,6
46.987843,2103,1811,102,87,75,28,2206,1814,100,68,89,80,43,12
46.995510,2102,1811,101,89,74,27,2204,1828,87,74,83,86,38,8
47.003372,2099,1811,101,90,71,26,2211,1842,67,83,85,89,36,9
