0.000018,2400,2300,100,0,0,0,2400,2300,0,99,1,0,0,0
0.017715,2408,2296,99,5,0,8,2410,2215,50,49,47,32,11,6
0.032833,2412,2294,99,6,1,12,2409,2216,45,52,45,31,19,1
0.047618,2408,2293,97,9,1,8,2406,2218,35,51,55,29,12,6
0.062379,2413,2288,95,16,1,13,2408,2213,41,53,50,31,11,9
0.077657,2405,2285,94,20,1,5,2402,2205,42,52,48,36,16,3
0.093194,2408,2281,90,28,1,8,2403,2213,46,56,45,27,12,4
0.108428,2407,2281,90,28,1,7,2416,2210,40,50,54,33,20,9
0.123069,2405,2278,88,32,2,5,2402,2206,43,62,45,34,9,3
0.139278,2407,2275,90,32,3,7,2408,2215,42,51,46,36,14,4
0.154486,2405,2274,90,32,4,5,2406,2207,48,49,42,37,19,4
0.170295,2404,2273,89,32,6,4,2408,2215,37,52,50,32,20,2
0.184281,2411,2274,88,31,7,11,2415,2212,38,63,51,27,17,7
0.198942,2409,2275,88,30,8,8,2415,2214,39,53,49,34,19,7
0.213752,2416,2275,85,34,7,15,2418,2215,50,40,61,30,14,8
0.228693,2407,2272,87,32,10,6,2417,2216,45,50,53,36,13,4
0.243714,2413,2270,88,32,11,12,2417,2221,36,49,59,34,16,2
0.259089,2409,2269,86,34,12,8,2417,2213,33,51,57,35,19,9
0.273431,2405,2269,83,38,11,4,2420,2209,39,48,47,41,26,10
0.288974,2409,2267,83,38,14,7,2412,2206,43,51,43,40,19,10
0.303473,2411,2266,82,39,15,9,2411,2215,38,54,52,34,16,2
0.318115,2408,2264,82,41,15,6,2417,2210,44,51,53,32,21,6
0.332763,2413,2267,82,40,13,11,2413,2216,37,52,51,38,16,3
0.348415,2411,2263,81,45,13,9,2420,2213,50,46,51,37,17,6
0.362273,2413,2262,79,49,12,11,2413,2214,32,58,49,41,15,4
0.377421,2409,2261,79,49,13,7,2413,2209,43,42,64,31,15,9
0.392152,2415,2261,80,49,14,11,2417,2216,39,55,47,36,14,10
0.407712,2414,2260,80,50,14,10,2409,2205,39,60,59,21,21,4
0.422102,2415,2259,79,51,16,10,2413,2209,36,48,54,43,13,10
0.437696,2418,2257,81,50,16,14,2409,2213,38,60,47,29,18,4
0.452270,2411,2256,85,46,17,7,2414,2208,37,48,51,41,25,4
0.467826,2414,2255,87,41,23,8,2416,2213,42,51,49,35,19,7
0.482365,2412,2255,86,43,22,6,2418,2210,34,60,50,41,20,3
0.496603,2417,2252,87,45,21,12,2429,2216,35,49,66,34,21,8
0.510023,2417,2253,85,46,21,12,2431,2211,40,52,64,39,23,2
0.523655,2413,2253,85,47,20,8,2436,2215,34,59,56,39,25,8
0.537946,2409,2250,83,52,20,4,2428,2209,42,46,55,42,27,7
0.551529,2419,2248,82,53,21,15,2435,2213,46,54,50,35,27,10
0.565402,2421,2246,82,54,24,15,2431,2206,52,57,50,35,24,7
0.580033,2417,2247,82,53,24,11,2420,2201,39,54,57,44,19,6
0.594040,2415,2248,81,53,24,9,2427,2204,52,44,60,45,20,2
0.608620,2414,2246,80,53,27,8,2431,2204,46,52,55,43,24,7
0.622521,2415,2246,77,56,27,9,2431,2214,43,50,47,48,21,8
0.636711,2414,2245,78,56,26,9,2434,2207,54,56,50,41,22,4
0.651270,2412,2245,76,57,26,8,2431,2214,41,55,53,33,31,4
0.665545,2421,2247,75,56,26,17,2425,2202,39,62,57,40,21,4
0.679289,2413,2246,72,60,25,10,2438,2208,44,54,64,35,28,5
0.692582,2412,2245,71,61,26,9,2438,2213,40,58,46,53,20,8
0.705441,2415,2244,72,59,28,12,2444,2206,45,52,58,38,37,8
0.718789,2410,2244,70,60,29,7,2440,2208,44,58,52,45,31,2
0.731936,2413,2241,72,62,29,9,2439,2215,42,55,59,34,25,9
0.744446,2413,2241,73,59,31,9,2439,2213,42,50,56,52,17,9
0.757794,2415,2241,73,59,31,11,2438,2208,46,44,69,42,23,6
0.771193,2416,2241,72,59,32,12,2443,2217,39,49,53,54,24,7
0.784335,2418,2240,71,61,32,14,2438,2210,40,54,50,46,31,7
0.797846,2415,2240,71,63,31,10,2444,2208,44,48,57,46,29,12
0.810404,2418,2238,71,65,31,13,2447,2214,43,54,55,40,28,13
0.823868,2410,2237,72,64,30,7,2449,2216,35,51,53,50,35,9
0.837205,2414,2237,74,62,29,12,2439,2209,44,47,57,47,24,11
0.850585,2413,2238,72,62,30,11,2438,2209,38,42,66,46,34,3
0.864045,2417,2238,75,59,31,14,2437,2213,47,51,53,44,20,9
0.877939,2417,2239,72,61,31,14,2437,2211,39,61,53,43,23,7
0.891162,2410,2238,75,59,31,7,2428,2212,39,56,56,41,22,2
0.905289,2415,2239,71,61,32,12,2427,2208,42,50,56,43,24,4
0.919364,2416,2238,69,63,33,13,2433,2209,39,59,48,42,30,6
0.932871,2413,2236,70,64,30,13,2430,2202,41,59,46,48,27,7
0.946129,2413,2236,71,64,29,13,2426,2211,32,53,64,38,18,10
0.960021,2412,2237,73,62,28,12,2425,2203,44,60,45,41,23,9
0.973602,2407,2236,72,63,30,6,2423,2202,48,51,43,46,25,8
0.986689,2411,2232,75,63,31,10,2420,2207,50,48,52,44,18,1
1.000645,2407,2234,72,63,31,7,2418,2205,46,43,54,48,21,1
1.014750,2408,2232,73,63,32,8,2420,2201,46,48,44,43,28,10
1.028273,2408,2234,69,65,32,8,2424,2208,49,63,43,37,17,7
1.042012,2405,2234,68,66,31,6,2423,2203,42,64,50,39,21,4
1.055624,2404,2232,71,67,28,6,2416,2199,57,47,50,31,27,5
1.069002,2409,2232,69,69,28,11,2416,2201,47,48,50,40,27,3
1.083413,2402,2231,69,70,28,4,2415,2206,32,51,52,39,24,11
1.097542,2406,2231,68,70,29,8,2422,2206,45,51,57,36,17,10
1.111371,2410,2232,66,70,30,12,2417,2201,43,46,55,40,28,4
1.125898,2406,2230,71,66,30,9,2414,2205,43,61,47,31,15,12
1.140576,2405,2230,72,65,30,8,2420,2209,49,51,52,38,17,4
1.155448,2404,2231,69,68,29,7,2416,2206,43,56,44,40,23,4
1.169543,2407,2232,69,67,29,10,2416,2203,44,46,49,44,24,6
1.184558,2406,2231,69,68,29,9,2410,2207,45,40,60,26,27,5
1.199571,2403,2230,66,69,31,7,2405,2212,42,53,41,42,13,2
1.214093,2409,2229,66,67,34,13,2406,2203,45,48,54,32,19,5
1.229958,2408,2228,67,64,38,11,2405,2195,49,44,54,43,16,4
1.244337,2408,2230,69,66,33,10,2412,2197,42,50,56,41,22,4
1.258270,2411,2230,66,65,37,13,2415,2194,54,47,49,40,20,11
1.272954,2410,2229,65,67,37,12,2413,2204,29,61,51,38,23,7
1.288314,2407,2229,65,67,37,9,2415,2195,38,51,55,42,31,3
1.302438,2410,2229,67,65,34,15,2423,2199,49,49,51,39,27,9
1.317142,2404,2229,67,61,39,8,2419,2206,38,55,48,42,23,7
1.330756,2402,2226,70,60,39,7,2424,2205,47,48,48,46,24,6
1.344259,2404,2226,67,61,42,8,2426,2192,46,52,62,38,28,8
1.358017,2410,2226,67,68,35,14,2422,2196,53,47,59,39,21,7
1.371002,2412,2225,71,65,36,15,2426,2204,41,55,52,43,24,7
1.384256,2414,2223,73,64,36,18,2422,2185,62,56,48,39,24,8
1.398132,2405,2223,72,65,35,10,2411,2208,38,49,53,30,26,7
1.411920,2405,2222,72,62,39,10,2414,2203,43,51,47,39,21,10
1.427105,2403,2223,72,60,40,8,2415,2196,34,59,52,39,24,11
1.441455,2402,2223,73,59,37,10,2416,2187,52,54,44,42,32,5
1.455135,2406,2223,71,61,35,16,2417,2200,43,60,49,40,22,3
1.468829,2401,2221,72,61,36,11,2419,2197,38,48,69,40,21,6
1.482278,2400,2222,71,62,35,10,2415,2193,40,54,47,47,26,8
1.496320,2400,2220,73,61,37,9,2417,2204,43,41,60,37,30,2
1.509644,2403,2220,70,63,38,12,2402,2202,38,43,56,38,18,7
1.524802,2400,2218,71,64,38,9,2401,2196,47,42,59,34,16,7
1.539603,2406,2219,74,62,36,15,2407,2195,39,59,43,38,26,7
1.554859,2398,2219,73,63,36,7,2408,2203,34,57,45,44,16,9
1.569750,2397,2219,71,65,36,6,2398,2189,56,45,51,35,19,3
1.583857,2399,2218,71,65,36,9,2396,2194,40,42,51,43,22,4
1.599056,2401,2218,71,65,36,11,2386,2192,44,55,41,32,18,4
1.615708,2402,2219,70,62,39,12,2391,2189,49,44,45,37,18,9
1.630971,2397,2219,66,64,40,8,2397,2187,43,48,53,38,16,12
1.645281,2398,2217,69,64,37,11,2413,2189,40,45,59,47,22,11
1.659353,2394,2218,68,67,34,7,2415,2193,42,50,50,50,24,6
1.673627,2396,2215,69,66,36,10,2415,2197,40,60,53,38,22,5
1.686848,2403,2215,68,67,37,16,2423,2191,51,45,58,51,19,8
1.700205,2396,2214,65,67,41,9,2423,2200,47,46,56,47,19,8
1.714211,2401,2212,68,66,41,14,2413,2191,48,55,38,44,33,4
1.727710,2393,2211,69,65,42,6,2420,2198,46,47,50,50,23,6
1.740924,2399,2210,70,65,42,12,2434,2207,43,50,53,41,30,10
1.754623,2394,2211,70,63,42,8,2424,2193,44,51,53,44,28,11
1.767719,2392,2211,68,65,42,6,2425,2195,42,63,48,43,26,8
1.780749,2397,2210,70,63,43,11,2428,2202,42,52,55,48,21,8
1.794229,2402,2210,71,58,46,17,2419,2188,46,50,49,51,27,8
1.808682,2400,2208,73,57,47,15,2418,2189,39,62,52,42,23,11
1.821347,2400,2207,75,56,47,15,2416,2187,45,64,39,48,27,6
1.835284,2398,2208,75,57,46,12,2418,2188,44,53,54,44,29,6
1.848683,2399,2210,73,58,45,13,2412,2185,49,45,58,48,20,7
1.862090,2397,2208,73,58,47,11,2414,2181,51,54,46,48,27,7
1.876074,2389,2207,74,57,47,4,2411,2197,51,51,41,40,24,7
1.890043,2393,2207,74,57,47,8,2408,2191,44,52,54,34,29,4
1.905039,2394,2207,74,57,45,11,2399,2187,33,54,50,43,25,7
1.920113,2391,2206,74,57,45,9,2402,2194,44,51,42,42,23,6
1.934045,2387,2207,74,59,42,5,2399,2182,46,48,58,43,17,5
1.947828,2388,2205,75,61,40,7,2400,2181,58,41,48,44,19,9
1.960828,2393,2205,74,63,39,12,2397,2184,49,48,45,45,22,4
1.975412,2387,2206,76,58,41,6,2386,2180,48,51,53,32,19,3
1.991454,2386,2205,75,58,42,6,2387,2182,42,50,37,40,26,10
2.007976,2387,2205,78,54,43,7,2383,2174,59,49,37,39,20,5
2.023528,2386,2206,77,53,44,6,2385,2174,51,52,47,37,18,6
2.039403,2389,2204,79,53,43,10,2398,2185,48,46,49,36,21,13
2.053596,2389,2203,79,53,42,12,2402,2190,54,48,41,44,24,1
2.067930,2387,2201,84,48,44,10,2405,2175,61,40,50,48,25,6
2.081566,2393,2199,88,45,44,17,2403,2175,57,55,52,37,17,10
2.094996,2389,2199,89,43,45,13,2405,2180,50,50,51,37,30,7
2.107795,2387,2201,86,44,42,14,2403,2179,53,46,56,42,23,4
2.121358,2387,2204,77,53,40,13,2397,2169,59,57,42,43,23,4
2.134317,2389,2204,77,53,40,15,2395,2168,52,50,57,35,30,3
2.148516,2389,2206,75,55,39,14,2388,2175,46,50,53,38,23,3
2.162640,2383,2205,77,54,38,9,2391,2168,54,44,57,39,22,7
2.176903,2384,2202,79,54,37,12,2394,2167,46,57,49,40,25,10
2.191123,2381,2201,76,58,36,10,2388,2181,44,52,44,34,22,11
2.204425,2383,2199,76,57,38,13,2403,2165,49,58,45,46,29,11
2.217952,2380,2200,75,57,38,10,2400,2164,48,58,49,44,28,9
2.231709,2380,2200,71,63,35,11,2397,2171,44,57,48,41,25,11
2.244625,2384,2197,74,60,39,14,2389,2161,54,43,47,50,28,6
2.257398,2386,2195,76,59,40,16,2393,2162,56,50,45,46,29,5
2.270977,2382,2192,77,56,45,12,2391,2155,50,56,46,50,25,9
2.284986,2379,2191,75,59,45,9,2384,2167,50,44,55,37,28,3
2.298792,2378,2189,74,63,44,8,2389,2166,47,49,46,49,28,4
2.311793,2384,2189,73,62,46,14,2385,2156,50,51,53,44,25,6
2.326431,2387,2188,72,68,43,16,2391,2155,62,53,49,36,26,10
2.341486,2381,2188,71,69,43,10,2385,2157,54,49,47,47,23,8
2.355222,2382,2184,75,65,46,12,2393,2167,40,54,40,52,27,13
2.369026,2378,2182,77,61,50,8,2394,2167,46,51,54,44,26,6
2.381600,2383,2181,78,63,46,15,2405,2163,65,47,50,53,24,3
2.394393,2382,2181,79,64,44,14,2403,2167,52,46,58,47,23,10
2.407171,2378,2183,79,62,43,11,2399,2158,61,45,54,49,30,2
2.420487,2380,2182,82,58,44,14,2394,2153,62,47,45,53,29,5
2.433367,2378,2182,83,56,46,11,2400,2156,59,48,60,42,27,8
2.445441,2377,2182,81,57,46,11,2399,2161,50,52,53,55,26,2
2.458049,2374,2182,81,55,48,8,2405,2160,53,45,57,53,29,8
2.469655,2379,2182,83,53,48,13,2407,2160,57,57,53,44,31,5
2.482986,2378,2183,84,52,48,11,2397,2154,59,55,47,48,29,5
2.496231,2381,2182,84,52,48,15,2396,2160,64,50,56,49,15,2
2.509125,2374,2180,84,55,47,8,2393,2148,56,55,45,59,22,8
2.521407,2381,2181,84,55,46,15,2397,2155,57,49,60,44,26,6
2.533766,2376,2184,80,59,43,10,2389,2166,53,48,61,40,19,2
2.546787,2377,2181,79,59,45,13,2385,2145,60,55,48,48,24,5
2.560352,2372,2181,79,59,44,9,2384,2159,47,59,52,40,23,4
2.574255,2377,2179,80,58,45,15,2390,2157,70,42,62,38,18,3
2.586946,2373,2178,80,58,46,11,2393,2155,57,47,58,45,23,8
2.600268,2375,2176,81,59,47,12,2393,2148,47,62,55,45,31,5
2.613464,2375,2176,82,56,49,12,2392,2145,58,47,50,56,28,8
2.626523,2369,2177,82,57,46,7,2396,2161,44,55,45,48,33,10
2.639460,2367,2176,84,54,46,7,2384,2155,53,54,45,40,30,7
2.652630,2374,2175,86,53,46,14,2376,2144,53,56,48,40,30,5
2.666595,2367,2175,87,52,45,8,2386,2144,62,46,53,44,29,8
2.679751,2366,2175,84,50,50,7,2399,2148,61,56,41,47,34,12
2.692416,2370,2175,84,49,51,11,2391,2143,58,54,55,42,29,10
2.705980,2370,2174,83,50,51,12,2384,2147,55,59,48,40,25,10
2.719829,2367,2176,83,48,51,9,2381,2143,50,60,59,39,23,7
2.733387,2367,2176,82,48,51,10,2377,2135,58,57,48,43,26,10
2.746145,2363,2177,80,51,50,5,2375,2134,51,57,53,45,31,4
2.759721,2368,2176,81,51,50,10,2371,2142,54,49,57,41,17,11
2.773879,2374,2174,81,53,49,17,2363,2133,47,58,47,41,25,12
2.787945,2363,2172,83,51,51,6,2362,2142,50,57,34,48,24,7
2.802080,2365,2171,83,53,50,8,2358,2138,48,57,49,40,21,5
2.816616,2367,2172,78,56,52,9,2355,2127,54,57,53,36,22,6
2.832101,2365,2172,77,60,47,9,2354,2133,49,55,49,39,21,8
2.846962,2368,2171,75,63,46,13,2361,2134,50,58,55,26,31,7
2.860918,2364,2170,79,61,47,7,2362,2133,42,70,45,38,26,8
2.874043,2366,2170,79,58,50,9,2366,2141,43,61,53,39,22,7
2.887323,2362,2167,81,58,49,7,2350,2129,52,58,36,37,30,8
2.902121,2364,2167,82,59,47,9,2355,2126,55,46,55,36,28,9
2.917473,2362,2167,83,60,43,9,2359,2137,52,43,61,37,24,5
2.931355,2369,2164,84,60,47,14,2354,2136,52,58,49,32,23,4
2.946384,2363,2163,85,58,49,8,2363,2134,53,52,52,45,19,8
2.960561,2364,2160,88,58,49,9,2360,2148,46,52,48,41,18,7
2.976697,2374,2161,88,57,48,20,2359,2135,67,45,48,39,16,9
2.991113,2367,2161,88,57,48,13,2357,2128,55,58,50,48,15,3
3.005240,2366,2163,83,61,46,13,2375,2133,53,57,48,46,26,12
3.018424,2361,2163,83,60,45,10,2379,2129,65,48,45,45,35,12
3.031238,2360,2161,84,61,44,10,2380,2139,56,54,56,37,33,5
3.044790,2363,2162,82,63,43,13,2378,2135,50,65,51,45,27,5
3.057977,2362,2162,84,58,45,13,2376,2131,58,50,57,46,26,8
3.071191,2359,2163,84,58,44,10,2379,2135,54,65,56,39,25,5
3.083937,2360,2164,82,61,42,11,2386,2136,50,57,53,45,33,12
3.097457,2361,2163,82,63,41,12,2385,2140,54,56,48,55,23,9
3.109463,2361,2163,82,62,42,12,2383,2134,52,70,45,47,22,13
3.121973,2357,2164,80,64,43,6,2370,2133,51,69,42,47,18,10
3.135503,2368,2163,82,60,46,17,2369,2136,47,57,44,47,29,9
3.148895,2359,2160,85,57,48,9,2363,2143,52,47,47,46,21,7
3.162960,2362,2159,85,58,47,13,2364,2137,51,50,50,42,24,10
3.175977,2364,2156,83,63,46,16,2373,2127,58,59,58,40,28,3
3.189547,2362,2158,84,59,47,14,2373,2135,53,57,53,48,17,10
3.202228,2361,2155,88,59,46,13,2366,2132,48,56,56,40,31,3
3.215635,2359,2155,86,61,46,11,2364,2134,50,53,52,41,24,10
3.228943,2357,2156,86,58,48,9,2360,2132,53,51,57,43,16,8
3.242303,2360,2157,85,59,47,12,2360,2120,60,54,54,41,24,7
3.256466,2360,2156,87,54,53,10,2367,2132,57,58,43,44,24,9
3.270145,2357,2155,88,56,50,8,2367,2128,57,62,47,41,28,4
3.283592,2363,2154,90,53,52,14,2374,2135,53,55,64,42,21,4
3.296983,2368,2155,89,50,55,19,2381,2132,58,59,59,43,22,8
3.309579,2369,2157,88,48,57,19,2379,2128,56,59,63,43,23,7
3.322377,2354,2158,87,50,56,3,2382,2143,50,56,58,42,25,8
3.334309,2365,2157,87,51,56,14,2375,2132,45,64,55,49,22,8
3.346847,2364,2154,88,50,58,14,2374,2130,55,53,57,41,30,8
3.359468,2363,2156,87,51,56,13,2370,2131,53,57,51,44,26,8
3.372547,2366,2155,84,59,52,16,2356,2125,50,59,49,44,20,9
3.386165,2360,2154,86,58,52,10,2361,2128,63,50,52,39,21,8
3.399956,2364,2154,85,57,55,13,2360,2124,57,53,52,44,25,5
3.413595,2355,2155,81,60,54,5,2366,2128,48,65,52,40,24,9
3.427197,2360,2154,82,60,54,10,2354,2130,54,54,49,43,18,6
3.441291,2368,2153,83,60,54,18,2351,2124,50,62,51,36,23,5
3.454948,2364,2151,82,62,54,15,2367,2129,54,60,54,38,17,15
3.467898,2362,2150,82,62,55,13,2359,2129,39,65,50,45,24,7
3.481070,2357,2149,81,63,56,8,2364,2123,57,45,66,40,28,5
3.493806,2360,2147,81,65,55,12,2368,2126,59,55,51,43,28,6
3.505591,2359,2148,81,66,56,8,2362,2122,61,57,51,50,17,4
3.518983,2359,2148,78,69,56,8,2372,2133,52,62,52,44,18,11
3.530860,2359,2148,78,68,58,7,2372,2132,46,62,54,42,23,13
3.544338,2361,2149,78,68,55,11,2374,2131,52,52,57,51,21,10
3.556845,2364,2150,78,70,52,14,2377,2136,59,56,52,44,25,5
3.569685,2358,2150,78,69,52,9,2383,2137,66,56,45,48,26,5
3.582122,2371,2150,79,68,52,22,2386,2130,58,59,49,58,23,9
3.594261,2359,2151,79,68,51,10,2386,2134,64,54,59,32,33,10
3.606218,2366,2150,79,68,52,17,2388,2129,65,53,54,44,29,14
3.618452,2366,2150,80,66,54,16,2372,2141,42,62,47,48,25,7
3.631450,2369,2149,82,65,54,19,2383,2138,56,48,57,48,26,10
3.643734,2371,2148,84,66,52,21,2378,2137,56,49,48,47,30,11
3.656145,2358,2151,81,66,52,8,2367,2127,52,47,58,48,29,6
3.668958,2372,2151,82,66,51,22,2376,2139,50,52,59,42,23,11
3.682053,2362,2149,84,66,51,12,2376,2140,47,54,55,47,23,10
3.694975,2365,2147,88,61,56,13,2392,2131,49,61,50,60,30,11
3.707075,2373,2148,87,59,59,20,2400,2141,61,54,53,45,32,14
3.719619,2360,2146,89,58,58,9,2381,2129,65,54,49,49,26,9
3.732337,2369,2145,89,58,59,18,2374,2136,50,60,50,50,20,8
3.744534,2363,2145,88,59,59,12,2382,2129,55,62,58,46,24,8
3.757410,2362,2142,89,57,62,12,2389,2129,56,55,60,50,30,9
3.768842,2362,2142,89,57,62,12,2387,2134,55,51,60,62,22,3
3.781116,2360,2143,88,57,61,11,2387,2152,45,55,53,50,25,7
3.793412,2354,2143,87,58,61,5,2387,2143,46,54,64,49,24,7
3.805664,2359,2141,89,59,58,12,2387,2128,61,39,68,64,21,6
3.818446,2361,2138,92,58,56,17,2379,2123,65,57,47,52,29,6
3.830778,2363,2138,92,56,58,19,2376,2132,54,49,66,52,18,5
3.842734,2354,2137,94,56,57,10,2386,2123,63,53,52,52,33,10
3.854288,2352,2138,96,53,55,10,2386,2126,53,42,70,60,24,11
3.866074,2350,2138,93,58,52,9,2384,2136,55,47,54,61,24,7
3.878631,2359,2137,93,58,52,19,2391,2128,48,65,58,51,26,15
3.889899,2353,2138,93,57,52,13,2390,2129,56,56,65,54,28,2
3.901536,2349,2136,94,57,52,10,2402,2126,66,51,65,51,36,7
3.912344,2357,2136,93,57,52,19,2403,2135,57,52,68,50,31,10
3.923581,2358,2139,92,54,53,20,2397,2126,63,53,58,62,30,5
3.934899,2351,2138,92,53,55,13,2391,2122,65,68,49,52,29,6
3.945846,2356,2138,91,54,56,17,2399,2120,57,67,54,62,31,8
3.957913,2354,2138,91,53,57,15,2388,2124,57,50,63,58,26,10
3.969360,2349,2138,90,53,58,10,2383,2124,65,56,69,33,30,6
3.981571,2357,2141,88,52,58,18,2387,2121,63,47,66,49,27,14
3.992511,2355,2140,89,51,58,17,2378,2126,55,53,69,43,29,3
4.004933,2358,2140,90,51,61,16,2380,2131,58,46,61,51,24,9
4.017653,2357,2139,90,51,63,14,2380,2138,59,53,46,43,28,13
4.030397,2361,2139,89,53,63,17,2377,2127,60,57,49,47,32,5
4.043375,2352,2137,90,55,61,9,2374,2133,57,56,56,43,23,6
4.055585,2354,2135,91,54,60,14,2374,2136,57,53,56,49,16,7
4.067500,2354,2133,93,54,58,16,2370,2130,52,62,50,41,24,11
4.080307,2357,2131,96,50,62,18,2360,2113,66,60,59,33,25,4
4.092837,2356,2130,95,48,66,17,2361,2118,53,63,50,38,30,9
4.106025,2355,2130,95,50,64,16,2351,2113,61,57,45,46,26,3
4.118976,2348,2129,96,50,63,10,2352,2107,65,50,57,40,29,4
4.133193,2350,2131,93,54,61,11,2354,2120,57,58,44,41,27,7
4.147389,2349,2131,93,56,59,10,2354,2122,59,47,54,45,26,1
4.160729,2350,2130,92,57,58,13,2355,2130,54,53,48,42,19,9
4.173607,2350,2130,90,58,60,12,2365,2130,51,49,53,41,31,10
4.186520,2347,2130,90,58,59,10,2364,2131,50,54,49,43,28,9
4.199710,2349,2130,90,59,56,14,2361,2109,61,56,56,51,21,7
4.213677,2346,2130,89,60,56,11,2368,2122,57,49,58,41,26,15
4.226747,2350,2132,88,60,57,13,2367,2122,54,70,45,38,33,5
4.239210,2343,2133,85,61,58,6,2373,2119,54,61,52,45,34,8
4.253222,2349,2134,85,61,57,12,2370,2126,55,52,55,53,23,6
4.265759,2353,2135,84,61,58,15,2368,2131,49,51,62,41,31,3
4.278385,2346,2135,84,61,56,10,2374,2132,45,60,54,44,36,3
4.290732,2352,2135,85,60,55,17,2378,2126,51,63,47,55,25,11
4.303094,2344,2134,85,61,55,9,2366,2120,59,51,63,42,23,8
4.315042,2347,2134,86,65,51,11,2375,2112,70,57,54,46,28,8
4.327557,2344,2136,86,63,52,7,2367,2120,58,53,65,40,24,7
4.340846,2351,2137,86,62,52,14,2365,2119,39,66,69,43,24,5
4.354110,2348,2137,85,61,55,10,2365,2131,54,65,45,45,21,4
4.366856,2352,2138,83,64,53,14,2360,2118,55,51,60,46,27,3
4.378929,2350,2141,81,66,50,12,2363,2108,68,55,47,47,32,6
4.391798,2360,2140,79,69,50,22,2356,2121,49,58,58,46,20,4
4.404387,2350,2140,78,70,47,15,2358,2120,55,53,51,41,31,7
4.417665,2349,2139,77,73,46,14,2365,2115,55,59,47,53,26,10
4.429853,2350,2141,76,71,47,15,2367,2119,55,59,45,52,27,10
4.443105,2348,2140,75,72,48,13,2363,2126,47,48,58,49,30,5
4.455302,2352,2141,73,72,49,17,2376,2122,38,61,53,57,38,7
4.466788,2347,2139,76,71,49,12,2375,2119,65,38,56,59,30,8
4.478796,2351,2138,77,70,49,17,2374,2106,66,55,54,56,26,11
4.491035,2345,2138,77,68,50,12,2367,2116,65,49,55,50,24,8
4.502851,2344,2137,79,67,48,13,2380,2111,59,58,60,44,34,14
4.514144,2347,2138,79,66,48,16,2372,2112,53,61,61,50,29,6
4.525649,2341,2139,79,66,46,11,2377,2112,56,47,65,53,30,14
4.537663,2345,2138,81,61,51,14,2375,2115,56,51,60,55,29,9
4.549836,2343,2140,79,63,50,11,2380,2116,56,49,65,48,35,11
4.561949,2340,2139,79,60,53,9,2375,2110,65,59,55,47,31,8
4.573721,2341,2137,82,60,52,10,2374,2125,54,60,56,49,25,5
4.585226,2351,2136,80,61,54,20,2387,2117,50,69,51,53,27,20
4.596896,2340,2136,80,63,52,9,2381,2118,55,58,63,53,23,11
4.608788,2340,2136,80,64,51,9,2376,2111,56,61,59,43,41,5
4.620627,2342,2136,80,65,50,11,2377,2114,59,64,50,46,33,11
4.632591,2340,2137,78,67,49,9,2378,2119,62,52,54,53,25,13
4.644503,2339,2137,76,69,47,10,2379,2113,61,51,62,51,28,13
4.656335,2340,2136,75,70,48,11,2371,2115,67,53,56,52,25,3
4.667775,2340,2136,73,70,49,12,2384,2109,63,59,70,47,25,11
4.679264,2337,2135,74,71,49,8,2379,2105,64,61,57,48,40,4
4.691194,2340,2136,76,69,46,13,2375,2112,62,51,57,59,29,5
4.702897,2346,2135,75,69,48,19,2382,2114,60,57,61,56,26,8
4.713687,2345,2133,76,69,49,18,2383,2111,58,59,49,60,41,5
4.724435,2342,2132,75,69,51,15,2388,2106,71,54,54,58,35,10
4.735085,2344,2131,73,73,50,17,2391,2113,56,65,58,54,36,9
4.745886,2340,2131,72,74,48,15,2393,2118,50,66,69,55,26,9
4.756828,2341,2131,73,73,48,16,2393,2103,72,63,77,40,28,10
4.768006,2341,2132,70,74,48,17,2394,2104,63,70,56,63,29,9
4.778697,2334,2130,71,72,51,10,2387,2100,58,70,57,55,43,4
4.789342,2336,2130,72,68,53,13,2385,2100,64,64,61,57,32,7
4.800760,2343,2130,73,69,52,19,2377,2095,62,58,67,60,26,9
4.811743,2337,2128,77,65,53,14,2366,2099,57,56,65,50,34,5
4.824040,2337,2127,74,69,52,15,2375,2100,61,60,64,49,30,11
4.835884,2339,2126,75,68,53,17,2373,2098,58,57,70,61,22,7
4.846855,2334,2126,74,71,52,11,2365,2108,55,63,60,48,23,8
4.858146,2340,2124,74,71,53,18,2363,2106,58,45,59,56,33,6
4.870551,2335,2124,75,70,54,12,2371,2109,61,59,65,41,26,10
4.882045,2333,2123,75,71,56,8,2368,2104,66,50,64,41,31,12
4.893843,2336,2122,74,71,57,12,2369,2108,49,74,53,49,22,14
4.906116,2334,2123,74,70,57,10,2369,2108,55,54,58,54,32,8
4.918187,2333,2123,76,69,56,9,2379,2113,57,48,57,63,34,7
4.930707,2339,2123,76,68,57,15,2378,2114,59,50,65,46,30,14
4.942004,2334,2124,77,65,58,10,2386,2120,52,45,59,63,34,13
4.952372,2336,2125,78,64,56,13,2385,2113,68,53,59,52,30,10
4.963095,2334,2123,79,65,55,12,2388,2112,65,53,64,51,32,11
4.974719,2331,2124,74,68,55,10,2383,2109,67,50,69,59,23,6
4.986313,2334,2125,76,68,52,13,2379,2113,64,44,63,47,41,7
4.997256,2338,2124,76,68,54,16,2388,2102,67,56,58,54,39,12
5.008280,2335,2128,72,71,51,13,2376,2118,56,59,63,46,25,9
5.019804,2339,2128,73,71,51,16,2370,2108,67,48,58,49,30,10
5.031353,2334,2128,73,73,49,11,2377,2112,60,52,62,54,33,4
5.042676,2341,2127,74,72,49,19,2382,2107,63,55,52,61,34,10
5.053424,2332,2127,77,68,51,9,2379,2118,48,57,67,50,26,13
5.064994,2339,2128,78,62,56,15,2380,2104,49,66,55,57,44,5
5.076027,2333,2126,79,62,56,10,2366,2107,56,59,61,52,24,7
5.087675,2334,2127,78,62,55,12,2365,2100,58,65,53,58,25,6
5.099865,2331,2127,78,64,54,8,2371,2101,61,62,59,49,31,8
5.111019,2346,2127,78,64,53,24,2375,2102,67,53,61,51,34,7
5.122466,2335,2128,78,63,52,14,2374,2105,56,48,65,60,31,9
5.134548,2331,2127,79,64,50,11,2370,2100,64,57,58,46,32,13
5.146173,2330,2127,79,64,50,10,2367,2105,59,64,60,44,32,3
5.157581,2335,2128,79,64,50,14,2369,2110,51,64,55,56,27,6
5.169001,2335,2128,80,64,49,14,2377,2107,51,70,51,59,28,11
5.180329,2333,2127,81,63,50,12,2368,2107,46,54,68,54,29,10
5.191772,2330,2124,84,63,49,10,2372,2102,53,72,61,45,34,5
5.202911,2337,2122,87,60,53,15,2367,2102,53,59,63,46,34,10
5.213915,2332,2121,88,58,54,11,2373,2091,62,55,72,57,29,7
5.224962,2340,2121,88,58,54,19,2383,2109,49,69,66,48,29,13
5.236297,2333,2117,89,61,53,13,2381,2100,62,68,54,55,32,10
5.246996,2330,2117,90,61,52,10,2379,2105,57,67,58,51,33,8
5.258180,2337,2118,87,63,53,16,2390,2107,61,58,61,68,26,9
5.269188,2327,2120,85,64,52,6,2383,2105,58,65,50,64,29,12
5.279955,2339,2118,89,58,56,18,2380,2100,64,57,72,48,34,5
5.291195,2339,2117,90,58,55,19,2382,2103,60,59,64,45,39,12
5.302974,2331,2117,91,58,54,11,2372,2106,53,53,59,50,44,7
5.314615,2330,2118,89,59,54,10,2378,2118,51,68,52,57,23,9
5.326542,2337,2120,85,61,55,16,2381,2100,68,50,59,67,28,9
5.337522,2331,2120,88,59,54,10,2373,2097,61,63,50,61,36,5
5.349487,2330,2118,89,58,55,10,2379,2102,67,51,67,51,31,10
5.361303,2330,2118,89,60,52,11,2376,2102,64,54,69,56,28,3
5.372960,2330,2117,86,65,52,10,2383,2103,66,59,67,54,26,8
5.384313,2330,2116,85,65,54,10,2386,2112,68,57,65,49,24,11
5.395248,2330,2116,83,68,53,10,2381,2106,58,74,56,54,28,5
5.405762,2331,2115,82,69,53,12,2390,2108,71,65,56,52,33,5
5.416187,2341,2116,82,70,53,20,2394,2100,65,71,64,59,28,7
5.426529,2339,2115,82,69,55,18,2399,2110,60,66,53,71,32,7
5.436433,2336,2113,84,68,57,14,2404,2103,58,68,50,70,48,7
5.447148,2336,2113,83,70,56,14,2394,2110,59,68,56,61,36,4
5.457619,2342,2111,84,70,57,20,2404,2101,55,58,80,59,38,13
5.468496,2338,2111,83,72,54,18,2386,2099,65,59,53,54,42,14
5.479697,2338,2111,83,72,53,19,2378,2102,68,56,56,42,46,8
5.490908,2330,2111,82,74,52,11,2371,2107,56,49,57,59,34,9
5.502361,2329,2112,85,71,51,10,2374,2105,55,53,65,61,26,9
5.514612,2332,2114,85,69,52,12,2371,2092,63,65,55,56,28,12
5.526363,2337,2115,85,71,49,17,2367,2099,57,55,60,56,31,9
5.538651,2330,2116,84,70,50,10,2373,2099,59,60,54,53,35,13
5.550424,2330,2116,85,68,50,11,2376,2101,57,55,54,61,39,9
5.561641,2334,2113,88,68,49,16,2379,2115,54,55,49,56,36,14
5.572784,2342,2113,88,69,48,24,2369,2106,52,60,50,46,49,6
5.584753,2329,2114,87,71,45,12,2372,2106,54,56,62,48,34,12
5.595675,2330,2113,89,69,47,12,2368,2095,74,39,54,61,40,5
5.607063,2336,2113,89,69,46,19,2361,2102,59,49,54,63,26,8
5.617845,2329,2112,93,65,47,12,2374,2096,64,57,60,55,28,14
5.628932,2330,2111,93,63,49,14,2374,2092,64,68,56,54,32,8
5.640128,2328,2112,92,62,49,13,2384,2102,65,46,70,60,34,7
5.651415,2331,2113,90,65,47,16,2396,2089,67,70,60,50,43,17
5.662401,2332,2113,89,66,46,18,2388,2095,70,57,53,64,36,13
5.672112,2327,2113,87,68,45,14,2386,2103,62,59,61,48,46,7
5.682614,2326,2113,86,68,46,13,2385,2098,65,59,63,51,39,10
5.693291,2322,2113,86,69,45,9,2374,2099,62,47,63,58,32,13
5.704727,2324,2113,87,69,44,11,2374,2097,54,62,62,58,30,11
5.715438,2330,2111,88,69,44,18,2372,2091,59,58,61,56,42,5
5.726589,2326,2111,86,74,39,16,2360,2095,57,59,67,45,28,9
5.738893,2322,2112,86,73,39,12,2351,2092,62,55,59,54,21,8
5.751276,2322,2112,87,70,40,13,2351,2094,57,62,62,42,23,11
5.763047,2320,2110,86,71,40,13,2348,2085,57,62,49,55,32,8
5.775316,2321,2110,85,72,40,14,2337,2081,58,50,60,47,36,5
5.787453,2320,2111,86,70,40,13,2336,2091,51,55,53,50,28,8
5.799937,2326,2112,86,68,41,19,2342,2088,56,52,59,45,33,9
5.811663,2315,2112,87,66,39,11,2343,2084,61,60,51,49,30,8
5.823801,2321,2111,88,65,38,19,2345,2093,61,54,48,53,27,9
5.836390,2315,2111,88,64,39,13,2349,2086,61,52,59,54,31,6
5.848606,2316,2110,89,63,41,13,2359,2084,69,63,53,43,41,6
5.859406,2323,2108,90,61,45,19,2359,2096,51,64,48,60,31,9
5.871103,2315,2109,86,64,44,12,2360,2088,62,57,50,58,35,10
5.882038,2322,2106,88,64,45,19,2363,2088,64,51,58,48,42,12
5.893482,2323,2106,86,66,45,20,2360,2094,54,53,59,58,34,8
5.904881,2315,2102,86,70,44,13,2361,2080,62,53,73,47,35,11
5.916681,2314,2102,85,72,43,12,2357,2084,64,54,62,49,36,8
5.929079,2320,2101,86,72,45,16,2348,2090,56,64,54,57,23,4
5.941640,2317,2101,85,72,44,15,2357,2099,55,60,58,42,32,11
5.952969,2322,2101,85,72,44,20,2354,2093,65,48,65,49,28,6
5.965102,2314,2101,87,73,41,12,2345,2076,62,53,60,44,39,11
5.977493,2317,2102,86,72,43,14,2344,2092,60,41,62,51,32,6
5.989610,2316,2101,88,73,41,13,2345,2077,59,49,56,53,41,10
6.001348,2315,2102,90,71,39,13,2331,2087,55,52,62,48,23,4
6.013294,2311,2095,97,67,44,8,2335,2081,52,52,51,47,39,13
6.025389,2318,2096,96,68,44,14,2339,2087,57,50,67,53,17,8
6.037833,2316,2097,95,66,47,11,2336,2097,52,55,52,48,23,9
6.050530,2319,2098,94,64,49,14,2336,2080,56,55,65,48,26,6
6.062841,2321,2097,93,65,50,16,2342,2082,49,56,63,47,34,11
6.074998,2314,2095,95,64,49,11,2339,2089,54,56,62,43,30,5
6.087225,2317,2095,94,66,48,14,2344,2083,54,45,65,50,42,5
6.099437,2315,2094,94,67,48,12,2346,2088,62,47,58,57,28,6
6.111966,2317,2094,91,69,49,14,2342,2087,59,54,54,53,27,8
6.123224,2321,2093,94,68,48,18,2343,2079,61,44,74,52,29,4
6.135159,2317,2091,95,68,49,14,2347,2081,60,46,72,44,40,4
6.146481,2319,2095,88,73,47,16,2350,2083,66,48,56,60,33,4
6.157656,2315,2096,87,72,48,12,2359,2084,59,56,62,51,39,8
6.168787,2317,2095,87,74,48,13,2359,2086,61,57,59,47,40,9
6.180261,2320,2095,89,72,48,16,2354,2089,52,67,51,56,32,7
6.192580,2313,2096,92,68,48,9,2342,2087,61,58,46,55,25,10
6.204812,2310,2099,90,69,44,8,2339,2094,51,56,57,40,33,8
6.217652,2317,2101,86,69,46,15,2340,2088,64,41,58,48,34,7
6.229217,2317,2102,85,70,45,15,2342,2087,69,44,52,46,33,11
6.241848,2320,2103,83,70,46,18,2334,2087,59,53,57,46,26,6
6.255217,2313,2101,84,71,46,11,2325,2078,62,59,45,52,24,5
6.269344,2316,2102,84,70,46,14,2331,2085,50,52,69,45,24,6
6.281720,2313,2102,84,68,48,11,2334,2082,65,61,53,52,17,4
6.294161,2319,2101,87,64,51,16,2342,2083,70,42,50,59,28,10
6.306090,2312,2102,87,64,51,8,2335,2088,49,49,58,46,39,6
6.319055,2313,2101,86,66,51,9,2335,2085,53,52,49,50,39,7
6.331788,2318,2101,84,70,48,15,2328,2081,67,46,45,54,27,8
6.344324,2317,2101,86,68,49,13,2335,2082,60,56,51,45,30,11
6.356837,2311,2101,86,66,51,7,2332,2088,56,54,37,57,29,11
6.369109,2320,2102,85,67,50,16,2326,2079,65,48,61,34,34,5
6.382240,2310,2102,84,69,46,9,2326,2070,60,60,49,51,27,9
6.394292,2310,2098,87,70,46,9,2330,2078,59,54,56,45,30,8
6.406617,2314,2096,85,72,48,13,2327,2085,51,49,59,44,29,10
6.418599,2306,2094,86,68,53,5,2330,2077,59,59,61,46,21,7
6.431839,2313,2094,84,70,54,11,2323,2083,59,49,56,55,18,3
6.444998,2314,2094,84,68,56,12,2319,2073,66,49,47,51,29,4
6.458683,2312,2095,82,67,57,11,2322,2079,52,53,50,51,31,6
6.470475,2308,2094,80,70,55,9,2321,2069,69,51,46,57,23,6
6.482955,2310,2091,79,71,58,11,2329,2073,62,41,59,55,31,8
6.494925,2311,2090,78,74,56,13,2333,2067,66,48,54,56,36,6
6.507751,2312,2091,77,74,55,15,2329,2076,65,50,50,49,29,10
6.520051,2312,2090,80,71,56,15,2332,2083,61,51,47,61,24,5
6.531775,2311,2090,79,70,58,14,2342,2085,62,46,55,44,39,11
6.544750,2304,2091,78,71,58,6,2326,2077,64,47,57,43,29,9
6.556787,2314,2090,78,72,58,16,2330,2077,64,53,44,55,27,10
6.568379,2314,2091,75,79,53,16,2324,2066,68,54,50,53,29,4
6.580172,2307,2090,74,80,53,10,2330,2068,61,47,62,55,32,5
6.592138,2308,2090,75,80,50,13,2325,2076,56,49,57,57,25,5
6.605433,2307,2089,75,77,54,12,2330,2070,65,53,53,50,32,7
6.617466,2304,2087,77,74,56,10,2331,2079,66,45,66,40,31,4
6.629288,2308,2088,76,80,50,14,2331,2060,81,44,57,61,20,8
6.640943,2306,2090,74,80,50,12,2327,2063,60,57,58,43,36,10
6.653080,2297,2089,75,81,48,4,2326,2066,60,66,49,47,28,10
6.664804,2308,2089,75,84,45,15,2324,2064,61,58,54,56,23,8
6.676836,2310,2087,76,85,46,16,2325,2077,50,59,48,51,34,6
6.688537,2306,2086,78,84,46,12,2341,2083,49,57,63,45,31,13
6.699802,2307,2086,78,87,43,13,2337,2072,62,49,64,51,28,11
6.712181,2307,2088,74,86,46,13,2332,2078,59,58,43,51,31,12
6.723915,2299,2087,75,85,47,5,2329,2080,57,53,57,41,35,6
6.735620,2307,2086,76,85,48,12,2334,2078,51,55,61,51,30,8
6.747242,2308,2086,75,83,50,14,2335,2074,49,63,49,54,36,10
6.758742,2312,2086,77,82,49,18,2339,2067,69,52,55,53,35,8
6.770828,2303,2084,79,81,51,8,2322,2076,58,55,55,54,19,5
6.783299,2304,2083,81,80,50,10,2322,2061,73,54,41,56,25,12
6.795366,2307,2084,79,79,51,14,2321,2073,55,53,54,47,35,4
6.807208,2305,2083,79,81,49,13,2326,2073,54,60,54,47,28,10
6.819614,2304,2083,80,80,48,13,2324,2068,67,48,62,46,26,7
6.832125,2300,2083,82,79,49,7,2328,2072,49,77,49,49,24,8
6.843515,2304,2084,81,79,49,11,2327,2073,45,72,45,47,34,11
6.857001,2305,2086,79,82,46,12,2317,2066,58,69,55,47,21,1
6.870139,2305,2086,77,82,46,14,2320,2073,55,56,56,48,29,3
6.882749,2300,2087,77,81,45,10,2331,2071,47,60,61,56,26,10
6.894550,2301,2086,79,80,45,11,2326,2077,56,52,63,46,25,7
6.906799,2301,2083,80,80,47,11,2329,2068,63,54,62,43,33,6
6.918343,2305,2084,77,81,48,15,2334,2072,58,58,58,48,35,5
6.929985,2309,2084,76,81,50,18,2338,2071,61,54,65,36,40,11
6.942304,2304,2085,76,82,48,13,2337,2067,59,65,51,56,35,4
6.953621,2309,2084,78,79,50,18,2342,2063,75,59,59,47,29,10
6.964674,2300,2086,77,79,49,9,2334,2058,65,58,58,55,32,8
6.975570,2302,2085,78,80,48,11,2328,2058,64,52,58,53,34,9
6.986986,2302,2083,79,80,49,11,2329,2071,56,52,62,45,32,11
6.999623,2302,2082,76,84,47,13,2324,2066,61,54,61,46,24,12
7.011428,2296,2080,77,83,48,8,2322,2070,58,56,51,48,28,11
7.023679,2301,2081,76,84,47,13,2319,2055,63,47,53,62,34,5
7.037024,2303,2081,75,86,47,14,2319,2069,52,64,57,45,27,5
7.048851,2293,2082,74,88,45,4,2316,2071,54,50,60,41,34,6
7.061776,2297,2088,71,86,44,8,2306,2066,55,55,45,55,25,5
7.074082,2299,2086,71,84,47,11,2309,2054,57,62,45,49,34,8
7.086305,2299,2084,74,81,48,12,2311,2056,66,54,52,48,26,9
7.098287,2302,2086,71,80,50,15,2329,2061,71,47,64,41,32,13
7.110116,2299,2087,70,81,49,12,2326,2059,63,56,60,50,31,7
7.121772,2299,2088,67,85,47,12,2324,2063,58,51,58,49,38,7
7.134179,2304,2089,65,85,48,17,2321,2075,53,50,50,58,24,11
7.146461,2300,2089,65,86,46,14,2312,2069,51,59,44,56,29,4
7.158960,2299,2089,67,86,44,13,2309,2077,53,41,60,43,27,8
7.171742,2300,2088,69,84,44,15,2307,2058,65,52,55,45,26,6
7.184503,2293,2088,72,79,43,11,2311,2063,62,62,45,49,24,6
7.197269,2298,2088,70,79,46,15,2319,2072,58,56,48,45,32,8
7.209338,2296,2085,70,81,46,14,2310,2054,64,53,57,45,32,5
7.221322,2297,2085,71,77,48,16,2318,2058,51,67,55,48,30,9
7.232736,2291,2084,73,74,48,12,2325,2057,57,61,63,40,32,15
7.244645,2290,2085,75,69,50,11,2322,2053,60,65,59,51,30,4
7.255384,2292,2084,75,72,48,13,2325,2059,60,63,57,49,30,7
7.267218,2288,2084,73,74,47,10,2317,2052,59,54,70,47,25,10
7.278675,2292,2086,71,74,47,14,2316,2050,62,52,64,55,25,8
7.290526,2287,2086,70,75,47,9,2322,2052,59,64,63,48,25,11
7.302672,2287,2086,71,75,47,8,2316,2055,69,55,60,49,19,9
7.315203,2291,2084,74,69,52,12,2319,2061,59,57,56,50,28,8
7.327679,2283,2083,73,69,53,5,2314,2056,61,57,55,55,22,8
7.339893,2297,2084,72,68,54,19,2316,2055,63,57,65,50,20,6
7.352235,2295,2083,71,72,53,16,2320,2055,69,59,63,52,17,5
7.363934,2299,2083,71,72,54,19,2322,2063,57,55,50,58,32,7
7.375780,2292,2084,73,70,53,12,2315,2061,60,72,48,42,28,4
7.388165,2292,2084,72,70,57,9,2320,2071,54,53,61,43,28,10
7.400634,2296,2084,72,70,58,12,2323,2071,59,58,51,55,22,7
7.412630,2293,2084,73,69,58,9,2333,2060,62,58,54,49,37,13
7.424184,2291,2083,74,67,59,8,2327,2066,57,55,73,47,22,7
7.435429,2302,2079,75,68,61,19,2327,2062,63,52,53,51,37,9
7.446908,2293,2080,74,67,62,10,2331,2050,59,65,62,59,27,9
7.458444,2299,2080,74,69,62,14,2329,2057,55,69,64,44,29,11
7.469408,2303,2079,76,67,62,19,2332,2055,62,65,65,46,30,9
7.480917,2298,2080,74,70,57,17,2331,2048,60,63,56,61,33,10
7.492306,2294,2079,71,73,58,13,2324,2051,54,61,59,58,32,9
7.503257,2295,2076,72,71,61,15,2322,2046,67,60,63,48,33,5
7.514962,2296,2077,73,73,55,18,2327,2044,65,52,60,60,35,11
7.526733,2290,2077,73,73,56,11,2313,2048,50,63,63,50,34,5
7.537773,2302,2080,72,69,62,19,2309,2057,59,53,61,46,29,4
7.549094,2292,2081,71,72,60,8,2304,2048,55,51,70,47,27,6
7.560170,2293,2080,72,74,57,10,2318,2044,62,67,48,60,28,9
7.571816,2297,2081,70,75,55,16,2314,2052,57,62,54,53,28,8
7.583952,2290,2081,70,74,56,9,2317,2044,65,60,55,48,36,9
7.595895,2296,2079,73,70,56,18,2321,2050,71,55,70,44,20,11
7.607588,2288,2079,68,74,56,11,2325,2047,59,62,73,45,30,9
7.619746,2288,2078,67,78,53,12,2322,2059,57,51,61,56,31,7
7.631361,2286,2081,64,78,52,11,2322,2045,60,67,60,54,31,5
7.642474,2291,2081,64,79,52,15,2331,2047,52,57,72,62,32,9
7.653557,2285,2079,64,80,53,9,2328,2050,56,71,60,51,32,8
7.665096,2288,2075,71,71,60,11,2333,2049,57,67,57,64,31,8
7.676005,2291,2076,71,71,59,14,2347,2062,59,61,58,62,35,10
7.686618,2293,2076,69,72,57,19,2340,2046,69,55,54,61,42,13
7.697277,2285,2078,69,75,53,10,2324,2055,60,52,55,63,33,6
7.708520,2292,2078,69,76,53,16,2326,2047,64,59,61,52,34,9
7.720101,2287,2078,70,76,52,11,2314,2059,47,58,57,56,33,4
7.731651,2291,2078,70,73,55,15,2324,2050,63,57,54,54,35,11
7.743388,2284,2078,67,76,55,8,2328,2050,69,59,58,44,39,9
7.755206,2294,2081,65,77,53,18,2322,2050,64,51,62,58,32,5
7.766831,2290,2080,65,79,52,14,2320,2052,59,55,57,63,33,1
7.777810,2288,2078,65,80,53,12,2323,2061,51,71,44,52,29,15
7.788847,2300,2078,69,74,55,24,2325,2049,67,43,70,58,29,9
7.799947,2287,2077,72,72,55,11,2322,2050,63,40,73,55,33,8
7.811714,2287,2078,71,75,52,11,2333,2043,66,58,65,59,33,9
7.821817,2294,2076,70,78,51,19,2331,2053,55,57,68,52,41,5
7.833244,2292,2077,67,80,51,17,2325,2050,60,66,61,49,33,6
7.844354,2293,2080,67,78,52,16,2320,2059,55,52,59,47,36,12
7.856247,2289,2080,65,80,51,13,2308,2046,63,50,63,52,23,11
7.867724,2289,2080,66,77,53,13,2314,2048,63,61,56,43,32,11
7.879829,2288,2080,66,77,53,12,2309,2040,56,60,57,53,36,7
7.891335,2288,2081,62,77,57,11,2304,2043,54,67,53,56,24,7
7.903356,2284,2081,63,74,59,7,2300,2046,60,59,53,42,34,6
7.915467,2284,2083,62,72,60,7,2310,2045,56,63,55,47,27,17
7.927028,2285,2083,63,72,58,9,2305,2045,55,60,59,43,31,12
7.939163,2286,2078,67,72,58,11,2307,2045,63,57,62,50,24,6
7.951743,2291,2079,65,76,54,17,2306,2056,58,56,56,38,34,8
7.963025,2285,2078,68,75,53,11,2315,2055,56,62,61,47,26,8
7.975188,2288,2079,69,73,51,16,2312,2058,51,68,61,36,32,6
7.986767,2286,2078,70,72,52,14,2316,2049,64,60,63,43,31,6
7.998867,2291,2078,69,75,52,17,2315,2052,66,59,56,44,35,3
8.009763,2292,2078,67,77,50,20,2319,2056,60,50,58,51,32,12
8.021091,2284,2078,67,77,50,12,2317,2049,57,63,63,45,29,11
8.032220,2288,2076,71,75,50,16,2307,2041,60,57,67,51,28,3
8.043839,2286,2076,72,71,52,15,2311,2040,58,56,71,45,31,10
8.054044,2289,2075,71,70,55,18,2316,2043,71,51,74,45,27,5
8.065398,2282,2075,73,67,57,10,2312,2048,58,65,56,50,31,4
8.076768,2284,2074,77,66,56,11,2313,2045,64,60,51,55,30,8
8.089260,2295,2073,79,66,55,22,2309,2049,63,56,60,45,32,4
8.101293,2284,2071,79,69,53,12,2308,2046,55,61,57,53,30,6
8.112763,2284,2072,75,70,58,9,2311,2054,53,66,64,50,20,4
8.125440,2290,2072,75,72,56,15,2308,2062,43,62,60,44,31,6
8.136873,2284,2072,73,75,56,8,2308,2044,64,56,56,50,27,11
8.148747,2288,2071,75,74,55,13,2309,2039,55,66,56,54,27,12
8.160040,2287,2072,71,78,54,12,2318,2030,69,58,63,54,33,11
8.170962,2289,2070,73,78,54,14,2317,2039,56,61,70,57,26,8
8.181752,2298,2069,74,76,57,22,2322,2039,64,66,59,49,30,15
8.192582,2289,2068,73,74,60,14,2324,2047,69,52,61,58,29,8
8.203733,2294,2067,73,76,60,18,2316,2048,73,61,59,42,20,13
8.215330,2292,2066,75,72,63,16,2311,2047,65,58,71,47,21,2
8.227200,2294,2067,73,74,62,18,2319,2062,44,66,54,48,35,10
8.238564,2287,2069,69,77,60,12,2319,2056,59,64,48,54,31,7
8.250390,2282,2068,70,79,57,8,2317,2044,63,61,67,46,26,10
8.262307,2281,2070,68,80,54,9,2316,2038,66,62,63,48,26,13
8.273999,2293,2069,68,83,52,21,2318,2041,69,62,62,49,28,7
8.284918,2284,2067,69,84,52,12,2315,2037,68,57,69,58,23,3
8.295844,2282,2068,69,85,49,11,2322,2035,67,65,64,51,28,12
8.307828,2284,2068,69,83,49,15,2310,2041,60,65,62,49,25,8
8.318903,2281,2068,67,83,51,12,2306,2033,64,62,69,41,31,6
8.329690,2283,2067,67,81,54,14,2310,2032,69,66,58,44,32,9
8.340809,2273,2066,64,84,55,4,2317,2045,59,67,61,39,32,14
8.352655,2284,2065,65,84,55,15,2320,2037,59,61,53,55,47,8
8.363046,2282,2066,65,83,55,13,2331,2030,70,70,71,47,32,11
8.373584,2281,2067,66,82,55,11,2338,2043,60,63,66,55,42,9
8.384251,2285,2067,66,83,54,15,2328,2035,71,62,64,54,33,9
8.395094,2279,2066,66,82,55,10,2326,2040,67,58,63,49,43,6
8.405651,2286,2066,67,86,51,16,2327,2039,64,54,63,63,32,12
8.416147,2287,2066,67,86,51,17,2316,2034,67,63,63,59,20,10
8.427121,2280,2066,68,84,51,11,2320,2040,73,56,55,60,28,8
8.438855,2287,2065,69,83,53,17,2320,2035,78,48,60,55,36,8
8.449458,2285,2063,70,82,54,16,2333,2032,69,69,62,55,34,12
8.459769,2284,2062,70,84,52,16,2322,2041,66,54,58,57,35,11
8.470710,2280,2062,70,84,51,13,2329,2036,57,60,70,61,35,10
8.481761,2284,2063,69,87,48,17,2319,2045,65,48,62,57,32,10
8.492897,2282,2063,69,86,49,15,2315,2037,64,68,49,53,29,15
8.503830,2284,2064,70,86,48,16,2309,2040,58,66,52,53,30,10
8.514842,2289,2065,71,87,46,20,2315,2036,71,58,61,63,19,7
8.525932,2283,2064,70,87,46,16,2321,2040,61,55,71,58,28,8
8.536829,2284,2063,73,85,49,14,2319,2043,67,73,56,40,32,8
8.547216,2289,2061,74,84,52,18,2320,2040,64,60,71,49,27,9
8.558990,2293,2059,78,78,56,22,2312,2047,61,62,63,48,27,4
8.569845,2283,2059,78,78,55,13,2318,2045,61,58,60,51,35,8
8.580841,2287,2058,80,76,56,17,2321,2059,47,70,57,58,20,10
8.592553,2281,2057,83,74,56,11,2326,2038,68,67,68,48,31,6
8.604226,2287,2057,80,76,57,17,2321,2044,68,51,65,55,30,8
8.615637,2287,2055,82,76,57,17,2312,2039,72,43,69,59,24,6
8.627962,2282,2054,84,75,57,12,2311,2046,60,58,66,49,27,5
8.638957,2282,2053,84,76,56,13,2318,2035,74,61,65,44,31,8
8.649568,2274,2051,89,71,57,6,2318,2030,84,61,55,52,27,9
8.661572,2279,2052,92,66,59,10,2315,2040,62,66,63,54,22,8
8.672548,2287,2055,91,66,56,19,2314,2042,62,66,62,44,30,8
8.682990,2285,2054,92,65,55,19,2318,2043,61,67,62,41,34,10
8.693570,2278,2054,92,64,56,12,2312,2028,71,54,65,50,40,4
8.703877,2282,2056,87,67,54,18,2309,2036,58,55,62,52,38,8
8.715478,2283,2056,88,66,55,18,2313,2039,61,63,65,49,28,8
8.726582,2280,2055,88,66,55,16,2320,2027,67,65,58,58,37,8
8.736869,2283,2055,88,66,55,19,2313,2031,62,61,56,64,32,7
8.747543,2273,2054,85,68,56,10,2308,2033,72,50,63,42,44,4
8.759556,2276,2054,82,70,56,14,2310,2030,63,65,56,54,33,9
8.770762,2280,2053,83,67,60,17,2306,2036,57,57,71,52,26,7
8.781727,2272,2053,78,71,59,11,2309,2035,60,59,76,36,29,14
8.793230,2275,2052,79,69,61,14,2306,2037,55,66,57,54,32,5
8.804367,2278,2051,77,73,59,18,2303,2028,54,59,66,50,35,11
8.815307,2274,2051,76,70,62,15,2299,2027,68,68,53,49,29,5
8.827408,2269,2051,75,67,67,9,2306,2026,64,69,62,48,32,5
8.838765,2271,2052,73,68,65,13,2303,2025,73,56,60,46,33,10
8.850253,2269,2051,75,66,65,12,2303,2034,63,60,54,46,37,9
8.861612,2269,2052,74,65,65,13,2294,2026,59,66,52,57,26,8
8.872769,2261,2051,74,66,64,6,2297,2024,62,70,57,42,37,5
8.883945,2269,2049,75,65,66,14,2293,2030,49,65,62,58,25,4
8.894881,2274,2049,76,67,63,19,2297,2027,62,72,53,39,36,8
8.906807,2263,2047,78,68,61,9,2288,2021,64,57,72,39,23,12
8.918646,2261,2047,78,69,60,7,2284,2029,57,54,58,59,17,10
8.930425,2273,2049,76,70,59,19,2288,2030,54,66,60,43,25,10
8.941983,2264,2049,78,67,60,10,2289,2016,73,56,64,41,34,5
8.953100,2271,2049,78,66,61,17,2286,2011,63,62,63,51,29,7
8.964942,2264,2047,77,67,64,9,2289,2007,61,67,62,50,37,5
8.976088,2272,2048,74,70,64,16,2295,2018,58,67,59,60,31,2
8.986614,2274,2048,74,67,67,18,2299,2028,65,58,70,39,27,12
8.998351,2269,2048,74,68,65,14,2300,2017,63,68,58,49,35,10
9.009329,2272,2046,75,68,67,16,2305,2037,53,64,53,54,32,12
9.020037,2269,2045,76,70,66,12,2304,2024,53,73,63,46,34,11
9.031951,2268,2043,79,72,62,12,2306,2015,55,77,57,50,40,12
9.042817,2274,2042,79,75,60,18,2307,2020,50,72,65,59,26,15
9.052933,2271,2043,80,72,61,15,2311,2016,63,69,66,52,33,12
9.063727,2269,2046,79,72,59,13,2307,2015,69,66,57,62,32,6
9.074606,2274,2046,80,69,61,18,2314,2014,74,64,55,50,48,9
9.085032,2273,2046,80,69,62,16,2312,2031,60,69,58,51,31,12
9.096309,2269,2047,80,70,58,14,2300,2027,65,64,63,49,27,5
9.107438,2266,2048,79,68,59,12,2291,2033,53,55,61,47,36,6
9.119205,2266,2048,79,68,59,12,2308,2023,67,49,49,59,46,15
9.130572,2266,2048,78,68,60,12,2300,2029,63,53,59,61,28,7
9.142170,2262,2046,75,71,62,8,2298,2027,63,64,52,52,36,4
9.154391,2267,2046,74,70,64,13,2299,2032,56,62,54,59,30,6
9.166623,2259,2046,75,68,64,6,2310,2032,69,49,54,55,42,9
9.177380,2273,2048,75,69,63,18,2302,2033,66,59,56,36,47,5
9.188691,2267,2053,74,63,64,13,2298,2035,53,49,68,50,33,10
9.200011,2266,2052,76,63,63,12,2294,2033,56,54,64,45,29,13
9.211685,2266,2054,76,62,62,12,2294,2027,59,65,52,54,31,6
9.223004,2267,2055,74,64,61,13,2289,2031,47,65,46,63,31,6
9.235553,2269,2054,73,66,61,15,2285,2029,61,59,52,50,27,7
9.248302,2267,2053,75,65,58,16,2273,2024,56,70,36,50,29,8
9.260946,2266,2050,76,65,61,14,2285,2022,63,60,56,38,36,10
9.273335,2265,2050,76,65,60,14,2289,2023,64,58,60,45,33,6
9.285928,2262,2051,76,65,58,12,2289,2025,56,56,57,51,33,11
9.297788,2265,2050,77,64,58,16,2283,2016,65,58,51,55,29,9
9.310051,2255,2049,77,63,62,4,2283,2027,64,47,56,49,36,4
9.322352,2266,2046,78,65,60,17,2272,2024,58,53,60,47,25,5
9.334865,2258,2044,77,68,61,8,2284,2030,55,61,58,46,27,7
9.347617,2259,2044,77,67,61,10,2279,2033,57,67,43,49,26,4
9.359946,2262,2043,78,67,61,13,2285,2043,52,63,50,42,27,8
9.371173,2259,2043,80,66,59,11,2286,2025,64,50,53,60,27,7
9.383533,2253,2042,80,66,59,6,2280,2025,56,52,52,59,31,5
9.395903,2260,2041,85,62,59,13,2275,2019,53,62,50,58,25,8
9.407605,2257,2043,85,60,59,10,2279,2019,62,65,47,46,32,8
9.419752,2258,2044,85,59,59,11,2271,2025,55,58,48,48,33,4
9.431810,2264,2045,84,60,59,16,2263,2019,55,56,55,50,22,6
9.443976,2272,2044,83,61,60,24,2258,2019,55,62,45,45,22,10
9.456859,2263,2043,84,60,61,15,2267,2016,54,56,56,46,25,14
9.469103,2255,2041,84,63,58,9,2270,2011,52,69,47,55,26,10
9.481773,2262,2038,83,65,61,15,2263,2014,60,64,47,48,24,6
9.494613,2261,2039,84,65,60,13,2272,2014,56,55,62,52,22,11
9.507895,2253,2039,84,66,56,8,2271,2015,62,67,55,43,22,7
9.520287,2258,2038,85,67,55,13,2269,2008,62,63,44,55,32,5
9.533268,2259,2039,86,66,54,14,2276,2021,57,54,59,44,35,6
9.545648,2258,2039,87,65,54,13,2291,2031,57,71,44,50,25,13
9.557180,2251,2037,87,69,52,6,2292,2023,52,62,58,65,25,7
9.568451,2257,2039,86,71,49,12,2291,2019,60,61,62,49,36,4
9.579918,2258,2038,87,72,48,13,2297,2013,66,63,59,52,32,12
9.592594,2259,2038,87,71,49,14,2294,2029,61,57,50,45,39,13
9.603868,2259,2034,90,71,48,16,2287,2031,51,62,58,52,24,9
9.615269,2259,2032,91,68,52,16,2284,2023,56,59,66,51,24,5
9.626951,2260,2032,92,67,51,18,2278,2023,56,56,61,49,24,9
9.638977,2257,2032,93,67,50,15,2285,2006,66,61,59,45,35,13
9.649880,2254,2029,91,69,51,14,2287,2017,54,67,56,52,32,9
9.661386,2250,2028,91,70,50,11,2285,2016,61,51,74,49,29,5
9.672443,2253,2029,91,70,49,14,2284,2013,59,63,76,39,26,8
9.683278,2245,2030,90,68,50,7,2278,2006,64,68,56,46,31,7
9.694735,2244,2032,89,69,48,6,2287,2014,56,53,56,54,41,13
9.705173,2251,2031,91,66,50,13,2279,2000,74,50,64,46,42,3
9.717006,2245,2030,90,66,49,10,2280,2004,56,62,61,53,34,10
9.728801,2246,2030,90,66,49,11,2276,2007,55,65,52,64,24,9
9.740370,2246,2032,87,70,46,11,2280,1995,67,71,59,53,29,6
9.751349,2250,2031,87,71,46,15,2285,2018,60,48,67,54,35,3
9.762678,2251,2031,87,71,45,17,2287,2010,58,68,51,53,35,12
9.773720,2247,2030,88,70,45,14,2276,2001,59,67,57,50,34,8
9.786046,2249,2027,89,70,46,17,2277,1998,66,53,64,53,35,8
9.797477,2241,2027,90,70,45,9,2270,2007,69,54,53,56,24,7
9.809407,2244,2029,87,70,47,11,2265,1994,60,64,61,51,30,5
9.821549,2245,2028,86,71,47,13,2265,2009,60,50,57,58,25,6
9.832997,2245,2028,86,72,47,12,2262,1995,65,58,64,41,30,9
9.844402,2248,2028,89,68,48,15,2274,2012,58,59,51,54,31,9
9.855713,2244,2026,89,71,47,11,2272,2006,66,53,52,58,31,6
9.867669,2246,2026,88,70,50,12,2281,1999,68,61,66,50,31,6
9.878876,2248,2027,87,72,48,14,2272,2011,59,55,57,49,31,10
9.890636,2250,2026,86,73,47,18,2272,2003,62,65,58,46,28,10
9.902527,2248,2027,85,72,48,16,2273,2013,63,63,51,46,26,11
9.914255,2245,2027,86,69,49,14,2270,2007,64,63,45,59,29,3
9.927534,2244,2026,85,71,49,13,2263,2015,54,58,66,45,21,4
9.939475,2241,2026,85,70,50,10,2275,2017,50,68,59,46,30,5
9.951112,2243,2025,85,71,50,12,2272,2012,58,62,50,58,25,7
9.962765,2246,2022,87,73,49,15,2266,2004,59,56,71,52,23,1
9.974225,2246,2023,84,76,48,15,2265,2005,67,59,60,41,25,8
9.986520,2242,2022,85,77,48,10,2258,2000,60,63,52,52,24,7
9.999110,2243,2022,84,79,48,10,2261,2002,63,61,61,47,18,9
10.011465,2249,2021,85,78,49,16,2270,2003,59,57,56,57,32,6
10.022675,2244,2020,87,77,48,12,2275,2002,63,55,68,46,33,8
10.033629,2249,2020,87,79,47,16,2278,2003,66,56,54,53,39,7
10.045047,2246,2021,86,77,46,16,2276,2006,58,74,54,48,30,6
10.056339,2244,2021,86,77,44,16,2280,1998,70,59,66,54,22,11
10.066954,2243,2021,85,78,44,15,2283,2005,58,75,57,49,27,12
10.078106,2244,2021,79,85,43,16,2270,2002,56,65,54,61,25,7
10.090020,2242,2021,79,84,45,13,2270,2007,46,68,63,47,27,12
10.101350,2241,2022,79,82,45,13,2271,1993,63,62,67,48,27,11
10.112576,2247,2022,79,82,47,17,2272,1995,65,58,69,49,33,3
10.124863,2243,2019,82,83,46,13,2277,2003,60,66,47,64,32,5
10.135946,2241,2021,83,83,43,11,2282,2005,63,61,57,57,32,7
10.146675,2244,2021,83,83,45,12,2277,2001,65,56,66,53,32,4
10.157413,2245,2023,82,83,44,13,2290,1995,61,69,55,70,34,6
10.168073,2246,2021,84,82,45,14,2292,2000,68,66,70,57,24,7
10.179497,2246,2021,83,82,47,13,2293,2003,70,50,67,52,42,9
10.190009,2242,2019,87,80,47,9,2287,2008,64,59,64,54,33,5
10.200811,2251,2017,88,82,46,18,2291,2016,62,52,72,55,22,12
10.211911,2245,2018,89,82,42,14,2285,2017,51,70,58,51,29,9
10.222934,2244,2016,91,78,44,15,2278,2010,63,52,65,54,25,9
10.234772,2241,2014,92,80,42,13,2274,1998,65,64,60,54,26,7
10.246237,2239,2014,93,78,42,12,2274,1991,74,56,62,47,35,9
10.257726,2246,2015,91,80,41,19,2276,2006,65,56,61,41,34,13
10.269301,2236,2016,91,80,40,9,2268,1998,63,59,61,48,31,8
10.281526,2238,2016,92,77,42,11,2271,1996,78,47,62,55,28,5
10.292394,2248,2015,98,75,40,20,2275,1995,70,67,67,41,29,6
10.303810,2241,2017,96,76,39,13,2275,1998,59,54,69,52,34,9
10.315084,2249,2016,98,71,44,20,2269,2000,61,75,42,57,27,7
10.326755,2237,2014,101,70,45,7,2267,1999,72,65,59,32,33,7
10.338776,2242,2012,103,70,46,11,2265,1990,63,72,56,47,31,6
10.350129,2239,2011,103,70,46,9,2273,1995,64,73,63,47,24,7
10.360751,2245,2011,99,72,48,15,2269,1991,66,78,64,42,19,9
10.371517,2245,2011,98,76,44,16,2274,1989,69,73,59,39,36,9
10.382117,2242,2014,96,74,46,12,2262,1996,61,67,53,47,26,12
10.394145,2238,2013,98,72,47,8,2263,2010,53,60,64,36,30,10
10.406698,2241,2013,96,72,48,12,2256,2002,54,61,57,51,26,5
10.418474,2243,2014,91,74,50,14,2255,1992,60,70,56,52,23,2
10.430906,2249,2013,92,74,50,20,2258,1999,52,67,61,50,28,1
10.442397,2241,2011,94,72,53,11,2268,1999,52,65,61,51,29,11
10.453375,2238,2011,94,73,51,9,2272,1993,61,64,60,59,24,11
10.464726,2244,2009,96,72,52,15,2265,1996,70,58,55,55,21,10
10.476013,2254,2008,99,69,53,25,2263,1995,51,61,66,55,27,8
10.487050,2243,2009,101,66,53,14,2271,1994,64,64,59,58,25,7
10.498638,2242,2009,100,65,56,12,2273,1988,65,55,62,55,35,13
10.510349,2239,2011,100,64,54,10,2271,1994,63,64,65,46,23,16
10.522196,2240,2012,98,63,55,12,2271,1985,62,64,62,61,27,10
10.533286,2240,2011,98,64,53,14,2273,1990,53,66,64,56,34,10
10.544438,2245,2012,95,67,52,19,2279,1994,63,61,62,60,27,12
10.554893,2236,2012,95,65,53,11,2276,1987,63,75,55,59,32,5
10.565991,2238,2012,94,66,53,13,2286,1996,57,65,67,55,38,8
10.576915,2236,2012,94,67,52,11,2290,1996,68,51,67,60,37,11
10.587228,2235,2011,93,68,52,11,2292,2006,63,64,69,56,25,9
10.597673,2237,2010,92,70,51,14,2284,2007,60,66,59,60,26,6
10.608253,2234,2008,92,70,52,12,2293,2000,65,64,64,68,20,12
10.618528,2237,2008,91,72,52,14,2297,1999,62,76,61,45,43,11
10.628536,2238,2008,92,70,52,16,2298,1995,55,64,68,63,45,8
10.638736,2234,2009,90,70,52,13,2289,1982,67,65,70,61,33,11
10.649216,2231,2008,89,72,52,10,2284,1991,74,63,63,50,32,11
10.659991,2239,2007,87,75,53,17,2291,1993,69,60,65,56,39,9
10.670675,2236,2007,87,75,53,14,2286,2006,56,67,61,57,27,12
10.680717,2242,2007,88,75,52,20,2285,1989,65,63,69,42,47,10
10.691463,2234,2006,89,76,53,10,2280,1996,59,62,62,57,33,11
10.702678,2235,2008,83,81,53,10,2276,1995,62,56,72,48,36,7
10.713612,2245,2009,82,83,51,20,2274,2001,62,63,52,56,33,7
10.724895,2235,2010,81,84,49,11,2275,1981,74,54,57,66,32,11
10.735671,2243,2010,82,83,49,19,2282,1996,66,53,70,61,32,4
10.746265,2240,2009,84,81,51,15,2283,1992,74,61,52,62,33,9
10.756690,2245,2006,85,81,53,20,2283,1991,77,55,66,55,30,9
10.767701,2242,2005,86,79,55,17,2290,2000,55,70,56,56,45,8
10.778238,2242,2004,86,80,53,19,2289,1995,73,54,67,57,32,11
10.789240,2236,2003,87,81,51,14,2287,1988,72,63,73,48,33,10
10.799067,2240,2004,85,82,51,18,2291,2000,62,65,70,52,24,18
10.809044,2241,2006,85,81,50,19,2294,1992,64,61,68,58,45,6
10.819118,2234,2007,89,75,50,13,2286,1986,66,63,71,63,34,3
10.829212,2241,2006,90,76,48,21,2283,1992,57,72,53,68,34,7
10.838882,2229,2005,90,79,42,13,2273,1988,68,62,72,46,28,9
10.849966,2227,2005,91,75,44,12,2264,1985,62,66,61,52,28,10
10.861109,2230,2003,88,79,45,15,2259,1985,65,73,60,46,25,5
10.872435,2227,2004,91,75,45,12,2262,1986,64,60,59,46,39,8
10.883395,2233,2002,90,78,45,18,2271,1996,62,58,58,52,34,11
10.893929,2227,2001,87,81,46,12,2274,1985,75,61,57,54,26,16
10.904454,2226,2001,87,81,45,12,2266,1974,60,69,64,56,33,10
10.914951,2230,1999,88,81,46,16,2264,1977,68,59,71,56,25,8
10.924929,2226,1999,91,78,45,13,2262,1982,63,68,55,66,24,4
10.935373,2226,1999,91,80,43,13,2269,1980,66,62,75,48,29,9
10.945700,2224,1998,90,83,41,12,2268,1987,55,64,70,54,29,9
10.955816,2229,1999,89,80,43,18,2263,1970,76,63,55,61,27,11
10.966598,2232,1999,89,78,46,20,2259,1985,68,58,74,42,25,7
10.977803,2225,1999,88,81,44,13,2258,1990,62,48,67,51,33,7
10.989123,2231,2000,86,85,43,17,2256,1991,64,54,60,46,32,9
11.000140,2229,2001,85,84,43,16,2256,1985,61,62,58,49,33,8
11.010921,2222,2001,84,83,44,10,2257,1991,58,66,58,55,22,7
11.021898,2220,2002,85,83,41,9,2255,1985,62,68,53,54,25,8
11.033598,2228,2002,86,83,41,16,2255,1982,69,55,69,48,26,6
11.044525,2227,1999,90,80,43,15,2256,1978,70,51,59,61,32,5
11.055993,2224,1998,91,81,45,9,2254,1979,70,63,54,52,27,9
11.067143,2229,1997,92,79,47,14,2255,1977,63,70,59,45,33,8
11.078034,2233,1995,93,81,46,18,2268,1979,71,67,53,47,40,11
11.089184,2236,1995,96,78,46,21,2258,1972,76,56,64,49,34,7
11.100265,2236,1997,94,77,48,20,2263,1992,60,57,64,56,27,7
11.111220,2230,1996,95,77,47,15,2257,1987,62,57,57,61,29,4
11.122007,2226,1997,89,82,47,11,2268,1990,60,59,72,39,39,9
11.132585,2227,1997,90,82,47,11,2264,1994,52,56,73,52,25,12
11.143473,2230,2001,89,79,47,14,2265,1987,60,47,73,50,36,12
11.154425,2228,2002,88,76,50,12,2269,1986,59,63,60,60,34,7
11.165441,2228,2001,92,70,51,14,2266,1992,74,41,70,59,23,7
11.175508,2228,2002,89,72,51,14,2269,1979,69,58,65,48,39,11
11.186131,2229,2001,86,73,54,15,2259,1989,62,58,64,53,28,5
11.196912,2230,1999,86,73,57,15,2253,1987,60,62,65,47,30,2
11.208854,2228,1997,86,73,59,13,2261,1983,67,67,58,50,24,12
11.220058,2223,1995,87,72,60,9,2262,1990,60,62,57,46,36,11
11.231415,2225,1996,86,72,59,12,2261,1976,77,62,67,45,27,7
11.242689,2227,1995,85,70,63,14,2259,1985,63,55,59,58,32,7
11.254571,2228,1995,84,74,59,16,2257,1982,62,65,60,52,29,7
11.265405,2234,1995,85,74,57,23,2256,1988,61,60,59,53,28,7
11.276235,2227,1992,83,79,58,15,2266,1985,67,58,66,45,33,12
11.287709,2220,1993,81,81,55,10,2262,1983,63,69,59,40,42,6
11.298812,2224,1992,82,81,55,14,2263,1985,66,61,52,58,35,6
11.309587,2226,1992,83,79,56,16,2264,1982,66,62,58,58,32,6
11.320292,2216,1988,88,77,55,8,2264,1986,62,56,71,54,30,5
11.330922,2214,1987,91,71,60,5,2266,1966,69,67,73,59,26,6
11.341793,2223,1987,92,70,60,14,2261,1976,72,59,65,52,28,9
11.353052,2226,1989,90,72,58,17,2255,1981,65,60,55,50,35,9
11.364073,2225,1986,91,74,60,14,2251,1979,62,63,53,59,26,9
11.375142,2229,1985,91,75,60,18,2255,1977,57,62,71,46,34,8
11.386140,2222,1986,90,75,60,11,2259,1983,54,59,60,62,30,11
11.397783,2217,1986,90,73,62,6,2252,1962,71,69,54,70,21,5
11.409181,2225,1985,90,72,64,14,2254,1978,58,65,76,43,25,9
11.419825,2226,1986,88,76,61,15,2255,1968,67,70,60,51,30,9
11.431212,2220,1986,88,77,58,11,2262,1971,74,57,70,46,37,7
11.441738,2221,1987,87,79,54,14,2266,1975,64,52,71,65,29,10
11.452762,2221,1986,89,79,53,14,2264,1984,54,72,59,52,32,11
11.463765,2220,1985,89,81,52,13,2261,1972,68,60,60,54,38,9
11.475320,2223,1985,88,82,50,18,2254,1981,58,79,57,51,23,5
11.485997,2217,1988,88,81,49,11,2265,1964,69,60,72,60,27,13
11.497898,2220,1989,90,78,50,13,2259,1966,67,51,64,76,31,4
11.508417,2211,1988,88,80,50,5,2257,1967,62,61,70,49,38,10
11.518739,2222,1984,88,80,54,16,2257,1966,71,66,68,53,23,10
11.529168,2229,1987,87,79,53,23,2253,1977,59,60,56,53,36,12
11.540757,2222,1986,86,79,56,15,2245,1976,54,65,58,60,24,8
11.551615,2219,1986,83,83,54,13,2250,1975,58,57,68,54,28,10
11.562650,2220,1986,80,88,52,14,2246,1976,66,62,58,52,23,9
11.573874,2221,1985,80,87,54,15,2249,1972,69,60,62,50,29,7
11.584548,2224,1985,80,86,54,19,2257,1974,60,79,45,53,33,13
11.595592,2216,1986,80,86,52,12,2253,1973,55,72,57,51,37,8
11.606949,2223,1988,79,86,51,19,2254,1968,63,66,60,50,38,9
11.616749,2218,1986,81,84,53,14,2255,1970,64,65,65,51,32,8
11.626790,2229,1984,81,85,55,24,2267,1962,74,69,62,54,37,9
11.637193,2217,1982,82,89,54,10,2272,1971,73,65,63,56,31,13
11.647804,2219,1983,85,87,52,12,2269,1968,72,65,70,53,32,9
11.657968,2225,1984,85,86,53,17,2269,1961,79,62,67,56,32,12
11.668403,2219,1984,81,90,52,12,2267,1980,66,52,69,64,27,9
11.678812,2222,1983,82,89,53,15,2263,1963,74,64,56,61,36,9
11.689718,2215,1982,82,90,53,8,2256,1968,68,57,73,58,23,9
11.699726,2220,1983,81,92,53,11,2261,1972,53,63,63,66,35,9
11.710573,2213,1983,86,88,53,3,2260,1966,70,58,59,56,34,17
11.722353,2222,1983,88,87,51,13,2247,1967,73,57,63,56,24,7
11.733449,2222,1980,87,90,50,15,2247,1975,68,56,58,54,23,13
11.744648,2229,1980,88,88,52,21,2242,1976,64,59,63,42,29,9
11.756097,2220,1980,88,89,53,10,2246,1976,61,60,59,56,25,9
11.767626,2217,1979,89,87,54,8,2254,1979,60,58,64,53,27,13
11.779027,2221,1979,94,80,56,12,2253,1967,74,63,56,59,25,9
11.790823,2227,1979,94,80,57,17,2258,1972,59,65,71,61,26,4
11.802122,2219,1976,94,83,54,12,2259,1979,70,54,67,57,27,5
11.813474,2231,1977,95,79,57,23,2260,1979,68,65,60,54,27,7
11.824703,2222,1977,95,79,56,15,2253,1971,75,55,63,53,29,7
11.836016,2220,1979,95,78,55,13,2255,1979,71,56,67,43,28,11
11.847629,2220,1979,96,80,52,13,2245,1971,68,54,67,52,28,5
11.859134,2224,1980,95,81,53,15,2255,1968,72,64,58,55,32,6
11.870247,2222,1981,92,83,50,16,2256,1970,66,63,67,48,35,7
11.881789,2220,1980,91,83,52,14,2254,1968,58,59,64,48,46,11
11.892529,2222,1981,94,78,55,14,2243,1970,68,56,60,53,30,6
11.904523,2222,1984,95,73,56,14,2245,1974,71,65,61,39,31,4
11.916373,2225,1985,94,74,55,17,2248,1975,60,59,64,52,32,6
11.927831,2225,1986,92,80,49,18,2256,1969,64,64,70,46,32,11
11.938349,2220,1986,90,82,49,13,2250,1976,56,68,61,53,29,7
11.949976,2218,1986,89,79,53,11,2252,1973,59,69,61,52,28,10
11.960825,2219,1985,88,82,51,13,2250,1963,65,72,58,48,35,9
11.971782,2215,1984,87,86,48,10,2256,1962,76,63,64,58,26,7
11.982770,2214,1984,87,84,50,9,2259,1972,71,62,68,56,25,5
11.992996,2222,1983,86,84,51,18,2261,1966,72,65,68,51,32,7
12.003013,2220,1982,85,84,53,16,2258,1972,70,62,59,59,29,7
12.013912,2216,1984,87,80,53,12,2254,1971,66,60,65,58,27,7
12.024457,2217,1984,86,77,58,12,2261,1966,72,54,61,70,28,10
12.034941,2221,1984,85,78,59,15,2251,1967,66,63,60,53,32,10
12.045939,2224,1986,84,77,59,18,2254,1968,73,52,71,55,31,4
12.056723,2215,1986,84,76,61,8,2254,1965,67,61,62,47,44,8
12.067617,2214,1987,83,76,60,8,2249,1970,66,46,82,46,36,3
12.079040,2225,1986,83,75,62,19,2251,1973,61,60,58,64,27,8
12.089914,2220,1988,84,75,58,15,2255,1974,63,62,47,56,39,14
12.100498,2223,1986,86,75,56,20,2257,1972,72,60,52,62,30,9
12.110974,2218,1987,83,76,58,14,2266,1958,76,54,71,62,38,7
12.121490,2212,1987,84,75,58,8,2266,1965,69,72,57,61,31,11
12.132427,2220,1987,83,74,59,17,2265,1967,68,65,65,67,24,9
12.142345,2218,1988,81,78,55,16,2264,1972,62,68,70,51,35,6
12.152127,2208,1988,84,81,49,6,2263,1953,68,74,67,60,29,12
12.162728,2220,1988,85,79,50,18,2248,1970,69,59,69,54,21,6
12.173573,2222,1989,82,81,49,21,2252,1962,67,60,63,56,31,13
12.184778,2217,1990,85,82,45,15,2246,1959,61,61,60,62,34,9
12.195567,2219,1990,83,82,46,18,2240,1969,60,69,49,60,30,3
12.206942,2224,1990,82,82,47,23,2246,1956,72,61,65,49,35,8
12.218484,2212,1990,86,76,48,12,2243,1962,63,64,64,58,28,4
12.229628,2215,1989,85,78,47,16,2254,1965,76,64,48,51,43,7
12.240508,2215,1988,87,75,50,15,2260,1975,62,70,49,56,36,12
12.251568,2209,1987,89,74,49,10,2252,1966,73,50,67,61,29,6
12.262462,2217,1987,89,75,48,18,2251,1966,70,62,58,59,30,6
12.274131,2211,1987,87,78,48,11,2256,1969,61,68,64,54,35,5
12.284723,2214,1986,87,79,48,14,2255,1961,67,65,76,43,34,9
12.295856,2205,1985,87,80,45,8,2251,1973,57,65,59,62,25,10
12.306298,2208,1985,89,78,43,13,2240,1957,68,68,62,45,32,8
12.317441,2205,1984,89,78,45,9,2231,1960,63,66,50,62,23,7
12.328625,2206,1982,89,79,46,10,2229,1943,72,65,57,54,28,10
12.340308,2209,1981,90,78,47,13,2217,1965,48,60,67,43,25,9
12.352281,2206,1981,88,82,45,10,2220,1966,60,50,61,48,30,5
12.364216,2206,1982,86,84,45,9,2224,1966,60,62,55,54,23,4
12.376049,2213,1981,88,82,48,14,2225,1955,72,60,48,56,29,5
12.387789,2212,1980,88,84,47,13,2229,1957,60,54,76,50,26,6
12.399890,2206,1978,92,83,45,8,2228,1962,58,55,68,56,22,7
12.412070,2214,1980,91,82,45,16,2222,1961,61,64,60,49,20,7
12.423936,2210,1981,86,85,47,11,2227,1969,51,59,57,67,22,2
12.435216,2213,1983,84,84,49,13,2227,1970,51,61,57,52,23,13
12.447832,2214,1980,89,83,48,14,2224,1968,64,52,58,59,20,3
12.459342,2218,1980,90,81,50,17,2229,1969,61,43,69,53,24,10
12.471194,2218,1984,89,80,50,15,2231,1963,56,68,52,52,29,11
12.482553,2215,1984,91,79,49,12,2234,1964,55,70,55,51,33,6
12.493681,2214,1982,89,80,52,11,2244,1962,66,70,53,48,38,7
12.504532,2214,1981,89,82,51,11,2243,1963,66,59,68,56,25,6
12.515475,2217,1979,93,79,54,12,2250,1963,56,82,55,41,42,11
12.526406,2222,1978,92,80,54,18,2240,1964,60,64,71,42,39,0
12.538062,2223,1978,89,85,51,20,2247,1964,72,58,62,52,28,11
12.549163,2212,1977,88,86,53,8,2254,1957,67,66,60,64,24,16
12.560618,2210,1978,87,87,52,6,2247,1966,60,63,59,59,29,11
12.572008,2215,1977,87,85,54,12,2257,1964,66,63,58,59,34,13
12.582858,2216,1975,88,81,59,13,2259,1968,71,63,58,53,34,12
12.594345,2211,1973,87,82,59,10,2242,1951,73,64,66,57,24,7
12.604940,2212,1972,88,82,58,12,2244,1946,73,71,59,52,33,10
12.615767,2207,1973,88,82,56,8,2246,1957,67,65,61,54,34,8
12.626906,2210,1970,87,84,58,11,2249,1955,71,57,68,59,29,10
12.637455,2207,1968,88,82,62,7,2240,1960,58,67,76,48,24,7
12.648762,2215,1971,88,80,61,15,2246,1943,75,67,70,51,29,11
12.658843,2213,1972,88,79,61,13,2246,1954,65,62,56,57,41,11
12.669557,2213,1972,89,78,61,13,2247,1958,66,58,67,63,27,8
12.680503,2217,1973,89,77,59,19,2250,1961,74,57,59,63,27,9
12.691126,2209,1973,87,79,59,11,2250,1963,60,77,56,48,35,11
12.701852,2212,1971,88,79,60,14,2245,1957,66,69,58,50,38,7
12.712317,2216,1971,88,78,61,18,2242,1956,65,67,61,53,31,9
12.722169,2214,1971,88,80,59,16,2243,1941,85,53,58,55,41,10
12.732885,2216,1971,85,86,56,18,2247,1956,69,73,52,51,41,5
12.744074,2213,1969,87,84,58,15,2243,1958,61,65,55,56,41,7
12.754798,2219,1970,89,82,57,21,2241,1957,66,67,59,57,25,10
12.765728,2212,1970,90,82,56,14,2243,1961,67,68,65,42,30,10
12.775865,2218,1971,89,82,55,21,2249,1962,59,63,63,46,39,17
12.785871,2213,1969,91,80,57,16,2245,1962,65,59,60,62,27,10
12.796558,2217,1968,93,81,55,20,2249,1960,68,64,67,46,36,8
12.807532,2211,1968,92,82,55,14,2254,1952,73,61,70,44,40,14
12.818854,2213,1966,94,82,54,17,2258,1958,68,51,68,70,33,10
12.829170,2211,1964,96,83,52,16,2256,1952,66,61,75,61,33,8
12.840080,2216,1965,99,79,52,21,2256,1956,65,73,66,54,35,7
12.850252,2211,1965,98,81,51,16,2260,1955,70,70,58,59,35,13
12.860474,2207,1966,99,81,49,12,2262,1954,61,60,71,69,37,10
12.870323,2214,1968,99,80,49,18,2262,1948,71,77,70,54,32,10
12.880030,2209,1968,99,80,48,14,2263,1963,69,62,73,51,34,11
12.890544,2205,1968,100,78,49,10,2259,1971,64,63,65,56,34,6
12.900773,2210,1968,99,79,48,16,2261,1955,70,78,63,58,30,7
12.911615,2204,1970,97,78,48,11,2260,1965,61,58,63,68,35,10
12.922423,2202,1970,96,75,52,9,2270,1966,68,55,73,57,36,15
12.932354,2205,1971,95,77,51,11,2269,1960,59,66,63,60,49,12
12.942898,2212,1971,99,76,49,17,2265,1962,64,69,66,67,31,6
12.953217,2209,1971,100,74,50,14,2268,1971,61,60,67,62,37,10
12.963370,2212,1970,100,75,48,19,2266,1968,63,72,55,64,39,5
12.973817,2211,1971,97,74,52,17,2254,1958,66,65,57,66,34,8
12.984160,2206,1971,96,74,53,12,2252,1965,66,81,56,44,31,9
12.994873,2214,1972,94,76,52,20,2244,1952,80,56,65,41,40,10
13.006100,2206,1972,93,74,54,13,2247,1960,76,59,60,49,35,8
13.016515,2213,1972,93,76,53,19,2248,1961,75,62,54,56,34,6
13.027371,2210,1971,94,72,57,16,2254,1962,66,56,75,51,35,9
13.038600,2199,1969,92,77,56,5,2256,1959,60,65,63,56,48,5
13.048876,2214,1970,92,76,56,20,2260,1963,67,66,60,55,40,9
13.058631,2214,1972,92,76,53,21,2268,1971,56,74,54,55,39,19
13.068349,2211,1971,91,78,52,19,2263,1959,70,60,59,64,37,14
13.078476,2205,1972,88,82,50,13,2266,1964,68,77,67,52,31,7
13.089498,2203,1973,88,81,50,11,2267,1958,70,59,88,49,33,10
13.099836,2207,1973,92,75,50,17,2267,1965,73,62,58,65,35,9
13.109718,2202,1971,93,76,48,14,2270,1954,76,61,68,65,36,10
13.119625,2205,1971,92,75,50,17,2270,1962,64,70,70,62,35,7
13.130031,2205,1973,89,76,50,17,2272,1966,67,67,63,52,45,12
13.139929,2201,1973,88,77,50,13,2259,1956,67,66,67,60,39,4
13.150233,2206,1972,92,75,49,18,2260,1955,70,64,64,60,34,13
13.160979,2197,1969,90,78,50,10,2257,1954,66,62,65,64,36,10
13.171027,2204,1969,90,79,50,16,2253,1962,61,72,63,50,41,4
13.181286,2206,1969,90,79,49,19,2249,1960,60,74,61,60,30,4
13.191662,2202,1970,91,78,49,14,2245,1943,72,64,58,62,35,11
13.202445,2196,1969,91,78,49,9,2244,1949,61,64,59,54,50,7
13.212836,2206,1968,95,75,50,18,2241,1952,68,59,55,63,34,10
13.223030,2199,1968,95,75,50,11,2243,1945,61,68,70,54,31,14
13.233538,2197,1967,97,73,51,9,2240,1966,51,71,73,42,26,11
13.244669,2200,1967,98,73,49,13,2238,1963,59,71,62,44,31,8
13.256078,2199,1968,98,72,49,12,2241,1959,63,58,59,51,40,11
13.266541,2202,1967,99,71,50,15,2241,1958,78,59,61,55,23,7
13.276971,2200,1966,99,73,49,13,2242,1949,68,70,59,59,27,10
13.287531,2200,1965,98,74,50,13,2239,1946,75,60,60,52,35,11
13.299157,2199,1964,100,73,49,13,2236,1954,65,54,63,61,28,11
13.309636,2197,1964,101,70,51,11,2240,1948,67,70,59,59,27,10
13.320042,2197,1966,101,71,47,12,2231,1947,71,66,59,58,22,8
13.330552,2206,1965,98,74,48,21,2232,1947,73,63,70,46,20,13
13.341579,2200,1965,97,72,48,18,2230,1948,65,78,61,38,31,9
13.352440,2203,1964,97,72,48,22,2230,1944,70,62,61,55,33,5
13.362860,2193,1964,96,71,50,12,2224,1943,67,60,69,47,29,9
13.373241,2200,1966,94,74,49,17,2220,1934,69,74,63,45,30,5
13.384305,2202,1966,93,73,51,19,2217,1942,71,63,64,53,23,1
13.395218,2194,1966,91,76,50,11,2227,1937,74,67,64,45,30,10
13.406042,2197,1965,92,73,53,14,2230,1942,66,68,50,58,32,14
13.418079,2195,1964,93,73,53,12,2224,1942,74,70,57,52,23,6
13.429551,2199,1965,96,70,51,17,2225,1952,57,65,66,49,28,8
13.440686,2192,1964,93,74,47,14,2226,1945,60,57,66,66,27,5
13.450872,2200,1965,92,71,49,23,2233,1947,64,62,62,58,34,6
13.461375,2188,1964,92,72,48,12,2233,1947,71,60,64,50,33,8
13.471614,2185,1964,93,71,50,7,2228,1953,55,65,60,53,34,8
13.483042,2196,1962,93,74,50,17,2219,1939,77,59,58,61,23,2
13.494286,2193,1962,91,78,48,14,2225,1939,64,68,49,67,27,11
13.504969,2190,1962,92,75,48,13,2226,1950,58,68,63,56,23,8
13.515759,2188,1962,92,76,47,11,2220,1937,73,64,67,46,23,10
13.526653,2196,1962,94,77,43,20,2218,1940,73,68,54,51,22,10
13.537290,2186,1961,91,78,46,10,2230,1934,76,64,58,55,36,7
13.547252,2191,1961,90,79,47,14,2237,1932,67,57,70,66,37,8
13.557436,2192,1961,88,82,46,15,2236,1935,60,64,62,65,40,10
13.567904,2197,1962,89,79,48,19,2234,1948,67,64,64,53,31,7
13.578313,2193,1964,87,82,46,14,2236,1934,72,65,70,58,31,6
13.589067,2194,1963,88,81,46,16,2234,1933,69,81,54,55,35,7
13.599695,2190,1963,85,83,47,12,2235,1932,71,60,76,54,34,8
13.609777,2191,1962,81,86,49,13,2236,1937,64,66,64,52,43,10
13.621234,2189,1962,81,86,49,11,2226,1931,73,52,76,56,32,6
13.631878,2194,1961,82,85,50,16,2238,1943,64,60,72,66,27,6
13.642277,2191,1960,83,85,50,13,2239,1950,67,67,51,59,36,9
13.652924,2200,1959,83,86,51,21,2235,1941,68,60,65,60,34,7
13.664039,2188,1961,80,87,51,9,2229,1930,73,76,52,63,28,7
13.675146,2194,1962,81,87,48,16,2226,1939,62,76,64,53,26,6
13.686375,2196,1960,84,85,51,16,2226,1938,77,52,64,60,32,3
13.696979,2197,1959,86,84,52,16,2225,1942,68,68,70,43,26,8
13.708028,2199,1960,89,81,51,18,2227,1936,72,62,61,47,36,13
13.718248,2197,1964,86,79,54,14,2239,1934,77,70,52,58,35,13
13.728601,2202,1964,84,80,56,18,2240,1938,66,84,49,69,23,11
13.739102,2200,1963,84,82,54,17,2246,1937,69,59,67,69,32,13
13.749724,2197,1964,84,80,55,14,2238,1938,81,57,54,50,45,13
13.759847,2196,1963,84,79,57,13,2237,1941,68,65,59,55,39,10
13.770378,2193,1962,84,81,55,11,2244,1946,68,63,60,55,42,10
13.780944,2197,1963,84,81,54,15,2251,1954,65,62,59,66,31,14
13.791494,2203,1961,85,80,56,21,2247,1951,73,45,77,57,34,10
13.801379,2206,1962,85,79,56,24,2242,1945,62,71,56,63,34,11
13.811760,2194,1961,84,81,54,14,2244,1950,57,55,80,57,36,9
13.823146,2193,1959,83,83,56,12,2240,1942,65,68,60,54,38,13
13.834299,2191,1960,81,87,53,10,2235,1937,61,75,55,59,41,7
13.845421,2199,1961,87,80,56,15,2235,1940,64,67,55,61,40,8
13.855304,2206,1962,87,79,55,23,2237,1938,61,73,52,58,46,9
13.865698,2196,1963,89,76,56,12,2241,1932,63,83,58,54,38,13
13.876430,2201,1964,90,74,54,19,2233,1931,63,78,57,58,35,11
13.887334,2202,1963,91,71,59,18,2234,1936,70,67,61,52,41,7
13.898546,2194,1962,92,69,60,11,2229,1935,76,68,55,60,27,8
13.909895,2194,1962,93,68,61,10,2231,1948,63,65,67,58,16,14
13.920865,2199,1962,95,66,61,15,2236,1940,64,60,64,63,31,14
13.931320,2195,1964,93,70,57,11,2236,1942,60,59,78,53,37,7
13.941968,2194,1964,93,70,56,11,2241,1948,51,67,69,55,45,6
13.952611,2200,1964,92,69,59,16,2242,1947,68,60,66,56,34,11
13.962781,2206,1962,91,73,59,21,2243,1939,67,63,65,54,46,9
13.973582,2202,1960,91,74,60,17,2255,1953,68,79,50,58,28,19
13.983969,2199,1960,92,75,58,14,2253,1949,66,67,72,63,30,6
13.993818,2203,1960,92,76,56,19,2258,1943,64,73,61,72,32,13
14.003921,2201,1960,90,78,56,17,2265,1951,63,72,70,67,31,11
14.013800,2199,1959,92,77,56,15,2276,1946,73,70,67,64,44,12
14.022939,2199,1959,94,76,57,13,2275,1934,87,63,75,63,41,12
14.032387,2199,1959,93,75,59,13,2273,1953,68,79,67,58,37,11
14.041677,2207,1962,94,73,58,20,2267,1952,58,79,69,64,34,11
14.052005,2204,1961,93,75,60,15,2256,1938,72,70,67,75,29,5
14.061788,2202,1963,91,73,61,14,2261,1939,75,71,77,57,38,4
14.071591,2208,1963,91,71,62,21,2261,1939,68,83,77,50,29,15
14.081730,2191,1962,92,73,60,4,2255,1941,65,66,66,66,41,10
14.091848,2206,1961,93,74,59,19,2246,1944,65,76,54,66,31,10
14.103337,2201,1963,95,68,60,15,2235,1950,62,68,69,54,24,8
14.113930,2197,1962,95,68,61,11,2229,1947,64,71,58,50,35,4
14.124380,2194,1962,93,69,59,11,2236,1948,57,73,62,60,28,8
14.135033,2203,1962,93,72,56,20,2232,1943,60,71,55,56,43,4
14.146017,2197,1963,90,72,58,14,2229,1943,61,62,67,60,32,4
14.156796,2194,1961,89,76,57,11,2233,1947,65,65,62,58,27,9
14.167654,2197,1963,87,76,57,14,2235,1945,60,64,70,56,31,9
14.178241,2197,1962,89,72,60,14,2242,1947,65,63,62,45,45,15
14.189233,2202,1961,92,72,58,19,2231,1945,61,69,62,64,21,9
14.200036,2199,1961,91,70,61,16,2238,1946,71,70,57,62,26,6
14.210984,2198,1963,90,68,62,15,2244,1940,77,64,66,62,21,14
14.220629,2200,1963,87,68,65,17,2244,1961,59,68,61,50,37,8
14.230840,2198,1962,88,67,66,15,2250,1962,58,61,57,63,38,11
14.240631,2198,1962,89,67,64,16,2245,1950,65,59,64,55,39,13
14.251180,2202,1961,87,70,65,19,2234,1957,65,59,56,51,38,8
14.262182,2201,1960,85,75,63,18,2229,1950,62,71,68,49,23,6
14.272930,2194,1961,83,75,63,12,2232,1948,66,68,59,52,32,7
14.282681,2193,1960,82,77,62,12,2237,1936,67,64,71,50,37,12
14.293019,2197,1958,84,78,61,16,2239,1935,70,65,66,60,33,10
14.303386,2190,1959,83,79,60,9,2238,1938,67,70,52,61,44,6
14.314257,2191,1961,80,84,56,10,2230,1937,61,68,58,58,38,10
14.325459,2200,1962,79,84,56,19,2216,1930,61,65,62,64,24,10
14.336739,2200,1960,82,84,55,19,2223,1927,64,70,64,49,40,9
14.347396,2196,1959,84,84,56,13,2221,1941,56,70,64,48,32,10
14.358306,2199,1958,81,89,56,15,2221,1937,62,65,56,68,23,10
14.370039,2195,1957,82,87,58,11,2223,1926,75,68,57,51,38,8
14.380658,2190,1956,79,92,56,7,2221,1935,62,77,54,51,34,8
14.392160,2195,1958,78,91,55,13,2227,1928,65,77,64,45,37,11
14.402693,2202,1958,79,89,56,20,2225,1946,55,74,47,57,36,10
14.413883,2198,1959,80,87,56,16,2228,1937,68,57,69,60,30,7
14.425100,2189,1958,80,88,56,7,2217,1938,62,67,63,53,29,5
14.435839,2203,1955,81,89,57,21,2218,1932,53,65,68,59,29,12
14.446754,2193,1955,83,88,56,11,2224,1937,63,61,74,53,25,11
14.456843,2189,1956,81,88,56,8,2225,1943,58,62,70,49,33,10
14.467504,2200,1955,81,90,55,19,2220,1941,56,74,62,51,27,9
14.478203,2196,1955,81,87,58,15,2215,1941,54,69,70,50,23,8
14.489444,2194,1955,79,86,60,14,2215,1939,60,55,68,45,40,8
14.500242,2194,1956,80,85,59,14,2209,1937,48,71,58,58,30,7
14.511771,2197,1955,82,82,61,17,2212,1931,62,58,63,57,32,9
14.522876,2198,1954,86,79,62,17,2214,1935,64,64,54,53,38,6
14.533993,2189,1951,88,80,61,9,2212,1935,61,64,63,46,32,11
14.545034,2199,1952,87,79,61,20,2214,1936,59,60,71,55,22,11
14.556304,2191,1951,88,77,63,12,2215,1933,67,76,56,50,30,3
14.566786,2195,1950,89,75,64,17,2226,1944,57,71,59,56,33,6
14.576938,2197,1949,86,79,64,19,2231,1949,56,64,68,58,23,13
14.587894,2196,1947,87,80,63,19,2227,1927,72,78,64,49,29,8
14.599149,2185,1947,87,80,63,8,2231,1933,72,65,63,51,36,11
14.609266,2197,1947,90,76,63,21,2238,1940,66,63,67,59,29,14
14.619673,2192,1946,90,77,63,16,2222,1944,62,60,62,64,25,5
14.630190,2189,1946,88,78,64,13,2237,1926,76,67,60,63,37,8
14.640461,2190,1947,91,74,64,14,2240,1936,69,70,65,59,35,6
14.650866,2197,1946,93,74,64,20,2238,1943,71,66,59,56,32,11
14.660966,2191,1946,92,74,64,15,2234,1940,62,69,55,68,33,7
14.671184,2192,1948,89,75,61,19,2233,1941,68,58,61,55,32,18
14.681417,2188,1950,87,79,57,15,2237,1939,71,68,60,53,34,12
14.690686,2193,1951,86,79,57,20,2242,1936,68,66,60,63,39,10
14.700837,2198,1951,84,81,58,24,2239,1932,66,78,63,58,38,4
14.710442,2190,1954,81,82,56,17,2248,1937,71,60,82,47,37,14
14.720797,2181,1956,78,85,54,8,2238,1941,72,68,65,61,26,5
14.730990,2193,1952,80,84,55,22,2240,1932,74,69,75,52,32,6
14.740238,2185,1951,79,85,56,14,2248,1934,60,74,74,58,35,13
14.749921,2183,1951,80,84,55,13,2255,1932,61,80,62,64,44,12
14.759420,2178,1949,81,86,53,9,2250,1937,67,86,68,52,34,6
14.768786,2184,1950,77,86,55,16,2257,1922,88,58,72,62,37,18
14.778163,2178,1949,77,88,52,12,2252,1917,79,76,75,58,38,9
14.787886,2176,1949,78,88,52,9,2251,1930,67,72,68,67,37,10
14.797776,2183,1952,74,92,51,14,2252,1930,71,75,71,61,38,6
14.807816,2189,1952,73,93,51,20,2243,1940,65,77,59,59,38,5
14.817727,2188,1951,76,90,52,19,2232,1936,64,62,81,55,27,7
14.828103,2182,1950,76,90,53,13,2235,1921,67,78,64,68,26,11
14.838484,2181,1951,76,88,53,13,2232,1932,60,73,77,44,30,16
14.849089,2180,1950,77,89,52,12,2230,1930,66,69,61,62,37,5
14.859005,2184,1947,81,87,53,16,2230,1930,68,70,71,61,25,5
14.869298,2178,1946,84,83,55,10,2231,1919,62,73,72,57,41,7
14.879586,2182,1945,83,82,58,14,2235,1933,59,72,63,60,40,8
14.889294,2181,1944,84,80,60,13,2239,1929,75,74,62,56,34,9
14.900110,2186,1943,86,79,62,16,2238,1936,60,75,60,65,37,5
14.910138,2180,1943,86,80,58,13,2232,1926,72,68,61,65,36,4
14.920605,2181,1942,87,80,59,13,2234,1930,64,66,72,60,33,9
14.931170,2187,1943,86,82,58,18,2237,1929,80,61,75,56,26,10
14.940898,2185,1945,85,78,59,18,2244,1930,71,68,74,58,32,11
14.951033,2186,1945,85,79,58,19,2235,1922,76,73,58,60,39,7
14.960602,2186,1945,85,80,57,19,2235,1923,76,70,65,61,37,3
14.970506,2179,1945,84,81,56,13,2233,1932,65,68,74,58,28,8
14.980692,2185,1946,84,80,56,19,2232,1927,64,67,70,61,35,8
14.991066,2172,1946,87,82,51,6,2239,1930,68,59,62,71,33,16
15.001150,2178,1947,86,80,53,12,2242,1928,72,73,65,54,35,15
15.011630,2178,1944,86,83,54,11,2242,1939,73,68,66,51,35,10
15.021544,2186,1943,86,84,54,19,2237,1933,74,60,73,46,40,11
15.031822,2180,1942,86,84,55,13,2231,1924,79,62,79,49,35,3
15.041854,2186,1939,91,79,58,19,2237,1934,70,61,75,57,32,8
15.051748,2176,1940,86,83,55,12,2242,1926,74,68,76,45,39,14
15.061545,2181,1940,85,81,58,17,2242,1933,68,53,75,59,44,10
15.071877,2178,1940,84,83,56,15,2243,1930,72,74,65,49,41,12
15.081923,2176,1939,83,85,55,14,2240,1921,75,68,73,59,40,4
15.091618,2178,1939,84,83,54,18,2236,1931,65,66,64,71,36,3
15.101394,2175,1939,81,85,56,14,2237,1924,72,62,72,57,38,12
15.111860,2174,1938,78,86,60,12,2228,1911,86,67,59,60,39,6
15.121982,2181,1938,80,85,59,19,2232,1915,68,78,60,63,42,6
15.131545,2171,1935,83,86,56,11,2237,1926,63,76,79,56,28,9
15.141375,2175,1936,81,89,55,14,2233,1921,72,67,70,67,29,7
15.151567,2177,1936,78,89,58,16,2236,1918,70,63,60,69,45,11
15.162318,2180,1934,78,89,60,19,2238,1911,78,64,71,62,42,10
15.171948,2173,1935,75,90,61,12,2234,1913,67,71,67,75,30,11
15.181673,2172,1934,75,88,63,12,2236,1929,64,68,67,61,31,16
15.191253,2177,1933,77,86,64,17,2238,1916,77,64,67,61,46,7
15.200249,2170,1931,77,89,63,10,2234,1920,73,67,72,56,35,11
15.210367,2168,1933,77,87,62,9,2231,1926,72,69,72,50,38,4
15.220475,2165,1937,76,82,63,7,2228,1917,76,60,75,58,31,11
15.230808,2176,1935,79,79,63,20,2220,1922,60,71,74,54,31,8
15.241096,2166,1933,81,77,66,9,2220,1921,64,77,65,55,32,6
15.251609,2162,1934,80,78,63,7,2225,1912,73,65,67,62,36,10
15.262312,2172,1933,80,78,64,17,2227,1916,70,70,69,58,35,9
15.271659,2177,1931,84,75,65,22,2230,1920,66,76,66,59,27,16
15.281507,2172,1930,85,73,66,18,2223,1913,69,70,60,65,37,9
15.291469,2175,1931,84,74,65,21,2222,1918,58,70,59,66,43,8
15.301517,2165,1932,83,74,65,11,2214,1907,62,81,69,49,39,7
15.312338,2172,1932,81,77,64,18,2216,1922,62,70,55,57,40,10
15.322803,2166,1930,80,80,64,12,2210,1920,59,67,63,59,34,8
15.333101,2170,1931,80,83,59,17,2211,1916,57,72,62,58,36,10
15.343156,2173,1931,80,83,59,20,2219,1919,62,70,61,59,38,10
15.353681,2169,1930,82,80,61,16,2214,1921,57,69,65,58,34,10
15.364128,2163,1929,83,79,61,11,2213,1915,63,63,60,68,33,11
15.374650,2167,1929,83,79,61,15,2214,1911,83,48,54,74,38,6
15.385111,2165,1932,80,78,62,13,2216,1920,72,66,65,48,36,9
15.395307,2163,1933,80,81,57,12,2220,1911,75,65,56,66,37,10
15.405288,2170,1934,80,79,60,17,2224,1902,67,75,66,64,40,10
15.415571,2163,1934,80,78,60,11,2209,1912,66,81,56,52,33,9
15.426231,2163,1933,86,76,56,12,2212,1915,60,63,66,64,40,4
15.436439,2165,1931,87,75,58,14,2209,1906,71,63,60,62,39,8
15.447224,2167,1930,88,75,58,16,2218,1920,57,63,56,56,50,16
15.457181,2166,1930,87,75,58,16,2212,1903,77,60,69,65,30,8
15.467662,2167,1930,92,69,60,16,2228,1917,68,69,56,61,48,9
15.477366,2170,1927,95,68,59,21,2222,1915,72,54,64,68,40,9
15.486711,2161,1926,95,68,60,12,2222,1914,60,74,55,64,49,6
15.496432,2162,1926,94,71,58,13,2221,1911,64,65,83,57,29,12
15.506804,2169,1927,94,70,59,19,2210,1913,66,53,73,65,34,6
15.517307,2164,1926,94,71,59,14,2213,1917,66,55,62,65,40,8
15.527819,2163,1927,94,72,57,13,2216,1910,71,61,69,67,32,6
15.538450,2160,1926,95,67,62,10,2218,1915,67,71,60,60,37,8
15.548923,2169,1926,94,67,63,19,2218,1905,74,60,62,66,41,10
15.559346,2167,1928,92,65,65,17,2215,1912,71,60,64,58,36,14
15.570117,2162,1927,91,68,63,13,2212,1915,57,59,72,62,41,6
15.580644,2162,1924,90,74,61,13,2214,1904,66,68,69,63,41,3
15.591268,2161,1925,89,74,63,10,2213,1911,66,67,61,53,39,16
15.601692,2159,1925,89,72,64,9,2215,1918,58,72,57,59,39,12
15.612374,2165,1926,89,71,64,15,2196,1910,70,75,59,39,35,8
15.623269,2157,1926,89,71,62,9,2188,1906,65,74,63,40,35,5
15.633631,2163,1924,90,71,62,16,2191,1905,70,69,54,60,25,8
15.644510,2160,1923,89,73,59,16,2199,1894,68,64,63,61,40,9
15.654964,2157,1925,88,75,57,12,2199,1908,64,76,55,55,28,13
15.665815,2158,1924,85,78,53,18,2188,1895,74,62,62,61,26,8
15.676455,2156,1925,83,81,52,15,2189,1910,70,58,55,50,38,8
15.687509,2153,1921,86,81,53,12,2184,1909,62,70,52,58,27,6
15.698604,2153,1920,86,83,51,13,2190,1899,68,64,63,60,30,6
15.709830,2160,1919,88,82,50,21,2179,1902,71,52,59,70,20,5
15.721213,2154,1919,86,82,51,16,2177,1899,68,57,67,54,27,5
15.733123,2158,1918,88,79,51,22,2194,1905,69,70,53,56,32,9
15.743829,2152,1918,89,80,49,16,2198,1903,70,56,65,63,33,8
15.753945,2147,1919,93,76,48,11,2194,1900,69,65,65,52,34,9
15.764168,2154,1918,92,80,45,19,2184,1903,67,63,58,66,23,4
15.774626,2145,1917,92,77,48,11,2190,1910,69,60,53,59,33,6
15.785605,2150,1918,92,76,48,16,2190,1892,68,63,60,62,35,10
15.795929,2147,1917,91,76,50,13,2188,1886,68,55,68,56,48,7
15.806772,2146,1916,92,75,51,12,2192,1897,77,50,60,59,40,9
15.816897,2145,1911,95,75,52,12,2201,1902,69,68,55,51,43,13
15.827100,2150,1911,96,72,55,16,2201,1899,65,62,67,58,36,14
15.837152,2148,1913,92,74,56,13,2204,1905,65,61,53,73,44,3
15.846222,2154,1913,92,73,58,18,2209,1905,79,66,66,55,31,7
15.856380,2156,1911,97,69,59,20,2205,1893,81,70,71,54,34,2
15.865982,2152,1912,96,70,60,14,2206,1899,70,63,70,58,40,6
15.876625,2154,1908,97,72,59,18,2203,1897,61,73,74,47,41,10
15.886800,2159,1909,96,69,63,22,2198,1889,71,68,73,59,30,8
15.896632,2146,1908,96,67,66,9,2190,1887,68,73,67,63,26,6
15.906732,2143,1907,96,66,66,8,2200,1892,67,70,65,57,33,16
15.916870,2145,1906,93,68,67,11,2187,1880,75,59,77,61,26,9
15.927414,2150,1906,92,68,66,18,2186,1903,56,74,66,59,22,6
15.937458,2150,1906,92,68,65,19,2184,1890,79,75,59,49,25,7
15.948249,2149,1907,87,76,61,18,2176,1890,66,59,66,54,34,7
15.959026,2145,1907,88,76,60,14,2180,1908,60,56,65,52,25,14
15.969846,2143,1907,88,78,59,11,2182,1891,61,59,70,57,34,10
15.980887,2145,1906,83,84,59,13,2179,1894,68,62,65,51,32,7
15.990828,2147,1906,81,87,60,13,2181,1890,61,65,55,58,38,14
16.001198,2148,1907,81,88,57,15,2171,1889,67,70,52,62,28,3
16.012442,2150,1906,82,88,57,17,2174,1896,73,58,57,49,30,11
16.023783,2147,1906,83,85,59,14,2180,1888,79,56,59,57,34,7
16.034222,2147,1905,85,82,61,14,2193,1892,71,64,60,58,37,11
16.044851,2146,1904,85,82,61,14,2193,1891,70,75,59,52,38,8
16.055441,2141,1903,87,80,61,10,2200,1897,73,64,63,58,38,7
16.066004,2144,1902,89,82,58,13,2196,1889,80,56,69,67,24,11
16.076155,2144,1902,89,80,58,15,2188,1900,54,70,68,51,34,11
16.086308,2139,1900,90,85,54,10,2181,1892,73,56,74,52,28,6
16.097517,2146,1902,85,88,54,17,2190,1889,72,71,59,54,37,8
16.107750,2150,1901,83,90,56,20,2183,1891,66,68,73,48,32,5
16.117970,2146,1903,82,88,56,17,2179,1887,69,67,63,55,33,5
16.128220,2152,1903,80,89,58,22,2188,1896,67,65,71,55,25,9
16.138800,2143,1903,79,89,60,12,2184,1890,70,71,52,56,35,10
16.148817,2144,1905,76,89,60,14,2192,1896,61,71,65,64,27,8
16.159122,2147,1905,76,86,62,18,2195,1896,72,68,61,54,35,9
16.169418,2149,1904,77,87,61,20,2194,1891,68,63,64,65,29,14
16.179541,2147,1903,80,83,63,18,2191,1887,79,64,59,60,34,8
16.189629,2143,1905,78,84,62,14,2194,1902,64,75,59,55,32,7
16.199894,2138,1904,78,85,61,10,2188,1883,73,69,64,58,34,7
16.210344,2141,1906,79,83,59,14,2177,1879,63,74,59,51,45,6
16.221851,2142,1907,78,82,59,16,2175,1889,60,74,62,52,30,8
16.232626,2136,1907,79,78,60,12,2176,1877,60,67,59,62,38,13
16.243406,2146,1907,78,81,57,23,2176,1888,63,73,63,54,26,9
16.254314,2132,1905,79,82,54,12,2181,1878,70,66,63,57,39,8
16.264429,2136,1906,80,81,53,16,2181,1872,78,60,63,64,37,7
16.274481,2146,1905,81,81,53,26,2192,1886,63,74,58,67,34,10
16.284733,2135,1905,79,82,53,16,2193,1885,63,78,56,62,43,6
16.294697,2134,1903,81,80,55,15,2196,1870,74,87,66,51,41,7
16.304596,2132,1902,82,79,57,12,2191,1891,66,71,71,46,40,6
16.314137,2141,1900,85,78,56,22,2198,1882,68,64,66,74,31,13
16.323242,2136,1899,82,82,56,17,2200,1896,69,63,67,70,26,9
16.332565,2138,1898,84,82,56,18,2196,1887,71,76,65,60,29,8
16.341976,2132,1899,83,80,58,12,2195,1874,75,70,61,67,34,14
16.352613,2131,1898,86,78,59,10,2182,1871,70,74,69,57,34,7
16.363071,2139,1897,88,77,59,18,2190,1878,69,71,72,53,39,8
16.372927,2141,1898,87,76,59,21,2182,1883,73,55,62,69,32,8
16.382574,2140,1897,87,79,58,19,2180,1875,75,56,65,66,35,8
16.392986,2132,1898,86,79,56,13,2186,1871,78,63,76,50,39,9
16.403740,2132,1897,88,78,55,14,2173,1876,58,74,57,56,45,7
16.414230,2134,1899,86,81,52,16,2171,1877,65,68,69,49,37,6
16.424824,2135,1897,89,78,54,17,2173,1868,75,64,56,67,31,12
16.435266,2136,1898,87,76,57,18,2181,1873,64,72,65,59,39,9
16.445448,2137,1896,88,77,56,20,2167,1870,70,65,70,58,22,12
16.455976,2135,1897,88,77,54,19,2160,1882,62,49,79,61,25,2
16.467293,2126,1895,86,79,55,11,2164,1885,62,48,76,55,31,7
16.479208,2123,1894,84,81,54,10,2159,1880,55,53,85,55,26,5
16.490353,2128,1894,83,81,53,17,2165,1873,58,71,68,65,25,5
16.500898,2127,1893,83,81,54,16,2180,1873,66,73,60,58,38,12
16.511482,2124,1891,86,79,55,13,2176,1872,77,67,70,52,31,7
16.522095,2128,1892,85,79,53,19,2177,1885,68,67,53,62,34,8
16.532068,2130,1891,86,77,57,19,2175,1874,67,75,60,64,25,10
16.542240,2130,1892,84,75,59,20,2178,1875,72,72,64,48,36,11
16.551878,2125,1891,83,77,59,15,2176,1871,66,75,57,64,37,6
16.561815,2119,1892,82,74,61,10,2166,1868,71,63,64,59,37,4
16.571964,2128,1891,84,73,60,20,2166,1867,66,71,61,60,32,9
16.582172,2126,1890,85,71,61,19,2170,1872,61,64,72,60,33,8
16.592192,2115,1887,87,71,62,8,2165,1858,67,71,72,59,30,8
16.603075,2116,1886,88,70,63,9,2161,1861,66,64,62,73,25,10
16.613247,2114,1884,91,68,64,7,2164,1862,70,64,68,55,33,12
16.623623,2118,1883,92,65,69,9,2159,1869,64,62,73,52,30,9
16.634317,2123,1883,92,64,70,14,2157,1865,73,60,59,62,29,9
16.644678,2130,1883,90,66,70,21,2154,1865,68,60,63,58,36,4
16.655344,2123,1883,90,67,68,15,2156,1866,62,66,66,59,31,6
16.666155,2118,1884,89,70,66,9,2157,1869,65,62,68,58,26,9
16.676424,2128,1885,87,70,66,20,2163,1877,69,65,59,54,30,9
16.686972,2123,1885,87,72,64,15,2167,1871,70,63,62,50,38,13
16.697096,2121,1884,87,69,68,13,2166,1870,71,65,49,66,36,9
16.708223,2122,1883,87,69,69,14,2166,1860,69,73,66,55,35,8
16.718164,2124,1884,87,71,66,16,2165,1869,58,75,58,53,43,9
16.728642,2120,1881,87,71,68,13,2168,1862,66,62,62,73,35,8
16.739853,2120,1882,86,71,68,13,2165,1879,61,64,69,60,28,4
16.750481,2118,1882,86,72,67,11,2165,1874,62,66,80,45,29,9
16.761295,2123,1882,86,75,65,15,2162,1867,69,66,63,59,30,8
16.771055,2124,1882,85,78,63,16,2164,1862,65,68,72,58,31,8
16.781420,2125,1880,86,77,64,18,2168,1871,66,63,66,52,38,12
16.791519,2120,1879,87,75,65,14,2161,1871,70,66,60,52,34,8
16.802404,2117,1878,87,78,62,12,2155,1863,75,60,59,60,30,8
16.813402,2119,1877,88,78,61,15,2158,1859,64,53,69,75,29,9
16.823351,2121,1876,89,77,62,17,2150,1860,74,61,66,58,27,4
16.833805,2118,1874,86,81,63,14,2151,1867,60,53,67,66,31,7
16.844061,2116,1874,84,84,62,12,2145,1860,58,66,62,68,28,3
16.854843,2114,1875,83,85,61,10,2149,1858,71,62,60,65,22,11
16.865616,2115,1877,85,82,60,11,2148,1852,68,72,56,66,20,14
16.876698,2115,1875,87,82,60,11,2146,1858,61,65,62,61,29,10
16.887163,2125,1874,87,81,62,21,2147,1860,60,70,56,65,28,8
16.897835,2115,1871,88,79,68,9,2145,1849,71,70,63,57,26,9
16.908510,2121,1870,88,80,68,15,2151,1862,64,71,60,60,25,9
16.919844,2123,1869,89,83,65,17,2153,1867,52,66,62,57,37,12
16.930307,2124,1868,86,86,66,18,2151,1869,58,67,59,58,31,9
16.941141,2123,1868,87,85,66,17,2164,1856,66,57,88,53,30,14
16.951864,2116,1868,86,83,66,13,2161,1859,67,59,64,63,41,8
16.962282,2125,1867,86,79,72,21,2158,1856,64,64,64,65,36,9
16.972155,2119,1866,86,80,73,14,2165,1869,58,73,56,66,35,8
16.982414,2114,1865,87,79,73,10,2166,1859,69,68,72,60,29,9
16.992245,2121,1868,86,79,72,16,2163,1861,82,54,69,61,25,11
17.002310,2126,1869,88,77,71,21,2165,1857,73,58,60,61,46,10
17.012691,2125,1869,89,77,70,20,2165,1858,75,65,67,58,33,9
17.022799,2116,1869,89,78,69,11,2163,1858,73,58,72,62,38,2
17.032497,2124,1870,87,80,67,20,2171,1854,78,74,73,54,30,8
17.042507,2119,1870,87,87,60,15,2168,1875,56,74,68,54,34,7
17.052185,2118,1871,84,90,59,14,2159,1869,63,64,67,59,31,6
17.062698,2117,1871,85,89,59,13,2161,1861,75,67,48,70,32,8
17.072783,2120,1871,85,89,59,16,2151,1848,68,64,68,57,40,6
17.083010,2114,1870,87,85,62,10,2151,1851,76,53,74,60,32,5
17.093370,2115,1869,87,88,60,11,2155,1851,83,59,66,56,32,8
17.103941,2116,1870,85,90,60,11,2148,1858,75,51,58,66,30,10
17.114624,2124,1868,88,85,61,22,2142,1860,61,75,67,53,23,3
17.125635,2116,1867,90,84,61,14,2148,1853,73,67,54,58,33,10
17.136461,2113,1867,90,83,60,13,2143,1863,70,60,62,59,22,7
17.147291,2123,1866,92,81,64,20,2144,1853,72,63,64,57,25,10
17.157421,2127,1867,89,81,66,24,2146,1864,62,65,59,54,34,8
17.168116,2118,1869,87,83,63,16,2136,1848,72,66,66,57,22,5
17.178780,2114,1869,87,83,63,12,2146,1855,72,66,60,56,28,9
17.189852,2119,1868,86,83,65,17,2140,1859,64,62,68,58,22,7
17.200367,2112,1866,89,80,66,11,2153,1852,70,71,61,57,32,10
17.210203,2118,1868,86,81,67,16,2146,1853,85,62,53,52,30,11
17.221466,2120,1868,86,82,66,18,2151,1857,72,69,67,48,27,11
17.232224,2116,1868,86,81,66,15,2150,1865,73,54,57,66,29,6
17.242773,2113,1867,87,81,66,12,2150,1857,68,55,72,55,33,10
17.253441,2121,1866,92,80,66,17,2152,1859,63,69,53,64,35,9
17.264193,2113,1863,94,78,67,11,2149,1852,74,63,66,51,36,7
17.275305,2115,1865,94,79,64,13,2149,1859,66,63,63,57,32,9
17.286089,2109,1865,96,78,62,8,2140,1860,58,62,72,50,31,7
17.297682,2112,1867,95,80,59,11,2136,1854,66,70,64,50,27,5
17.308109,2116,1867,94,80,59,16,2143,1861,59,65,58,56,31,13
17.319038,2109,1866,94,80,60,9,2144,1856,75,50,74,47,28,14
17.330208,2123,1864,94,83,60,22,2139,1853,70,66,52,53,38,7
17.341190,2116,1864,96,81,60,15,2143,1855,67,54,71,50,38,8
17.351955,2120,1863,95,83,59,20,2152,1856,77,57,58,62,31,11
17.362581,2117,1863,99,77,60,18,2150,1861,62,75,54,51,36,11
17.373354,2116,1861,101,77,60,17,2149,1863,66,67,63,54,25,11
17.383890,2118,1862,102,76,59,19,2142,1862,73,60,62,48,29,8
17.394516,2111,1863,100,75,60,13,2142,1854,65,69,67,46,32,9
17.404966,2108,1862,99,78,59,10,2144,1858,59,73,63,52,32,7
17.415590,2118,1863,99,76,60,20,2141,1864,57,66,68,55,25,6
17.426212,2112,1862,99,77,60,14,2145,1856,58,71,54,63,28,15
17.436661,2109,1861,97,78,62,11,2142,1862,67,53,60,64,28,8
17.447292,2109,1860,97,79,62,11,2145,1859,63,60,80,44,31,8
17.457336,2120,1859,97,79,62,23,2140,1857,66,67,68,43,27,12
17.468456,2112,1859,96,82,60,15,2138,1856,69,69,63,50,21,10
17.479345,2109,1860,94,83,60,12,2145,1860,62,77,63,48,26,9
17.490047,2114,1859,93,85,61,16,2144,1869,54,66,64,58,28,5
17.500572,2113,1859,90,86,62,16,2145,1868,53,78,59,54,27,6
17.511559,2107,1859,90,87,61,10,2151,1850,81,67,63,50,30,10
17.521818,2114,1861,88,89,60,16,2160,1862,69,66,65,46,44,8
17.531788,2118,1861,90,85,61,21,2158,1868,65,71,62,49,36,7
17.542149,2113,1861,90,86,60,16,2148,1867,70,54,70,47,32,8
17.553627,2115,1859,93,81,64,18,2142,1861,64,63,68,55,29,2
17.564079,2110,1860,95,80,62,13,2155,1847,73,71,65,60,34,5
17.574394,2113,1859,95,81,62,16,2153,1864,55,76,64,51,33,10
17.584841,2107,1859,93,84,60,11,2154,1857,79,67,56,59,28,8
17.595098,2109,1861,89,84,60,15,2153,1847,75,63,69,60,27,12
17.605106,2110,1860,89,84,60,17,2152,1848,79,61,60,56,39,9
17.615412,2111,1861,89,80,63,18,2159,1860,70,60,67,62,29,11
17.625566,2109,1861,86,82,63,17,2163,1858,74,59,64,61,37,10
17.635931,2109,1861,90,77,64,17,2169,1849,69,70,62,61,40,18
17.645714,2118,1862,90,76,64,26,2161,1845,75,69,67,63,38,4
17.655819,2104,1863,88,76,65,12,2161,1862,56,77,67,53,36,10
17.666721,2111,1861,87,78,66,19,2158,1846,65,72,59,68,31,17
17.677120,2102,1860,88,78,66,10,2142,1859,60,68,67,54,28,6
17.687519,2105,1861,89,75,67,13,2149,1850,73,65,61,51,31,18
17.698225,2105,1861,88,78,63,15,2142,1855,66,61,71,57,27,5
17.709387,2107,1861,89,78,62,17,2143,1854,65,64,74,50,26,10
17.719824,2109,1862,88,74,71,14,2144,1856,65,71,63,57,24,8
17.730350,2118,1862,87,75,70,24,2151,1865,53,75,62,54,31,11
17.740713,2110,1863,86,78,66,17,2157,1845,72,79,66,59,28,8
17.750458,2111,1862,86,79,64,20,2161,1857,66,69,65,62,29,13
17.760231,2100,1864,84,79,63,10,2164,1857,56,68,85,56,34,8
17.770281,2100,1864,85,77,64,10,2165,1846,71,66,67,61,42,12
17.780109,2100,1862,85,80,61,12,2163,1843,64,74,65,66,43,8
17.790533,2104,1863,84,79,60,18,2165,1852,63,66,67,65,39,13
17.800470,2103,1863,84,79,62,15,2166,1846,64,79,66,65,34,12
17.811111,2106,1863,87,79,64,13,2161,1851,69,74,60,72,25,10
17.821255,2110,1863,86,80,64,17,2159,1848,66,65,61,69,37,13
17.830996,2105,1862,85,81,64,13,2160,1842,76,59,68,70,37,8
17.841007,2107,1862,83,83,64,15,2170,1852,65,74,80,51,38,10
17.850498,2101,1861,85,84,60,11,2167,1855,78,54,76,57,42,5
17.859938,2105,1861,86,84,60,14,2163,1850,62,68,73,67,36,7
17.869953,2114,1860,87,82,61,24,2163,1858,71,67,78,50,26,13
17.879797,2107,1860,87,82,61,17,2156,1846,60,62,80,59,35,14
17.889669,2110,1862,87,78,64,19,2156,1854,70,57,83,55,30,7
17.899689,2110,1862,88,75,66,19,2158,1844,69,79,69,56,31,10
17.909004,2100,1863,87,74,66,10,2161,1845,70,73,75,67,25,6
17.919163,2109,1862,89,73,67,18,2149,1840,83,62,69,62,26,7
17.929579,2101,1862,89,75,65,10,2146,1849,61,71,65,61,29,10
17.940168,2107,1861,91,75,63,17,2149,1844,70,63,66,67,28,11
17.949930,2101,1859,94,75,62,11,2148,1852,56,73,67,60,27,13
17.960638,2104,1857,98,73,62,14,2144,1854,69,71,56,65,20,9
17.970924,2106,1856,100,70,64,16,2148,1849,70,56,65,63,34,11
17.980881,2113,1856,98,72,65,22,2152,1858,64,61,64,64,29,12
17.991285,2106,1855,98,75,61,17,2153,1852,60,65,73,66,27,10
18.001474,2102,1856,100,71,62,13,2155,1844,75,58,77,61,31,9
18.010784,2108,1856,100,70,63,19,2161,1844,71,69,73,59,33,12
18.020903,2102,1857,100,70,62,13,2147,1850,75,64,66,58,32,2
18.030994,2102,1857,99,69,64,13,2156,1839,69,75,64,60,38,11
18.040535,2097,1854,101,68,65,9,2160,1849,71,67,69,48,45,11
18.050312,2104,1853,101,68,66,16,2158,1850,60,77,77,49,36,9
18.060139,2103,1853,100,69,66,15,2156,1847,61,60,75,69,33,11
18.070034,2106,1852,97,71,69,17,2157,1849,67,67,65,58,44,7
18.079718,2112,1853,94,75,68,22,2156,1854,61,64,64,65,36,12
18.090363,2107,1854,91,80,65,17,2150,1847,54,83,62,60,39,5
18.100639,2110,1857,89,78,65,21,2153,1851,66,71,72,62,29,2
18.110352,2112,1858,89,79,63,23,2159,1846,72,70,65,57,39,10
18.120071,2102,1858,90,79,62,13,2156,1846,71,74,63,55,38,9
18.130241,2104,1857,91,79,61,16,2154,1846,61,72,66,59,42,8
18.140800,2104,1857,91,79,61,16,2148,1848,72,60,67,60,37,4
18.150507,2107,1857,91,79,61,19,2159,1842,80,50,63,74,38,12
18.160337,2109,1855,91,77,64,22,2151,1842,83,62,58,70,27,9
18.170330,2106,1853,94,77,64,18,2147,1845,64,76,54,59,34,15
18.180960,2105,1855,91,79,63,17,2149,1849,71,60,66,61,31,11
18.191078,2097,1856,91,77,63,10,2154,1848,64,77,62,57,38,8
18.201147,2106,1858,90,79,61,18,2162,1846,84,62,71,53,38,8
18.210554,2113,1857,91,78,65,22,2171,1865,62,71,62,57,35,19
18.219889,2114,1859,91,75,64,25,2160,1857,74,72,67,50,33,7
18.229456,2107,1858,93,75,63,18,2161,1854,66,61,68,66,38,8
18.239038,2105,1858,96,72,62,17,2172,1863,62,65,75,55,35,17
18.248310,2107,1858,97,71,62,19,2170,1860,55,86,56,73,36,4
18.257885,2099,1857,98,70,63,11,2172,1862,69,61,69,67,36,8
18.267859,2107,1856,97,71,64,19,2172,1854,66,62,65,71,48,6
18.277004,2099,1856,94,74,63,12,2168,1849,69,66,76,63,34,11
18.286720,2103,1857,94,73,63,16,2162,1864,63,70,63,62,34,6
18.296448,2102,1856,95,73,62,16,2156,1855,58,80,57,60,39,7
18.306042,2093,1855,94,74,62,8,2158,1844,60,80,64,66,32,12
18.316334,2102,1855,94,76,60,17,2154,1845,67,69,73,52,39,9
18.326954,2097,1855,93,77,60,12,2141,1837,65,66,61,71,35,6
18.337263,2098,1856,92,77,60,13,2136,1847,57,61,76,53,26,16
18.348074,2102,1857,92,75,61,17,2137,1847,56,74,68,55,29,8
18.357935,2102,1856,93,75,61,17,2135,1835,65,60,73,61,34,7
18.368559,2107,1855,93,76,61,22,2133,1847,68,55,86,51,22,4
18.379028,2103,1855,93,75,60,20,2140,1842,66,56,74,64,29,9
18.389332,2098,1856,92,74,63,13,2140,1845,65,70,50,71,27,12
18.400110,2102,1857,92,74,62,17,2136,1834,71,60,63,61,35,12
18.411442,2104,1857,92,72,63,20,2139,1853,56,65,55,60,36,14
18.422695,2101,1857,91,72,62,19,2144,1841,70,69,62,57,31,14
18.432781,2100,1859,89,74,61,17,2149,1858,53,64,65,58,39,12
18.442966,2093,1857,91,74,61,10,2137,1840,80,56,66,56,35,4
18.453522,2101,1856,86,79,61,19,2140,1825,71,66,70,55,44,9
18.463947,2095,1854,87,79,62,13,2137,1841,66,61,73,49,34,13
18.474735,2106,1855,87,82,59,23,2131,1838,75,63,68,52,28,7
18.485439,2094,1853,87,83,60,11,2139,1841,66,65,65,59,36,7
18.495260,2104,1854,87,83,59,21,2139,1837,69,83,71,47,23,9
18.505630,2105,1855,87,85,57,21,2152,1852,57,78,54,63,37,11
18.515850,2103,1854,88,85,57,19,2144,1837,66,72,75,54,33,7
18.526342,2099,1855,88,87,54,15,2145,1835,62,73,63,67,36,9
18.535860,2099,1852,89,88,54,16,2145,1840,69,67,63,63,34,9
18.545656,2098,1856,87,84,58,13,2143,1837,85,60,75,54,28,4
18.555138,2098,1857,88,83,56,14,2147,1841,66,72,63,60,33,12
18.565023,2101,1857,91,79,57,17,2149,1840,69,74,68,57,36,5
18.575254,2104,1856,90,83,53,22,2148,1850,57,68,61,58,45,9
18.584866,2101,1856,90,83,52,20,2148,1858,65,64,72,47,35,7
18.594683,2095,1856,89,84,51,15,2145,1851,67,57,67,61,37,5
18.604527,2093,1856,89,84,51,13,2141,1845,60,64,77,52,39,4
18.615211,2093,1856,86,85,53,13,2142,1837,70,60,71,61,30,13
18.625376,2091,1855,86,85,54,11,2137,1834,68,75,62,53,38,7
18.635914,2092,1856,87,83,54,12,2125,1839,69,63,59,53,33,9
18.646538,2087,1856,89,80,55,7,2134,1833,70,71,62,56,28,14
18.656824,2093,1858,85,82,57,11,2137,1840,67,68,67,53,33,9
18.667946,2089,1856,86,79,60,8,2134,1838,67,65,53,69,25,17
18.678169,2097,1856,86,78,61,16,2131,1842,63,61,61,58,35,11
18.689728,2091,1856,88,79,58,10,2125,1836,70,70,68,48,26,7
18.700089,2092,1858,84,84,54,12,2145,1830,68,61,63,75,41,7
18.710365,2096,1859,85,83,54,15,2141,1834,62,74,64,56,42,9
18.720459,2091,1860,84,84,53,10,2133,1830,78,70,55,54,34,12
18.730488,2096,1860,86,82,53,15,2127,1833,69,57,58,69,29,12
18.741072,2094,1861,84,84,52,13,2124,1842,65,64,62,53,30,8
18.751083,2098,1861,84,84,51,18,2128,1840,60,70,58,65,29,6
18.761435,2094,1861,82,83,51,17,2133,1835,66,68,72,50,34,8
18.772152,2088,1862,80,85,49,12,2134,1830,77,56,61,65,37,8
18.782015,2090,1860,81,86,48,15,2134,1830,74,50,75,58,38,9
18.791592,2092,1860,82,86,48,16,2142,1839,68,66,62,66,38,3
18.801701,2087,1860,83,83,48,13,2146,1840,57,80,68,62,28,11
18.811502,2089,1859,84,81,50,15,2139,1834,67,68,68,66,31,5
18.821507,2086,1860,83,82,48,13,2149,1836,70,53,84,62,31,13
18.830906,2087,1860,82,81,48,16,2151,1839,60,61,75,64,46,6
18.840181,2085,1859,84,83,45,14,2142,1827,72,67,66,53,49,8
18.850405,2084,1859,85,82,45,13,2136,1836,63,67,65,66,31,8
18.860699,2085,1859,84,82,46,14,2136,1831,57,67,67,71,37,6
18.871937,2088,1859,82,84,46,17,2139,1829,67,61,76,59,39,8
18.881880,2086,1858,81,86,45,16,2129,1832,71,58,72,57,32,7
18.892282,2087,1856,82,83,48,18,2128,1833,66,67,68,58,30,6
18.902308,2085,1856,79,85,49,16,2122,1823,70,64,65,69,27,4
18.912714,2090,1855,80,87,48,20,2129,1835,63,69,70,52,26,14
18.922625,2076,1852,84,84,47,9,2128,1831,59,59,76,59,30,14
18.932547,2081,1851,83,87,45,15,2127,1825,67,72,64,54,36,9
18.942461,2082,1850,83,88,45,16,2124,1832,67,58,69,48,40,10
18.952856,2080,1850,85,89,42,14,2118,1824,69,55,74,61,28,7
18.963842,2086,1851,84,87,43,21,2123,1837,67,65,62,55,33,4
18.973795,2091,1853,81,89,44,24,2124,1832,64,67,61,64,27,9
18.983467,2079,1853,78,92,44,12,2129,1835,65,68,48,71,33,9
18.993433,2086,1854,79,91,44,18,2123,1834,68,62,67,49,33,10
19.003250,2087,1851,84,86,46,20,2127,1834,69,66,62,51,30,15
19.013178,2082,1853,82,85,48,14,2118,1830,59,76,67,48,29,9
19.023592,2086,1851,84,81,52,18,2123,1829,63,71,64,64,28,4
19.033970,2082,1850,84,82,51,15,2124,1836,68,53,61,63,36,7
19.044552,2082,1850,84,81,52,15,2118,1839,63,61,58,66,27,4
19.054768,2085,1851,84,80,52,18,2125,1839,65,68,57,63,27,6
19.065241,2084,1849,87,74,57,17,2124,1833,70,66,66,54,29,6
19.075645,2072,1849,83,76,57,7,2124,1830,69,59,62,50,44,10
19.085743,2077,1848,86,74,57,12,2130,1816,64,65,79,59,40,7
19.095909,2073,1849,85,73,58,8,2132,1820,73,71,61,68,30,9
19.106100,2078,1849,84,71,61,13,2135,1833,70,68,72,56,32,4
19.115635,2080,1849,83,71,60,17,2141,1842,66,63,61,60,39,10
19.125647,2071,1846,84,73,59,9,2143,1822,76,67,65,69,33,11
19.135973,2077,1845,86,69,61,16,2129,1834,57,89,53,58,28,10
19.146347,2077,1845,87,69,60,16,2129,1804,72,78,73,65,26,11
19.156746,2072,1844,87,69,61,11,2122,1817,66,64,68,70,25,12
19.166191,2078,1843,87,66,63,19,2127,1819,63,73,59,58,43,12
19.176159,2067,1841,88,70,59,9,2127,1819,67,64,73,58,32,14
19.185947,2074,1840,88,69,61,16,2130,1807,70,70,64,71,36,12
19.195604,2070,1838,89,70,61,12,2131,1818,67,66,81,54,36,9
19.205719,2071,1840,89,69,61,12,2126,1820,71,57,81,55,34,8
19.216419,2077,1839,89,68,63,18,2131,1822,56,77,66,63,36,11
19.226807,2075,1838,89,69,62,17,2127,1809,67,75,77,55,33,11
19.236620,2065,1837,91,68,60,9,2126,1808,72,72,65,60,33,16
19.246134,2070,1838,91,67,60,14,2128,1816,64,82,61,66,30,9
19.256226,2065,1839,91,66,56,13,2113,1815,68,73,76,52,23,6
19.266630,2061,1840,88,71,51,11,2106,1806,79,58,74,52,32,5
19.277386,2068,1839,87,74,50,18,2106,1819,61,77,62,38,43,6
19.288231,2069,1839,87,77,47,19,2100,1821,61,72,66,52,24,4
19.299074,2061,1839,86,77,48,11,2099,1804,63,59,60,62,38,13
19.309883,2070,1839,85,76,50,20,2094,1818,62,60,62,57,31,4
19.321226,2066,1839,86,75,49,17,2090,1816,68,67,60,39,34,6
19.332319,2059,1840,86,74,48,11,2099,1816,59,69,69,47,28,11
19.343018,2062,1839,87,73,49,14,2097,1812,56,80,66,49,23,11
19.353466,2064,1838,85,76,49,16,2097,1806,67,57,72,54,24,17
19.364258,2069,1838,86,75,49,21,2095,1818,64,52,75,49,29,8
19.375090,2057,1839,84,72,54,8,2093,1811,69,67,61,63,20,2
19.385881,2068,1836,87,70,56,19,2096,1812,74,70,58,44,31,7
19.396568,2057,1834,90,69,55,9,2104,1808,58,69,71,56,35,7
19.406813,2066,1835,89,70,54,18,2094,1809,58,70,66,57,24,10
19.417650,2058,1834,89,70,54,11,2084,1805,62,60,63,56,30,8
19.429306,2066,1835,87,71,54,19,2091,1820,53,57,58,63,30,10
19.440517,2059,1835,87,74,52,11,2092,1815,61,69,50,53,35,9
19.451347,2062,1835,88,74,51,14,2095,1814,60,70,66,54,24,7
19.462189,2064,1836,88,73,50,17,2110,1818,61,63,64,59,34,11
19.472752,2059,1837,89,71,51,11,2097,1810,64,76,50,58,33,6
19.484007,2062,1838,87,74,49,14,2100,1815,56,71,58,57,38,5
19.495497,2060,1837,85,75,51,12,2100,1816,52,72,54,57,39,10
19.506691,2059,1835,87,75,52,10,2101,1815,57,60,72,57,30,10
19.516756,2062,1834,90,73,53,12,2104,1816,59,70,47,57,44,11
19.527544,2072,1833,93,74,47,25,2096,1810,63,53,63,63,34,10
19.538548,2064,1835,91,74,47,17,2095,1810,63,65,54,62,31,10
19.549343,2063,1834,92,72,48,17,2084,1821,47,57,69,56,27,7
19.560827,2066,1834,92,72,48,20,2089,1811,64,60,67,44,34,9
19.571905,2061,1835,92,71,49,14,2094,1823,60,51,73,59,16,12
19.583170,2069,1834,91,73,50,21,2095,1817,58,64,68,48,32,8
19.594284,2054,1833,93,71,51,6,2100,1814,57,66,69,48,35,11
19.604786,2069,1833,94,71,50,21,2093,1817,63,65,70,46,24,8
19.616304,2061,1833,95,70,48,15,2095,1819,52,71,63,48,34,8
19.627289,2058,1833,96,68,50,11,2090,1813,63,67,64,49,32,2
19.637819,2064,1833,91,71,52,17,2093,1813,64,66,58,60,24,8
19.648228,2060,1832,90,75,50,13,2095,1818,62,62,64,55,28,6
19.658312,2060,1832,91,73,51,13,2098,1820,60,67,54,60,29,8
19.668640,2055,1834,88,77,49,7,2095,1812,65,62,59,61,32,4
19.680061,2062,1833,91,72,52,14,2094,1828,61,56,68,53,19,9
19.691341,2062,1831,91,74,52,14,2091,1821,64,73,42,50,36,5
19.702734,2059,1831,90,73,54,11,2092,1832,57,61,59,44,31,8
19.713909,2066,1833,89,74,50,20,2090,1817,66,55,69,44,35,4
19.725559,2053,1830,89,76,50,8,2092,1836,39,68,65,53,21,10
19.736841,2058,1830,89,75,52,12,2092,1822,54,66,58,58,26,8
19.748018,2061,1831,85,82,48,15,2094,1815,69,64,46,62,29,9
19.759588,2058,1832,89,79,46,12,2085,1829,58,47,65,49,29,8
19.771000,2057,1832,87,79,46,13,2088,1811,70,59,64,46,31,7
19.782112,2061,1834,84,81,44,18,2083,1813,61,61,60,54,26,8
19.793333,2063,1834,86,81,43,19,2082,1810,68,61,53,47,33,10
19.804235,2060,1834,86,80,44,16,2083,1817,62,62,52,51,34,5
19.815195,2067,1836,86,77,46,22,2082,1818,55,64,59,52,24,10
19.826399,2066,1837,83,81,44,21,2084,1818,62,70,47,46,35,6
19.837112,2059,1837,82,85,43,12,2087,1811,63,64,59,50,31,9
19.848381,2062,1838,82,84,42,16,2082,1810,63,73,55,45,31,5
19.860008,2062,1832,90,79,45,16,2086,1811,56,79,53,52,27,8
19.871714,2061,1831,87,82,44,17,2085,1810,67,64,61,53,24,6
19.882807,2058,1831,87,81,45,14,2084,1812,64,66,53,58,24,7
19.893776,2048,1832,86,80,47,3,2081,1809,63,46,71,60,26,6
19.905020,2061,1832,86,80,47,16,2081,1799,70,57,67,56,22,10
19.917067,2056,1827,88,83,47,11,2079,1807,67,59,63,49,26,8
19.928596,2056,1827,87,85,47,10,2078,1811,56,67,61,52,24,7
19.941029,2060,1828,86,87,44,15,2079,1798,70,65,52,53,32,9
19.951971,2054,1827,84,89,45,9,2074,1808,61,55,50,63,32,5
19.963467,2062,1826,86,86,47,17,2077,1811,55,60,55,49,35,12
19.975000,2061,1826,87,81,52,15,2070,1815,52,65,48,43,35,12
19.987341,2060,1826,86,80,54,14,2073,1802,62,65,51,49,30,14
20.000257,2055,1822,86,81,55,11,2071,1812,57,59,58,42,34,9
20.011641,2058,1822,88,81,53,14,2073,1813,56,58,53,55,28,10
20.024010,2058,1823,89,78,55,13,2076,1812,63,53,63,48,24,13
20.037075,2057,1821,89,77,58,12,2064,1805,58,59,58,53,27,4
20.050188,2062,1822,88,76,60,16,2063,1808,59,73,48,37,27,11
20.062119,2070,1824,85,81,57,23,2067,1811,62,61,52,47,28,6
20.074408,2062,1823,85,83,56,15,2076,1811,65,55,50,56,31,8
20.086447,2056,1825,85,80,57,9,2079,1815,61,65,52,54,25,7
20.098476,2057,1825,85,81,55,11,2079,1807,67,67,53,46,31,8
20.110102,2064,1827,83,85,51,18,2083,1815,67,49,59,58,31,4
20.121912,2067,1827,84,85,51,20,2080,1816,65,52,63,61,18,5
20.133707,2056,1828,84,82,52,10,2081,1817,61,65,55,47,29,7
20.145493,2067,1832,80,82,53,20,2087,1812,73,49,55,59,32,7
20.157030,2060,1835,76,84,52,13,2087,1829,62,59,61,41,31,4
20.169235,2059,1835,76,85,50,13,2089,1813,68,70,52,46,35,5
20.181341,2060,1835,75,85,52,13,2098,1817,67,59,46,63,39,7
20.192415,2063,1833,79,81,53,17,2101,1823,66,65,55,54,32,6
20.203833,2058,1833,77,83,54,11,2097,1821,65,51,67,52,35,6
20.215727,2061,1833,77,84,53,14,2095,1803,66,71,58,58,34,5
20.226118,2056,1830,80,83,52,11,2090,1816,55,55,61,57,35,11
20.237350,2056,1831,76,88,50,11,2091,1813,55,64,68,45,36,10
20.248539,2058,1832,73,91,50,12,2083,1819,56,65,63,48,20,12
20.259468,2065,1832,76,87,51,19,2089,1824,55,63,52,52,31,12
20.271311,2058,1832,75,87,53,11,2082,1821,64,51,52,54,31,9
20.283602,2061,1831,77,84,54,15,2085,1834,48,49,64,50,32,8
20.295250,2058,1830,78,84,54,12,2082,1818,66,52,59,51,31,5
20.306704,2056,1830,76,86,54,10,2084,1827,60,50,55,51,33,8
20.318623,2052,1830,76,83,56,7,2086,1819,65,58,55,55,25,9
20.330564,2058,1830,76,82,57,13,2091,1820,66,52,64,55,26,8
20.341663,2060,1832,75,83,56,14,2083,1816,62,66,59,48,28,4
20.353548,2061,1832,78,79,58,14,2090,1825,55,64,57,45,34,10
20.364658,2060,1834,76,76,60,14,2092,1813,64,54,63,60,29,9
20.376310,2058,1833,76,77,60,12,2093,1820,68,64,69,40,28,4
20.388340,2057,1833,74,78,61,11,2087,1809,72,61,64,49,26,6
20.400225,2056,1834,71,81,60,10,2085,1808,62,58,58,57,35,7
20.412014,2054,1834,72,80,62,6,2081,1814,64,65,53,45,33,7
20.424252,2061,1833,72,82,62,12,2087,1822,66,54,57,49,33,6
20.435310,2057,1833,72,82,62,8,2096,1814,61,64,58,53,37,9
20.447002,2066,1835,72,77,66,16,2104,1824,64,57,54,66,30,9
20.458036,2065,1836,71,78,65,15,2103,1826,66,58,52,60,32,9
20.469465,2063,1836,71,77,66,13,2099,1819,68,52,63,61,27,9
20.480785,2066,1835,73,75,67,16,2099,1825,57,68,66,49,29,5
20.492563,2070,1833,74,77,65,21,2098,1815,70,61,64,51,34,3
20.504738,2059,1831,79,72,65,12,2097,1817,77,45,62,46,37,13
20.516043,2056,1830,84,69,63,10,2092,1818,70,55,62,48,26,13
20.527205,2057,1829,87,68,62,11,2086,1810,64,51,68,52,36,5
20.538685,2059,1827,88,69,60,15,2080,1821,60,63,59,47,25,5
20.551014,2054,1828,90,67,60,9,2085,1815,65,56,59,59,23,8
20.562901,2054,1827,93,66,59,9,2083,1817,59,69,56,51,25,6
20.575056,2058,1827,93,64,61,13,2083,1824,61,57,54,45,31,11
20.586039,2058,1827,93,66,59,13,2089,1824,60,55,65,52,22,11
20.596758,2057,1830,91,65,60,11,2096,1823,58,59,68,54,23,11
20.608158,2060,1828,91,66,61,14,2095,1820,61,55,69,55,27,8
20.618464,2055,1828,93,65,60,9,2096,1819,59,73,58,48,26,13
20.629520,2059,1827,90,69,59,14,2098,1815,69,55,67,48,34,10
20.640385,2059,1826,91,69,59,14,2096,1810,73,54,66,47,37,9
20.650965,2063,1827,90,69,59,18,2098,1814,61,62,65,51,37,8
20.661734,2060,1826,91,68,59,16,2101,1817,67,62,63,58,24,10
20.672684,2056,1825,91,68,60,12,2092,1823,69,61,50,55,26,8
20.683914,2061,1826,90,69,60,16,2090,1813,76,60,64,43,28,6
20.695250,2055,1826,91,68,60,10,2094,1815,68,47,61,57,38,8
20.706133,2061,1825,90,69,61,16,2092,1810,76,54,63,45,35,9
20.716951,2061,1825,86,74,60,16,2095,1812,72,62,53,57,32,7
20.728640,2058,1823,85,73,64,13,2090,1803,88,59,41,57,36,6
20.740034,2058,1822,86,74,62,14,2093,1820,68,53,61,52,29,10
20.751390,2058,1820,87,74,63,14,2098,1808,75,58,56,61,29,11
20.762415,2057,1819,86,76,62,14,2102,1812,76,47,63,54,44,6
20.773479,2061,1820,88,74,62,17,2089,1814,72,51,50,59,37,6
20.784489,2054,1821,87,76,61,9,2086,1808,64,63,46,54,36,15
20.795570,2060,1821,85,79,60,15,2083,1809,68,59,55,54,29,9
20.807169,2055,1819,85,79,61,11,2085,1816,61,60,53,61,28,6
20.818058,2055,1820,82,80,61,12,2089,1809,56,73,48,52,37,14
20.828909,2057,1821,84,79,62,11,2093,1821,50,62,67,49,33,11
20.840820,2055,1820,85,79,62,9,2087,1816,60,68,49,56,33,5
20.852449,2058,1819,85,80,61,13,2081,1816,65,63,52,50,29,6
20.864391,2060,1818,84,83,59,16,2085,1803,71,74,60,41,28,8
20.876471,2056,1817,86,80,59,14,2081,1807,70,61,59,54,28,2
20.887783,2052,1816,85,78,62,11,2086,1808,64,60,58,52,34,10
20.899403,2051,1816,86,78,61,10,2083,1812,64,55,59,50,34,9
20.911526,2052,1814,90,73,64,11,2080,1796,63,64,63,55,36,3
20.922705,2060,1815,90,72,64,19,2083,1805,67,59,62,54,27,9
20.934374,2052,1811,90,74,66,11,2078,1795,73,60,63,47,27,13
20.946127,2054,1811,90,77,63,13,2078,1804,62,51,69,55,26,11
20.958330,2060,1809,91,76,66,18,2090,1808,67,59,68,41,36,11
20.968924,2054,1807,91,79,64,13,2086,1807,61,60,62,53,33,10
20.979753,2055,1806,91,79,64,15,2085,1797,72,54,60,61,34,7
20.991192,2049,1806,94,75,65,9,2090,1806,61,53,67,62,25,16
21.002785,2051,1804,93,78,66,10,2085,1807,73,50,56,55,31,13
21.013758,2054,1804,94,78,66,12,2085,1809,62,70,62,42,33,7
21.024782,2052,1804,94,76,67,11,2080,1797,75,59,62,44,35,8
21.035534,2053,1804,93,80,63,13,2085,1800,60,73,60,45,32,15
21.046524,2058,1805,94,80,61,18,2077,1791,67,66,64,42,39,8
21.058155,2050,1805,95,79,61,10,2074,1796,61,62,67,50,32,6
21.069216,2050,1805,97,78,59,11,2073,1783,72,69,56,60,26,7
21.081171,2050,1804,100,77,58,11,2071,1790,67,59,64,56,27,8
21.092367,2056,1803,102,75,57,19,2080,1785,61,79,51,52,39,13
21.103157,2050,1804,99,79,55,13,2082,1781,72,64,60,45,46,14
21.113945,2053,1804,99,78,59,13,2071,1791,70,65,59,59,21,6
21.125349,2047,1804,101,78,58,6,2070,1783,62,80,54,59,28,4
21.137293,2056,1803,99,81,58,15,2068,1787,65,68,61,52,28,7
21.148329,2054,1800,100,77,61,16,2061,1791,64,55,60,52,34,5
21.159393,2044,1803,98,80,57,6,2060,1784,61,74,55,53,22,11
21.170528,2049,1803,97,79,58,12,2066,1781,77,60,62,51,26,9
21.181572,2046,1802,98,83,53,10,2070,1790,65,71,55,52,26,11
21.193209,2055,1803,98,83,52,19,2070,1789,61,65,77,32,36,10
21.204525,2047,1801,97,85,53,11,2070,1795,62,64,64,45,29,11
21.215511,2045,1802,98,83,53,9,2071,1782,77,71,50,46,39,6
21.226162,2055,1802,100,79,56,18,2074,1794,62,70,66,41,31,10
21.236462,2052,1803,101,76,56,16,2083,1793,62,70,61,61,29,7
21.247318,2048,1802,102,75,55,14,2083,1782,84,65,60,56,29,7
21.258554,2047,1802,101,76,54,14,2085,1803,60,72,52,58,28,12
21.269676,2048,1803,101,75,56,13,2078,1805,65,59,62,48,32,7
21.280809,2054,1803,97,76,60,18,2077,1801,68,61,58,51,32,6
21.292048,2048,1802,98,76,60,12,2076,1794,67,72,54,53,29,7
21.303082,2045,1801,101,72,64,7,2082,1801,60,70,61,51,31,8
21.314056,2055,1803,99,73,64,16,2080,1801,68,68,60,49,23,11
21.325174,2053,1802,99,78,60,14,2076,1790,72,67,56,51,36,4
21.335712,2049,1801,94,81,61,12,2081,1791,65,65,52,58,32,18
21.347176,2048,1802,93,82,59,12,2073,1791,66,62,61,54,30,9
21.358011,2042,1802,96,81,57,6,2066,1799,66,57,59,50,34,1
21.369614,2044,1803,96,79,57,9,2069,1798,72,63,51,51,29,5
21.380066,2042,1804,95,80,55,8,2085,1805,66,65,59,48,26,16
21.390497,2047,1804,95,83,54,11,2084,1799,59,50,81,54,30,11
21.401705,2051,1801,97,81,57,15,2078,1797,66,63,49,72,24,7
21.412535,2047,1801,97,82,55,12,2089,1802,67,63,48,59,39,11
21.422560,2046,1801,98,81,56,10,2092,1789,71,62,67,54,37,12
21.433168,2048,1797,99,82,58,12,2091,1792,66,63,54,71,33,12
21.443697,2048,1796,98,82,60,12,2087,1805,71,62,58,53,34,4
21.454226,2050,1797,96,79,63,15,2094,1796,69,71,56,59,37,6
21.463421,2053,1796,98,77,65,17,2088,1789,73,71,57,60,30,8
21.473776,2049,1796,99,75,65,14,2091,1790,84,64,57,57,30,9
21.483849,2048,1796,97,77,64,14,2088,1801,71,57,59,66,27,7
21.494267,2052,1795,97,78,63,19,2093,1801,65,68,68,52,34,5
21.504009,2046,1793,97,81,63,12,2087,1804,62,58,66,57,34,6
21.514645,2051,1790,99,84,61,17,2083,1791,70,64,62,64,23,9
21.526188,2047,1789,100,84,62,12,2073,1797,67,64,55,62,25,3
21.537830,2045,1789,100,87,59,10,2069,1789,72,59,56,56,30,7
21.549797,2046,1789,99,85,61,12,2057,1800,58,64,58,51,17,9
21.560734,2047,1789,101,83,60,14,2069,1799,64,53,52,71,26,4
21.571934,2052,1790,103,80,60,19,2080,1796,66,67,44,69,28,10
21.582424,2049,1789,103,80,62,15,2077,1803,53,60,71,56,27,7
21.593149,2046,1789,100,83,62,12,2080,1799,56,67,62,59,28,9
21.603647,2047,1789,101,83,61,13,2075,1785,71,57,61,59,34,8
21.615160,2052,1789,100,83,62,18,2070,1791,75,60,55,56,27,6
21.626945,2056,1792,99,82,63,20,2079,1789,71,68,56,57,33,5
21.637405,2048,1792,98,87,58,13,2081,1796,60,75,59,55,27,9
21.648685,2053,1791,99,88,56,19,2082,1786,74,69,52,63,29,9
21.659222,2047,1790,99,88,57,13,2086,1790,69,73,56,64,27,7
21.669613,2053,1790,99,90,55,19,2083,1796,75,63,55,56,34,4
21.679794,2044,1790,100,91,53,10,2081,1788,70,74,47,63,26,13
21.690641,2046,1790,100,92,52,12,2079,1799,57,72,58,55,31,7
21.701513,2047,1792,100,87,54,14,2077,1794,64,67,57,54,33,8
21.712101,2046,1794,99,86,54,13,2069,1790,65,72,54,59,21,8
21.722912,2044,1795,97,87,53,12,2071,1778,81,69,58,53,26,6
21.733969,2048,1795,97,87,54,15,2072,1790,60,65,51,57,33,16
21.744267,2052,1796,96,87,54,19,2061,1775,69,56,66,55,32,8
21.754717,2051,1796,97,86,55,17,2058,1786,58,63,60,48,33,10
21.766005,2043,1796,97,86,54,10,2066,1781,68,75,59,43,30,10
21.777000,2044,1798,96,84,56,10,2062,1782,68,66,57,53,27,9
21.789017,2037,1796,94,85,57,5,2070,1781,65,59,61,57,38,9
21.800581,2041,1796,93,85,58,9,2070,1784,73,58,65,56,28,6
21.811750,2043,1795,94,89,54,11,2068,1792,65,55,61,58,26,11
21.823410,2048,1793,94,89,56,16,2064,1781,64,60,59,55,36,9
21.834751,2053,1792,95,91,52,23,2068,1787,56,66,59,55,31,14
21.846359,2045,1792,95,91,52,15,2069,1783,68,66,61,52,31,8
21.857430,2043,1794,90,95,50,14,2067,1780,71,68,54,55,28,11
21.868647,2042,1792,92,90,54,14,2065,1780,58,77,61,55,24,10
21.880215,2045,1793,93,87,55,17,2061,1788,68,63,67,52,21,2
21.891981,2042,1793,92,87,55,15,2062,1787,59,75,66,49,16,10
21.903633,2041,1792,94,84,57,14,2064,1789,56,70,62,44,34,9
21.916130,2035,1792,93,85,56,9,2060,1789,66,48,69,52,27,9
21.927904,2042,1791,93,85,56,17,2055,1788,61,66,61,51,17,11
21.939541,2044,1791,91,88,54,20,2058,1785,62,67,57,47,34,6
21.951157,2033,1792,90,88,54,9,2057,1783,66,62,62,45,30,9
21.963015,2036,1791,92,86,54,13,2053,1788,62,56,56,57,31,3
21.974941,2034,1790,94,82,57,11,2056,1788,48,71,61,59,24,5
21.986181,2033,1789,93,83,56,12,2063,1788,67,57,58,55,25,13
21.997244,2046,1789,92,85,54,26,2069,1782,63,69,68,46,36,5
22.007536,2035,1789,92,85,54,15,2075,1792,65,69,55,53,32,9
22.017958,2036,1788,92,87,53,16,2073,1788,66,65,59,59,30,6
22.028593,2033,1790,92,86,53,12,2067,1785,59,64,72,56,25,6
22.039642,2026,1789,91,87,53,6,2061,1781,71,68,43,59,33,6
22.050766,2034,1788,92,86,54,14,2065,1786,66,53,68,52,25,15
22.062201,2037,1786,94,84,56,17,2068,1784,68,61,56,54,32,13
22.073795,2038,1784,92,87,57,18,2058,1784,73,56,70,44,25,6
22.085114,2031,1786,91,85,58,11,2067,1779,70,65,61,48,27,17
22.096161,2037,1789,89,85,57,17,2063,1787,68,58,57,61,22,10
22.107595,2032,1790,88,86,57,11,2066,1783,71,67,46,57,31,11
22.118639,2043,1789,94,82,57,21,2072,1790,75,48,73,40,38,8
22.129475,2034,1785,99,81,58,11,2078,1787,77,60,60,54,34,6
22.140209,2037,1784,99,82,60,12,2081,1786,71,67,57,62,26,12
22.150343,2042,1784,100,80,61,17,2085,1801,65,56,64,56,36,7
22.161249,2037,1783,101,80,60,13,2089,1789,59,78,61,54,40,8
22.172119,2031,1783,101,80,58,9,2093,1800,57,73,66,48,38,11
22.182770,2032,1782,102,81,57,10,2090,1793,76,61,55,66,31,8
22.193394,2041,1782,102,82,55,20,2090,1795,77,52,64,58,30,14
22.203880,2033,1784,101,80,56,12,2085,1795,76,49,65,60,29,11
22.214262,2033,1784,99,81,58,11,2092,1800,64,66,49,61,38,14
22.224411,2033,1785,97,86,55,10,2092,1791,70,67,68,50,39,7
22.234825,2033,1785,98,86,54,10,2093,1792,65,69,69,58,32,8
22.245342,2033,1785,97,88,53,10,2087,1775,75,65,65,56,45,6
22.255281,2037,1783,95,93,52,14,2091,1773,75,66,70,66,35,6
22.266207,2042,1785,91,96,49,21,2088,1782,78,57,69,65,28,9
22.276150,2045,1786,93,94,49,23,2091,1780,68,72,67,65,30,9
22.286324,2037,1784,94,91,53,15,2087,1793,61,64,64,56,37,12
22.296822,2034,1785,94,90,53,12,2091,1790,68,66,52,66,33,16
22.308018,2046,1784,94,89,54,25,2088,1788,61,75,57,59,40,8
22.317158,2039,1785,93,88,55,18,2095,1789,72,66,72,52,38,6
22.327036,2035,1787,91,86,56,15,2094,1787,74,70,52,67,32,12
22.336851,2028,1787,90,86,57,8,2093,1785,72,65,65,60,35,11
22.346994,2033,1787,90,86,56,14,2082,1797,66,63,64,54,29,9
22.356859,2034,1788,90,87,54,15,2082,1786,71,63,65,60,32,5
22.367458,2032,1788,87,86,57,14,2089,1789,61,74,66,54,37,8
22.377485,2034,1787,88,87,56,16,2091,1781,70,69,68,51,33,19
22.388163,2037,1786,88,89,54,20,2082,1789,78,64,64,56,23,8
22.398426,2035,1787,86,92,53,17,2085,1795,66,70,70,47,30,7
22.408684,2035,1787,86,90,54,18,2079,1782,67,62,66,55,32,15
22.418695,2027,1787,85,88,58,9,2067,1782,61,65,63,52,33,11
22.429407,2026,1784,89,87,57,9,2067,1772,72,55,56,66,37,9
22.439907,2033,1784,90,86,57,16,2068,1787,55,71,58,63,30,4
22.450016,2032,1784,87,89,56,16,2084,1776,64,66,66,61,37,14
22.460299,2030,1784,91,85,56,14,2080,1774,69,65,62,63,36,11
22.470173,2031,1785,89,86,56,15,2088,1784,63,69,60,60,42,10
22.480640,2035,1786,87,86,57,19,2085,1783,69,62,64,59,40,8
22.490166,2031,1787,87,85,57,15,2084,1779,70,66,64,52,44,9
22.499729,2024,1786,86,88,57,7,2070,1784,51,78,56,66,27,8
22.509941,2034,1788,84,90,55,17,2075,1788,57,63,72,57,29,9
22.520016,2029,1788,82,92,53,14,2075,1793,58,52,76,58,26,12
22.530308,2032,1787,83,94,51,17,2072,1788,62,61,67,58,28,8
22.541292,2028,1788,83,91,52,14,2071,1785,56,80,61,50,32,7
22.552425,2031,1786,85,90,54,16,2071,1792,57,68,58,51,39,6
22.562786,2029,1784,85,92,54,14,2062,1789,63,57,69,46,27,11
22.574162,2031,1785,86,90,55,15,2066,1776,69,55,62,53,41,10
22.585707,2031,1784,86,92,56,13,2064,1789,64,59,59,53,29,11
22.597198,2029,1785,84,95,54,11,2067,1783,69,72,44,60,31,8
22.608789,2031,1785,86,93,54,13,2070,1785,62,59,58,67,26,13
22.619646,2034,1786,84,95,51,18,2071,1795,71,75,49,40,33,8
22.630411,2034,1785,86,95,50,18,2074,1787,65,66,52,65,24,15
22.640453,2029,1786,84,95,51,13,2074,1786,59,58,77,56,27,11
22.650785,2030,1785,85,93,55,12,2066,1788,67,64,63,52,26,6
22.661369,2033,1787,85,96,51,14,2064,1773,69,66,64,44,41,7
22.672312,2028,1788,87,93,49,11,2069,1781,62,64,59,51,34,18
22.683159,2034,1790,85,92,51,16,2064,1779,70,54,74,51,25,11
22.694265,2031,1789,85,92,50,15,2057,1781,63,59,71,47,33,3
22.705351,2026,1786,88,92,48,12,2065,1776,71,48,68,55,38,9
22.716503,2025,1785,88,88,52,12,2060,1778,62,71,45,59,39,6
22.728395,2021,1784,89,90,50,8,2051,1774,78,57,48,52,35,7
22.739855,2031,1782,89,90,51,19,2049,1774,73,61,54,47,35,5
22.751436,2021,1781,92,88,48,12,2057,1771,69,53,61,58,34,11
22.763288,2019,1779,98,81,51,10,2057,1771,68,62,53,58,30,15
22.774464,2017,1780,97,79,51,10,2055,1773,70,58,53,62,31,8
22.785385,2019,1778,99,78,53,11,2052,1764,67,67,64,51,30,9
22.796537,2023,1778,99,76,54,16,2047,1763,72,54,63,61,29,5
22.807005,2020,1778,99,75,53,15,2047,1764,69,58,60,51,35,10
22.818048,2021,1778,98,72,58,15,2060,1764,66,72,63,49,32,14
22.828781,2017,1777,100,72,55,13,2065,1768,69,58,58,61,39,12
22.839359,2015,1775,101,72,55,12,2061,1775,61,68,45,61,39,12
22.849863,2015,1775,101,71,55,13,2054,1776,57,62,62,58,34,5
22.860371,2010,1775,98,76,52,9,2053,1762,63,60,65,59,35,9
22.870733,2010,1773,99,77,50,11,2064,1762,62,71,60,61,36,12
22.881025,2015,1772,98,76,52,17,2057,1759,68,64,64,68,26,8
22.891556,2007,1774,97,77,50,9,2057,1758,69,67,65,59,35,4
22.902328,2017,1773,100,77,46,21,2049,1759,62,70,62,53,36,7
22.913370,2006,1774,99,77,47,9,2049,1756,69,69,58,58,31,8
22.924335,2019,1775,97,74,53,20,2049,1758,75,58,64,56,30,8
22.935349,2013,1776,95,78,49,15,2046,1772,57,54,71,52,29,11
22.946383,2006,1775,96,75,52,8,2047,1770,46,75,61,52,36,7
22.957201,2004,1773,96,75,53,7,2039,1753,65,60,64,61,26,10
22.967970,2007,1775,95,75,53,9,2036,1752,73,63,67,46,28,7
22.979656,2018,1775,96,74,54,19,2036,1754,54,72,56,52,38,10
22.991331,2016,1774,96,74,55,17,2042,1770,55,70,62,50,27,8
23.001932,2018,1776,95,77,51,19,2051,1745,65,72,77,49,34,9
23.012556,2007,1776,92,81,50,8,2061,1755,60,70,74,64,31,7
23.022598,2015,1777,91,81,51,15,2059,1749,67,77,59,60,38,9
23.033075,2012,1778,89,84,49,12,2056,1756,69,59,74,58,31,9
23.043455,2021,1778,88,86,49,20,2055,1771,64,58,66,53,34,9
23.054090,2015,1778,87,84,52,14,2048,1770,62,64,51,52,40,9
23.065809,2005,1780,84,84,52,5,2041,1777,50,62,62,52,33,5
23.076691,2009,1780,84,86,51,8,2054,1758,64,70,53,62,33,14
23.087688,2018,1779,85,89,49,16,2052,1766,65,59,63,61,32,6
23.097918,2016,1780,83,92,47,14,2054,1759,58,72,60,59,33,13
23.108831,2023,1782,82,89,47,23,2048,1764,65,62,60,48,38,11
23.119688,2009,1781,82,89,47,10,2044,1773,58,57,53,57,36,10
23.131310,2014,1780,82,88,50,14,2039,1772,54,58,67,48,32,8
23.142685,2010,1780,82,88,51,9,2039,1761,63,61,63,60,25,6
23.153116,2016,1780,84,86,50,16,2041,1765,69,59,61,52,30,5
23.164352,2012,1780,86,83,52,11,2056,1757,64,66,64,59,29,17
23.175797,2021,1780,88,80,53,20,2043,1763,61,70,49,65,31,4
23.186396,2021,1781,89,78,55,18,2046,1770,57,69,54,48,39,9
23.196810,2011,1782,88,78,54,9,2046,1756,65,57,61,63,38,6
23.207535,2018,1783,86,79,54,16,2050,1774,53,62,65,61,28,7
23.219137,2010,1782,88,81,50,9,2048,1766,56,78,60,54,28,6
23.230015,2012,1781,89,81,50,11,2047,1759,63,62,63,60,34,6
23.241283,2014,1780,91,80,51,12,2038,1762,79,57,49,54,30,7
23.253048,2015,1778,90,79,55,13,2049,1763,71,42,67,54,43,9
23.264246,2014,1779,87,79,57,12,2047,1772,67,58,52,63,29,6
23.275595,2008,1778,89,79,56,6,2055,1757,73,68,54,60,34,9
23.285740,2024,1778,93,73,58,22,2064,1764,62,66,61,59,39,13
23.295135,2017,1777,98,68,59,15,2066,1745,85,61,66,65,38,6
23.305603,2016,1777,97,69,58,15,2059,1765,63,69,66,51,38,7
23.315561,2013,1779,90,74,58,12,2065,1758,59,70,67,56,44,11
23.326462,2013,1780,87,77,56,13,2068,1752,66,54,78,58,51,9
23.337149,2015,1781,90,70,59,15,2074,1759,65,65,63,76,38,8
23.347342,2013,1781,91,70,59,12,2071,1763,63,68,69,55,43,10
23.357166,2014,1780,88,73,59,14,2059,1764,60,67,66,58,34,10
23.366932,2013,1780,88,75,56,14,2060,1760,68,57,66,61,34,14
23.377495,2011,1780,87,76,55,13,2060,1751,71,56,67,71,34,10
23.387508,2013,1778,89,77,53,16,2064,1760,62,57,74,55,45,11
23.397882,2007,1780,87,76,51,13,2070,1749,78,50,77,71,34,11
23.408247,2014,1780,89,72,53,20,2059,1754,67,56,80,54,39,9
23.418131,2003,1780,87,73,54,9,2058,1773,55,57,65,73,25,10
23.428923,2011,1781,86,73,56,15,2055,1760,74,60,58,57,39,7
23.439341,2013,1779,89,71,57,17,2056,1768,66,60,58,59,36,9
23.450115,2004,1779,91,70,54,10,2056,1767,67,53,62,63,39,5
23.461082,2007,1780,90,69,54,14,2052,1760,72,62,69,52,29,8
23.471260,2010,1779,94,67,52,18,2056,1775,66,59,60,51,35,10
23.482277,2005,1775,101,60,55,14,2049,1767,64,65,61,61,25,6
23.493862,2006,1775,100,60,56,15,2054,1756,59,72,57,65,30,15
23.504633,2015,1775,100,60,56,24,2045,1759,60,61,58,67,26,14
23.515369,2001,1774,100,62,54,11,2037,1760,60,66,64,46,30,11
23.525831,2007,1773,102,61,53,18,2043,1768,58,52,57,56,38,14
23.537163,1999,1775,99,63,53,9,2038,1763,59,66,53,58,36,3
23.548483,2003,1778,94,64,55,12,2037,1756,63,61,61,52,35,9
23.559633,1998,1778,92,64,58,6,2039,1758,60,63,62,54,30,12
23.570795,2006,1777,94,63,58,14,2034,1738,74,68,47,61,35,11
23.581999,2015,1777,96,61,59,22,2033,1754,62,59,61,64,25,8
23.592907,2010,1777,96,60,61,16,2036,1757,67,60,62,41,42,7
23.603817,2012,1776,94,62,62,18,2033,1755,65,67,52,60,26,8
23.614695,2008,1776,92,65,61,14,2035,1751,71,68,53,62,23,7
23.625389,2006,1773,97,63,61,12,2046,1758,67,61,55,64,28,13
23.636209,2008,1774,96,63,60,15,2044,1761,63,58,64,51,33,14
23.648003,2014,1775,96,63,59,21,2032,1750,73,66,52,47,33,11
23.659348,2009,1778,94,66,54,17,2028,1773,54,69,61,50,13,8
23.671307,2007,1777,93,69,53,15,2031,1769,56,72,64,38,19,13
23.683285,2008,1779,92,68,53,16,2027,1760,64,63,49,60,28,3
23.694592,2008,1777,94,68,52,17,2025,1759,63,70,48,59,24,2
23.706455,2005,1778,91,72,49,15,2028,1758,57,63,62,52,29,7
23.717508,1996,1780,90,71,50,5,2028,1765,60,64,52,56,27,4
23.729120,2004,1780,92,70,49,13,2030,1764,59,57,56,60,27,7
23.740728,1997,1778,93,69,50,7,2031,1751,70,63,53,56,31,7
23.751940,2006,1776,95,68,51,16,2035,1747,69,53,61,62,38,5
23.762978,2006,1777,92,74,46,17,2029,1749,66,62,51,63,31,7
23.774117,2005,1776,92,72,49,16,2029,1750,52,74,55,55,32,11
23.785830,2006,1773,91,75,49,18,2031,1746,69,70,57,57,24,8
23.797644,2004,1773,90,75,50,16,2020,1744,61,64,58,53,27,13
23.808674,2007,1775,87,73,52,20,2019,1755,57,67,58,52,24,6
23.820257,1999,1775,86,74,52,12,2032,1753,69,59,65,42,36,8
23.830935,1998,1773,82,81,51,11,2030,1745,64,66,58,55,33,9
23.841341,2004,1773,85,80,48,18,2031,1756,56,72,63,46,33,5
23.851824,1996,1773,83,79,51,10,2024,1745,70,73,66,42,23,5
23.863108,1995,1775,84,77,50,9,2031,1745,67,65,57,58,29,10
23.874397,2001,1773,79,81,51,17,2027,1755,60,61,59,57,30,5
23.885321,1999,1771,83,77,54,14,2027,1741,57,78,63,40,40,8
23.896526,2001,1772,84,77,52,16,2020,1751,69,61,61,47,26,5
23.908545,1993,1772,84,80,49,8,2027,1768,55,58,61,47,33,5
23.919720,2001,1772,82,81,50,16,2028,1748,76,65,48,57,31,3
23.930702,1996,1771,83,79,51,12,2035,1754,71,56,48,57,38,11
23.940977,2000,1771,83,77,52,17,2039,1758,58,58,79,44,34,8
23.951811,2000,1771,83,78,51,17,2036,1759,57,53,75,55,27,10
23.962784,1993,1771,82,78,51,11,2033,1750,67,61,57,62,23,13
23.973776,1990,1768,85,76,52,9,2030,1758,57,71,61,50,28,5
23.984224,1993,1767,83,79,52,12,2036,1747,64,64,51,64,34,12
23.995123,2001,1766,82,81,53,19,2032,1755,60,65,50,64,34,4
24.006590,2001,1766,82,79,55,19,2041,1753,65,59,60,54,43,7
24.016989,1995,1767,81,78,55,14,2036,1753,74,60,57,57,26,9
24.028393,1992,1766,79,84,52,11,2028,1756,71,60,56,46,30,9
24.039827,1997,1767,78,83,53,16,2026,1748,64,64,56,46,38,10
24.051779,1991,1767,80,84,49,11,2030,1750,55,67,56,63,28,11
24.063160,1986,1766,80,84,50,6,2028,1743,64,74,51,61,29,6
24.073793,2003,1766,80,84,50,23,2043,1746,74,58,64,64,30,7
24.084879,1989,1765,81,83,52,8,2045,1747,72,57,64,58,40,7
24.095072,1997,1765,79,87,48,18,2039,1755,57,67,58,58,31,13
24.106010,1993,1765,78,86,50,14,2030,1746,67,56,62,59,34,6
24.117350,1995,1765,77,84,54,15,2034,1751,68,60,58,47,41,9
24.128132,1993,1766,77,85,52,13,2029,1742,68,63,63,60,25,8
24.139000,1999,1765,77,86,52,19,2038,1749,67,64,55,57,41,5
24.148998,1999,1765,76,87,53,18,2053,1753,65,59,65,59,44,8
24.159039,1994,1764,77,85,56,12,2066,1747,66,71,68,67,35,12
24.168941,1997,1764,78,84,58,13,2060,1751,53,67,73,70,36,10
24.178898,1994,1762,81,81,59,11,2062,1741,66,72,74,49,51,9
24.189007,1998,1761,81,82,59,15,2067,1748,56,77,66,60,46,14
24.198832,1999,1763,78,86,56,16,2061,1744,67,63,74,68,34,11
24.208336,1993,1763,75,89,55,11,2057,1742,69,67,81,60,32,6
24.218323,1994,1762,74,92,53,13,2064,1755,57,67,73,69,37,6
24.227852,2005,1762,73,93,53,24,2062,1748,67,63,76,54,39,15
24.237633,1996,1760,77,87,56,16,2063,1735,89,57,74,61,34,13
24.247643,1997,1760,76,89,55,17,2052,1749,60,74,60,58,41,10
24.257669,1997,1760,77,90,52,18,2045,1739,69,67,67,60,37,6
24.267765,2003,1758,77,92,54,22,2049,1749,62,68,63,60,36,11
24.277630,1991,1759,77,90,55,10,2052,1746,69,64,56,63,42,12
24.287769,1997,1758,77,90,55,17,2037,1733,73,68,64,51,37,11
24.297762,2000,1760,79,87,54,20,2046,1742,62,74,59,60,41,8
24.307720,1991,1760,78,85,55,13,2048,1742,64,74,59,59,42,8
24.317318,1987,1759,79,85,54,10,2052,1736,67,72,68,61,42,6
24.326992,1990,1758,79,85,53,15,2052,1728,80,66,67,66,39,6
24.337326,1988,1757,80,85,53,13,2046,1731,73,56,67,64,48,7
24.347254,1997,1757,81,84,52,23,2052,1735,68,62,71,72,33,11
24.357267,1992,1756,79,85,55,17,2041,1739,61,74,63,65,32,7
24.368027,1990,1757,78,82,57,16,2035,1740,70,66,58,51,46,4
24.378778,1992,1757,78,82,57,18,2042,1742,72,51,83,53,35,6
24.389227,1994,1756,79,81,58,20,2035,1734,67,61,68,49,46,10
24.399664,1989,1755,79,86,54,15,2033,1737,73,53,61,72,29,8
24.409964,1996,1755,78,85,54,24,2045,1743,73,53,66,67,40,3
24.420862,1988,1755,82,80,55,16,2049,1736,78,71,64,47,41,12
24.430719,1987,1754,84,79,54,16,2050,1736,69,69,62,56,45,13
24.440512,1985,1755,83,80,52,15,2055,1745,78,63,61,60,41,7
24.449184,1988,1755,83,79,53,18,2059,1747,72,66,59,61,43,11
24.458410,1979,1755,83,78,54,9,2054,1750,62,59,73,71,32,7
24.468063,1987,1755,84,79,54,15,2056,1737,85,56,66,68,39,5
24.477903,1985,1755,83,78,54,15,2055,1738,74,64,54,68,44,13
24.487852,1984,1756,84,77,53,14,2043,1740,66,62,76,70,25,4
24.498428,1977,1756,84,76,55,6,2049,1743,61,73,63,64,38,7
24.508839,1991,1756,84,77,53,21,2047,1745,62,74,67,58,31,10
24.518055,1991,1755,84,78,53,21,2044,1741,68,65,63,61,39,7
24.528801,1985,1751,85,79,55,15,2047,1738,70,61,77,55,39,7
24.539249,1988,1749,85,79,57,18,2051,1731,73,65,59,68,45,10
24.548967,1980,1749,85,78,58,10,2043,1739,68,67,61,66,36,6
24.559027,1987,1747,83,82,58,17,2041,1730,77,62,51,66,46,9
24.568884,1985,1748,78,89,55,15,2035,1725,74,64,63,51,48,10
24.579098,1980,1748,78,91,53,10,2036,1726,83,73,55,56,31,12
24.589067,1985,1748,77,93,52,15,2038,1743,69,65,62,56,35,8
24.599054,1989,1750,76,92,51,20,2035,1734,75,55,73,55,33,10
24.609962,1984,1751,76,89,53,15,2024,1732,66,58,69,55,35,9
24.621389,1976,1750,75,89,56,6,2030,1717,83,64,70,54,32,10
24.631556,1981,1750,74,88,57,12,2032,1729,67,76,55,49,45,11
24.642162,1989,1751,74,87,56,21,2020,1736,69,65,63,55,26,6
24.653490,1986,1750,75,83,59,19,2012,1729,66,63,59,51,35,9
24.664734,1981,1747,78,79,63,14,2014,1732,66,58,57,68,28,5
24.676085,1987,1747,78,78,64,20,2023,1733,71,72,60,53,25,9
24.686520,1987,1747,77,78,65,20,2017,1723,64,64,71,54,29,12
24.697371,1977,1747,79,78,61,12,2023,1717,76,64,62,60,34,10
24.707714,1976,1747,80,77,61,11,2026,1724,61,65,71,58,41,6
24.717442,1976,1746,78,79,63,10,2037,1726,76,58,62,65,37,13
24.727188,1983,1745,79,79,62,18,2033,1719,80,61,66,53,45,9
24.736982,1976,1744,81,80,60,11,2039,1723,71,62,69,61,41,12
24.747866,1981,1744,78,83,60,16,2026,1726,65,67,57,53,51,7
24.757854,1980,1743,76,84,62,15,2034,1727,57,66,72,63,41,8
24.768259,1984,1743,76,85,61,19,2033,1730,75,59,56,62,45,6
24.778456,1986,1745,73,87,59,22,2028,1730,65,67,61,60,35,10
24.788862,1988,1745,73,85,62,23,2040,1736,66,60,59,64,39,16
24.799435,1978,1743,75,84,62,14,2038,1737,64,65,62,60,36,14
24.809694,1982,1743,75,84,62,18,2040,1723,80,65,67,60,40,5
24.820038,1979,1743,74,84,64,14,2033,1723,64,80,66,59,34,7
24.830093,1982,1743,74,82,67,16,2034,1723,71,67,65,60,35,13
24.839750,1983,1742,73,81,72,15,2026,1720,78,65,58,67,28,10
24.850147,1988,1743,72,81,73,19,2033,1732,61,67,62,67,31,13
24.860054,1978,1744,67,86,72,9,2033,1725,69,71,63,58,41,6
24.869741,1982,1744,67,86,72,13,2037,1738,58,73,74,66,22,6
24.879698,1982,1745,65,87,74,11,2046,1736,69,72,60,59,40,10
24.889675,1988,1745,68,85,71,19,2046,1738,65,66,60,66,36,15
24.899340,1984,1746,69,80,74,15,2045,1744,64,62,71,65,32,7
24.909019,1985,1745,68,82,74,16,2045,1737,64,72,73,54,37,8
24.919216,1985,1743,68,83,75,16,2050,1733,59,80,72,50,45,11
24.928558,1986,1744,68,81,76,17,2057,1725,64,84,74,57,41,12
24.938122,1992,1743,70,81,76,22,2060,1722,78,81,60,67,40,12
24.947651,1984,1743,71,80,77,13,2065,1734,77,60,69,76,37,12
24.956692,1986,1744,71,78,79,14,2064,1731,68,64,71,77,42,11
24.966553,1990,1744,71,76,79,20,2057,1733,83,73,63,69,31,5
24.975731,1986,1743,69,80,78,16,2060,1724,79,66,64,63,50,14
24.984917,1981,1743,70,84,73,11,2055,1720,86,52,67,68,48,14
24.995127,1984,1743,72,85,68,16,2053,1729,65,66,74,70,42,7
25.004431,1981,1742,75,84,67,13,2054,1728,66,66,71,71,35,17
25.014330,1980,1742,76,85,67,10,2029,1726,58,64,67,71,35,8
25.024143,1984,1741,77,83,68,15,2034,1731,63,63,74,64,33,6
25.034117,1988,1739,78,85,67,19,2030,1732,66,67,58,60,40,7
25.045132,1982,1736,81,84,67,14,2037,1741,60,62,73,54,36,11
25.054733,1979,1735,82,81,71,10,2036,1728,75,63,58,64,37,11
25.064739,1984,1733,84,83,71,13,2023,1736,52,67,83,48,29,8
25.075649,1984,1733,83,84,68,16,2023,1731,73,53,69,60,29,8
25.085985,1977,1733,87,79,68,10,2020,1724,61,62,65,65,37,6
25.097029,1982,1733,87,78,68,16,2020,1726,70,63,73,38,43,7
25.106962,1983,1732,87,76,71,17,2023,1717,73,73,54,60,37,9
25.117811,1984,1730,86,80,71,17,2032,1712,79,78,52,57,34,20
25.127594,1990,1731,83,82,71,23,2028,1727,67,67,61,57,34,15
25.137171,1981,1731,82,82,73,13,2031,1726,75,62,76,55,28,9
25.147030,1979,1732,83,81,72,11,2038,1728,62,68,79,52,35,14
25.157076,1984,1732,83,83,68,18,2038,1724,65,70,67,56,41,15
25.166548,1984,1732,83,85,65,19,2031,1714,70,82,68,48,36,13
25.176252,1977,1731,84,87,60,15,2032,1712,66,66,75,66,35,12
25.185764,1981,1732,83,87,62,17,2032,1716,73,65,63,67,35,13
25.195440,1980,1731,83,91,59,16,2022,1732,74,53,62,51,39,11
25.206038,1985,1732,83,90,59,21,2015,1711,75,61,68,58,36,6
25.216957,1977,1732,80,92,60,13,2013,1714,65,63,68,63,33,7
25.227358,1978,1732,80,91,61,14,2019,1722,63,63,56,66,42,7
25.237961,1980,1731,81,91,61,16,2027,1724,64,60,74,63,33,9
25.248058,1983,1732,82,91,59,19,2036,1720,66,66,70,64,40,10
25.257689,1980,1732,83,90,60,15,2044,1718,67,67,73,71,34,14
25.266968,1971,1732,83,91,59,6,2054,1720,66,63,73,72,43,17
25.276630,1979,1736,80,92,57,14,2046,1728,62,60,75,69,42,10
25.286049,1982,1732,84,92,57,17,2055,1731,63,63,72,64,44,18
25.295328,1983,1734,82,92,58,17,2059,1721,71,76,68,67,43,13
25.304920,1978,1733,83,91,58,13,2051,1718,72,67,66,79,37,12
25.314905,1982,1732,85,87,61,17,2043,1726,70,61,75,66,34,11
25.324053,1980,1732,84,86,64,14,2043,1726,72,67,66,62,38,12
25.333811,1981,1729,86,85,66,15,2041,1725,69,71,76,52,36,12
25.343319,1981,1729,88,80,69,15,2031,1722,68,64,65,57,41,14
25.353090,1982,1730,88,78,71,15,2035,1721,68,73,69,61,35,8
25.363644,1981,1730,87,78,72,14,2035,1716,78,73,59,70,34,5
25.373331,1987,1731,86,83,67,20,2037,1713,74,72,73,60,37,8
25.383478,1980,1730,86,83,67,14,2035,1715,75,72,59,60,49,5
25.393148,1988,1731,84,84,66,23,2048,1727,62,85,67,59,43,5
25.402800,1987,1732,84,83,66,22,2050,1725,68,83,56,70,38,10
25.411840,1980,1730,84,85,66,15,2057,1717,76,76,70,63,46,9
25.421196,1989,1731,83,86,65,24,2050,1726,69,66,74,65,39,11
25.430298,1980,1732,84,84,66,14,2054,1728,73,74,74,65,31,9
25.439671,1988,1732,83,84,67,22,2049,1722,80,80,70,57,36,4
25.448856,1986,1729,84,84,69,20,2059,1716,82,75,72,64,41,9
25.458107,1983,1730,84,84,65,20,2062,1722,69,95,73,53,36,14
25.466961,1980,1730,80,88,65,17,2060,1715,72,82,65,78,41,7
25.476032,1976,1731,82,86,63,14,2058,1721,79,77,74,56,39,12
25.485500,1980,1731,83,84,64,18,2057,1726,73,71,85,60,32,10
25.494038,1976,1733,79,86,63,15,2070,1731,59,72,75,71,51,11
25.502607,1978,1736,79,83,62,18,2066,1717,77,75,86,62,38,11
25.511383,1975,1734,79,84,63,15,2068,1716,73,73,89,70,35,12
25.520460,1976,1733,79,84,65,15,2064,1722,71,61,79,66,53,12
25.529631,1981,1733,79,81,69,19,2062,1724,88,62,65,71,44,8
25.538494,1976,1734,77,84,67,14,2057,1718,80,56,82,72,38,11
25.548029,1986,1735,76,86,65,24,2043,1727,70,75,77,60,30,4
25.558151,1977,1733,75,87,67,15,2043,1718,72,68,64,83,27,11
25.567265,1977,1731,76,87,68,15,2039,1722,74,71,64,67,35,6
25.576761,1978,1731,75,88,68,16,2034,1714,70,71,73,65,32,9
25.586374,1983,1731,75,87,69,21,2035,1717,68,76,69,63,35,7
25.595282,1973,1730,76,87,67,13,2046,1714,74,80,74,57,40,7
25.604580,1974,1729,76,85,70,14,2044,1715,68,70,67,76,39,9
25.613825,1979,1729,75,84,71,20,2057,1720,73,63,84,68,36,13
25.623138,1976,1729,75,84,72,16,2053,1718,71,73,72,72,39,8
25.632744,1976,1731,75,83,72,15,2042,1717,78,74,67,58,39,9
25.643269,1975,1732,76,82,71,14,2049,1714,73,66,73,61,46,16
25.652592,1979,1730,77,80,74,18,2051,1720,76,70,64,73,39,9
25.662189,1973,1730,77,79,74,13,2044,1721,75,65,76,59,37,11
25.671856,1977,1730,77,77,76,17,2036,1724,66,77,61,53,46,9
25.681498,1975,1733,76,77,75,14,2031,1717,59,82,62,59,40,12
25.691586,1975,1732,77,75,77,14,2040,1710,65,71,71,64,45,14
25.701372,1975,1731,76,79,75,14,2031,1710,58,80,57,69,42,15
25.711287,1982,1731,77,77,77,20,2023,1697,85,79,56,66,32,8
25.721674,1973,1729,78,79,75,12,2012,1712,66,65,75,60,31,3
25.732374,1976,1730,78,78,76,14,2013,1703,74,66,60,68,35,7
25.743109,1982,1730,79,77,79,17,2018,1701,80,65,63,70,30,9
25.752974,1982,1729,81,76,79,17,2033,1720,68,62,60,73,42,8
25.762604,1979,1728,82,72,83,14,2030,1722,71,68,57,63,35,14
25.773094,1982,1729,80,76,80,17,2030,1715,66,75,60,74,32,8
25.783636,1988,1729,80,76,80,23,2033,1719,65,77,64,61,37,10
25.793331,1984,1729,81,76,79,19,2037,1717,69,74,62,69,40,6
25.802422,1988,1729,83,75,78,23,2032,1723,62,75,75,63,28,6
25.812630,1984,1729,82,77,78,18,2028,1713,74,83,55,64,31,8
25.822292,1976,1731,82,77,76,10,2028,1709,70,71,64,61,45,8
25.832827,1977,1733,79,77,73,15,2027,1715,62,86,60,65,32,7
25.842682,1983,1733,77,82,71,20,2026,1710,77,75,66,56,35,7
25.852367,1971,1732,78,82,70,9,2029,1703,80,70,69,58,41,8
25.861757,1980,1731,79,82,70,18,2035,1714,77,60,79,63,32,10
25.870852,1980,1730,80,81,70,19,2038,1706,82,66,72,66,36,10
25.879612,1974,1731,79,81,68,15,2041,1703,72,70,82,64,41,9
25.889029,1978,1731,80,81,67,19,2046,1715,72,67,61,81,38,12
25.898628,1973,1729,78,85,66,15,2030,1720,64,74,63,69,28,12
25.908262,1976,1729,80,83,66,18,2032,1712,69,71,80,58,33,9
25.918585,1974,1729,79,81,68,17,2029,1719,61,74,66,61,39,9
25.928326,1969,1726,80,82,69,12,2033,1715,64,74,63,74,32,11
25.938480,1976,1727,79,83,67,20,2032,1711,68,66,69,71,38,9
25.948545,1972,1727,78,84,66,17,2028,1707,75,71,67,60,42,6
25.957975,1972,1727,77,84,66,18,2029,1705,89,66,58,58,39,14
25.967190,1978,1726,77,85,65,25,2024,1708,67,60,77,61,44,7
25.977800,1973,1725,75,90,61,22,2014,1713,63,72,67,62,32,5
25.988064,1966,1725,75,89,61,16,2008,1713,56,71,69,57,32,10
25.998343,1971,1725,76,89,60,21,2014,1713,69,72,63,56,33,8
26.008610,1972,1725,79,86,62,20,2022,1704,66,73,64,69,41,5
26.018326,1967,1725,76,89,64,13,2021,1708,77,68,78,47,37,6
26.028406,1969,1723,77,89,64,16,2022,1708,62,62,84,49,49,8
26.038727,1967,1723,77,91,61,15,2017,1709,64,61,65,69,37,12
26.048752,1966,1721,78,92,62,13,2013,1711,54,76,69,64,31,8
26.059013,1964,1719,77,92,65,11,2018,1716,63,67,60,57,43,12
26.069578,1968,1719,75,93,66,15,2019,1723,64,72,57,62,32,9
26.080080,1960,1720,73,94,65,8,2013,1711,66,77,61,60,33,5
26.090834,1964,1717,77,93,65,12,2009,1703,74,79,52,54,43,4
26.101654,1963,1717,77,92,65,12,2018,1714,73,71,50,61,34,15
26.111988,1972,1716,77,91,66,22,2021,1715,60,73,63,66,35,9
26.122515,1973,1716,77,89,68,23,2018,1711,71,66,59,59,45,7
26.133162,1967,1720,74,87,69,17,2021,1713,67,62,67,68,33,11
26.143173,1970,1719,75,84,74,18,2028,1708,66,79,59,54,45,17
26.152754,1973,1718,77,82,76,20,2014,1703,68,62,74,61,37,9
26.162624,1969,1717,80,80,73,19,2009,1705,76,55,71,52,43,7
26.172503,1954,1716,81,82,70,5,2008,1699,67,76,67,51,38,10
26.182760,1957,1714,83,84,65,11,2007,1707,73,67,66,53,35,6
26.193174,1968,1713,85,83,65,22,2001,1714,70,58,66,56,30,7
26.204058,1962,1712,87,79,68,16,1999,1704,72,63,68,52,33,7
26.214067,1959,1713,87,81,65,13,1997,1698,73,55,65,63,30,13
26.225367,1959,1712,87,84,63,13,1992,1713,61,70,53,55,33,7
26.236090,1960,1714,88,84,58,16,1990,1700,75,63,67,45,33,7
26.246981,1956,1715,89,82,58,12,1986,1704,67,60,63,61,21,10
26.257753,1963,1715,89,82,58,19,1991,1708,63,68,58,52,30,12
26.268284,1966,1717,89,83,57,20,1995,1715,68,57,65,54,29,7
26.278257,1963,1719,88,82,56,18,1991,1712,70,65,57,43,33,11
26.288776,1957,1718,90,80,57,12,1992,1707,73,66,56,50,28,12
26.299160,1955,1718,91,79,54,13,1985,1701,54,80,54,57,26,13
26.309221,1957,1718,90,82,52,15,1978,1688,64,76,57,53,34,6
26.320967,1950,1719,87,84,52,8,1985,1687,75,68,56,60,31,8
26.331732,1952,1718,85,86,52,11,1990,1689,79,60,60,55,33,14
26.342283,1959,1719,85,86,51,18,1983,1690,71,70,47,65,29,11
26.353611,1949,1718,85,86,52,8,1976,1701,65,55,65,55,28,7
26.364830,1954,1716,86,84,55,13,1972,1693,62,68,64,52,26,7
26.375177,1950,1717,86,82,56,9,1977,1697,63,68,63,53,27,6
26.386156,1958,1716,88,79,58,17,1976,1697,75,55,60,53,27,9
26.396681,1954,1712,92,77,59,14,1980,1691,62,60,75,56,30,6
26.407125,1953,1710,92,79,59,13,1989,1687,67,74,60,48,41,12
26.416599,1950,1708,93,82,56,11,1987,1692,67,67,58,63,35,5
26.426842,1952,1710,95,77,59,11,1996,1688,60,78,71,53,32,14
26.436556,1957,1711,92,78,59,17,1999,1684,75,70,65,56,34,15
26.446177,1955,1711,93,77,58,16,2005,1691,65,73,57,64,44,11
26.456331,1950,1711,94,75,59,11,2009,1702,60,75,66,56,41,9
26.466619,1949,1710,96,73,59,11,2007,1691,71,78,72,64,24,7
26.476013,1950,1709,96,75,58,12,2014,1689,81,62,76,66,34,6
26.485811,1952,1707,97,75,59,14,2011,1688,76,61,65,84,29,8
26.495716,1960,1707,98,73,60,22,2010,1693,68,69,81,47,43,9
26.505554,1953,1706,98,75,59,15,2002,1692,61,76,64,60,40,9
26.515680,1952,1705,100,72,62,13,2003,1700,64,65,69,61,36,8
26.525307,1955,1703,102,74,61,15,2005,1695,73,65,75,55,33,9
26.535208,1953,1702,103,75,60,13,2004,1689,69,64,70,57,49,6
26.544643,1954,1703,102,77,57,15,2009,1704,64,58,82,55,39,7
26.555204,1950,1704,99,78,59,10,2007,1697,65,77,53,68,38,9
26.565016,1956,1706,98,78,58,16,2006,1707,64,65,63,63,35,9
26.574408,1956,1705,98,79,58,16,2010,1701,63,68,69,70,36,3
26.584581,1959,1705,99,79,56,20,2016,1690,80,61,72,67,34,12
26.594328,1959,1705,98,80,56,20,2011,1693,73,74,76,64,25,6
26.604059,1958,1705,95,81,59,18,2018,1694,70,63,88,66,29,8
26.613300,1949,1703,96,80,59,11,2016,1697,58,75,70,71,34,11
26.623522,1958,1705,94,80,60,19,2006,1703,68,69,49,68,41,8
26.633234,1958,1704,96,77,63,18,2007,1691,78,61,73,50,47,7
26.642723,1960,1704,96,79,58,23,2013,1693,69,75,63,63,38,12
26.652203,1947,1705,97,79,56,10,2019,1696,66,82,67,69,31,8
26.661728,1963,1704,98,80,56,25,2014,1685,74,81,63,62,44,5
26.671179,1952,1703,99,79,56,15,2007,1689,63,73,87,51,34,10
26.681141,1948,1703,99,78,57,11,2004,1694,61,79,74,63,23,10
26.690893,1958,1705,97,80,55,21,2001,1676,72,87,68,57,39,2
26.700399,1951,1706,96,80,55,14,2003,1673,82,77,62,59,37,13
26.710684,1954,1703,95,81,59,16,2005,1687,76,72,72,63,29,6
26.720428,1952,1703,94,81,59,15,2017,1692,68,71,67,72,35,12
26.730215,1950,1702,93,83,58,14,2011,1692,75,66,71,61,42,4
26.739513,1952,1701,94,83,58,16,2012,1681,74,60,84,66,41,6
26.749208,1951,1701,96,82,58,14,2016,1677,77,67,85,66,35,9
26.758350,1959,1702,95,82,57,23,2023,1688,65,77,82,62,38,11
26.766899,1948,1702,95,82,57,12,2029,1679,73,83,71,57,58,8
26.775961,1950,1702,97,77,61,13,2023,1688,88,73,62,71,34,7
26.785122,1960,1703,94,79,61,23,2024,1690,71,79,79,62,35,8
26.794344,1951,1702,96,76,62,15,2026,1683,75,77,83,69,26,13
26.802999,1953,1698,97,75,67,16,2024,1692,71,68,78,64,38,13
26.812441,1949,1698,95,79,66,11,2031,1682,74,73,89,61,38,14
26.821722,1955,1697,97,76,68,17,2023,1695,68,72,72,63,41,12
26.831293,1956,1695,99,75,69,18,2019,1698,67,71,60,66,45,12
26.840105,1958,1694,102,72,69,21,2023,1691,76,59,66,60,48,23
26.848930,1956,1696,99,74,68,19,2017,1701,74,69,68,52,41,12
26.858482,1948,1692,101,76,68,11,2011,1693,87,69,67,53,38,4
26.868076,1954,1689,104,75,68,18,2009,1688,73,75,64,72,29,8
26.877279,1947,1691,103,75,68,10,2008,1677,82,77,60,66,38,8
26.886246,1953,1690,104,75,68,16,2007,1680,81,74,74,58,34,6
26.895874,1952,1689,105,76,67,15,2003,1687,76,80,70,59,25,6
26.905859,1951,1688,105,75,69,14,2005,1693,63,77,69,63,31,9
26.914667,1953,1688,104,78,63,20,2008,1689,77,56,76,53,43,14
26.924795,1952,1689,101,79,64,19,2005,1685,78,65,70,65,37,5
26.934290,1949,1689,101,77,66,16,2021,1690,79,64,67,75,30,16
26.944035,1955,1690,97,80,66,22,2011,1678,75,68,74,70,35,11
26.953369,1947,1688,101,74,68,16,2009,1679,70,83,68,70,34,5
26.963314,1951,1688,101,75,68,19,2007,1687,66,89,74,52,32,7
26.973022,1947,1688,101,75,68,15,2007,1683,85,66,79,53,32,9
26.982529,1951,1688,100,76,67,20,1997,1679,69,63,79,51,49,7
26.992165,1949,1689,99,77,67,17,2001,1680,74,71,72,59,39,6
27.002237,1956,1690,95,77,73,21,2009,1684,82,69,69,61,35,9
27.011410,1949,1690,94,78,71,16,2015,1680,82,75,68,63,37,10
27.020308,1950,1689,93,79,72,17,2014,1688,74,71,76,64,30,11
27.029535,1951,1689,91,82,73,16,2015,1683,76,76,66,61,46,7
27.038765,1952,1689,90,84,73,16,2013,1683,75,58,79,70,39,9
27.048040,1954,1690,89,85,74,16,2016,1682,72,79,71,64,38,10
27.057739,1951,1690,89,87,72,13,2023,1692,66,69,84,65,42,5
27.066526,1962,1689,87,90,72,24,2022,1690,79,69,78,64,33,9
27.075651,1953,1690,85,92,71,15,2018,1694,67,77,70,56,42,12
27.085213,1956,1692,88,89,68,19,2016,1678,86,63,76,77,30,6
27.094006,1958,1690,90,87,70,21,2014,1689,76,75,72,59,36,7
27.103172,1950,1690,92,86,70,12,2015,1692,75,71,69,57,41,10
27.112871,1957,1689,92,86,71,19,2008,1687,77,70,67,61,38,8
27.122568,1950,1689,92,87,67,15,2014,1691,69,82,63,57,36,16
27.132286,1948,1691,91,88,66,12,2009,1680,80,71,82,55,33,8
27.141859,1949,1691,94,88,63,13,2008,1686,74,74,79,57,26,12
27.152187,1952,1690,95,86,65,16,2006,1687,65,72,83,52,38,9
27.161936,1955,1689,98,83,67,18,2004,1688,78,63,82,50,37,6
27.170971,1953,1689,96,87,65,16,2011,1681,77,75,71,53,50,4
27.180393,1956,1689,96,87,65,19,2020,1686,66,75,83,51,49,10
27.189394,1953,1691,93,90,61,18,2017,1690,71,81,75,56,36,8
27.198997,1953,1691,93,90,62,17,2012,1685,76,73,75,60,37,6
27.208441,1950,1693,93,90,60,14,2021,1692,81,54,74,70,40,10
27.217735,1949,1694,93,89,60,13,2009,1677,80,82,75,58,31,6
27.226852,1951,1695,91,89,61,15,2013,1686,73,70,76,63,38,7
27.235922,1949,1695,89,92,60,13,2017,1693,75,52,68,82,40,7
27.245560,1954,1694,90,88,62,20,2018,1690,67,86,62,61,40,12
27.254549,1952,1694,90,88,62,18,2013,1670,81,62,83,74,32,11
27.263527,1955,1693,92,85,64,21,2017,1676,82,67,79,74,31,8
27.273155,1957,1689,95,87,61,25,2024,1694,66,67,81,64,41,11
27.281733,1949,1687,98,85,62,17,2026,1681,73,80,71,72,39,10
27.290819,1944,1687,96,86,63,12,2030,1676,77,72,77,71,46,11
27.298708,1956,1687,96,87,62,24,2026,1675,74,74,76,68,43,16
27.307501,1943,1687,94,89,62,11,2014,1679,73,77,69,68,40,8
27.316504,1944,1687,96,87,62,12,2014,1674,78,74,71,71,38,8
27.325750,1947,1687,96,87,61,16,2021,1679,78,61,91,70,29,13
27.334660,1954,1686,99,84,62,23,2026,1672,89,72,78,53,48,14
27.343626,1943,1687,98,84,62,12,2005,1677,73,83,71,66,26,9
27.352531,1954,1687,99,83,62,23,2006,1677,75,73,77,61,37,6
27.361742,1942,1687,99,80,65,11,2008,1690,65,84,69,53,37,10
27.371271,1945,1687,96,83,63,16,2012,1679,78,77,74,59,36,9
27.381548,1941,1688,97,81,64,11,2009,1685,81,65,70,68,31,9
27.390820,1942,1687,98,82,63,12,2011,1682,73,69,70,72,36,9
27.400166,1947,1688,94,84,62,19,2014,1682,86,57,74,62,38,15
27.409454,1938,1688,94,83,63,10,2011,1675,74,71,67,70,43,11
27.419147,1939,1689,94,84,61,11,2003,1687,67,83,62,60,37,7
27.428509,1939,1689,96,84,60,10,1995,1687,61,71,75,64,24,13
27.438566,1945,1689,97,81,62,16,1995,1670,69,74,79,59,35,9
27.447798,1949,1688,97,83,62,19,1996,1667,80,75,60,63,44,7
27.457905,1953,1687,97,81,65,23,1992,1676,82,76,64,54,33,7
27.467953,1952,1688,94,86,62,22,1991,1673,74,74,74,52,33,11
27.478050,1940,1687,95,85,61,12,1994,1685,79,69,70,55,28,8
27.488493,1941,1687,93,88,61,12,1992,1683,76,67,69,62,29,6
27.498701,1943,1687,89,92,60,15,1995,1675,84,53,70,66,38,9
27.508764,1946,1686,90,92,61,17,2001,1686,73,66,62,62,40,12
27.518526,1950,1686,90,95,59,20,1992,1689,74,74,56,65,24,10
27.528721,1940,1685,92,94,57,12,1995,1679,76,66,78,53,30,13
27.538826,1944,1686,91,95,57,15,1998,1679,76,69,71,57,34,12
27.549362,1937,1685,94,93,57,8,1985,1689,73,62,72,51,29,9
27.559341,1954,1686,93,92,56,27,1988,1688,72,62,75,48,36,7
27.569414,1942,1686,92,93,56,15,1980,1683,66,71,57,67,30,6
27.580206,1939,1686,95,90,57,11,1980,1686,64,63,66,69,24,8
27.590788,1940,1687,93,90,56,14,1977,1685,66,67,58,65,26,10
27.600994,1940,1687,95,86,58,14,1977,1675,71,68,73,57,29,4
27.611391,1940,1688,94,87,56,15,1979,1676,72,69,65,62,28,7
27.622107,1946,1687,96,85,55,23,1981,1673,81,68,66,57,30,6
27.632128,1946,1686,97,84,58,21,1982,1681,70,69,71,57,27,7
27.642553,1938,1689,97,81,57,14,1980,1681,71,66,67,64,24,7
27.653259,1938,1688,96,82,57,15,1977,1667,72,82,52,65,36,3
27.663868,1944,1689,97,82,57,19,1967,1679,65,63,69,59,22,10
27.674786,1934,1689,97,81,59,8,1968,1664,78,72,63,58,26,7
27.684950,1941,1687,96,83,60,15,1968,1660,74,71,68,51,32,12
27.696005,1943,1685,94,84,63,17,1973,1668,71,65,77,56,32,4
27.706427,1934,1684,93,87,62,8,1963,1670,65,70,64,55,31,8
27.717144,1943,1685,93,84,64,17,1962,1672,71,70,56,58,27,8
27.727949,1940,1683,93,86,64,14,1969,1687,54,72,65,59,22,10
27.738400,1941,1682,92,88,65,14,1975,1677,66,73,71,53,28,7
27.748587,1934,1680,94,86,65,9,1984,1674,73,62,77,46,45,7
27.758430,1943,1680,93,88,64,18,1987,1676,71,69,69,59,39,4
27.768003,1942,1680,94,85,67,16,1989,1673,63,75,80,54,35,9
27.777447,1941,1679,93,86,68,15,2001,1680,60,74,87,57,29,14
27.786669,1940,1680,94,84,66,16,1999,1669,73,77,76,62,28,14
27.796993,1934,1683,90,88,62,11,1993,1683,68,63,69,68,36,6
27.806591,1935,1683,91,87,61,13,1989,1674,76,58,64,73,36,8
27.816896,1940,1683,88,93,57,19,1983,1677,72,57,64,71,38,4
27.826962,1930,1684,87,96,53,10,1979,1681,62,60,79,71,18,8
27.837734,1939,1684,88,94,54,19,1968,1675,67,71,68,51,31,5
27.847696,1938,1683,87,96,54,18,1977,1668,75,72,74,41,39,8
27.858284,1930,1680,91,92,58,9,1978,1676,67,56,67,62,37,13
27.868387,1934,1681,92,92,56,13,1976,1692,64,63,75,47,23,12
27.879107,1934,1682,90,94,55,13,1970,1673,71,64,58,62,34,8
27.888895,1934,1678,91,93,59,13,1977,1674,76,63,71,53,34,6
27.900019,1934,1678,92,92,58,14,1972,1673,67,74,68,58,28,4
27.910315,1935,1678,92,95,52,18,1973,1670,65,66,58,66,33,15
27.920996,1935,1678,93,94,51,19,1965,1679,68,57,69,50,33,9
27.931131,1936,1677,95,92,51,21,1975,1670,66,71,54,64,37,13
27.941154,1934,1676,95,93,48,22,1973,1674,58,73,60,62,35,11
27.951422,1935,1675,96,92,50,22,1977,1674,68,61,63,70,36,5
27.960974,1928,1674,96,92,51,15,1980,1668,67,61,75,66,29,14
27.971558,1924,1676,93,90,53,12,1972,1668,62,70,60,75,27,10
27.981968,1928,1676,95,87,55,15,1968,1669,72,66,67,66,25,3
27.992374,1927,1675,97,86,53,16,1974,1656,70,79,62,58,41,8
28.002241,1931,1674,98,85,54,20,1976,1677,66,63,59,68,35,8
28.012394,1922,1674,100,81,56,11,1972,1682,50,68,74,55,37,6
28.021662,1921,1672,100,81,57,11,1978,1668,60,67,68,72,34,9
28.032272,1930,1674,103,79,56,18,1973,1667,64,74,69,66,27,6
28.042112,1923,1678,99,78,56,12,1977,1664,58,95,54,53,44,9
28.052027,1928,1676,100,77,57,18,1982,1686,51,73,66,56,43,7
28.062937,1925,1675,100,78,56,16,1975,1670,65,66,72,52,43,7
28.072851,1922,1676,98,77,58,13,1974,1665,66,74,68,59,30,12
28.082582,1935,1676,99,77,58,25,1977,1667,58,75,71,58,35,13
28.092569,1931,1673,97,78,62,21,1979,1667,61,81,64,53,39,14
28.102915,1926,1676,95,78,61,16,1975,1657,65,79,73,45,39,17
28.112991,1919,1676,95,76,61,11,1972,1654,79,78,59,55,39,8
28.123114,1926,1675,95,76,60,20,1969,1662,64,66,72,57,37,11
28.133772,1921,1673,96,79,55,18,1964,1655,76,74,58,62,33,6
28.143232,1923,1671,98,76,58,20,1965,1665,60,74,67,54,35,10
28.153631,1915,1671,98,74,59,13,1963,1661,73,63,71,53,36,6
28.164093,1919,1670,99,73,60,17,1965,1660,76,57,70,55,35,12
28.174028,1923,1670,98,72,60,23,1959,1659,66,57,69,66,40,2
28.184134,1915,1671,97,77,56,14,1959,1653,70,56,69,62,42,7
28.194481,1919,1669,99,75,58,18,1956,1658,58,78,60,57,32,13
28.204365,1922,1669,100,74,58,21,1957,1657,66,59,73,57,37,8
28.214247,1920,1670,97,74,61,18,1967,1650,66,73,67,69,30,12
28.224266,1917,1673,95,72,62,15,1956,1648,66,63,74,57,40,8
28.234755,1917,1673,95,72,63,14,1957,1657,66,70,69,43,41,11
28.245556,1919,1675,93,72,64,15,1956,1664,64,65,72,49,35,7
28.256388,1924,1672,95,73,64,20,1951,1660,69,61,65,59,34,3
28.266783,1921,1673,91,76,66,15,1959,1658,70,60,70,62,28,11
28.277487,1922,1674,89,77,66,16,1962,1668,53,81,69,52,25,14
28.288219,1918,1673,92,76,65,12,1954,1664,57,70,63,54,36,10
28.298817,1924,1673,95,76,65,15,1949,1652,75,64,52,62,37,7
28.309566,1921,1671,96,79,62,13,1956,1656,66,70,60,58,33,13
28.320047,1920,1672,93,83,60,12,1958,1659,71,62,64,74,23,5
28.330507,1925,1672,90,88,58,17,1963,1654,74,64,64,64,39,4
28.340881,1927,1671,93,87,57,19,1978,1669,67,66,67,61,36,12
28.351147,1924,1671,91,89,59,14,1969,1659,61,78,77,53,30,11
28.361534,1924,1670,92,85,63,14,1954,1665,71,59,64,61,30,4
28.372770,1921,1669,91,89,60,12,1951,1662,60,70,66,58,27,8
28.383270,1920,1666,97,86,57,14,1952,1658,68,66,67,63,24,6
28.394173,1924,1665,97,88,59,15,1942,1649,75,69,59,52,34,4
28.404692,1915,1668,95,89,56,7,1944,1645,67,62,71,55,37,7
28.415720,1920,1668,98,84,58,12,1950,1663,65,58,58,54,39,13
28.426407,1922,1669,97,84,58,14,1948,1661,60,66,66,59,28,8
28.437225,1926,1666,95,88,60,17,1946,1652,67,69,68,46,40,4
28.448820,1919,1667,96,87,59,10,1948,1663,52,70,59,63,35,6
28.459145,1924,1666,96,87,60,15,1956,1658,57,82,53,57,38,11
28.469946,1925,1666,94,90,59,16,1948,1657,65,62,63,59,36,6
28.481319,1920,1666,96,84,63,11,1946,1649,67,63,73,49,36,9
28.492210,1925,1667,95,82,64,17,1942,1659,64,67,60,51,37,4
28.503197,1919,1667,94,81,65,12,1943,1661,55,68,61,55,36,7
28.514605,1918,1665,94,84,66,9,1949,1655,70,63,64,55,32,10
28.525217,1924,1664,98,77,70,15,1955,1658,64,69,69,54,35,6
28.535698,1923,1664,98,77,68,16,1955,1653,70,77,66,46,35,8
28.546610,1915,1666,100,77,62,10,1957,1652,61,77,66,62,32,7
28.557806,1923,1669,98,74,64,18,1956,1655,76,62,56,69,33,5
28.568110,1921,1671,96,75,63,16,1957,1657,62,68,69,58,33,10
28.578575,1921,1669,96,77,63,16,1963,1662,68,67,62,68,32,4
28.588482,1921,1671,94,78,63,15,1969,1657,76,67,61,68,31,9
28.598726,1913,1670,95,79,61,8,1966,1659,62,77,58,68,33,9
28.608755,1921,1669,94,80,62,16,1966,1655,77,56,70,53,41,14
28.618748,1925,1669,92,81,62,21,1964,1667,70,69,49,69,32,8
28.629101,1921,1669,93,80,62,17,1966,1668,67,63,67,60,29,12
28.639357,1918,1668,92,80,62,16,1961,1663,68,57,67,63,33,10
28.649626,1914,1669,92,80,60,13,1959,1662,66,78,62,48,36,7
28.659801,1909,1670,89,78,63,9,1955,1656,72,56,66,68,29,8
28.669739,1920,1670,89,80,61,20,1964,1652,72,65,57,64,45,9
28.680029,1916,1671,87,81,62,15,1961,1659,65,72,64,63,25,13
28.690094,1912,1674,86,83,58,11,1959,1659,68,72,68,54,33,5
28.701029,1914,1673,89,79,59,14,1958,1665,66,74,59,53,32,9
28.711637,1918,1674,87,82,57,18,1963,1661,70,66,61,54,42,9
28.721439,1913,1675,86,81,57,14,1965,1647,73,60,73,57,42,13
28.731964,1911,1676,86,80,56,13,1955,1650,65,67,66,63,33,11
28.742792,1911,1675,88,78,58,12,1952,1651,62,71,58,66,33,11
28.753090,1909,1676,87,78,59,9,1944,1653,67,62,62,61,31,8
28.764359,1914,1674,86,78,60,16,1937,1643,75,67,58,60,24,10
28.775471,1906,1673,86,78,59,10,1938,1645,71,65,54,53,32,18
28.786165,1907,1673,85,80,59,10,1937,1640,71,76,56,51,33,10
28.797722,1911,1673,87,78,58,15,1943,1646,66,63,70,59,30,9
28.808519,1912,1674,88,77,57,16,1963,1658,53,75,59,63,36,19
28.819082,1911,1674,89,77,55,16,1957,1661,63,66,62,66,33,6
28.829227,1914,1672,89,80,53,20,1960,1654,72,62,66,58,39,9
28.839159,1909,1668,91,80,54,16,1969,1667,63,66,72,53,36,12
28.848759,1914,1670,90,82,51,21,1968,1655,64,69,61,70,37,12
28.858923,1912,1670,88,84,51,19,1964,1657,71,68,65,65,29,9
28.868811,1906,1669,89,85,50,13,1958,1655,72,61,66,60,36,8
28.878593,1904,1669,86,88,47,14,1949,1662,49,70,72,57,31,8
28.888985,1905,1668,86,89,46,16,1956,1665,55,72,67,59,24,14
28.899122,1904,1666,90,85,50,13,1950,1659,54,78,66,56,26,11
28.909321,1903,1664,90,85,52,12,1945,1656,67,68,65,55,30,4
28.919518,1907,1664,91,83,54,15,1955,1652,72,68,68,50,38,7
28.929224,1906,1664,91,84,53,14,1946,1646,63,68,66,63,33,7
28.939674,1899,1661,92,84,55,7,1946,1660,63,63,77,47,28,8
28.950714,1904,1659,93,83,56,13,1950,1659,63,72,63,60,24,9
28.960764,1904,1658,93,83,56,14,1945,1654,62,65,60,64,35,5
28.970642,1901,1658,95,81,55,12,1951,1658,57,65,59,67,37,8
28.981075,1897,1658,96,79,55,9,1952,1654,60,63,68,58,41,8
28.990398,1904,1658,100,75,59,12,1965,1646,80,66,59,62,35,17
29.000446,1906,1658,99,77,56,16,1956,1649,67,79,65,43,40,13
29.010584,1910,1659,99,76,56,20,1958,1662,59,68,63,56,38,12
29.020281,1905,1659,98,76,57,15,1973,1653,63,71,69,59,44,14
29.030005,1904,1658,100,75,57,14,1965,1648,55,65,83,72,32,10
29.039856,1908,1657,101,73,59,18,1953,1648,68,75,55,64,38,5
29.050356,1904,1656,99,76,56,17,1954,1652,66,73,68,46,35,14
29.061104,1907,1656,99,77,55,20,1949,1651,65,73,52,62,35,11
29.071022,1903,1655,98,76,59,15,1943,1653,72,63,69,47,27,12
29.081987,1897,1654,99,77,58,9,1946,1657,51,74,67,56,31,10
29.092184,1899,1654,97,80,56,12,1948,1651,63,59,72,57,30,16
29.102695,1897,1653,99,78,57,10,1934,1647,63,67,67,49,33,8
29.114311,1903,1652,98,80,58,15,1930,1640,69,66,66,56,29,4
29.125471,1904,1652,96,84,57,15,1933,1646,65,71,63,48,30,10
29.135563,1901,1652,93,85,58,13,1937,1647,65,71,52,63,31,8
29.146511,1902,1654,91,87,56,14,1943,1646,77,67,55,49,42,7
29.157259,1902,1654,95,83,56,14,1942,1651,60,59,63,66,36,7
29.167875,1908,1654,94,85,54,21,1940,1645,63,68,59,69,30,6
29.178246,1905,1655,94,81,57,18,1939,1646,61,73,62,52,40,5
29.187937,1910,1657,100,73,57,23,1938,1653,65,67,54,66,26,7
29.198595,1894,1657,101,73,56,7,1935,1646,72,67,65,57,22,6
29.209328,1905,1659,99,72,57,18,1932,1650,69,61,59,63,23,7
29.219610,1900,1659,99,70,58,14,1933,1637,72,60,63,58,29,14
29.230423,1901,1661,100,69,55,16,1933,1640,76,58,68,52,32,7
29.241020,1894,1661,98,71,54,10,1932,1646,73,68,59,52,22,12
29.251661,1899,1661,98,71,53,16,1931,1647,63,68,59,57,32,5
29.262470,1900,1662,96,72,53,17,1937,1641,76,60,65,55,26,14
29.272846,1895,1663,96,73,52,11,1932,1642,66,63,73,52,28,8
29.284153,1892,1663,96,75,51,7,1931,1635,85,62,60,48,35,6
29.295740,1898,1661,96,75,53,13,1929,1658,54,64,69,53,23,8
29.307312,1902,1659,98,76,52,17,1932,1652,65,60,75,49,25,6
29.318062,1902,1659,98,75,52,18,1934,1648,74,62,55,58,30,7
29.328394,1896,1659,97,73,54,13,1945,1645,71,68,56,68,28,9
29.338350,1901,1657,97,73,56,18,1954,1643,78,67,74,56,24,12
29.348324,1906,1656,93,77,57,23,1954,1652,61,76,62,61,35,7
29.358435,1896,1655,93,77,57,14,1950,1657,63,67,69,53,34,7
29.369755,1898,1653,92,79,57,17,1947,1642,75,65,73,50,35,7
29.379694,1902,1652,92,80,55,23,1945,1654,73,61,66,58,25,8
29.389448,1903,1651,94,76,58,24,1951,1651,69,68,66,57,28,12
29.399485,1894,1652,94,76,57,15,1952,1638,73,60,63,69,40,9
29.409370,1899,1652,90,80,56,21,1954,1644,67,58,71,67,39,8
29.419638,1888,1651,90,79,58,10,1949,1641,70,66,61,72,27,12
29.430252,1893,1650,93,77,58,15,1950,1636,64,66,66,67,37,14
29.439848,1900,1650,95,75,58,22,1947,1653,65,64,63,57,38,7
29.450464,1890,1648,98,75,55,14,1948,1649,67,55,74,61,32,10
29.460672,1882,1649,97,75,55,6,1941,1626,78,67,57,54,50,9
29.470633,1890,1648,98,75,56,13,1946,1642,78,58,66,59,33,10
29.480837,1888,1647,98,77,55,11,1938,1640,63,60,79,46,39,11
29.491032,1887,1646,100,76,55,10,1935,1639,67,69,69,45,36,10
29.501310,1891,1647,99,75,56,14,1939,1647,51,74,76,54,27,10
29.511917,1894,1648,99,69,61,17,1939,1645,55,81,73,49,30,6
29.522192,1888,1648,98,69,62,11,1937,1635,59,77,70,51,30,15
29.532814,1888,1649,95,72,60,12,1926,1627,71,66,66,60,34,2
29.544136,1894,1648,96,70,64,16,1919,1625,70,71,64,51,28,10
29.555634,1897,1649,89,73,67,19,1914,1620,67,69,71,52,28,7
29.566713,1894,1649,89,72,68,16,1910,1634,65,58,63,54,26,10
29.577860,1892,1647,89,73,66,17,1917,1635,60,75,52,56,31,8
29.588989,1889,1647,86,77,64,15,1921,1643,62,65,53,56,35,7
29.599874,1890,1648,84,79,62,17,1919,1629,64,69,64,48,37,8
29.610300,1888,1645,84,81,63,15,1924,1621,78,65,65,45,45,5
29.621279,1884,1645,85,78,65,11,1925,1626,71,68,67,50,33,10
29.631506,1892,1645,86,78,64,19,1924,1620,61,75,64,57,35,12
29.642443,1889,1646,85,81,61,16,1925,1623,69,82,57,59,26,9
29.652975,1886,1646,84,80,62,14,1917,1635,62,74,66,42,33,5
29.664341,1885,1645,83,82,61,14,1915,1632,63,78,53,56,29,4
29.675814,1887,1646,85,79,60,17,1908,1622,62,73,70,49,26,6
29.685802,1884,1645,85,79,62,13,1921,1637,63,65,63,56,29,8
29.696291,1885,1644,86,78,62,15,1920,1618,74,61,73,53,34,7
29.707081,1883,1643,85,82,58,15,1925,1625,63,59,75,62,29,12
29.717564,1877,1642,87,83,53,12,1918,1617,70,62,83,50,30,6
29.727821,1880,1642,88,85,49,16,1918,1623,78,71,59,49,31,7
29.737844,1881,1643,91,82,48,17,1921,1625,67,62,62,59,35,11
29.748501,1882,1642,91,84,48,17,1917,1627,66,56,73,48,34,13
29.759727,1876,1643,90,85,47,11,1906,1626,63,54,72,54,31,6
29.770819,1881,1643,91,84,46,17,1912,1616,72,68,62,55,31,8
29.782810,1876,1640,92,89,42,13,1903,1635,60,53,69,63,19,4
29.793169,1880,1639,95,87,44,15,1906,1637,56,61,69,51,26,6
29.804173,1882,1640,94,87,44,17,1902,1619,74,65,56,56,28,4
29.815187,1879,1638,97,85,45,14,1909,1638,63,58,65,53,23,9
29.826698,1881,1638,96,83,48,16,1910,1628,72,56,69,47,33,5
29.837704,1878,1641,92,89,43,13,1913,1630,66,70,55,53,31,8
29.848652,1882,1642,92,89,41,18,1914,1630,66,53,71,51,34,9
29.859671,1875,1640,94,90,41,10,1914,1629,68,68,59,47,32,11
29.870243,1884,1640,92,86,47,19,1914,1628,59,65,67,51,35,9
29.881210,1885,1640,93,83,49,20,1919,1619,72,61,75,52,29,11
29.891636,1882,1642,94,80,50,16,1924,1628,66,60,72,46,43,9
29.902117,1882,1643,94,79,50,16,1916,1623,69,77,58,56,32,1
29.912470,1874,1644,92,80,50,8,1920,1624,61,57,85,56,29,8
29.923275,1881,1645,93,77,51,15,1925,1633,57,64,56,70,34,11
29.934359,1884,1646,92,74,53,19,1914,1636,54,70,60,55,30,9
29.944572,1878,1646,89,79,52,12,1924,1635,45,82,62,58,33,9
29.954859,1881,1645,90,77,54,15,1926,1622,61,70,65,56,42,10
29.965658,1879,1645,90,77,54,13,1916,1632,61,69,61,46,40,7
29.976761,1881,1646,89,79,53,14,1912,1639,60,58,60,63,25,7
29.987215,1884,1646,88,82,51,17,1914,1625,65,76,66,52,26,4
29.997448,1888,1646,86,83,53,20,1921,1622,70,57,64,55,39,14
30.008711,1884,1644,89,81,53,17,1910,1630,64,65,58,50,35,8
30.020594,1886,1644,88,82,53,19,1907,1622,67,59,64,60,28,7
30.032000,1885,1644,87,86,51,17,1905,1628,67,70,55,50,29,6
30.042698,1885,1645,87,85,51,17,1908,1637,55,65,67,52,24,8
30.054609,1887,1644,84,88,53,18,1911,1618,69,69,58,59,21,17
30.065449,1877,1645,83,86,54,9,1911,1622,65,66,65,54,29,10
30.076136,1884,1644,84,86,54,16,1914,1612,66,60,69,57,37,13
30.087299,1885,1641,85,87,55,17,1916,1620,60,77,65,48,37,9
30.098175,1881,1643,87,86,53,12,1915,1611,78,77,55,50,32,12
30.108746,1891,1644,86,85,55,21,1920,1626,66,68,63,49,38,10
30.119659,1881,1644,86,86,54,11,1921,1632,66,67,59,57,29,11
30.129831,1887,1645,84,87,54,17,1908,1629,58,64,68,55,23,11
30.141657,1884,1645,84,85,56,14,1911,1634,60,71,58,54,27,7
30.151787,1884,1644,81,88,57,14,1910,1623,60,62,61,60,33,11
30.162893,1891,1643,81,89,58,20,1915,1635,59,69,60,45,36,11
30.174076,1881,1644,81,88,58,10,1914,1631,57,67,65,48,38,8
30.185776,1881,1642,83,87,57,12,1919,1633,57,71,55,60,35,8
30.197134,1881,1642,82,87,58,12,1928,1640,46,81,51,63,36,11
30.207382,1888,1643,81,89,54,21,1923,1634,64,72,53,54,36,10
30.218096,1883,1643,82,89,53,16,1914,1641,56,68,64,50,30,5
30.229576,1879,1644,80,93,51,11,1922,1635,66,72,57,56,25,11
30.240582,1890,1642,82,93,52,21,1921,1629,61,80,59,59,24,9
30.251543,1880,1642,82,91,54,11,1918,1626,57,74,57,56,40,8
30.262613,1885,1640,85,90,53,17,1921,1620,70,70,69,56,25,11
30.273397,1881,1641,85,87,53,15,1917,1623,68,69,57,55,36,9
30.284498,1880,1639,84,88,55,14,1914,1629,69,64,53,59,29,11
30.295338,1874,1640,84,88,54,8,1912,1632,57,81,56,54,28,4
30.305969,1890,1640,87,87,52,24,1923,1633,66,63,69,52,32,8
30.316658,1879,1642,86,89,49,13,1918,1634,64,51,63,66,34,6
30.327435,1883,1641,87,90,49,16,1924,1623,70,61,60,62,38,10
30.338541,1883,1639,84,95,49,16,1912,1624,68,58,70,50,36,6
30.349836,1881,1638,83,99,47,14,1911,1638,50,71,66,55,22,9
30.361082,1882,1637,83,97,49,16,1916,1631,62,55,75,56,29,8
30.372595,1875,1636,81,102,47,9,1923,1635,62,61,70,52,37,6
30.383511,1884,1636,81,103,46,18,1923,1635,61,63,63,60,28,13
30.393923,1880,1637,81,102,46,14,1920,1640,60,68,60,45,34,13
30.405344,1881,1637,81,101,45,17,1917,1624,70,57,63,62,35,6
30.415091,1882,1636,80,101,46,19,1926,1631,58,68,61,57,38,13
30.425339,1876,1634,82,97,50,13,1917,1630,60,68,59,60,31,9
30.436800,1877,1632,86,94,50,15,1920,1628,58,60,73,71,30,0
30.447041,1879,1633,84,91,52,19,1919,1630,65,63,70,55,27,9
30.457569,1875,1631,86,90,54,14,1925,1620,69,61,75,59,35,6
30.468172,1880,1630,87,89,55,19,1920,1618,67,69,68,56,33,9
30.478991,1876,1629,90,84,57,16,1919,1629,68,66,59,59,30,8
30.489166,1875,1630,90,82,57,16,1930,1623,67,57,71,55,41,16
30.499506,1880,1631,89,81,58,21,1933,1634,58,62,68,65,36,10
30.509464,1868,1635,86,78,59,10,1924,1629,58,60,70,66,29,12
30.520275,1871,1634,87,75,62,13,1927,1629,64,69,56,60,40,9
30.530220,1869,1634,87,76,61,11,1928,1628,56,70,71,62,31,10
30.540327,1872,1633,89,75,62,13,1919,1621,69,56,76,54,37,6
30.550558,1869,1634,89,74,62,10,1919,1622,73,67,66,56,28,7
30.560221,1880,1635,87,79,56,23,1928,1620,78,63,62,63,35,7
30.569859,1871,1637,86,78,55,15,1932,1624,72,67,69,54,36,10
30.579836,1870,1637,87,76,56,14,1929,1615,73,49,74,62,45,11
30.589796,1868,1637,84,78,57,12,1930,1629,63,65,56,65,41,11
30.599953,1866,1637,84,75,61,9,1933,1628,68,66,66,62,34,9
30.609724,1873,1640,82,76,59,16,1931,1627,78,60,58,58,43,7
30.620068,1872,1640,82,76,59,15,1929,1621,85,51,73,51,37,11
30.630249,1871,1643,80,77,57,14,1933,1633,61,59,77,62,31,10
30.641008,1870,1644,78,80,55,13,1923,1629,54,67,70,59,32,12
30.651451,1869,1643,79,79,55,13,1921,1626,63,67,69,57,31,8
30.662125,1868,1641,83,73,58,13,1911,1622,72,63,52,58,40,4
30.672609,1875,1641,83,74,57,20,1910,1611,64,69,63,61,34,8
30.683315,1871,1640,83,75,57,16,1908,1619,72,60,60,50,40,7
30.694046,1869,1640,83,77,53,16,1901,1608,71,56,66,63,27,10
30.704670,1864,1640,82,79,52,11,1897,1614,64,63,63,58,28,7
30.715553,1864,1639,86,77,52,10,1905,1610,70,49,68,62,35,11
30.726580,1865,1639,87,77,49,13,1908,1613,71,59,62,66,28,9
30.736818,1867,1637,91,73,51,15,1896,1610,70,69,52,57,33,5
30.748043,1864,1632,93,73,52,14,1900,1607,75,58,64,56,29,11
30.758013,1867,1632,93,72,53,17,1905,1619,68,63,70,48,32,5
30.768888,1864,1631,94,74,52,13,1908,1620,68,61,53,60,34,12
30.779325,1856,1632,93,72,53,6,1915,1611,74,67,59,66,30,8
30.789442,1865,1632,92,76,51,14,1915,1622,72,64,56,60,34,7
30.800110,1866,1632,91,76,54,13,1920,1618,75,69,61,61,29,7
30.810349,1870,1633,86,75,59,17,1923,1618,71,61,75,65,21,12
30.820732,1869,1633,86,76,59,15,1907,1610,71,67,64,63,24,8
30.831238,1865,1633,87,74,60,11,1914,1611,72,63,71,49,41,7
30.841253,1872,1632,90,71,61,18,1912,1625,61,70,66,54,30,6
30.851822,1867,1635,90,68,60,14,1920,1616,64,68,66,57,39,10
30.862116,1862,1632,92,69,58,11,1924,1626,46,76,60,56,51,9
30.872341,1878,1632,93,68,58,27,1921,1623,59,63,71,55,32,18
30.882769,1864,1630,96,62,65,11,1916,1618,64,60,66,64,37,7
30.892618,1868,1629,98,63,62,16,1919,1607,80,62,61,50,49,10
30.902882,1871,1629,97,63,63,19,1905,1606,71,67,58,65,29,9
30.914000,1873,1629,95,65,63,21,1900,1616,64,62,63,47,39,9
30.924625,1866,1630,94,66,62,14,1907,1612,64,68,74,49,32,8
30.936165,1863,1631,91,69,61,11,1901,1605,85,58,67,50,29,7
30.947392,1859,1629,88,73,61,8,1899,1608,65,65,58,60,32,11
30.958309,1869,1627,92,71,60,19,1903,1603,77,62,66,50,31,14
30.968752,1867,1627,92,73,59,16,1912,1614,60,62,69,59,37,11
30.979298,1868,1626,91,75,61,15,1905,1620,61,65,54,60,38,7
30.990416,1871,1627,91,74,61,18,1902,1612,65,49,65,60,40,11
31.001303,1868,1626,92,74,61,15,1902,1620,63,60,61,65,24,9
31.011641,1865,1627,88,80,55,15,1905,1610,66,65,58,56,42,8
31.022667,1862,1626,86,81,57,12,1900,1605,71,60,66,60,29,9
31.033859,1871,1629,80,86,56,20,1902,1622,64,54,71,51,33,7
31.044687,1861,1629,79,88,55,10,1910,1624,66,68,65,43,33,11
31.055759,1863,1629,78,88,56,12,1910,1619,66,57,73,66,21,8
31.066662,1867,1628,79,87,57,16,1908,1617,71,51,57,69,35,8
31.077646,1861,1627,81,85,57,11,1913,1612,67,56,70,63,39,6
31.088356,1872,1625,78,91,56,22,1911,1614,66,55,64,60,44,8
31.098631,1865,1626,77,91,56,15,1911,1620,60,70,58,59,31,13
31.108929,1868,1627,75,93,54,19,1906,1618,57,70,63,54,39,5
31.119337,1859,1626,78,92,53,10,1906,1616,69,56,69,64,23,9
31.129801,1858,1626,76,93,53,10,1911,1612,72,55,65,57,40,10
31.140265,1867,1630,74,93,52,18,1906,1606,62,67,76,55,31,9
31.150372,1862,1629,77,91,52,13,1907,1608,75,58,54,73,29,10
31.160896,1862,1628,78,92,51,13,1917,1607,72,67,61,75,25,10
31.170847,1865,1627,79,90,52,17,1919,1614,68,68,65,49,44,11
31.181616,1864,1624,82,87,54,17,1913,1622,58,58,74,66,29,6
31.192024,1857,1626,79,89,53,10,1909,1618,67,69,59,53,38,5
31.203056,1860,1627,77,91,51,14,1903,1608,65,65,59,58,36,12
31.214027,1857,1627,76,94,48,12,1899,1603,71,62,67,53,32,11
31.224924,1864,1627,78,93,46,20,1896,1614,62,55,62,61,34,8
31.235350,1858,1627,77,95,45,14,1893,1598,54,74,62,64,32,9
31.245993,1868,1627,76,95,46,24,1900,1603,62,71,62,57,33,12
31.256721,1857,1626,74,97,46,14,1896,1605,65,75,51,53,36,11
31.267252,1855,1627,77,95,43,13,1891,1601,69,61,66,49,36,9
31.278265,1860,1628,76,93,43,20,1882,1604,53,65,48,68,33,11
31.288506,1863,1628,75,92,45,23,1890,1594,71,68,62,59,28,8
31.299376,1853,1626,75,94,43,15,1889,1602,60,63,69,60,30,5
31.309809,1855,1628,74,94,40,19,1900,1600,70,65,70,53,34,8
31.319527,1846,1626,76,93,40,11,1901,1601,67,67,63,61,32,10
31.329844,1851,1627,74,92,43,15,1898,1606,65,68,53,63,35,8
31.340237,1850,1627,75,91,43,14,1905,1605,64,61,69,61,31,14
31.350840,1845,1626,75,89,47,8,1899,1587,66,65,69,58,44,10
31.361929,1845,1626,77,85,49,8,1885,1610,58,58,68,57,29,5
31.371975,1854,1626,79,83,50,16,1893,1600,66,63,64,56,30,14
31.382732,1854,1626,80,82,50,16,1889,1602,63,62,66,48,40,8
31.393858,1843,1626,80,80,52,5,1890,1598,69,61,60,62,32,8
31.404549,1854,1626,79,80,53,16,1883,1603,67,61,59,61,24,8
31.416014,1855,1626,78,81,52,18,1885,1597,70,63,64,58,23,10
31.426775,1855,1627,76,82,53,17,1888,1605,63,65,59,51,35,10
31.436729,1853,1627,77,79,56,14,1891,1606,65,61,71,50,29,9
31.446928,1851,1626,78,80,52,15,1887,1609,53,71,64,50,33,7
31.457371,1844,1625,78,80,53,8,1884,1597,65,54,72,58,34,4
31.467812,1852,1624,78,82,50,18,1896,1597,64,64,63,61,35,12
31.478092,1844,1621,79,77,58,9,1892,1603,64,59,66,61,31,8
31.488884,1856,1620,78,79,58,21,1899,1595,63,71,66,62,34,8
31.499426,1845,1620,80,79,56,10,1892,1596,70,63,79,46,27,11
31.509912,1844,1619,82,78,54,11,1897,1596,67,62,57,64,42,9
31.519678,1851,1618,84,79,50,20,1905,1605,67,58,68,53,39,15
31.529665,1841,1618,84,80,47,12,1902,1605,69,67,64,56,33,8
31.539948,1845,1618,83,81,46,17,1902,1602,67,61,68,56,40,8
31.550337,1845,1618,80,83,48,16,1899,1606,62,62,64,58,39,8
31.560978,1843,1615,85,78,51,14,1898,1607,56,72,63,57,35,8
31.572504,1836,1617,84,78,49,8,1895,1595,69,65,69,58,31,8
31.582146,1842,1618,83,79,48,14,1889,1598,76,52,71,54,33,5
31.592588,1838,1618,85,78,47,10,1899,1599,60,59,77,61,38,5
31.602718,1839,1618,86,76,48,11,1896,1600,65,59,64,70,32,6
31.612925,1838,1617,83,77,50,11,1894,1595,63,62,72,60,32,10
31.623068,1839,1615,82,79,51,12,1889,1590,54,64,77,63,32,9
31.633978,1837,1614,81,81,50,11,1894,1577,76,62,75,62,37,5
31.644146,1836,1612,83,82,49,10,1909,1594,71,62,70,68,37,7
31.654093,1847,1613,85,81,48,20,1908,1592,71,77,69,55,34,10
31.663837,1841,1613,85,78,51,14,1906,1594,69,56,78,64,35,10
31.673796,1842,1611,87,76,52,16,1908,1601,72,58,75,62,25,15
31.682932,1851,1611,89,72,54,25,1892,1589,65,66,72,68,27,5
31.692978,1845,1612,89,73,55,16,1895,1593,70,51,75,58,37,11
31.703102,1847,1612,89,73,54,19,1883,1595,67,66,69,59,24,3
31.713594,1846,1611,89,74,55,17,1895,1581,72,69,72,61,30,10
31.723595,1844,1609,92,72,56,15,1893,1587,67,72,57,55,46,9
31.733181,1846,1611,90,77,51,17,1897,1583,71,60,74,52,46,11
31.743628,1844,1611,91,76,51,15,1890,1582,65,67,79,58,32,7
31.753342,1843,1610,95,71,53,14,1891,1598,70,58,56,63,38,8
31.763250,1837,1610,96,67,54,10,1880,1598,59,70,63,52,30,8
31.774147,1842,1611,95,66,54,16,1875,1590,66,60,63,62,26,8
31.785286,1842,1611,92,69,54,16,1872,1585,64,77,50,59,30,7
31.796486,1837,1606,95,71,51,14,1866,1593,59,58,57,66,29,4
31.807373,1838,1606,95,70,52,15,1868,1588,70,50,61,61,32,6
31.818501,1830,1605,94,72,51,8,1878,1583,64,68,73,42,38,10
31.828875,1837,1604,94,72,52,15,1883,1582,67,59,73,56,35,11
31.839325,1839,1604,94,71,54,16,1878,1585,63,65,54,57,41,13
31.850615,1840,1602,94,73,54,17,1873,1590,55,67,58,63,28,12
31.861849,1850,1602,92,75,54,27,1878,1594,64,60,69,58,24,9
31.872169,1843,1604,89,77,53,20,1867,1585,64,64,62,49,36,7
31.883505,1833,1603,90,77,54,9,1868,1582,65,66,59,49,40,7
31.894491,1842,1605,86,81,54,16,1879,1585,62,81,66,50,29,6
31.904932,1840,1605,86,81,55,13,1881,1579,69,80,68,51,27,7
31.915758,1841,1606,82,86,53,14,1892,1596,60,72,60,56,44,4
31.926245,1840,1606,82,84,55,13,1892,1592,65,55,77,57,39,7
31.936665,1842,1605,81,86,55,15,1891,1592,56,73,58,60,42,10
31.947283,1837,1603,84,84,56,10,1887,1590,62,81,56,53,37,8
31.957695,1841,1602,83,87,55,14,1892,1589,63,76,72,58,28,6
31.968304,1846,1603,82,88,54,19,1891,1583,70,70,70,57,31,10
31.978222,1843,1602,84,87,55,15,1888,1584,73,68,67,55,32,9
31.988268,1840,1601,82,89,56,12,1891,1600,68,65,70,50,26,12
31.998392,1847,1601,82,89,56,19,1889,1594,72,70,52,70,26,5
32.008484,1840,1602,81,89,54,14,1884,1587,67,75,59,64,27,5
32.019249,1844,1603,80,88,54,19,1882,1594,72,59,57,66,30,4
32.029888,1842,1605,77,89,53,18,1886,1584,69,74,68,53,28,10
32.039371,1836,1605,77,89,53,12,1885,1589,62,74,45,66,35,14
32.049797,1836,1603,79,90,52,12,1888,1584,80,56,63,54,35,16
32.060585,1834,1605,78,92,48,11,1873,1588,68,62,64,53,32,6
32.071545,1834,1608,77,93,45,11,1875,1580,65,75,63,54,31,7
32.081627,1837,1607,76,90,49,15,1866,1583,65,65,66,54,24,9
32.093224,1836,1608,76,91,45,16,1869,1594,52,77,55,47,35,9
32.103657,1835,1608,78,87,47,15,1872,1581,74,61,62,46,42,6
32.114040,1832,1608,77,90,44,13,1878,1580,66,73,67,46,40,6
32.124332,1833,1608,76,90,46,13,1875,1566,79,57,74,54,37,8
32.134819,1835,1609,76,91,44,15,1876,1573,75,58,56,64,42,8
32.144672,1831,1610,71,96,43,11,1871,1583,52,74,69,58,26,9
32.156067,1831,1608,72,95,45,11,1865,1573,75,54,67,59,26,11
32.166641,1840,1607,73,95,45,20,1866,1584,60,72,66,53,29,2
32.177673,1838,1607,75,96,43,17,1868,1576,67,67,68,49,30,11
32.187679,1831,1606,78,95,43,9,1866,1576,67,64,59,53,39,8
32.198814,1849,1606,80,90,48,25,1869,1570,80,66,71,50,24,8
32.208900,1831,1607,79,86,49,10,1870,1580,68,58,71,56,27,10
32.219944,1841,1606,82,83,49,21,1870,1578,73,58,72,53,29,7
32.231365,1829,1605,82,83,50,9,1876,1586,67,66,67,57,24,9
32.242519,1829,1605,83,83,49,9,1875,1586,60,72,67,54,28,8
32.252808,1828,1605,82,83,50,8,1879,1580,70,69,56,59,35,10
32.263382,1835,1604,80,86,50,15,1873,1587,56,75,62,50,34,9
32.274155,1833,1606,77,89,49,12,1860,1573,65,67,60,60,27,8
32.284657,1833,1605,79,86,49,14,1860,1573,67,62,59,62,31,6
32.295650,1826,1604,83,82,48,9,1862,1581,70,62,56,46,36,11
32.306484,1825,1604,83,80,48,10,1853,1583,58,67,56,55,27,7
32.317963,1825,1599,84,84,48,10,1854,1574,68,66,59,55,26,6
32.330059,1830,1600,85,81,47,17,1855,1580,62,63,63,51,31,5
32.341087,1827,1597,85,82,49,14,1860,1572,63,66,59,59,30,11
32.353207,1828,1596,84,86,47,15,1861,1581,60,72,64,51,23,10
32.364101,1828,1597,82,87,46,16,1865,1569,72,79,60,43,34,8
32.374519,1822,1598,81,85,48,10,1870,1579,64,61,62,52,40,12
32.384312,1835,1595,83,85,49,23,1873,1575,77,68,56,52,32,13
32.394138,1830,1595,84,82,49,20,1872,1572,73,66,61,56,36,8
32.404537,1823,1596,86,77,51,13,1864,1583,62,57,59,57,36,10
32.415531,1828,1595,86,77,52,18,1871,1580,67,59,60,57,35,13
32.425808,1827,1597,83,80,50,17,1876,1581,64,58,63,63,37,10
32.435974,1820,1597,83,78,51,11,1877,1570,64,62,62,65,39,15
32.446297,1823,1597,82,78,52,14,1876,1570,71,66,58,73,30,8
32.456444,1822,1596,81,80,51,14,1882,1570,62,59,70,65,46,10
32.466293,1823,1596,80,81,49,17,1882,1572,66,58,77,70,34,5
32.476215,1816,1596,82,78,50,10,1879,1576,58,69,81,52,35,8
32.486004,1829,1594,85,74,54,22,1887,1586,59,79,64,55,37,7
32.495964,1822,1594,85,75,54,14,1885,1572,62,70,74,66,29,12
32.505013,1815,1594,86,76,53,6,1884,1566,67,68,82,58,35,8
32.514812,1822,1593,85,77,54,13,1869,1582,67,66,67,46,36,5
32.525673,1826,1592,86,75,57,16,1866,1574,73,70,50,63,30,6
32.535648,1823,1592,84,80,54,13,1864,1567,64,63,63,62,35,10
32.546326,1827,1592,84,80,54,17,1863,1562,71,70,60,57,38,5
32.557339,1825,1593,84,78,53,17,1867,1567,80,65,58,61,29,7
32.567890,1824,1589,86,78,55,16,1869,1574,69,66,61,58,34,7
32.577774,1817,1587,86,80,55,9,1868,1577,59,63,68,52,41,8
32.587845,1830,1586,86,81,55,22,1867,1565,75,62,64,58,37,6
32.598057,1825,1588,86,80,55,16,1857,1567,61,63,64,62,35,5
32.609276,1833,1588,85,83,52,25,1857,1566,67,72,61,47,36,8
32.620132,1824,1590,82,85,52,15,1865,1562,61,78,56,64,32,12
32.630867,1824,1591,82,85,50,16,1857,1564,73,60,65,55,32,8
32.641689,1824,1590,85,82,52,15,1860,1565,60,68,72,52,33,10
32.651062,1827,1590,86,82,51,18,1866,1567,57,68,77,56,30,11
32.661964,1827,1588,86,81,55,17,1871,1570,64,66,71,54,35,11
32.672398,1827,1589,86,78,57,17,1864,1575,69,68,69,48,29,6
32.682251,1825,1589,88,78,54,16,1863,1577,62,68,71,44,33,8
32.692043,1826,1588,88,79,54,17,1868,1566,60,83,61,49,37,12
32.701462,1819,1586,88,83,52,10,1882,1574,69,74,57,53,47,8
32.710800,1826,1586,87,82,55,16,1874,1564,77,65,70,61,33,4
32.721146,1822,1586,88,81,56,11,1864,1573,70,62,63,57,27,12
32.730804,1822,1586,91,79,54,12,1870,1577,59,72,67,49,36,10
32.741531,1820,1585,94,81,51,9,1869,1579,68,59,59,60,31,13
32.751865,1831,1583,99,79,49,21,1864,1565,66,70,65,55,36,7
32.761837,1817,1584,97,79,49,8,1867,1567,69,66,57,53,40,15
32.772285,1822,1585,97,80,46,14,1872,1558,81,62,52,64,44,11
32.782658,1826,1585,97,79,46,19,1866,1566,69,67,52,67,34,11
32.792862,1828,1584,98,81,45,20,1859,1569,65,69,60,47,40,9
32.803722,1824,1584,98,82,44,16,1870,1566,74,66,63,50,40,11
32.813736,1821,1583,99,84,43,12,1865,1565,74,64,67,57,31,7
32.823872,1819,1584,98,82,45,10,1872,1562,78,69,70,55,27,11
32.834618,1826,1581,100,81,48,16,1873,1572,61,71,63,61,38,7
32.844353,1820,1582,101,79,49,9,1874,1579,70,65,61,63,28,8
32.854103,1822,1583,104,77,48,10,1870,1572,80,55,59,51,41,12
32.864876,1829,1585,102,79,48,15,1872,1573,73,74,51,64,25,12
32.874958,1826,1587,98,81,47,13,1863,1564,75,57,66,59,36,6
32.885483,1834,1586,99,77,51,21,1867,1569,66,56,63,60,46,7
32.895779,1829,1586,101,73,54,15,1870,1577,71,54,53,71,36,8
32.906242,1823,1587,101,72,53,10,1867,1582,69,61,49,53,43,10
32.916985,1822,1586,99,74,53,10,1846,1578,67,63,50,50,34,4
32.928482,1823,1587,98,74,53,11,1850,1564,77,74,56,49,24,6
32.940384,1828,1587,98,73,54,16,1859,1566,62,66,56,62,35,12
32.951271,1821,1586,96,75,55,9,1855,1570,71,65,61,53,26,9
32.962189,1823,1583,94,79,56,11,1860,1580,55,61,71,49,32,12
32.973087,1825,1582,93,78,59,13,1849,1571,63,75,63,42,24,11
32.984917,1821,1581,93,80,58,9,1856,1571,64,63,60,57,32,9
32.996151,1822,1583,92,78,59,10,1858,1560,77,64,60,50,37,10
33.006989,1825,1586,92,75,59,13,1863,1576,62,76,47,62,30,10
33.017971,1826,1585,93,74,60,14,1850,1575,69,66,50,58,26,6
33.028503,1823,1585,94,75,58,11,1859,1580,62,59,62,57,35,4
33.039474,1831,1584,94,73,63,17,1872,1578,69,64,54,64,34,9
33.050278,1827,1586,89,78,60,14,1874,1565,77,57,79,47,40,9
33.061222,1832,1586,89,75,62,20,1868,1577,61,69,61,57,35,8
33.071701,1822,1585,90,77,60,10,1875,1576,73,67,55,69,28,7
33.081928,1822,1586,88,79,59,10,1875,1570,75,52,71,68,26,13
33.092350,1824,1587,87,81,57,12,1871,1579,65,68,59,58,32,10
33.102715,1830,1587,87,80,57,19,1864,1568,76,57,67,52,36,8
33.113689,1821,1585,89,79,60,8,1861,1576,62,61,66,55,34,7
33.124176,1830,1587,86,77,65,15,1865,1570,69,69,66,52,34,5
33.134930,1832,1587,86,75,66,18,1865,1576,69,68,54,52,35,11
33.146046,1829,1587,87,71,69,15,1860,1566,69,57,82,44,34,8
33.156952,1828,1588,88,70,66,16,1864,1569,63,71,61,57,32,11
33.167412,1833,1587,88,69,68,21,1857,1574,64,69,62,42,40,6
33.178085,1824,1586,89,66,69,14,1860,1559,73,69,64,53,35,7
33.188385,1823,1586,91,70,61,15,1864,1562,75,63,68,60,28,8
33.199097,1828,1586,90,73,59,20,1857,1574,67,72,67,47,28,2
33.210300,1820,1586,90,73,59,12,1858,1567,62,75,57,58,32,7
33.220940,1826,1582,92,74,61,17,1860,1553,72,75,54,66,29,11
33.231873,1825,1582,93,74,59,17,1851,1550,73,71,71,45,34,7
33.242992,1821,1581,92,72,63,13,1852,1564,61,76,64,48,28,11
33.254108,1817,1579,92,75,60,11,1852,1569,57,63,61,58,35,9
33.265427,1815,1576,92,72,64,11,1852,1570,57,64,67,49,39,6
33.276646,1819,1577,91,71,65,15,1852,1568,58,60,60,66,32,8
33.287502,1807,1578,91,72,61,5,1842,1556,60,62,66,57,27,14
33.298763,1824,1577,89,75,60,23,1839,1554,77,61,51,54,32,10
33.309376,1814,1575,94,71,60,14,1837,1557,61,67,76,51,16,9
33.320076,1811,1574,95,74,55,13,1844,1560,63,71,58,58,26,8
33.330677,1810,1574,95,74,55,12,1842,1555,66,54,66,69,28,4
33.341568,1819,1574,95,71,58,21,1847,1547,78,60,63,62,24,13
33.351791,1807,1573,96,69,60,9,1852,1555,66,63,66,48,37,17
33.361935,1807,1574,94,72,57,10,1854,1544,72,74,61,66,27,10
33.371639,1819,1572,94,76,55,22,1846,1545,68,81,55,56,31,10
33.382580,1810,1575,93,76,52,14,1846,1543,71,63,72,57,31,9
33.393345,1809,1573,94,76,53,13,1843,1542,66,62,67,58,39,9
33.403847,1805,1574,95,77,50,9,1842,1541,69,71,63,55,33,10
33.414612,1806,1571,94,78,53,10,1842,1546,70,72,61,43,42,8
33.425194,1811,1570,95,76,54,16,1836,1547,79,65,65,42,33,5
33.436432,1806,1569,98,73,54,12,1840,1549,63,65,61,64,30,8
33.447327,1803,1570,97,75,52,9,1844,1553,58,65,76,51,33,8
33.458435,1807,1570,97,75,52,13,1841,1558,69,61,55,63,31,4
33.469460,1811,1572,94,75,53,17,1837,1544,71,66,70,51,31,4
33.479351,1816,1571,94,75,53,23,1845,1543,75,57,80,52,33,5
33.488823,1804,1571,95,74,52,12,1844,1550,66,67,56,53,44,8
33.499405,1805,1569,97,74,52,13,1832,1541,63,71,50,60,41,6
33.509373,1805,1567,96,76,53,13,1837,1544,80,63,57,55,28,10
33.520054,1805,1566,96,76,51,16,1844,1542,77,67,57,47,42,12
33.530548,1809,1565,97,75,53,19,1843,1553,69,70,67,38,37,9
33.540592,1799,1564,97,73,56,9,1841,1545,68,64,67,62,25,10
33.551128,1802,1563,95,77,55,12,1842,1542,70,70,56,51,46,7
33.561573,1802,1563,97,75,57,10,1840,1541,70,77,65,43,37,7
33.572536,1805,1562,98,73,59,13,1828,1541,73,66,61,52,32,3
33.583885,1809,1562,100,73,57,17,1832,1542,65,71,61,56,30,7
33.594074,1801,1562,99,71,58,11,1829,1547,55,72,55,57,39,4
33.605160,1803,1562,99,74,54,14,1827,1531,73,69,63,57,29,5
33.615780,1801,1561,102,72,56,10,1838,1539,76,69,47,53,42,12
33.626591,1810,1559,103,71,60,17,1824,1537,72,67,66,47,28,7
33.638260,1810,1558,106,70,59,17,1824,1544,60,76,56,51,28,9
33.649837,1804,1558,106,69,60,11,1818,1541,70,70,51,52,30,4
33.661160,1809,1557,104,72,60,16,1814,1556,65,57,68,39,25,4
33.672661,1802,1560,101,72,60,9,1814,1537,65,70,52,51,31,8
33.684494,1805,1560,100,74,59,12,1819,1539,66,73,56,53,30,2
33.695568,1806,1559,99,76,58,14,1836,1537,73,69,55,55,36,11
33.706303,1802,1559,99,74,60,10,1832,1549,62,67,60,51,35,8
33.717335,1806,1558,101,73,58,16,1827,1547,77,61,51,60,24,7
33.728882,1806,1558,100,74,58,16,1826,1546,73,59,60,57,29,2
33.740067,1798,1557,102,71,59,9,1827,1534,66,72,55,57,34,9
33.751347,1803,1558,99,74,58,14,1824,1552,55,59,69,56,27,6
33.762947,1803,1559,99,75,57,13,1830,1541,74,70,55,50,31,9
33.773525,1808,1561,97,77,55,18,1837,1551,63,75,56,51,35,6
33.783962,1809,1561,97,76,57,18,1834,1546,64,66,48,57,40,13
33.794369,1801,1562,95,80,52,12,1835,1547,53,65,70,51,33,16
33.805283,1800,1562,94,79,55,10,1822,1541,70,67,56,48,32,8
33.815899,1805,1561,92,81,57,14,1832,1556,61,55,64,57,23,16
33.826557,1804,1560,91,81,59,13,1828,1552,68,61,54,51,28,14
33.838066,1810,1557,94,83,56,20,1831,1550,64,71,67,48,24,7
33.849369,1812,1553,97,80,60,22,1830,1543,65,60,65,58,31,8
33.859921,1807,1552,96,77,65,17,1835,1551,58,61,63,52,36,14
33.870338,1806,1555,93,80,62,16,1846,1551,71,62,71,54,24,13
33.880898,1803,1556,94,80,60,13,1848,1558,68,67,58,54,32,11
33.891335,1806,1556,94,80,60,16,1848,1553,68,75,60,52,33,7
33.901592,1804,1558,93,80,58,15,1846,1538,71,61,62,67,36,11
33.911980,1802,1558,92,80,58,14,1854,1545,62,63,58,80,36,10
33.922134,1798,1557,92,81,57,11,1845,1543,69,70,65,57,35,6
33.932079,1797,1557,94,80,56,10,1841,1537,68,64,78,50,36,8
33.942181,1805,1557,95,83,52,18,1845,1542,62,76,56,63,39,7
33.952305,1799,1557,93,85,51,13,1858,1535,78,70,62,63,40,10
33.962341,1803,1558,92,86,51,16,1863,1549,63,71,74,54,43,9
33.972130,1799,1559,91,88,50,11,1867,1535,76,68,67,67,41,13
33.981304,1809,1560,93,85,50,21,1867,1538,77,70,69,66,33,14
33.990944,1807,1561,93,82,52,19,1854,1545,72,71,67,62,28,9
34.000847,1807,1559,95,82,50,21,1851,1540,63,79,59,65,36,9
34.011223,1797,1560,92,85,49,11,1840,1538,72,65,58,65,33,9
34.021278,1801,1559,92,87,49,14,1837,1528,71,75,70,53,31,9
34.031124,1798,1559,94,84,50,11,1837,1531,68,68,56,62,36,16
34.042091,1794,1557,97,78,54,8,1825,1532,66,61,74,52,29,11
34.052124,1793,1557,99,74,55,8,1837,1530,63,69,73,59,34,9
34.062756,1810,1555,100,78,51,26,1838,1536,68,69,70,57,32,6
34.072475,1801,1555,98,82,50,16,1834,1538,64,78,63,50,33,8
34.082863,1803,1553,99,84,49,18,1835,1534,64,78,65,52,30,12
34.093689,1799,1554,100,83,47,15,1824,1533,65,66,60,56,38,6
34.104847,1800,1556,95,89,44,16,1826,1541,61,63,78,45,27,11
34.115597,1799,1555,92,92,44,16,1820,1541,68,62,68,45,32,4
34.125992,1797,1554,94,91,44,14,1824,1519,62,82,62,60,32,7
34.136791,1798,1554,94,92,42,16,1828,1524,76,75,63,46,36,8
34.147308,1796,1555,92,91,45,13,1840,1520,77,68,85,48,33,9
34.157021,1794,1551,94,91,46,12,1838,1530,78,62,77,61,19,11
34.166828,1796,1549,95,88,49,15,1842,1525,73,73,70,59,32,10
34.176579,1785,1548,92,92,49,4,1838,1524,78,67,71,53,36,9
34.186699,1797,1550,92,88,51,16,1834,1531,64,80,56,57,37,9
34.197018,1793,1549,92,86,55,11,1832,1528,74,75,63,47,34,11
34.207092,1798,1548,92,85,55,18,1840,1530,63,82,54,57,39,15
34.217361,1794,1549,93,85,53,14,1834,1532,78,64,62,63,27,8
34.228352,1799,1549,93,85,54,18,1832,1535,63,63,66,57,37,11
34.238522,1787,1548,93,86,53,7,1829,1527,76,66,59,66,25,10
34.248665,1798,1548,91,89,51,19,1829,1532,62,82,62,50,29,12
34.258995,1801,1549,90,89,51,22,1825,1534,63,72,70,52,27,7
34.269058,1791,1550,88,91,50,12,1832,1530,71,75,64,56,23,13
34.279217,1798,1550,87,89,53,19,1831,1536,62,68,68,67,26,4
34.289715,1791,1551,86,89,53,12,1831,1539,62,65,60,59,35,11
34.299911,1794,1549,87,89,55,14,1826,1533,65,75,49,64,31,9
34.310406,1792,1548,89,89,53,13,1826,1532,69,63,56,63,32,11
34.320942,1796,1547,90,90,50,19,1826,1526,71,61,76,52,29,11
34.332111,1789,1544,93,89,51,12,1827,1526,68,62,76,55,30,10
34.342224,1795,1546,91,91,49,18,1828,1529,66,72,71,57,26,7
34.352829,1789,1547,91,89,50,12,1831,1534,61,70,74,51,34,7
34.363335,1796,1548,92,89,48,19,1828,1533,68,70,59,54,37,7
34.373482,1790,1547,87,94,49,13,1829,1530,72,67,65,60,29,6
34.384190,1798,1549,85,95,48,21,1828,1533,77,60,58,58,35,7
34.394341,1794,1550,86,90,49,19,1837,1537,75,59,66,62,29,9
34.404762,1792,1550,87,88,50,17,1825,1534,65,63,70,68,20,5
34.415039,1792,1550,87,87,49,19,1832,1528,66,65,67,56,36,14
34.425755,1793,1551,87,87,47,21,1839,1529,79,63,66,51,41,10
34.436176,1787,1552,86,85,50,14,1832,1541,63,66,62,56,31,13
34.446079,1797,1552,80,91,50,24,1834,1527,76,72,58,60,30,11
34.455788,1788,1552,80,91,51,14,1840,1530,70,68,69,55,38,10
34.465397,1785,1552,80,90,52,11,1841,1538,67,68,69,63,29,7
34.475033,1787,1551,82,88,53,13,1833,1516,74,68,74,52,38,11
34.485199,1789,1549,86,83,55,16,1834,1526,63,86,61,49,43,6
34.495205,1793,1546,89,79,58,21,1830,1533,62,62,70,58,35,10
34.505650,1786,1544,92,73,62,15,1829,1517,65,71,71,64,36,5
34.515499,1782,1544,93,72,61,12,1825,1522,68,69,62,62,29,13
34.526321,1778,1544,91,75,59,9,1816,1522,76,56,79,44,32,7
34.537235,1782,1544,93,74,58,13,1824,1519,61,65,78,61,29,11
34.547558,1787,1542,94,75,57,19,1817,1521,67,72,60,63,25,9
34.558178,1776,1540,98,72,57,9,1819,1516,77,53,68,60,37,8
34.568127,1784,1543,97,71,56,17,1828,1511,77,69,59,53,42,17
34.577972,1775,1543,95,74,54,9,1828,1534,66,68,60,49,43,8
34.588043,1783,1543,96,74,53,17,1821,1518,69,75,61,57,36,5
34.598427,1781,1543,97,75,51,15,1815,1506,84,70,59,61,30,5
34.608963,1776,1542,96,77,51,10,1822,1511,69,66,67,63,34,12
34.618763,1783,1541,95,78,52,17,1815,1513,68,74,66,48,40,6
34.630081,1780,1541,96,77,51,15,1815,1511,77,49,85,55,32,6
34.640450,1770,1542,95,77,51,5,1811,1510,69,64,55,68,33,12
34.650497,1781,1541,96,75,53,16,1817,1512,75,60,69,50,38,13
34.660442,1784,1541,98,72,56,17,1822,1516,70,71,67,47,38,13
34.670723,1778,1538,100,72,57,11,1832,1537,63,68,65,54,35,10
34.680740,1782,1537,101,70,58,16,1824,1524,60,71,67,58,33,11
34.690525,1781,1539,99,72,56,15,1826,1510,81,66,54,69,38,8
34.700413,1776,1537,101,69,57,12,1826,1520,68,61,68,54,43,12
34.710243,1780,1537,100,71,56,16,1828,1508,75,64,64,63,47,7
34.720284,1780,1536,100,72,56,16,1827,1509,70,70,61,70,38,9
34.730659,1782,1536,98,74,54,20,1818,1517,76,74,55,62,29,5
34.740925,1782,1538,95,76,55,18,1816,1509,72,77,66,59,26,7
34.751358,1775,1535,97,73,59,11,1810,1518,67,70,64,54,30,7
34.761242,1774,1536,97,73,58,10,1804,1509,65,78,60,53,33,6
34.771732,1780,1540,94,72,59,15,1809,1520,60,76,58,58,28,9
34.782413,1780,1540,96,69,61,14,1807,1521,59,75,59,58,31,4
34.792847,1786,1539,96,67,65,19,1815,1521,73,59,58,65,30,9
34.803253,1785,1539,96,67,64,19,1821,1516,77,57,63,57,41,10
34.813808,1784,1538,96,66,67,17,1814,1519,70,64,57,54,46,4
34.824078,1778,1539,94,68,66,11,1830,1507,75,67,59,69,40,13
34.834164,1796,1539,93,70,68,26,1827,1518,74,71,60,58,29,17
34.843887,1784,1540,93,68,68,15,1831,1516,72,58,67,63,39,16
34.853474,1788,1539,94,71,64,20,1826,1525,67,61,73,56,40,4
34.863667,1782,1537,94,74,63,14,1833,1525,67,71,57,69,33,11
34.873661,1785,1536,95,72,66,16,1837,1527,69,65,73,63,32,8
34.883125,1788,1536,93,72,65,22,1841,1525,65,75,74,63,35,4
34.892441,1785,1535,95,71,65,19,1838,1526,70,70,67,60,35,10
34.902767,1782,1534,96,71,66,15,1831,1529,65,67,62,71,30,7
34.913017,1780,1534,94,74,66,12,1841,1528,71,73,70,60,31,8
34.922878,1781,1534,95,72,66,14,1846,1531,74,63,55,69,39,15
34.932289,1787,1534,93,75,63,22,1847,1527,67,60,63,78,41,11
34.941727,1782,1534,94,75,62,17,1845,1524,75,58,64,72,44,8
34.951218,1784,1534,93,73,65,19,1842,1526,76,68,63,66,33,10
34.960888,1782,1536,91,74,64,17,1836,1518,87,69,55,62,38,7
34.971142,1783,1536,94,72,63,18,1849,1529,71,73,68,63,31,14
34.980507,1780,1536,92,72,65,15,1855,1523,78,55,84,59,38,18
34.989811,1788,1537,91,72,65,23,1847,1522,81,70,64,60,43,7
34.999382,1775,1534,93,69,69,10,1849,1536,80,67,73,53,32,8
35.008980,1786,1531,93,73,69,20,1842,1523,78,59,77,66,29,10
35.018875,1782,1532,92,76,67,15,1841,1537,76,56,71,59,36,6
35.027985,1781,1531,93,76,69,12,1840,1539,63,62,71,64,34,7
35.038101,1779,1529,93,78,69,10,1844,1550,64,59,80,51,35,5
35.048164,1788,1529,95,78,66,20,1852,1529,79,66,67,68,36,7
35.058434,1779,1531,98,77,62,11,1858,1534,72,63,78,52,43,16
35.068066,1785,1531,100,74,63,17,1854,1533,64,66,72,66,42,11
35.077751,1785,1531,100,75,62,17,1844,1527,80,59,64,75,32,7
35.087173,1788,1529,98,79,63,19,1853,1534,63,69,76,63,36,12
35.097031,1787,1529,98,77,65,18,1854,1532,78,64,75,49,47,9
35.106800,1783,1530,97,78,63,15,1845,1530,70,60,79,66,32,8
35.116566,1785,1530,99,78,61,17,1843,1532,57,81,61,70,32,10
35.126232,1788,1528,100,79,59,22,1845,1536,68,74,67,49,44,7
35.136227,1777,1528,99,77,61,12,1839,1524,63,81,58,64,36,13
35.146469,1775,1527,100,76,62,10,1831,1522,64,68,62,72,35,8
35.156506,1786,1526,101,75,62,22,1827,1520,70,70,59,58,42,8
35.166481,1780,1527,101,74,63,15,1828,1522,71,62,63,69,30,11
35.176281,1776,1526,98,78,63,11,1838,1521,74,68,72,60,31,12
35.186344,1780,1526,97,78,64,15,1820,1516,76,74,61,54,34,5
35.196171,1779,1526,95,82,62,14,1826,1522,77,54,70,58,32,13
35.206223,1783,1526,94,81,63,19,1821,1516,74,64,53,75,33,6
35.215481,1784,1526,93,81,64,20,1830,1513,73,65,69,67,31,12
35.225529,1788,1527,91,81,66,23,1820,1512,84,67,63,62,24,8
35.235603,1775,1526,90,83,66,10,1818,1530,68,57,66,46,42,9
35.246246,1779,1525,93,83,64,14,1817,1515,66,76,74,44,32,10
35.256653,1782,1524,95,82,62,19,1820,1517,75,70,66,57,27,8
35.266232,1783,1526,94,84,61,18,1818,1515,84,73,59,58,26,3
35.276196,1787,1526,95,82,64,20,1824,1522,69,68,67,55,34,9
35.286446,1785,1527,90,84,66,18,1829,1510,76,60,68,70,31,14
35.296745,1776,1528,90,83,65,10,1830,1527,71,69,43,68,40,12
35.305668,1780,1527,88,82,67,16,1843,1509,77,71,67,64,41,14
35.314926,1779,1526,88,81,70,14,1844,1515,88,73,63,68,30,7
35.324738,1786,1528,86,83,68,21,1839,1515,82,65,77,50,40,10
35.334942,1776,1528,86,83,68,11,1852,1514,85,62,60,70,46,15
35.345387,1786,1529,86,81,69,21,1841,1529,54,72,79,66,34,7
35.355106,1776,1531,82,85,66,12,1843,1527,69,77,67,64,36,3
35.364731,1773,1530,85,83,66,9,1850,1512,72,88,66,67,40,5
35.374382,1781,1530,85,84,65,17,1850,1529,76,66,67,63,35,14
35.383755,1784,1530,86,85,62,21,1852,1521,73,69,70,72,35,12
35.393246,1773,1530,88,83,63,9,1839,1521,66,79,65,59,43,6
35.403065,1779,1530,88,82,64,15,1834,1523,72,68,81,45,39,6
35.412273,1789,1529,88,82,66,24,1846,1531,66,75,69,63,31,11
35.421932,1787,1530,88,83,67,19,1842,1526,65,73,65,70,35,8
35.431667,1790,1530,85,85,68,22,1850,1520,78,81,74,59,27,11
35.441097,1785,1527,90,83,67,18,1851,1522,74,63,73,68,43,8
35.450867,1777,1526,89,86,61,15,1848,1529,69,68,75,62,36,9
35.460423,1777,1526,90,84,61,16,1845,1512,73,80,57,69,40,14
35.469810,1777,1527,90,83,61,16,1846,1516,84,70,67,58,44,7
35.479561,1785,1526,88,86,61,24,1837,1513,62,80,68,68,31,15
35.489357,1785,1525,88,88,58,26,1838,1506,79,63,59,67,51,13
35.499134,1776,1526,87,87,60,16,1842,1524,62,71,83,58,31,13
35.508289,1774,1526,88,84,61,15,1840,1527,60,68,68,62,45,10
35.517693,1773,1528,87,84,60,14,1836,1516,67,66,65,69,39,14
35.527004,1776,1526,88,82,63,17,1847,1530,61,66,69,68,42,11
35.535667,1774,1524,91,81,62,16,1839,1503,84,69,74,71,29,9
35.544682,1775,1525,92,83,58,17,1842,1505,73,65,82,73,34,10
35.554020,1778,1525,91,85,57,20,1848,1520,66,74,78,61,36,13
35.562626,1780,1524,91,85,59,21,1845,1508,73,77,69,63,42,13
35.572086,1776,1524,91,85,59,17,1837,1519,64,74,76,59,38,7
35.581554,1770,1525,90,87,57,11,1842,1517,58,78,73,72,38,6
35.590431,1775,1524,90,85,59,17,1837,1502,73,72,69,81,31,9
35.599396,1777,1524,88,85,61,19,1843,1507,70,76,72,73,37,8
35.608837,1773,1523,88,86,61,15,1840,1497,83,77,69,73,34,7
35.617931,1784,1523,88,83,64,26,1836,1514,68,73,71,64,36,10
35.627117,1774,1523,89,81,65,16,1831,1502,71,81,67,68,37,5
35.636314,1777,1523,88,81,67,18,1839,1517,69,82,53,68,38,12
35.645386,1772,1524,88,82,66,12,1824,1511,81,68,67,55,34,8
35.654594,1776,1524,89,78,68,17,1825,1503,78,51,69,74,35,15
35.663902,1772,1524,89,78,69,12,1827,1504,72,71,61,64,45,10
35.673115,1773,1526,88,78,67,14,1824,1500,77,74,62,63,35,13
35.683224,1771,1525,89,80,64,13,1821,1504,68,68,71,66,34,10
35.693008,1776,1526,89,82,64,15,1830,1499,78,58,65,81,38,11
35.701851,1775,1528,87,86,60,14,1818,1494,76,70,66,67,32,13
35.712086,1775,1527,85,90,59,14,1811,1502,70,65,81,55,34,4
35.722195,1773,1526,84,90,62,11,1811,1495,86,67,64,61,29,9
35.732834,1768,1526,86,88,62,6,1807,1509,69,65,70,55,32,7
35.743244,1778,1524,90,86,62,16,1808,1511,63,60,64,68,34,8
35.753471,1775,1523,89,86,63,14,1807,1506,65,63,75,55,32,11
35.763584,1776,1523,88,89,61,15,1806,1503,71,71,51,54,43,13
35.773769,1774,1520,93,86,63,12,1806,1501,68,66,71,58,33,9
35.784489,1778,1520,91,88,63,16,1806,1498,72,60,61,68,39,8
35.794739,1773,1519,92,87,63,12,1805,1505,75,67,59,61,30,8
35.805111,1781,1518,91,86,66,20,1803,1502,70,69,68,52,35,7
35.815182,1775,1516,94,84,67,14,1819,1496,72,67,70,63,31,20
35.825058,1775,1517,91,83,70,14,1817,1507,61,65,69,68,37,10
35.834854,1780,1517,92,83,69,19,1816,1505,66,79,55,54,45,12
35.844299,1778,1517,92,87,68,14,1831,1501,78,72,68,58,42,12
35.853683,1780,1517,91,88,67,17,1830,1500,75,72,61,68,44,10
35.863403,1782,1516,92,88,69,17,1832,1507,79,65,61,63,41,16
35.873043,1778,1520,89,92,64,13,1826,1513,79,65,57,51,47,14
35.883362,1780,1522,84,97,63,14,1820,1516,70,74,70,51,31,8
35.893372,1792,1523,85,93,62,29,1833,1516,67,62,77,65,37,9
35.902874,1781,1523,85,94,61,18,1835,1522,63,69,66,58,44,13
35.912239,1778,1522,85,95,62,14,1840,1528,74,66,70,59,33,10
35.920799,1786,1522,89,88,66,21,1837,1521,78,72,62,52,43,9
35.929783,1781,1522,88,91,64,16,1835,1522,54,87,71,56,35,10
35.939457,1784,1521,89,90,65,19,1838,1508,73,71,65,66,42,13
35.948719,1786,1522,87,92,65,20,1839,1515,76,69,67,62,39,11
35.957832,1782,1524,86,93,63,16,1834,1509,71,79,67,67,32,9
35.967304,1789,1523,86,92,65,23,1828,1503,75,70,76,53,41,10
35.976303,1779,1520,88,91,67,13,1827,1515,74,78,58,67,25,10
35.986187,1778,1519,88,90,68,13,1820,1509,83,63,70,50,32,13
35.996479,1780,1519,87,92,68,14,1822,1517,69,77,60,57,32,10
36.006027,1785,1520,86,94,66,19,1828,1509,69,80,64,61,35,10
36.015659,1785,1520,86,95,66,18,1819,1512,68,73,73,55,27,11
36.026356,1780,1520,87,95,65,13,1825,1513,73,67,83,52,26,11
36.035793,1779,1518,92,90,66,13,1819,1506,72,86,56,62,29,8
36.046478,1788,1515,96,86,69,22,1826,1520,64,78,68,65,24,7
36.056068,1782,1514,95,86,72,15,1825,1510,69,81,65,59,32,9
36.066093,1780,1511,97,85,73,14,1828,1496,87,77,73,53,31,11
36.075230,1784,1510,98,87,72,17,1822,1508,71,79,73,57,29,5
36.085052,1781,1510,100,87,68,16,1833,1515,65,69,76,59,38,11
36.094181,1781,1511,99,88,68,15,1831,1515,65,71,79,58,34,9
36.103642,1781,1511,100,86,70,14,1832,1509,76,78,63,69,30,7
36.113682,1781,1509,102,83,70,17,1830,1512,55,91,65,69,26,12
36.123493,1777,1512,99,85,68,13,1829,1504,69,75,72,70,29,10
36.132702,1777,1511,97,87,68,14,1829,1504,80,78,68,53,31,15
36.142391,1773,1511,95,91,65,11,1831,1508,71,68,76,52,44,12
36.152512,1778,1511,96,91,63,17,1827,1511,72,75,68,57,34,10
36.162361,1776,1510,100,89,63,14,1818,1512,64,73,62,58,40,9
36.172272,1783,1506,102,88,65,22,1817,1516,67,73,59,59,40,3
36.181499,1775,1507,103,85,65,15,1810,1505,65,77,72,56,25,10
36.191444,1776,1507,104,85,64,16,1813,1510,68,76,65,60,25,9
36.202557,1771,1507,103,84,66,11,1811,1491,80,79,74,51,30,6
36.212589,1773,1507,104,82,67,13,1809,1513,71,72,67,52,23,11
36.222969,1775,1510,102,83,65,15,1811,1503,62,81,63,56,38,8
36.233067,1769,1511,101,80,68,9,1812,1496,69,71,66,66,36,8
36.243328,1772,1512,100,83,65,12,1817,1504,71,73,61,71,29,8
36.253750,1771,1511,102,81,66,11,1818,1501,73,81,56,58,40,9
36.263519,1779,1511,104,78,65,21,1818,1507,67,67,73,65,32,7
36.273472,1765,1512,102,79,64,8,1828,1506,54,80,65,62,42,19
36.283760,1769,1512,101,79,66,11,1823,1498,74,74,70,63,36,8
36.293327,1774,1510,101,82,65,16,1819,1494,71,76,66,62,44,6
36.302719,1782,1511,100,84,63,24,1817,1506,66,65,64,66,39,11
36.312405,1768,1512,99,85,61,11,1813,1503,80,59,67,61,35,8
36.322289,1772,1512,99,86,58,17,1806,1506,65,72,71,52,30,10
36.332443,1770,1515,94,92,55,14,1815,1504,65,83,55,55,44,9
36.342594,1769,1515,91,96,54,13,1813,1506,66,61,78,55,36,11
36.352406,1772,1513,92,96,55,16,1812,1500,68,72,69,55,34,14
36.362041,1769,1513,91,95,58,12,1810,1500,66,83,59,60,32,10
36.371826,1771,1513,95,89,60,14,1816,1511,58,74,60,57,42,14
36.381798,1776,1514,97,88,59,18,1812,1507,63,73,66,67,27,9
36.391987,1775,1513,98,88,59,17,1809,1506,69,61,64,67,35,7
36.402546,1770,1513,100,87,57,13,1811,1504,66,74,61,70,30,6
36.412388,1782,1514,98,88,58,24,1817,1510,71,67,64,61,34,10
36.422035,1768,1516,96,89,56,11,1814,1491,76,65,63,71,38,10
36.431480,1769,1516,96,90,56,11,1819,1503,66,63,74,63,42,8
36.441097,1769,1516,97,89,56,11,1823,1495,71,63,76,69,41,8
36.450764,1772,1516,97,88,57,14,1831,1501,66,84,58,65,47,10
36.459866,1781,1515,97,89,58,22,1833,1507,72,67,75,56,45,11
36.469166,1774,1512,101,86,59,16,1826,1508,63,64,78,69,33,11
36.478424,1782,1511,104,83,59,25,1829,1498,67,86,77,48,49,4
36.488167,1768,1514,101,85,58,10,1834,1504,65,82,64,69,41,9
36.497185,1771,1514,100,88,52,17,1828,1490,79,72,74,70,32,11
36.506912,1773,1513,100,88,53,19,1828,1499,70,69,74,69,39,8
36.516762,1765,1519,97,87,51,11,1829,1501,71,73,64,72,38,10
36.526947,1769,1519,98,84,53,15,1827,1497,74,71,73,60,42,10
36.536221,1769,1519,97,88,50,15,1828,1506,73,72,68,65,37,7
36.545708,1772,1518,99,84,53,18,1834,1499,76,77,71,66,35,10
36.554783,1769,1515,102,84,52,16,1835,1504,63,83,84,60,34,7
36.564075,1768,1515,98,88,51,16,1831,1512,69,75,67,65,36,7
36.573830,1763,1515,97,86,54,11,1844,1507,66,68,76,67,45,15
36.582294,1765,1515,95,87,55,13,1844,1499,80,65,77,67,43,13
36.591877,1770,1514,99,84,56,17,1840,1496,73,91,80,55,39,6
36.601116,1772,1513,101,82,58,18,1848,1493,78,72,95,64,37,9
36.610146,1774,1513,101,83,57,20,1856,1507,66,74,73,76,49,11
36.618828,1780,1512,104,82,56,26,1851,1500,83,56,98,64,43,7
36.628010,1769,1512,106,81,54,16,1853,1498,75,75,72,67,47,19
36.637047,1769,1510,108,81,54,16,1845,1503,73,73,72,75,39,10
36.646370,1767,1510,106,84,54,13,1832,1504,74,81,65,64,38,6
36.655811,1773,1508,108,83,54,20,1832,1492,81,73,70,69,35,12
36.665443,1758,1507,107,84,51,9,1829,1501,77,68,71,71,31,10
36.674572,1766,1504,110,82,52,18,1825,1500,71,78,69,62,38,7
36.684006,1761,1503,111,83,48,16,1823,1500,62,71,73,60,49,8
36.694145,1760,1504,111,81,49,15,1819,1496,71,83,60,69,32,8
36.703709,1762,1504,111,78,52,17,1815,1483,80,73,73,67,29,10
36.712830,1753,1506,109,80,50,8,1818,1495,84,67,70,65,28,9
36.722431,1765,1502,110,83,48,22,1824,1485,77,68,80,63,39,12
36.732197,1761,1501,112,82,49,17,1824,1501,60,79,65,69,35,15
36.742023,1754,1499,112,80,53,10,1818,1491,71,74,68,60,38,16
36.751919,1763,1497,113,82,53,18,1813,1499,74,67,65,61,39,8
36.761871,1763,1494,114,81,54,20,1824,1490,76,63,90,53,43,9
36.771187,1762,1493,113,81,57,18,1820,1488,78,63,73,66,39,13
36.780304,1753,1493,113,81,56,10,1830,1481,69,80,62,77,47,14
36.789379,1754,1495,112,84,52,11,1821,1490,72,66,65,77,41,10
36.798981,1758,1496,111,83,53,15,1820,1499,72,66,61,81,29,12
36.808708,1758,1497,109,81,56,15,1821,1487,73,63,85,61,46,6
36.817894,1763,1496,110,79,57,21,1827,1492,80,60,79,64,46,6
36.826794,1757,1496,110,80,56,15,1829,1493,71,68,84,62,46,5
36.836540,1764,1497,110,80,56,21,1832,1486,79,84,80,54,38,11
36.845623,1756,1498,109,81,54,14,1830,1496,62,77,72,68,43,12
36.854778,1767,1496,109,82,55,25,1831,1488,85,61,74,69,41,13
36.864075,1758,1497,104,87,53,17,1829,1498,69,84,75,70,29,4
36.873184,1760,1495,105,87,56,17,1834,1491,85,60,79,66,42,11
36.882320,1757,1495,107,84,57,14,1836,1492,80,66,76,65,45,12
36.891098,1763,1495,107,85,57,19,1828,1499,71,77,69,64,37,11
36.900219,1764,1496,108,84,57,19,1836,1486,76,75,82,69,36,12
36.909687,1767,1495,109,84,57,22,1830,1498,71,70,84,60,35,12
36.918739,1763,1494,109,85,56,19,1831,1498,81,72,79,60,30,11
36.928238,1764,1494,105,88,57,20,1833,1495,65,81,83,54,47,8
36.936783,1759,1496,103,87,58,15,1830,1494,74,67,82,70,31,12
36.945667,1761,1495,104,87,59,16,1826,1484,83,71,84,64,31,9
36.954636,1760,1494,105,87,58,16,1824,1479,69,73,79,82,32,10
36.963318,1764,1495,103,86,61,19,1818,1490,64,75,82,66,35,6
36.972042,1764,1494,103,87,59,21,1814,1479,73,77,74,68,38,5
36.981342,1761,1495,104,84,60,18,1816,1492,66,82,71,64,36,5
36.990257,1762,1495,104,87,57,19,1819,1488,73,71,76,61,42,8
36.999603,1768,1494,105,85,59,25,1827,1496,65,84,70,65,33,14
37.008690,1755,1494,106,85,58,12,1820,1494,62,62,94,75,18,15
37.018353,1761,1493,106,86,59,17,1818,1487,74,61,82,75,31,8
37.027843,1761,1493,105,87,59,17,1805,1481,73,65,77,67,37,5
37.037022,1759,1494,103,90,57,15,1810,1489,71,62,78,62,44,4
37.046665,1755,1494,103,89,58,11,1813,1484,71,72,80,58,36,12
37.056278,1755,1494,99,93,57,12,1818,1479,80,79,76,66,29,9
37.065845,1768,1495,97,95,55,26,1811,1487,70,73,71,65,35,10
37.075268,1760,1495,99,92,55,19,1810,1481,60,96,59,63,44,7
37.084587,1762,1495,102,87,58,20,1813,1490,69,60,81,64,41,8
37.093872,1764,1496,101,87,58,22,1806,1486,66,69,78,69,30,8
37.103355,1763,1495,100,86,61,21,1810,1483,74,69,79,62,36,7
37.112129,1766,1497,98,85,62,24,1821,1483,69,76,82,62,43,6
37.121502,1757,1496,99,86,62,14,1828,1477,74,86,81,57,44,9
37.130932,1762,1497,98,87,61,19,1815,1486,74,77,73,61,37,7
37.140491,1762,1497,97,89,60,19,1818,1475,67,85,70,66,42,13
37.149860,1757,1497,95,90,61,14,1808,1470,79,65,89,56,40,9
37.159088,1761,1496,97,90,60,18,1812,1472,81,71,70,68,41,9
37.168262,1766,1497,95,89,62,23,1805,1459,80,86,81,60,29,10
37.177299,1763,1496,93,88,66,20,1807,1470,78,81,83,63,25,7
37.186172,1757,1496,92,88,68,13,1812,1470,72,91,73,47,48,11
37.195091,1762,1493,94,87,70,18,1810,1468,71,77,72,69,42,11
37.204178,1755,1494,97,83,71,10,1806,1480,74,74,78,62,31,7
37.214039,1760,1496,101,82,66,15,1802,1476,73,70,83,58,33,9
37.222885,1757,1496,99,81,69,12,1819,1474,74,78,70,66,44,13
37.231747,1764,1495,100,80,70,19,1813,1473,63,79,75,70,42,11
37.241219,1758,1496,97,79,72,14,1811,1481,75,76,66,66,39,8
37.250858,1760,1495,99,80,68,18,1804,1471,71,90,81,48,36,7
37.260212,1756,1495,100,79,68,14,1805,1470,71,81,86,53,35,9
37.269001,1755,1494,98,82,68,13,1813,1476,71,75,86,65,30,10
37.278603,1758,1495,99,81,66,17,1821,1477,79,83,81,59,30,12
37.287167,1764,1495,97,84,65,23,1818,1471,69,91,74,56,40,17
37.295658,1752,1496,95,85,65,11,1811,1467,77,73,87,57,43,7
37.304604,1767,1496,96,86,65,24,1814,1471,75,79,78,61,36,14
37.313606,1758,1497,94,90,62,15,1814,1475,79,74,71,55,46,14
37.322117,1766,1497,93,91,61,24,1818,1470,84,80,63,74,35,12
37.331264,1759,1496,98,87,61,17,1812,1471,75,67,82,69,37,11
37.340778,1758,1494,99,90,59,16,1801,1468,72,67,85,73,28,8
37.349293,1754,1493,98,91,60,12,1803,1463,75,71,68,66,46,14
37.357643,1765,1492,101,92,56,24,1804,1466,78,71,79,72,31,7
37.366028,1758,1493,99,93,56,17,1808,1471,64,72,86,73,31,11
37.374660,1756,1495,98,93,55,15,1810,1481,67,78,75,58,44,7
37.383850,1761,1493,101,89,59,19,1805,1469,73,74,83,64,34,8
37.393024,1755,1494,100,90,57,14,1809,1461,86,73,77,69,34,9
37.401745,1756,1495,101,89,51,20,1812,1469,74,78,76,77,30,8
37.410290,1754,1495,99,90,52,18,1816,1473,73,81,81,71,32,5
37.419014,1757,1494,101,86,54,22,1826,1464,79,74,89,62,45,13
37.428276,1746,1493,97,89,56,11,1817,1477,74,67,80,75,37,7
37.437473,1750,1493,96,90,56,15,1813,1471,73,75,75,63,44,12
37.446831,1751,1491,97,88,58,17,1818,1469,63,91,67,68,46,14
37.455704,1746,1490,96,90,58,12,1816,1468,75,76,85,64,38,10
37.464848,1751,1490,96,90,59,16,1821,1465,75,88,71,67,43,12
37.473873,1765,1491,98,88,59,29,1825,1470,78,72,86,67,39,13
37.482571,1760,1489,96,88,63,24,1812,1458,76,87,74,66,39,12
37.491398,1758,1488,98,88,62,22,1804,1477,63,80,72,66,34,12
37.500866,1757,1486,100,87,64,20,1800,1480,70,76,69,57,38,10
37.509838,1752,1486,101,84,66,15,1807,1467,71,71,87,60,41,10
37.519066,1755,1486,100,85,65,19,1811,1465,79,74,75,66,33,19
37.528347,1756,1488,101,82,65,20,1808,1481,71,57,83,65,38,13
37.538132,1749,1488,104,80,65,12,1801,1485,74,62,82,58,35,5
37.547424,1749,1489,102,81,64,13,1815,1479,60,83,72,71,41,9
37.556713,1749,1489,101,82,64,13,1805,1476,69,73,82,70,30,5
37.565887,1753,1487,102,80,67,17,1814,1479,74,73,70,68,42,8
37.574886,1752,1487,102,79,67,17,1805,1476,76,71,84,58,34,6
37.584530,1755,1487,104,77,67,20,1807,1478,71,74,74,67,32,11
37.593975,1746,1488,105,75,67,11,1807,1479,61,68,81,73,35,10
37.603081,1757,1490,103,76,66,22,1801,1471,71,80,65,76,31,7
37.612152,1750,1489,104,74,68,15,1794,1478,68,74,77,51,37,9
37.621666,1757,1487,103,80,64,23,1799,1476,69,71,86,52,34,11
37.630714,1752,1488,104,79,64,17,1803,1463,74,84,83,52,32,15
37.639942,1749,1487,105,77,66,14,1809,1457,72,71,84,71,40,14
37.648834,1752,1488,100,82,64,18,1814,1472,80,83,64,60,41,14
37.658268,1750,1487,102,83,62,16,1813,1478,69,78,72,66,38,12
37.667347,1747,1487,103,82,62,13,1821,1471,90,66,73,66,44,11
37.676033,1750,1487,102,82,61,18,1816,1464,80,77,74,67,48,6
37.685310,1752,1487,103,81,62,19,1819,1470,82,70,78,68,41,10
37.694271,1750,1487,103,81,62,17,1821,1464,84,77,75,61,50,10
37.703320,1758,1486,106,79,62,25,1817,1489,67,83,65,67,34,12
37.712219,1749,1486,105,78,64,16,1819,1481,75,68,81,70,38,6
37.721344,1747,1486,101,82,62,16,1817,1483,73,74,82,63,38,4
37.730236,1750,1485,104,79,60,22,1818,1477,77,65,77,64,44,14
37.738602,1749,1486,105,76,61,21,1813,1482,68,77,69,66,43,8
37.747959,1749,1486,105,74,63,21,1808,1479,65,76,67,74,39,8
37.756893,1744,1486,105,74,63,16,1811,1482,69,70,83,52,39,16
37.766197,1749,1485,107,72,67,18,1803,1464,77,71,64,79,36,12
37.775627,1745,1485,107,72,67,14,1804,1480,74,72,70,69,32,7
37.785633,1745,1485,107,72,67,14,1802,1477,74,59,78,69,36,9
37.795303,1749,1486,104,74,67,18,1805,1467,61,90,74,68,36,9
37.803505,1747,1485,102,76,67,17,1798,1470,78,58,66,85,32,9
37.812946,1744,1484,102,76,68,14,1802,1467,79,71,76,66,34,9
37.822357,1748,1486,102,76,66,18,1795,1476,74,63,72,74,27,9
37.831299,1745,1484,104,74,67,16,1807,1468,73,78,73,65,35,15
37.840958,1744,1484,104,75,68,13,1802,1468,62,76,80,66,35,15
37.850288,1746,1482,103,78,67,16,1799,1470,72,61,81,69,37,9
37.859879,1742,1485,100,78,67,12,1803,1470,74,75,74,66,34,10
37.869194,1749,1486,100,78,66,19,1801,1464,71,85,65,76,34,6
37.878494,1746,1485,101,79,65,16,1806,1470,74,71,77,67,34,13
37.888397,1756,1485,102,80,63,26,1807,1474,74,84,75,57,35,8
37.897236,1749,1483,103,79,64,20,1808,1473,77,66,76,61,41,14
37.906147,1740,1481,103,79,64,13,1799,1466,85,65,75,58,41,9
37.915115,1750,1481,99,83,65,22,1811,1479,63,86,68,64,43,8
37.924145,1749,1481,99,84,65,20,1813,1469,76,65,86,62,48,7
37.932755,1751,1480,100,87,64,20,1823,1468,75,70,72,83,42,13
37.941109,1743,1479,100,88,63,13,1825,1469,79,75,69,65,55,13
37.950722,1759,1479,98,89,64,29,1806,1466,68,84,79,66,37,6
37.959007,1743,1480,97,92,61,13,1807,1467,79,65,77,66,44,9
37.968060,1746,1480,98,89,64,15,1796,1467,82,64,80,56,40,7
37.977196,1746,1478,99,88,66,15,1801,1476,68,79,59,63,48,8
37.987141,1745,1476,98,91,65,15,1793,1456,84,75,69,63,38,8
37.996510,1747,1476,98,92,64,17,1802,1461,77,80,80,57,37,10
38.005665,1744,1476,95,97,62,14,1795,1478,71,79,71,59,29,8
38.015629,1748,1477,96,97,59,19,1791,1462,88,68,71,63,35,4
38.025017,1742,1476,98,94,61,13,1784,1463,75,77,68,62,35,4
38.034489,1735,1475,99,93,62,6,1790,1449,81,83,68,59,36,14
38.043797,1749,1475,99,93,61,21,1790,1454,79,66,85,64,34,8
38.053253,1743,1476,98,93,60,16,1791,1474,69,69,67,65,34,13
38.062851,1736,1476,99,89,63,9,1785,1462,78,59,68,74,35,9
38.072853,1740,1472,103,85,67,13,1794,1470,77,62,75,66,30,14
38.082508,1746,1472,103,85,67,19,1793,1470,72,75,64,69,35,8
38.091965,1741,1471,103,86,67,14,1799,1483,66,70,77,55,35,13
38.101814,1742,1472,102,86,68,14,1793,1487,61,62,71,66,36,10
38.111267,1742,1472,103,83,70,14,1787,1471,68,65,75,69,34,5
38.120922,1744,1471,100,86,72,15,1788,1471,75,63,79,57,34,9
38.131615,1744,1472,100,85,72,15,1790,1460,85,61,77,57,33,17
38.141735,1748,1472,100,85,72,19,1786,1467,82,66,68,61,32,10
38.151356,1744,1474,101,82,73,14,1781,1463,73,75,72,55,31,12
38.160549,1751,1472,103,79,75,22,1788,1456,74,67,76,65,42,8
38.169754,1744,1472,102,80,74,16,1782,1456,84,65,74,70,25,8
38.179939,1747,1473,102,80,73,19,1781,1468,59,94,59,61,27,13
38.190521,1743,1473,100,82,73,15,1775,1453,79,61,69,69,37,7
38.200371,1741,1474,100,84,71,12,1781,1457,84,63,63,69,37,8
38.209885,1745,1475,100,85,71,14,1788,1468,69,80,74,56,30,11
38.219337,1749,1473,100,85,71,20,1790,1462,70,76,82,61,28,11
38.228577,1750,1473,96,86,74,21,1790,1463,67,72,88,52,38,10
38.238159,1743,1474,96,87,71,15,1789,1470,77,61,67,69,35,10
38.247334,1741,1474,96,88,69,14,1785,1470,71,73,79,51,35,6
38.256676,1737,1473,92,92,70,10,1791,1463,76,74,68,65,38,7
38.266178,1745,1473,89,95,70,18,1795,1471,77,74,62,65,33,13
38.275826,1744,1475,87,94,71,17,1793,1457,91,65,57,68,45,10
38.285973,1747,1475,86,97,69,20,1782,1465,72,71,61,65,41,7
38.295544,1743,1476,87,97,69,14,1787,1468,74,71,62,64,36,12
38.305595,1740,1476,88,96,69,11,1784,1467,76,77,65,60,29,10
38.315956,1739,1475,88,97,69,10,1784,1467,73,79,56,69,34,6
38.325626,1752,1477,85,97,72,21,1787,1475,65,72,73,55,38,9
38.335247,1748,1476,83,101,70,18,1791,1467,66,80,64,61,38,15
38.344669,1749,1476,83,101,70,19,1788,1461,80,74,60,71,32,10
38.354263,1743,1478,81,105,67,12,1796,1449,81,77,62,73,39,15
38.363621,1745,1478,79,107,65,16,1794,1469,71,68,74,61,37,14
38.373272,1745,1478,79,108,64,16,1793,1458,78,80,64,68,36,9
38.382492,1746,1477,79,111,61,18,1794,1475,72,88,63,52,35,9
38.391994,1746,1477,77,114,61,17,1799,1465,81,69,66,71,39,8
38.401814,1741,1477,77,114,61,12,1803,1465,63,73,74,74,37,17
38.411232,1742,1478,80,111,61,12,1797,1464,74,71,77,69,32,10
38.420879,1750,1477,83,109,60,21,1800,1460,84,69,75,67,30,15
38.430283,1743,1477,88,107,57,14,1793,1468,72,72,80,60,34,7
38.440559,1743,1477,90,102,61,13,1799,1461,83,76,69,67,30,13
38.450146,1744,1477,92,100,60,15,1802,1474,79,80,69,55,33,12
38.458530,1745,1477,94,99,59,16,1805,1474,85,71,83,45,39,8
38.468193,1743,1479,94,101,56,13,1797,1484,65,78,68,61,30,11
38.478443,1751,1480,94,101,55,21,1793,1469,70,73,83,54,36,8
38.488251,1735,1478,96,101,52,8,1796,1471,72,76,71,63,36,7
38.497631,1740,1476,99,102,51,12,1794,1454,84,85,64,65,34,8
38.506546,1744,1474,101,102,53,14,1804,1458,76,74,75,60,48,13
38.515385,1748,1474,103,98,56,17,1815,1462,73,86,71,67,39,17
38.523911,1748,1474,100,104,51,19,1809,1464,78,74,82,65,36,10
38.533237,1741,1475,97,100,52,17,1808,1471,77,72,59,64,53,12
38.542324,1740,1475,98,99,52,16,1814,1462,84,79,71,57,49,12
38.551224,1739,1475,97,99,52,16,1806,1462,76,79,81,62,35,11
38.560326,1743,1474,99,98,52,20,1805,1470,77,80,69,62,36,11
38.570442,1744,1474,100,97,51,22,1797,1467,71,75,79,68,31,6
38.579609,1741,1474,99,97,52,19,1808,1463,76,81,71,61,42,14
38.588856,1734,1473,98,97,54,12,1806,1465,83,70,75,67,37,9
38.597767,1743,1473,95,99,54,22,1811,1471,82,79,75,67,32,5
38.606602,1739,1471,97,97,55,19,1818,1482,68,83,67,71,36,11
38.615379,1734,1470,102,92,56,14,1818,1459,77,74,91,65,35,17
38.624432,1738,1470,104,90,55,19,1804,1453,98,74,75,57,42,5
38.633358,1740,1471,102,92,54,21,1810,1456,89,79,80,56,39,11
38.641998,1736,1472,102,90,55,17,1817,1459,73,84,83,68,36,14
38.650410,1740,1474,101,90,56,19,1811,1465,80,85,74,65,33,9
38.659859,1733,1474,100,89,56,14,1803,1457,84,72,83,60,42,5
38.668438,1734,1473,100,87,58,16,1805,1455,82,60,86,66,43,13
38.677063,1736,1471,99,88,60,18,1798,1448,87,79,73,70,36,5
38.686424,1737,1472,99,87,62,17,1796,1463,72,88,81,49,33,10
38.695610,1740,1469,103,84,63,21,1796,1455,78,81,70,66,36,10
38.704536,1739,1469,102,85,63,20,1797,1460,78,73,80,58,36,12
38.714737,1735,1468,101,90,59,17,1799,1457,90,71,72,61,45,3
38.724266,1736,1468,102,85,62,19,1797,1460,82,79,62,69,35,10
38.734104,1738,1468,102,85,62,21,1792,1472,76,73,67,67,28,9
38.743130,1733,1467,103,88,58,17,1800,1470,70,71,79,57,39,14
38.752346,1728,1466,104,87,60,11,1790,1456,79,64,80,66,34,11
38.761784,1738,1467,103,86,60,22,1787,1459,73,78,63,61,43,10
38.771679,1725,1466,102,86,62,9,1789,1448,83,72,71,65,33,17
38.781403,1733,1465,104,83,63,18,1779,1466,70,82,64,47,38,12
38.790852,1726,1468,104,81,62,11,1772,1464,68,68,76,49,40,7
38.800949,1731,1465,105,79,65,17,1779,1459,74,67,70,53,43,13
38.810265,1733,1465,104,79,67,18,1779,1454,80,68,74,61,34,8
38.820332,1727,1465,104,79,66,13,1775,1458,72,74,67,45,48,11
38.829544,1728,1464,102,82,66,14,1777,1456,83,68,56,66,37,11
38.839397,1729,1464,100,84,66,15,1775,1462,74,72,58,72,26,11
38.848999,1726,1466,99,85,64,12,1772,1457,78,76,66,55,32,8
38.859661,1734,1466,98,88,62,20,1772,1450,78,73,64,60,35,12
38.869213,1726,1461,103,87,63,12,1774,1454,81,62,67,66,36,8
38.879391,1733,1458,103,89,65,18,1767,1456,81,73,54,62,27,14
38.889111,1730,1457,104,90,63,16,1757,1442,75,80,71,51,32,6
38.900066,1729,1455,105,93,61,15,1767,1454,76,68,74,50,32,13
38.910194,1733,1455,107,90,62,19,1762,1459,73,72,65,55,33,5
38.920506,1740,1454,108,90,62,26,1774,1451,82,65,56,74,31,15
38.929787,1737,1453,109,90,63,22,1776,1450,87,51,73,69,32,14
38.939701,1729,1451,110,90,64,14,1775,1459,77,69,55,77,28,10
38.950130,1729,1450,110,93,63,13,1772,1463,71,75,66,56,30,11
38.960411,1731,1451,107,93,65,15,1774,1464,68,63,65,70,37,7
38.970043,1730,1451,107,90,68,14,1780,1460,71,69,71,56,40,13
38.979782,1733,1452,107,88,69,17,1773,1472,75,69,71,53,23,10
38.989883,1731,1453,110,84,68,16,1767,1465,76,69,63,47,42,5
38.999718,1732,1455,110,86,65,16,1774,1459,79,66,75,60,25,10
39.009586,1728,1454,111,85,64,14,1767,1459,78,59,70,56,37,8
39.019569,1725,1454,114,83,62,12,1767,1451,91,64,71,59,24,7
39.030148,1734,1454,115,83,62,20,1769,1461,81,66,77,60,20,4
39.039841,1737,1454,117,82,61,23,1780,1464,72,85,61,57,32,9
39.049446,1725,1454,116,82,61,12,1779,1460,78,67,67,60,33,14
39.059807,1727,1452,118,80,63,14,1770,1458,82,63,69,58,31,9
39.070072,1725,1452,118,81,62,12,1765,1463,73,67,63,61,32,6
39.080318,1726,1452,118,80,62,14,1773,1457,70,73,58,66,37,12
39.090317,1728,1449,117,82,63,17,1757,1454,69,81,65,57,23,8
39.100708,1723,1450,116,83,60,14,1755,1454,78,71,67,47,32,6
39.110970,1727,1449,117,87,58,16,1762,1451,71,86,74,46,26,8
39.121376,1732,1448,114,91,58,21,1770,1448,82,55,71,76,22,16
39.131416,1729,1447,115,88,60,19,1768,1451,85,55,72,68,31,6
39.141048,1725,1449,113,87,60,16,1776,1448,69,80,73,64,34,8
39.151016,1723,1450,112,86,61,14,1778,1452,81,66,71,66,34,8
39.160835,1720,1450,109,87,62,12,1784,1453,76,88,48,64,40,15
39.170563,1723,1449,111,85,62,16,1787,1445,82,78,77,58,36,11
39.179829,1730,1448,111,85,63,23,1786,1456,71,79,68,72,28,12
39.189083,1720,1448,110,87,61,14,1777,1454,85,71,78,53,28,8
39.199085,1723,1448,110,87,61,17,1780,1457,62,76,64,82,34,5
39.208244,1717,1448,109,88,61,11,1782,1442,83,67,83,60,37,10
39.218582,1720,1448,108,84,65,15,1772,1457,78,69,80,56,30,2
39.228626,1714,1446,108,84,66,10,1783,1451,71,73,72,68,40,8
39.237804,1719,1447,108,86,63,15,1783,1450,77,77,70,64,35,10
39.247753,1714,1447,106,86,65,10,1778,1451,75,75,68,65,32,12
39.257435,1714,1446,105,90,64,9,1771,1445,78,65,61,70,45,7
39.266701,1720,1448,104,87,66,15,1774,1450,78,69,62,69,34,12
39.276157,1728,1447,102,90,66,23,1780,1451,71,78,69,63,38,10
39.285149,1721,1447,106,90,63,15,1791,1449,95,67,72,58,40,10
39.294582,1725,1445,109,90,62,19,1793,1447,85,77,70,75,31,8
39.303528,1729,1443,109,94,60,23,1795,1452,85,73,76,58,45,6
39.312649,1722,1442,109,97,58,16,1793,1461,77,74,69,68,36,8
39.322033,1726,1442,109,96,59,20,1799,1448,82,75,73,78,29,14
39.330555,1725,1442,111,97,56,19,1785,1453,76,73,70,65,40,8
39.340157,1720,1441,112,99,55,13,1785,1442,88,77,67,69,35,7
39.350082,1725,1444,108,100,55,18,1783,1445,80,70,75,65,39,9
39.359230,1722,1444,110,99,55,14,1775,1441,85,69,78,63,36,3
39.368389,1719,1443,111,96,59,10,1784,1444,79,76,73,77,33,2
39.377544,1728,1444,109,96,60,19,1793,1440,81,70,79,72,42,9
39.386108,1733,1442,108,99,60,24,1791,1455,77,58,86,57,42,16
39.395264,1724,1441,110,97,62,14,1787,1453,81,67,70,63,39,14
39.404999,1727,1442,109,98,61,17,1785,1434,86,70,77,70,39,9
39.414352,1726,1441,110,99,59,17,1782,1435,88,67,82,64,37,9
39.423706,1728,1443,110,98,58,19,1782,1437,93,65,79,59,43,6
39.432739,1726,1445,107,100,59,15,1785,1442,78,79,66,67,42,11
39.441425,1726,1448,102,103,59,14,1783,1446,93,76,70,58,33,7
39.450310,1728,1447,101,105,60,15,1787,1446,88,60,83,68,29,13
39.459530,1734,1446,102,101,61,24,1783,1450,73,78,74,56,39,13
39.468784,1722,1446,102,100,62,12,1773,1448,80,72,68,66,31,8
39.478130,1736,1446,100,106,56,28,1784,1457,86,61,74,68,31,7
39.487141,1727,1447,99,104,58,19,1781,1446,82,71,73,66,32,11
39.495987,1722,1445,103,101,59,14,1783,1449,77,73,81,49,42,12
39.505547,1729,1447,100,105,56,21,1791,1443,89,64,76,60,42,17
39.514336,1723,1446,101,103,56,17,1788,1447,91,63,75,63,42,7
39.523228,1720,1444,102,104,55,15,1788,1441,82,79,62,69,46,9
39.531879,1717,1442,103,102,58,12,1790,1438,84,75,82,74,27,10
39.540840,1723,1442,103,102,57,19,1787,1448,77,80,77,60,36,9
39.549347,1728,1443,102,105,54,24,1778,1437,78,74,78,69,35,7
39.558346,1718,1441,102,106,54,15,1775,1431,89,75,67,53,49,11
39.567234,1717,1441,104,103,54,15,1778,1442,80,84,68,60,37,7
39.576397,1719,1441,108,98,57,15,1779,1446,82,73,83,51,38,6
39.586040,1722,1441,106,96,61,18,1779,1446,82,68,79,55,38,11
39.595253,1723,1441,107,97,60,18,1783,1436,89,68,84,60,37,9
39.604786,1723,1441,108,98,58,18,1785,1432,101,73,74,60,37,8
39.613453,1719,1440,110,97,58,14,1782,1450,71,84,67,61,40,9
39.622566,1726,1440,110,95,60,21,1786,1441,83,93,77,50,34,8
39.631245,1723,1440,111,95,60,17,1779,1432,89,85,78,64,25,6
39.640495,1726,1440,108,98,60,20,1779,1448,79,71,83,57,34,7
39.649860,1717,1440,107,101,58,11,1786,1446,73,83,72,57,43,12
39.659069,1726,1441,107,100,58,20,1785,1443,75,85,76,69,28,9
39.667934,1728,1440,108,99,62,19,1789,1454,78,79,70,55,38,15
39.677288,1732,1439,112,96,63,22,1782,1442,76,81,66,65,41,11
39.686672,1725,1439,112,96,63,15,1782,1449,78,67,89,60,30,9
39.696659,1729,1444,109,94,63,19,1781,1447,79,70,80,65,35,5
39.706085,1730,1443,113,95,58,21,1781,1444,87,77,73,59,35,6
39.715282,1725,1443,112,93,61,16,1794,1436,89,66,79,79,34,11
39.724625,1724,1443,111,92,63,15,1788,1452,82,76,93,47,32,6
39.733715,1731,1442,109,95,64,21,1800,1447,81,70,75,75,42,10
39.742294,1728,1444,110,91,65,18,1800,1440,71,85,86,71,39,8
39.751213,1738,1442,108,90,69,29,1793,1447,87,75,74,66,35,9
39.759995,1721,1443,109,90,67,12,1796,1448,85,81,78,62,32,10
39.768661,1732,1442,112,87,69,22,1795,1460,76,77,75,53,42,12
39.777416,1728,1442,111,88,70,17,1799,1439,78,73,94,61,44,10
39.786423,1734,1442,111,87,72,22,1795,1452,73,71,83,65,41,10
39.795654,1720,1443,109,86,74,8,1799,1443,89,56,86,72,44,9
39.804821,1729,1443,109,88,72,17,1804,1444,85,77,77,67,44,10
39.812927,1735,1444,110,90,68,23,1800,1456,68,84,72,71,38,11
39.821873,1729,1443,107,92,71,16,1801,1458,70,88,85,44,45,11
39.831108,1735,1442,108,91,71,23,1796,1458,71,73,69,68,47,10
39.840168,1727,1442,107,91,71,16,1794,1430,91,80,78,74,34,7
39.848484,1721,1443,108,91,67,12,1790,1432,70,83,88,73,34,10
39.857628,1725,1443,107,93,66,16,1793,1444,76,79,81,68,35,10
39.866550,1734,1443,107,96,65,23,1784,1440,87,73,85,65,24,10
39.875801,1727,1443,107,96,64,17,1781,1443,81,80,65,65,44,3
39.885262,1731,1443,108,94,65,21,1783,1441,83,78,78,61,35,7
39.893879,1728,1443,110,91,67,17,1787,1447,90,68,82,62,32,6
39.903080,1728,1442,112,90,66,18,1790,1444,80,80,77,70,32,7
39.911770,1728,1443,113,90,63,19,1790,1447,84,78,70,70,34,7
39.920940,1724,1443,113,89,64,15,1786,1453,83,68,80,56,39,7
39.930363,1733,1445,110,90,64,24,1786,1448,96,68,72,58,37,7
39.939678,1723,1445,108,91,64,15,1787,1443,80,87,71,56,46,4
39.948414,1721,1445,110,88,66,12,1793,1436,97,69,63,67,45,16
39.957340,1732,1444,110,91,64,23,1807,1443,89,72,79,67,45,12
39.965931,1719,1446,107,93,62,11,1802,1434,85,79,67,70,55,12
39.974640,1726,1445,108,94,61,18,1793,1439,80,70,73,91,33,7
39.982708,1719,1445,111,92,59,12,1796,1451,86,81,76,60,37,5
39.991066,1726,1445,111,92,59,19,1799,1434,81,84,80,75,33,12
39.999420,1731,1445,110,93,60,23,1794,1448,73,72,93,67,31,10
40.007683,1724,1444,112,93,59,16,1801,1437,74,92,74,74,39,11
40.015995,1729,1444,112,93,61,19,1798,1440,85,76,82,70,35,10
40.025337,1734,1443,109,96,63,23,1801,1447,86,77,79,68,30,14
40.033726,1733,1443,108,97,61,24,1803,1437,94,91,74,66,36,5
40.042065,1725,1443,107,98,59,18,1815,1441,93,74,76,71,44,16
40.050697,1721,1445,106,99,56,15,1810,1438,92,84,74,69,40,13
40.059048,1720,1444,106,101,55,14,1816,1443,91,80,78,68,44,12
40.067150,1729,1443,105,102,58,21,1811,1445,77,88,77,73,43,8
40.075127,1723,1442,105,103,57,16,1814,1445,74,92,76,74,41,12
40.083149,1725,1445,101,102,59,18,1817,1443,88,85,76,70,44,11
40.091473,1714,1444,103,101,59,7,1814,1443,83,94,75,65,44,10
40.099964,1720,1441,105,100,61,13,1811,1451,89,72,85,74,35,5
40.108681,1734,1444,101,101,62,26,1805,1452,71,80,89,67,43,3
40.117626,1728,1446,99,100,62,21,1804,1448,76,86,66,87,30,11
40.126457,1717,1444,99,100,62,12,1797,1446,78,72,87,65,39,10
40.135303,1721,1444,100,100,61,16,1801,1443,72,78,76,79,40,13
40.144169,1725,1443,100,101,60,21,1802,1445,72,96,68,68,46,7
40.152863,1717,1441,100,100,64,12,1800,1445,76,87,75,71,38,8
40.161568,1724,1440,101,101,63,19,1796,1440,85,68,77,68,41,17
40.170082,1722,1440,101,101,63,17,1791,1448,90,70,81,65,32,5
40.179272,1717,1444,97,103,63,10,1788,1440,86,87,68,74,28,5
40.188374,1716,1444,98,101,63,10,1788,1439,84,82,72,63,38,10
40.197590,1716,1442,101,96,64,13,1778,1440,84,68,62,67,46,11
40.206253,1717,1443,102,96,62,14,1776,1436,83,75,67,64,41,10
40.215786,1721,1443,102,94,64,18,1776,1434,84,72,74,64,39,9
40.224491,1722,1443,103,93,64,19,1784,1438,80,62,77,64,49,14
40.233524,1716,1442,108,89,63,14,1774,1437,78,67,74,69,44,5
40.242886,1719,1443,107,89,64,16,1784,1436,76,75,72,67,40,18
40.251682,1723,1445,104,90,65,19,1785,1438,83,60,87,71,35,11
40.260639,1721,1445,102,88,69,17,1787,1440,77,79,82,67,34,8
40.268902,1717,1444,100,90,70,13,1788,1435,82,80,67,67,46,11
40.277451,1725,1444,100,89,71,21,1792,1443,81,67,73,78,36,14
40.286507,1718,1445,99,89,71,14,1785,1442,78,77,63,79,34,12
40.295620,1722,1445,101,89,69,18,1777,1442,87,83,60,60,31,14
40.305225,1722,1446,101,89,70,16,1771,1440,83,78,70,53,36,11
40.314816,1724,1447,101,86,70,20,1771,1448,82,70,64,58,42,7
40.324501,1721,1450,97,88,70,16,1770,1444,86,70,75,59,28,8
40.334637,1720,1452,94,89,69,16,1766,1450,81,61,71,59,38,6
40.344444,1723,1450,96,87,70,20,1770,1441,78,72,71,62,36,10
40.353607,1714,1449,97,87,69,12,1777,1448,78,79,65,64,33,10
40.362514,1714,1449,97,87,69,12,1776,1443,79,84,71,46,42,11
40.372269,1716,1448,96,89,69,14,1773,1446,75,69,77,63,33,10
40.381386,1715,1447,96,91,67,14,1774,1438,81,70,68,71,36,10
40.391083,1715,1447,94,95,65,14,1777,1439,79,72,83,63,34,7
40.400478,1719,1446,95,95,65,18,1779,1459,65,83,74,59,29,10
40.409477,1724,1445,92,99,65,23,1780,1452,77,71,81,54,36,9
40.418655,1717,1444,93,101,62,17,1774,1449,76,71,70,61,37,10
40.427998,1718,1444,92,104,60,18,1786,1443,87,73,70,62,38,13
40.437206,1713,1445,92,105,57,14,1785,1443,84,81,64,54,48,11
40.446323,1716,1445,91,105,58,17,1783,1445,76,71,80,58,38,15
40.455025,1716,1445,92,107,55,17,1779,1442,80,69,77,65,34,12
40.464443,1711,1447,90,107,56,11,1774,1441,78,77,71,57,34,16
40.474365,1713,1444,93,106,56,14,1772,1448,81,65,72,73,25,8
40.483730,1719,1443,93,106,57,20,1774,1457,80,73,80,47,35,2
40.493099,1712,1444,94,106,55,13,1778,1445,81,61,72,74,33,12
40.502155,1722,1444,94,103,58,23,1775,1442,84,76,62,64,36,11
40.511494,1718,1446,92,105,55,20,1782,1445,79,70,79,64,33,12
40.520267,1713,1447,92,103,56,15,1778,1436,91,73,71,58,40,9
40.529697,1716,1446,93,104,55,18,1773,1437,85,69,87,59,28,8
40.539322,1713,1444,97,100,55,17,1783,1425,85,77,74,73,42,7
40.549309,1711,1444,97,101,54,15,1784,1437,86,68,79,73,28,13
40.558128,1710,1443,99,99,55,14,1785,1437,81,86,74,56,36,15
40.567173,1716,1442,97,104,53,20,1785,1444,80,72,68,64,37,20
40.576370,1714,1441,99,101,55,18,1776,1432,80,85,64,65,39,11
40.585155,1710,1440,98,100,59,13,1775,1443,73,72,80,63,38,6
40.594196,1717,1438,102,97,62,18,1785,1451,72,82,65,70,32,13
40.603088,1722,1439,103,99,60,21,1793,1447,73,86,79,62,35,11
40.611862,1719,1441,101,98,62,17,1788,1445,81,79,72,67,29,15
40.620819,1722,1441,101,102,58,20,1786,1456,86,67,78,55,35,9
40.629715,1709,1442,100,101,58,8,1779,1440,87,71,78,56,44,3
40.639141,1716,1442,100,99,61,14,1780,1447,76,74,70,70,33,10
40.648182,1714,1443,101,97,60,13,1790,1447,86,71,69,68,40,9
40.657116,1720,1444,103,93,61,19,1786,1445,77,74,72,72,37,9
40.666534,1719,1445,101,94,60,19,1776,1445,81,64,73,68,39,6
40.676369,1712,1446,104,88,61,13,1778,1458,72,70,62,71,35,10
40.685345,1713,1445,103,89,63,13,1773,1446,88,79,71,59,28,2
40.694576,1719,1442,105,89,64,19,1786,1444,81,83,63,70,33,12
40.703865,1719,1445,100,90,65,19,1773,1448,78,57,81,66,33,10
40.714348,1713,1446,98,93,63,13,1759,1446,75,70,69,53,40,6
40.723991,1715,1446,98,93,63,15,1759,1445,73,66,67,69,29,10
40.733311,1715,1447,99,93,62,14,1763,1447,76,59,69,63,44,5
40.743706,1715,1447,98,93,62,15,1768,1447,66,72,70,64,38,11
40.752987,1721,1450,92,94,65,20,1769,1451,68,70,63,62,47,8
40.762775,1711,1451,92,96,62,10,1780,1453,64,76,66,68,39,14
40.772717,1714,1450,94,91,66,13,1776,1449,78,64,81,54,37,13
40.781479,1717,1451,93,91,66,16,1778,1466,66,66,64,67,40,9
40.791096,1720,1449,94,91,67,19,1773,1459,76,79,54,61,34,10
40.800743,1720,1447,94,89,70,20,1767,1455,64,83,60,62,36,7
40.810936,1714,1447,95,88,70,14,1762,1453,78,66,66,63,28,8
40.821285,1719,1448,96,86,72,17,1765,1458,68,73,61,59,36,10
40.831238,1714,1448,96,84,74,12,1754,1449,74,80,61,39,45,6
40.842010,1718,1448,96,86,72,16,1757,1464,68,73,48,56,34,14
40.852123,1721,1446,99,84,72,20,1760,1440,76,78,60,53,41,12
40.862385,1715,1445,102,77,77,14,1765,1445,78,79,54,64,33,12
40.872681,1722,1445,102,78,76,21,1763,1449,72,72,69,56,36,9
40.882469,1715,1447,99,77,77,15,1763,1456,68,74,63,58,38,6
40.892406,1719,1452,94,82,72,19,1760,1448,80,74,64,51,37,6
40.902660,1711,1453,92,82,71,13,1754,1448,75,69,47,71,37,7
40.913376,1710,1453,93,82,71,11,1753,1448,66,73,61,58,37,10
40.923737,1715,1454,90,84,71,16,1769,1448,76,62,57,63,48,15
40.933083,1711,1452,89,90,68,12,1764,1436,86,60,73,55,47,7
40.943321,1713,1454,88,91,65,15,1764,1452,68,56,77,65,32,14
40.952946,1716,1454,88,92,64,18,1771,1450,75,66,59,64,46,11
40.962658,1712,1453,91,89,65,14,1773,1449,72,74,60,63,47,8
40.971848,1714,1450,90,96,61,17,1769,1451,65,75,64,58,47,9
40.981441,1714,1450,89,97,61,17,1762,1459,59,68,55,82,29,10
40.991783,1718,1449,89,100,60,20,1763,1456,78,65,66,53,36,9
41.001942,1712,1449,88,100,62,13,1762,1428,89,75,75,59,26,10
41.011604,1715,1450,87,102,60,16,1762,1437,69,80,70,69,28,9
41.021557,1723,1450,85,105,58,25,1767,1445,74,75,60,67,34,12
41.030968,1714,1450,86,107,55,16,1768,1445,79,77,63,56,40,8
41.040512,1717,1450,85,107,56,19,1770,1450,87,54,76,61,36,6
41.050022,1711,1450,85,107,57,12,1766,1449,78,65,69,65,34,6
41.060463,1715,1451,87,101,60,16,1756,1460,67,63,59,66,35,6
41.071049,1710,1449,93,97,58,13,1755,1435,82,57,79,65,31,6
41.081379,1707,1454,89,92,62,10,1756,1440,70,71,64,64,41,6
41.091282,1715,1452,92,91,61,19,1751,1447,69,68,75,53,31,8
41.100552,1716,1449,93,92,62,20,1753,1441,68,73,61,57,44,9
41.110260,1706,1449,94,90,63,10,1749,1440,73,71,67,54,34,10
41.121189,1707,1450,92,94,60,11,1740,1442,68,68,62,58,32,10
41.131569,1707,1449,92,93,60,13,1747,1447,62,67,65,64,33,9
41.141590,1705,1450,92,94,58,11,1743,1438,70,66,64,58,41,6
41.151928,1711,1449,96,90,58,18,1749,1446,67,70,60,59,38,9
41.161201,1715,1449,96,89,60,21,1761,1444,77,66,58,68,34,14
41.171539,1702,1447,98,88,59,10,1761,1443,62,71,77,62,31,15
41.180809,1717,1448,97,90,59,23,1770,1451,74,66,69,64,39,7
41.190201,1710,1448,96,91,58,17,1761,1442,84,69,70,61,26,9
41.199730,1707,1446,97,90,59,15,1767,1447,78,67,59,68,35,13
41.209320,1713,1446,98,90,58,21,1772,1444,71,71,66,75,39,6
41.218792,1709,1445,98,90,58,18,1774,1438,76,64,79,61,46,10
41.227222,1708,1445,98,91,56,18,1780,1444,77,71,61,78,33,16
41.236691,1708,1447,96,90,57,18,1772,1452,69,66,74,67,36,8
41.245796,1708,1446,98,88,59,17,1766,1437,76,65,80,54,43,11
41.255520,1705,1447,98,88,60,12,1764,1449,66,83,65,54,34,13
41.265182,1709,1447,98,87,61,16,1757,1451,75,77,58,55,34,7
41.274731,1706,1448,98,86,60,14,1762,1441,82,77,77,54,28,3
41.284710,1707,1448,98,86,60,15,1760,1450,73,71,76,43,42,5
41.294804,1704,1446,97,85,64,12,1761,1442,72,70,76,57,34,10
41.304050,1702,1445,95,90,58,14,1768,1441,75,77,49,66,45,15
41.313984,1697,1441,94,90,63,9,1758,1443,69,71,59,73,35,8
41.323631,1708,1440,94,91,62,21,1743,1439,74,64,60,54,43,9
41.334221,1693,1439,96,91,60,7,1731,1429,63,89,54,58,29,9
41.345207,1694,1439,96,93,58,8,1733,1432,79,69,63,42,37,11
41.356335,1699,1438,98,90,58,15,1729,1421,76,70,62,55,37,8
41.367191,1696,1441,92,94,58,11,1730,1428,79,55,73,53,31,11
41.377621,1693,1438,95,96,55,9,1735,1429,70,76,64,50,33,13
41.388279,1689,1438,95,96,54,6,1727,1425,77,63,70,56,30,6
41.399338,1695,1435,102,90,56,12,1725,1438,73,63,69,44,32,6
41.409836,1693,1440,99,91,53,10,1733,1420,80,67,62,65,33,6
41.420349,1697,1440,99,90,54,14,1739,1438,63,78,58,64,28,10
41.430573,1694,1439,100,89,54,12,1740,1434,72,69,68,53,34,10
41.440338,1702,1439,99,90,55,19,1755,1441,68,66,72,57,34,17
41.450577,1701,1440,95,92,53,21,1753,1440,77,55,75,62,38,6
41.460190,1693,1441,93,94,53,12,1751,1443,74,58,67,62,35,12
41.470016,1700,1441,90,97,53,19,1746,1445,77,59,74,47,35,9
41.480217,1693,1442,91,98,49,13,1753,1425,83,77,72,54,31,11
41.490067,1695,1441,90,100,50,14,1749,1440,77,57,73,59,33,10
41.500259,1694,1439,90,100,52,13,1742,1435,72,49,75,63,38,10
41.511166,1689,1438,90,99,55,7,1729,1441,61,63,72,55,29,8
41.522121,1695,1439,87,100,56,13,1724,1426,71,61,65,62,32,7
41.532509,1694,1439,90,97,56,12,1726,1438,67,60,62,60,30,9
41.543316,1699,1439,91,89,63,17,1729,1421,77,71,60,62,30,8
41.554337,1697,1441,88,91,60,17,1734,1432,84,59,72,48,32,7
41.564583,1700,1443,89,89,60,19,1737,1432,59,71,63,65,42,5
41.574917,1705,1442,90,90,60,23,1740,1425,70,71,72,59,34,9
41.585934,1698,1442,90,90,60,16,1737,1433,72,62,71,52,35,12
41.596989,1694,1442,91,89,60,12,1737,1438,64,70,59,63,32,11
41.607494,1698,1442,90,88,62,16,1732,1438,65,69,65,48,38,9
41.617542,1696,1441,90,88,63,14,1736,1429,76,62,69,60,33,7
41.627483,1692,1445,87,90,60,10,1744,1429,75,60,68,58,42,12
41.637806,1696,1444,89,89,59,15,1741,1434,70,64,63,61,38,11
41.647419,1700,1444,91,87,60,18,1746,1440,65,60,62,71,41,7
41.657566,1700,1445,94,82,61,18,1737,1416,68,69,73,56,48,7
41.667797,1696,1445,93,82,62,14,1731,1418,80,66,61,65,36,5
41.678165,1694,1446,90,83,63,12,1740,1433,70,72,62,53,34,16
41.688217,1691,1442,90,84,65,10,1743,1443,68,69,60,54,39,10
41.698090,1699,1443,91,81,67,17,1746,1427,69,78,51,70,38,13
41.708549,1706,1440,93,81,67,25,1742,1428,80,55,68,57,44,10
41.718243,1694,1440,94,81,66,13,1746,1433,72,72,58,62,42,7
41.728870,1692,1439,95,80,67,11,1743,1435,71,68,63,50,45,11
41.738342,1696,1437,96,80,68,15,1738,1432,68,59,60,72,34,13
41.748665,1688,1437,98,77,69,7,1734,1434,78,56,65,68,28,5
41.759136,1697,1435,99,76,69,18,1733,1423,72,70,65,56,39,8
41.769051,1697,1436,99,77,67,18,1730,1431,74,61,62,55,38,9
41.779762,1698,1435,100,75,68,20,1730,1419,73,71,65,68,27,7
41.790161,1698,1436,99,76,68,19,1729,1424,71,67,62,67,30,8
41.800426,1695,1435,99,77,68,16,1730,1436,69,65,69,43,39,9
41.810204,1689,1433,99,76,70,11,1733,1427,73,69,70,50,35,9
41.819839,1690,1432,101,75,70,12,1732,1424,69,71,77,58,27,6
41.830212,1684,1432,102,74,70,6,1730,1423,68,79,64,55,31,10
41.839924,1698,1430,104,74,71,19,1729,1413,76,81,63,53,33,10
41.850506,1691,1431,101,76,71,12,1725,1419,74,69,64,62,27,10
41.860962,1694,1432,100,77,70,15,1721,1426,72,76,62,46,30,9
41.871185,1693,1431,101,76,71,14,1723,1430,68,75,65,53,28,4
41.881821,1693,1431,101,73,74,14,1725,1425,71,78,67,47,30,7
41.892277,1694,1430,101,73,74,16,1725,1415,78,74,68,49,37,4
41.902000,1696,1428,102,73,74,19,1729,1422,70,65,67,58,40,7
41.912006,1691,1427,101,74,74,15,1731,1429,59,68,73,62,28,12
41.922176,1692,1425,100,78,73,16,1741,1438,68,70,65,56,34,10
41.931602,1692,1425,98,80,73,16,1737,1431,59,83,51,52,52,9
41.941978,1690,1427,94,81,73,15,1738,1435,65,76,59,60,35,8
41.952114,1682,1427,92,82,75,6,1745,1418,80,75,58,63,36,15
41.962128,1687,1426,93,80,77,11,1735,1419,78,63,73,59,39,4
41.971561,1693,1424,95,80,76,18,1737,1427,70,75,61,57,38,9
41.981647,1687,1423,97,80,74,13,1732,1426,65,79,55,58,31,18
41.991940,1688,1424,96,82,73,13,1733,1430,68,67,60,62,35,11
42.001568,1689,1424,98,81,73,13,1733,1432,54,75,66,62,34,10
42.011600,1685,1423,97,82,73,10,1738,1428,76,62,71,60,32,9
42.021748,1691,1424,98,83,71,15,1747,1424,81,72,71,63,26,10
42.031799,1691,1424,99,83,70,15,1756,1425,72,71,73,66,31,18
42.041485,1695,1429,95,85,68,18,1756,1423,68,63,87,58,42,15
42.050377,1695,1429,95,88,65,18,1746,1431,79,73,60,66,31,6
42.060383,1688,1432,95,85,64,12,1749,1425,90,61,69,55,41,8
42.069847,1694,1431,94,85,65,19,1747,1423,79,70,68,64,36,7
42.079247,1691,1432,91,87,66,15,1752,1421,80,64,69,70,43,5
42.088593,1696,1432,92,87,65,20,1756,1415,80,64,71,62,51,13
42.098076,1689,1431,91,91,64,12,1749,1419,79,62,73,73,36,7
42.107533,1685,1431,95,88,64,7,1745,1432,80,59,65,57,36,16
42.117252,1705,1431,93,91,63,27,1733,1431,62,85,66,47,30,12
42.127037,1691,1431,92,92,64,12,1736,1426,71,75,68,57,30,9
42.136639,1691,1430,92,92,65,12,1742,1426,69,66,65,59,44,13
42.146576,1687,1429,92,89,69,8,1738,1415,83,62,71,59,34,14
42.156933,1693,1428,91,89,70,15,1737,1424,72,72,65,58,38,8
42.166733,1695,1429,91,91,67,17,1737,1430,63,75,53,65,37,14
42.176834,1699,1428,93,91,66,21,1734,1418,79,72,64,47,40,14
42.186333,1688,1429,93,89,66,11,1729,1426,66,70,74,63,25,5
42.196194,1689,1429,96,86,65,13,1739,1422,71,80,68,59,32,7
42.206211,1688,1430,94,88,63,13,1743,1418,61,80,71,62,44,7
42.215942,1688,1428,95,87,65,13,1738,1424,79,77,71,53,30,4
42.225800,1689,1430,94,88,63,14,1739,1419,79,79,66,62,23,11
42.235901,1691,1429,95,87,64,16,1734,1423,74,69,73,58,29,8
42.246231,1690,1429,94,88,65,14,1734,1416,78,73,74,53,25,15
42.256527,1685,1426,95,88,67,9,1730,1422,67,80,67,59,29,6
42.267441,1686,1427,95,86,68,10,1739,1421,70,75,65,58,40,10
42.277096,1693,1428,96,84,68,17,1732,1427,65,70,65,69,33,3
42.286575,1687,1428,97,82,69,11,1740,1435,66,83,67,42,31,16
42.295975,1695,1428,99,80,71,17,1740,1425,81,68,63,51,41,11
42.305363,1690,1428,99,80,71,12,1739,1406,76,76,62,70,38,11
42.314819,1692,1426,101,80,71,14,1727,1414,70,75,69,56,32,11
42.324608,1692,1425,101,82,72,12,1723,1412,66,78,73,54,32,8
42.334034,1695,1424,103,79,73,16,1729,1417,73,82,53,61,34,9
42.344006,1692,1425,101,78,76,12,1723,1421,74,78,65,48,28,9
42.354610,1699,1424,101,79,77,18,1721,1405,81,62,76,57,33,7
42.364754,1694,1424,101,82,73,14,1710,1417,67,73,66,50,32,5
42.375507,1700,1424,102,83,71,20,1714,1413,80,66,68,50,29,8
42.386215,1695,1424,103,83,70,15,1715,1420,62,78,69,54,21,11
42.396706,1688,1424,103,82,70,9,1721,1426,68,62,74,52,27,12
42.407558,1695,1425,103,82,69,16,1722,1420,73,73,70,48,34,4
42.417336,1697,1425,102,82,70,18,1723,1422,78,65,72,52,27,7
42.427151,1700,1425,100,85,69,21,1728,1434,68,51,84,50,32,9
42.436527,1692,1426,102,81,70,13,1732,1421,80,56,72,66,32,5
42.446026,1696,1425,102,84,68,17,1735,1415,75,77,64,57,38,9
42.456062,1692,1425,101,87,67,12,1732,1424,81,65,75,58,23,6
42.465961,1693,1423,103,88,66,13,1731,1412,83,89,52,60,29,6
42.476948,1697,1423,99,91,67,17,1728,1415,75,76,66,59,33,4
42.486488,1697,1423,99,90,68,17,1738,1412,88,77,64,50,31,16
42.495716,1698,1423,99,89,68,19,1736,1425,65,81,66,58,37,4
42.505558,1700,1426,98,90,65,21,1730,1421,78,72,66,52,36,5
42.514717,1695,1429,96,92,63,15,1739,1418,68,86,63,63,35,6
42.524258,1700,1428,100,86,65,21,1738,1418,79,70,72,55,39,5
42.534149,1687,1429,102,86,61,9,1738,1408,81,82,71,56,32,8
42.544109,1695,1428,102,88,61,16,1736,1411,82,74,71,62,28,8
42.553959,1688,1427,102,88,61,10,1730,1409,76,88,55,56,39,7
42.563862,1692,1426,105,87,60,14,1731,1417,87,74,56,58,33,6
42.573769,1693,1426,104,86,62,15,1738,1413,79,75,72,56,37,6
42.583515,1698,1427,104,84,63,20,1740,1411,82,72,70,62,38,5
42.592831,1691,1427,104,84,63,13,1748,1426,72,79,81,50,34,6
42.602020,1693,1427,105,81,68,12,1751,1420,85,62,72,60,41,11
42.611446,1696,1426,104,84,68,14,1745,1407,97,55,77,51,45,13
42.620724,1694,1425,102,87,68,12,1741,1415,92,69,67,53,38,7
42.630215,1690,1425,100,89,67,9,1743,1421,75,66,70,66,30,15
42.640316,1700,1425,102,87,67,19,1731,1431,65,82,57,59,32,5
42.649586,1703,1427,102,88,63,23,1742,1433,65,81,59,61,30,13
42.659145,1701,1423,103,89,64,22,1747,1411,90,72,80,52,30,12
42.668388,1690,1422,102,93,62,11,1737,1410,72,95,64,56,29,11
42.678310,1691,1423,102,91,62,13,1735,1422,74,83,65,53,30,8
42.688221,1700,1422,104,88,63,23,1729,1409,88,75,68,47,32,10
42.698483,1691,1421,104,89,62,15,1737,1415,81,84,58,52,35,12
42.708935,1692,1420,104,85,67,16,1737,1417,90,71,61,54,37,7
42.718079,1692,1420,103,85,67,17,1748,1399,96,75,76,54,38,10
42.727482,1697,1419,102,85,69,22,1746,1409,83,77,72,62,34,9
42.736614,1697,1419,102,85,69,22,1751,1408,91,76,78,53,38,7
42.745415,1690,1418,102,86,69,15,1742,1415,74,85,80,54,28,6
42.754581,1689,1417,103,85,70,14,1744,1410,76,70,71,81,31,5
42.763996,1691,1417,100,87,71,16,1745,1411,74,78,70,70,37,5
42.774235,1688,1418,101,83,73,13,1743,1415,81,77,72,58,35,5
42.783489,1691,1416,104,82,72,17,1742,1407,84,69,88,57,26,11
42.792934,1693,1413,106,82,73,19,1735,1402,76,71,65,71,42,8
42.803082,1687,1413,107,84,70,13,1724,1411,71,66,77,61,27,11
42.813145,1691,1415,105,86,68,17,1730,1413,74,69,68,64,31,11
42.822945,1690,1414,104,83,74,15,1729,1408,78,78,65,64,31,5
42.832352,1684,1414,104,82,73,11,1736,1419,73,74,64,62,32,12
42.842144,1684,1414,103,83,73,11,1742,1418,74,79,83,49,27,12
42.851780,1688,1414,101,87,72,14,1742,1405,87,74,53,64,49,10
42.861187,1683,1413,103,84,74,9,1737,1413,72,74,78,64,29,7
42.870968,1685,1412,102,86,74,11,1737,1409,81,80,71,53,37,6
42.880619,1682,1411,106,84,73,8,1736,1419,75,74,74,55,29,10
42.890968,1687,1411,106,82,75,13,1725,1406,82,65,75,65,27,5
42.901272,1694,1410,107,84,76,17,1721,1418,69,79,65,52,31,7
42.911064,1691,1409,107,85,74,16,1729,1415,82,59,67,68,32,6
42.920231,1696,1411,103,86,74,22,1734,1403,80,77,57,69,38,10
42.929623,1690,1411,101,88,74,16,1731,1411,94,59,67,62,31,7
42.938595,1686,1413,98,91,72,12,1731,1416,67,69,61,66,43,9
42.948555,1690,1415,96,92,70,17,1734,1415,71,86,53,69,32,8
42.958019,1691,1414,97,93,69,18,1731,1405,75,76,74,52,38,11
42.968384,1685,1412,99,93,68,13,1726,1402,70,75,72,68,31,8
42.977333,1689,1412,100,93,66,18,1726,1405,67,82,62,68,34,8
42.986862,1691,1412,100,90,68,21,1730,1411,73,74,70,57,37,8
42.997066,1686,1411,98,93,67,17,1732,1410,75,81,65,58,34,9
43.006336,1684,1410,99,93,66,16,1734,1407,74,82,70,56,35,10
43.015274,1679,1411,97,97,63,11,1730,1404,81,68,67,68,36,6
43.025318,1683,1412,96,92,69,14,1732,1410,68,73,85,53,39,4
43.035065,1681,1413,97,90,70,11,1741,1403,85,70,76,54,46,7
43.044685,1684,1415,96,90,69,14,1739,1411,93,51,69,63,40,12
43.054543,1684,1415,95,91,69,14,1738,1413,77,71,70,51,45,11
43.064369,1686,1416,91,96,67,16,1726,1414,85,75,58,53,36,5
43.074539,1686,1416,89,99,65,17,1734,1415,70,76,67,63,30,13
43.084839,1690,1415,90,99,64,22,1732,1404,77,78,72,52,40,9
43.094158,1692,1417,90,98,64,23,1742,1417,68,79,70,54,44,10
43.103333,1679,1417,90,98,63,11,1734,1419,70,72,77,50,38,8
43.112816,1684,1418,87,103,60,16,1737,1411,80,70,62,65,40,9
43.121891,1690,1417,89,103,58,23,1741,1411,75,69,70,63,37,16
43.131454,1678,1417,89,102,59,11,1729,1409,75,76,66,64,36,3
43.141685,1685,1418,89,103,56,19,1732,1416,80,68,69,54,34,11
43.151356,1679,1418,87,104,56,14,1743,1411,76,69,73,69,38,7
43.160892,1679,1416,87,107,56,13,1741,1409,69,79,65,65,42,12
43.170292,1684,1416,88,107,55,18,1732,1415,69,68,61,63,40,16
43.180153,1690,1414,89,107,56,24,1725,1410,65,75,69,52,47,7
43.189602,1682,1415,87,108,56,16,1734,1405,83,73,74,46,43,10
43.199593,1684,1414,89,107,56,18,1741,1412,77,59,74,61,45,13
43.208736,1678,1415,89,106,56,12,1744,1406,89,65,66,66,37,15
43.218697,1683,1413,92,105,54,19,1722,1407,74,77,73,57,28,6
43.228722,1676,1413,92,104,56,11,1734,1404,75,78,72,53,36,16
43.238178,1682,1415,90,107,53,17,1730,1405,80,78,64,66,33,4
43.247387,1679,1414,92,107,51,15,1735,1421,61,85,57,67,36,8
43.257061,1679,1414,93,108,49,15,1735,1409,77,80,72,55,33,9
43.266499,1678,1413,95,104,51,15,1755,1408,77,68,82,57,47,16
43.276169,1676,1413,96,105,49,13,1747,1411,87,59,65,66,41,18
43.285389,1680,1412,97,105,49,17,1745,1411,70,76,69,57,46,16
43.294292,1678,1413,97,104,48,16,1743,1408,74,84,59,64,42,12
43.303410,1676,1410,99,103,48,16,1743,1415,73,77,69,64,39,6
43.312546,1674,1409,99,103,50,13,1741,1414,63,78,73,64,34,15
43.322662,1674,1409,98,103,50,14,1735,1413,67,80,66,65,35,9
43.331654,1689,1410,95,105,50,29,1744,1408,72,86,66,58,45,9
43.340664,1678,1410,95,103,52,18,1735,1405,73,75,67,72,35,8
43.350277,1673,1409,96,101,53,14,1730,1394,90,76,61,65,35,9
43.359978,1678,1410,95,100,54,19,1730,1395,77,88,74,54,37,5
43.369320,1681,1411,95,98,56,21,1740,1399,77,75,84,61,34,10
43.378693,1677,1411,94,99,57,16,1728,1401,79,63,76,69,31,9
43.388302,1679,1412,94,98,57,18,1727,1409,76,82,65,54,34,7
43.398670,1676,1412,92,99,58,15,1733,1396,73,83,74,60,40,7
43.407776,1676,1413,92,96,58,17,1733,1398,86,70,77,62,32,8
43.417160,1677,1412,93,96,57,19,1731,1396,81,72,69,69,35,9
43.426792,1678,1412,92,96,59,19,1727,1415,61,77,72,62,32,8
43.436382,1675,1412,89,100,59,15,1736,1398,74,73,74,69,37,11
43.445984,1677,1411,89,100,57,20,1737,1401,74,83,69,65,36,9
43.455521,1673,1408,95,95,59,16,1734,1391,80,76,81,63,37,6
43.464870,1673,1408,96,96,56,17,1733,1407,68,83,83,54,29,9
43.474575,1670,1406,98,94,57,15,1730,1399,71,77,74,73,29,7
43.484196,1674,1405,101,93,56,19,1727,1400,81,67,79,55,36,9
43.494083,1670,1405,102,92,56,15,1721,1403,79,78,59,66,30,6
43.504028,1670,1405,101,93,55,16,1724,1407,70,66,69,70,31,11
43.513691,1676,1405,100,91,58,22,1721,1394,79,77,71,54,35,11
43.523163,1672,1405,95,94,59,19,1714,1396,76,68,79,51,35,9
43.533241,1668,1408,92,95,58,15,1713,1397,73,68,74,62,30,9
43.542980,1672,1406,95,93,60,18,1722,1400,70,70,74,64,34,10
43.553043,1663,1403,96,94,61,9,1722,1402,81,50,79,69,32,9
43.562817,1671,1403,93,97,61,17,1726,1410,61,84,64,58,38,11
43.572880,1668,1403,92,97,62,14,1726,1402,69,79,64,69,31,12
43.582409,1669,1403,92,97,62,15,1718,1389,60,89,60,67,46,7
43.591839,1675,1402,94,98,60,21,1725,1400,75,72,64,67,36,11
43.601280,1669,1399,99,92,63,16,1719,1395,81,67,70,61,39,6
43.611313,1665,1400,101,93,59,12,1716,1393,73,72,85,48,35,10
43.620697,1674,1398,99,98,58,21,1718,1398,73,66,81,57,32,11
43.630833,1667,1397,104,92,61,13,1710,1402,65,80,64,57,37,5
43.640041,1667,1397,104,92,61,13,1711,1396,63,78,71,55,40,8
43.649761,1672,1396,104,90,64,18,1713,1400,59,76,77,52,33,16
43.659554,1666,1395,106,89,63,13,1710,1400,70,61,78,61,28,12
43.669132,1667,1394,105,89,66,13,1720,1393,74,77,74,59,29,14
43.678501,1667,1395,103,90,66,13,1720,1394,64,81,68,76,29,8
43.689178,1672,1396,96,97,65,18,1716,1396,71,85,62,61,30,11
43.699661,1669,1397,96,93,68,15,1718,1400,58,87,62,54,44,13
43.710320,1665,1397,96,92,70,10,1708,1406,64,76,70,51,34,7
43.721672,1675,1397,94,93,71,20,1710,1404,74,64,66,55,40,7
43.732697,1673,1395,94,93,73,18,1710,1399,75,61,66,61,36,12
43.742821,1663,1395,95,93,72,8,1699,1397,61,77,63,52,39,10
43.753536,1669,1400,93,90,72,14,1695,1391,71,71,63,53,39,7
43.763683,1667,1401,89,95,69,13,1701,1387,69,76,70,50,36,13
43.773537,1666,1401,91,94,67,13,1707,1398,68,68,79,57,32,5
43.784348,1664,1401,93,90,69,11,1713,1390,75,82,53,59,40,14
43.794273,1670,1401,93,90,69,17,1696,1400,55,74,77,49,36,5
43.804703,1669,1401,92,89,71,16,1701,1390,75,76,66,50,43,1
43.815506,1676,1401,92,88,72,23,1700,1399,76,73,67,46,36,3
43.825008,1674,1401,93,89,69,22,1701,1396,70,81,66,62,19,7
43.835705,1671,1402,95,85,68,21,1711,1384,85,62,79,59,33,9
43.844707,1666,1404,94,85,68,15,1713,1385,92,64,78,64,27,3
43.854172,1668,1405,93,85,67,18,1719,1396,79,75,62,69,31,7
43.863403,1670,1404,93,86,67,20,1724,1396,88,63,65,67,36,9
43.872166,1671,1403,92,88,68,20,1725,1405,71,74,65,53,49,8
43.881886,1663,1404,90,91,66,12,1719,1399,79,66,69,54,44,8
43.891571,1668,1405,90,90,66,17,1714,1410,73,73,62,55,33,8
43.901588,1662,1405,93,89,64,11,1714,1396,70,79,68,63,31,7
43.911541,1677,1407,94,88,62,26,1718,1408,66,77,69,55,33,10
43.921318,1671,1406,94,85,66,20,1712,1400,76,64,70,62,35,5
43.931767,1667,1405,96,84,67,15,1717,1402,61,79,69,51,42,13
43.941105,1673,1404,96,86,67,20,1724,1393,80,72,69,52,42,16
43.951252,1668,1405,94,88,65,16,1707,1394,81,59,70,52,42,9
43.961414,1666,1404,94,89,66,13,1712,1398,81,53,59,74,34,13
43.972301,1666,1403,93,91,67,12,1702,1400,68,77,54,63,35,5
43.983017,1668,1403,94,90,68,13,1711,1397,73,76,54,64,33,14
43.993637,1671,1403,93,90,71,14,1705,1405,72,70,58,65,26,9
44.003693,1672,1403,93,90,70,16,1703,1404,71,77,60,50,31,10
44.013912,1673,1405,91,95,67,15,1708,1399,68,78,65,59,31,8
44.024513,1672,1405,93,89,71,14,1712,1408,57,82,66,58,34,7
44.034359,1678,1408,91,92,67,20,1720,1415,74,68,68,53,34,8
44.044102,1672,1404,94,92,67,15,1730,1400,72,76,76,61,35,10
44.053463,1682,1404,93,92,68,25,1726,1404,74,68,87,60,28,5
44.062897,1671,1405,92,93,66,15,1731,1412,62,71,77,65,33,11
44.072147,1682,1403,94,93,67,25,1727,1402,76,71,76,66,25,11
44.081715,1673,1404,93,92,68,16,1730,1396,85,72,65,62,40,10
44.092113,1671,1403,95,91,67,15,1726,1410,66,73,66,68,32,11
44.102074,1667,1404,96,93,63,11,1728,1407,80,69,78,50,35,9
44.111763,1667,1401,100,89,66,11,1716,1400,76,80,66,58,28,8
44.121220,1672,1403,98,90,64,17,1719,1418,65,69,60,68,30,9
44.131702,1671,1404,95,91,66,15,1723,1400,73,66,73,71,29,11
44.142586,1668,1404,96,88,67,13,1711,1403,70,80,57,62,34,5
44.153130,1672,1406,98,85,65,18,1717,1399,81,64,69,54,38,12
44.163261,1672,1405,98,85,67,17,1707,1399,64,79,52,61,44,8
44.173763,1668,1407,99,83,66,13,1710,1396,73,65,60,75,32,9
44.184212,1668,1405,99,83,68,13,1709,1406,75,66,69,47,33,13
44.194794,1667,1406,98,85,65,13,1704,1407,72,61,63,59,37,5
44.204746,1671,1407,95,89,64,16,1700,1406,76,73,62,39,34,10
44.215900,1670,1405,100,83,66,16,1696,1400,67,72,66,56,30,5
44.227097,1670,1405,103,81,67,14,1696,1396,77,69,57,55,34,8
44.237656,1676,1402,105,80,68,21,1698,1393,84,71,62,47,36,5
44.247719,1666,1402,103,83,67,11,1698,1387,73,73,67,60,31,7
44.258095,1671,1400,106,84,64,17,1707,1402,75,67,63,54,41,5
44.268578,1664,1396,113,81,61,13,1702,1406,67,77,51,61,34,6
44.279400,1667,1393,116,81,61,16,1697,1391,70,63,70,56,36,11
44.289463,1661,1395,116,78,61,11,1702,1396,62,84,62,46,36,16
44.299896,1664,1395,117,77,61,14,1697,1396,72,71,68,56,26,8
44.310291,1664,1394,118,76,61,15,1714,1395,70,63,76,72,25,13
44.320709,1665,1393,118,77,60,17,1710,1388,80,70,80,55,30,7
44.330021,1660,1392,117,79,59,13,1718,1387,75,82,64,68,30,12
44.339870,1658,1391,116,82,58,11,1724,1387,72,86,65,65,39,10
44.349506,1659,1391,113,86,57,12,1727,1392,77,66,76,65,39,12
44.358517,1658,1390,114,85,57,12,1720,1395,72,76,76,60,40,1
44.367691,1655,1389,112,87,58,9,1724,1398,84,55,64,75,41,7
44.377285,1662,1388,110,87,60,17,1723,1395,73,69,72,69,39,6
44.385803,1661,1390,108,88,59,16,1725,1391,69,74,74,67,37,13
44.394981,1665,1391,107,87,59,21,1713,1391,77,71,66,72,31,5
44.404221,1659,1392,106,89,57,15,1707,1398,69,74,73,52,35,6
44.414005,1659,1392,108,88,56,15,1709,1382,81,66,71,68,35,6
44.423431,1658,1392,105,92,55,14,1713,1387,79,71,69,59,38,10
44.433823,1658,1391,108,95,51,13,1714,1389,72,76,69,60,36,12
44.443764,1667,1389,107,99,49,23,1723,1394,78,76,69,62,34,10
44.453094,1656,1388,107,100,50,11,1717,1389,69,86,69,62,31,11
44.462387,1655,1388,106,100,51,10,1709,1381,80,65,76,58,35,14
44.472210,1658,1388,107,97,55,11,1698,1400,73,69,65,51,33,7
44.482391,1662,1388,109,95,55,15,1686,1405,55,71,68,50,32,5
44.493408,1664,1390,106,99,51,18,1695,1386,68,72,69,53,38,9
44.503433,1657,1388,110,93,54,12,1691,1407,70,65,48,63,31,7
44.514591,1662,1388,108,97,52,17,1692,1390,71,80,50,67,29,5
44.525043,1662,1390,110,91,54,17,1702,1390,64,66,76,57,36,13
44.535637,1657,1390,111,88,57,11,1696,1397,63,74,53,68,35,6
44.545826,1662,1392,109,90,57,14,1702,1399,69,66,70,56,29,13
44.556206,1666,1391,108,91,57,19,1712,1396,85,53,71,57,40,10
44.566097,1659,1392,107,92,56,12,1702,1399,72,70,71,56,27,7
44.576786,1660,1391,109,90,57,13,1701,1393,71,85,61,54,30,7
44.587490,1660,1391,108,92,56,13,1702,1389,75,83,58,55,31,11
44.598057,1666,1391,108,90,58,19,1707,1399,72,71,65,51,37,12
44.608109,1660,1393,104,92,57,14,1711,1397,72,70,77,53,28,14
44.618046,1664,1393,105,94,54,18,1710,1403,73,80,66,47,32,9
44.627789,1660,1392,106,93,57,12,1712,1394,68,66,72,81,18,13
44.637947,1668,1392,107,94,55,20,1696,1388,67,77,59,65,34,6
44.649025,1653,1392,107,93,56,5,1689,1387,74,65,65,64,28,6
44.660328,1658,1393,103,97,56,9,1688,1400,69,69,69,56,20,5
44.671349,1674,1393,103,94,59,25,1690,1403,63,79,67,53,22,3
44.682850,1660,1391,104,97,57,11,1702,1405,68,75,58,56,31,9
44.693027,1659,1391,101,98,59,10,1700,1408,62,69,75,48,32,6
44.703922,1667,1391,101,98,59,18,1706,1400,72,61,71,65,31,6
44.713848,1668,1389,100,100,60,19,1708,1399,79,66,60,61,33,10
44.724182,1659,1390,99,99,61,10,1711,1396,78,81,72,48,26,10
44.734287,1670,1392,101,94,62,21,1708,1405,75,72,70,54,26,6
44.744900,1668,1392,101,94,66,15,1709,1392,85,73,61,50,33,15
44.754677,1663,1391,102,93,67,10,1705,1387,76,81,68,49,29,15
44.764893,1669,1390,102,96,64,17,1701,1394,75,73,60,59,29,11
44.775162,1664,1392,100,97,63,12,1699,1400,52,82,72,54,25,14
44.785610,1664,1391,99,98,64,12,1699,1398,73,72,74,42,33,7
44.795990,1672,1390,101,97,65,19,1704,1395,72,75,64,54,34,10
44.806339,1673,1392,99,95,67,20,1699,1398,64,79,67,60,27,4
44.816063,1673,1392,101,96,64,20,1707,1400,76,60,67,59,36,9
44.825790,1666,1395,98,98,62,13,1707,1402,68,74,69,57,29,8
44.835453,1671,1394,97,97,64,19,1710,1396,81,78,58,60,35,2
44.844681,1667,1394,98,99,61,15,1727,1404,64,80,71,68,32,8
44.854477,1669,1396,94,101,60,18,1731,1395,83,80,60,68,33,12
44.864094,1666,1395,96,102,59,14,1724,1399,79,63,82,54,33,14
44.873543,1662,1396,93,105,58,10,1726,1404,64,69,70,67,34,18
44.883018,1663,1397,89,107,60,10,1719,1401,65,75,71,69,29,9
44.893009,1672,1397,91,106,60,18,1719,1395,76,72,76,53,37,10
44.903019,1669,1396,91,106,61,15,1722,1392,81,69,75,59,37,9
44.912819,1672,1397,91,103,63,18,1730,1413,56,77,71,54,40,19
44.922295,1668,1397,93,101,63,14,1716,1400,72,64,67,65,43,5
44.932247,1667,1396,93,98,65,15,1715,1404,68,69,69,61,37,7
44.941933,1670,1399,93,93,69,16,1720,1397,76,79,62,62,35,9
44.951962,1669,1399,96,90,69,15,1712,1396,77,68,75,64,26,6
44.961884,1669,1401,97,90,67,14,1710,1394,77,81,58,57,38,5
44.971397,1671,1403,92,92,66,18,1715,1399,86,65,74,52,36,3
44.981937,1674,1403,95,89,66,21,1725,1401,73,79,74,62,27,9
44.991825,1671,1402,96,87,69,17,1723,1397,86,75,54,76,27,8
45.000717,1670,1400,93,88,73,16,1720,1397,72,74,78,59,34,6
45.010487,1673,1400,95,88,72,18,1712,1393,67,84,71,54,39,4
45.020355,1671,1401,94,90,71,15,1719,1398,69,67,85,56,34,10
45.030029,1671,1402,92,92,70,15,1711,1398,76,62,67,70,33,5
45.038944,1675,1402,94,90,70,19,1720,1399,72,73,81,62,23,10
45.048508,1675,1401,92,93,70,19,1719,1398,77,72,65,60,41,6
45.057373,1680,1402,92,93,69,24,1727,1397,80,75,70,57,41,7
45.066380,1673,1400,92,94,69,18,1727,1394,94,75,64,55,32,13
45.075916,1670,1398,91,94,70,17,1720,1396,77,81,71,55,31,9
45.085300,1671,1396,92,92,74,17,1720,1399,84,67,68,61,35,6
45.095142,1673,1395,93,94,72,19,1713,1401,74,72,80,53,30,3
45.104206,1670,1397,92,94,70,17,1723,1403,77,66,64,62,44,7
45.113705,1675,1396,94,94,69,22,1723,1408,84,64,69,71,21,6
45.123428,1672,1398,93,94,69,18,1721,1394,80,66,75,59,37,10
45.133251,1667,1400,91,93,69,14,1714,1399,76,72,83,54,25,5
45.142963,1670,1400,91,92,70,17,1717,1403,68,67,73,62,30,14
45.152348,1672,1400,89,93,70,20,1716,1404,69,66,75,63,31,8
45.162132,1662,1403,88,92,69,10,1724,1388,71,72,79,62,39,13
45.171612,1667,1403,87,97,65,15,1714,1387,81,59,78,70,31,8
45.181622,1667,1404,86,95,68,14,1715,1393,77,75,56,70,36,8
45.191788,1672,1401,87,97,69,18,1709,1399,76,77,78,50,25,4
45.202255,1669,1401,89,98,63,18,1719,1404,72,72,73,50,32,16
45.211861,1669,1402,88,100,63,16,1706,1400,65,67,53,69,44,8
45.221722,1670,1402,88,100,62,18,1710,1398,76,68,69,60,27,12
45.232197,1672,1401,88,99,64,20,1715,1412,60,56,79,58,36,14
45.242397,1674,1402,89,95,67,21,1709,1401,68,77,56,64,39,4
45.252201,1668,1403,87,98,65,15,1716,1401,70,72,60,71,32,10
45.262486,1671,1403,87,97,65,19,1718,1412,60,72,64,57,46,7
45.272266,1674,1401,91,94,65,23,1713,1399,66,70,74,60,27,17
45.281647,1669,1402,88,96,65,18,1705,1383,78,68,72,65,27,12
45.291836,1669,1403,87,95,67,17,1708,1387,76,74,72,57,31,11
45.302193,1666,1402,87,97,64,16,1716,1392,73,63,77,75,32,4
45.311657,1662,1401,89,95,63,14,1724,1386,73,87,72,56,39,11
45.321445,1669,1400,86,97,64,22,1733,1393,68,75,72,57,53,15
45.330845,1666,1400,85,98,63,20,1717,1401,75,65,70,64,35,7
45.340656,1658,1400,87,97,63,11,1730,1397,76,61,72,71,37,16
45.350002,1660,1400,88,93,66,13,1725,1399,70,73,77,62,33,11
45.359280,1661,1399,90,91,66,15,1736,1392,84,59,73,78,35,15
45.368664,1660,1398,88,91,70,13,1732,1404,67,64,73,63,48,13
45.378094,1660,1398,88,89,71,14,1731,1406,63,71,67,70,43,11
45.386967,1658,1399,88,91,68,12,1732,1403,67,72,62,72,44,12
45.396328,1668,1398,90,90,68,22,1719,1398,61,61,77,74,41,7
45.405838,1661,1398,89,90,70,14,1728,1382,69,77,76,72,40,12
45.414585,1662,1397,90,88,71,16,1732,1388,72,62,81,67,55,7
45.424286,1665,1397,92,86,71,19,1733,1393,76,77,74,61,46,6
45.433170,1659,1397,90,90,69,13,1729,1400,72,77,72,56,45,7
45.442192,1664,1396,90,90,69,19,1732,1403,77,62,74,61,44,11
45.450703,1664,1396,88,91,70,19,1730,1394,85,73,66,57,47,8
45.459831,1664,1396,89,87,73,19,1742,1403,73,76,70,66,40,14
45.468536,1657,1396,90,89,69,13,1731,1394,79,72,65,59,56,6
45.477760,1661,1397,90,88,69,17,1734,1393,84,62,84,61,43,7
45.486595,1667,1396,90,89,68,24,1730,1396,67,91,68,54,41,13
45.495457,1661,1396,88,91,68,18,1725,1391,79,76,77,48,48,6
45.504955,1665,1397,88,89,70,21,1719,1387,84,69,67,60,40,12
45.514347,1662,1397,86,91,68,20,1714,1396,70,71,68,75,26,8
45.523579,1658,1397,86,90,68,17,1713,1394,71,79,58,65,34,12
45.533104,1660,1395,86,91,69,19,1713,1394,66,74,66,69,29,15
45.542423,1658,1394,88,88,71,17,1711,1382,82,83,57,62,28,17
45.552162,1651,1393,90,85,72,11,1696,1389,63,76,79,49,31,9
45.561989,1664,1393,91,85,71,24,1707,1378,76,63,82,52,37,19
45.571453,1656,1393,91,87,68,17,1702,1382,63,65,77,64,44,7
45.580872,1651,1392,93,85,68,13,1696,1379,82,68,63,67,27,10
45.591560,1648,1391,94,85,67,11,1692,1376,81,77,63,58,31,6
45.602097,1648,1389,95,83,70,11,1698,1387,66,74,60,61,38,12
45.612629,1653,1389,97,80,71,16,1699,1379,77,76,54,68,35,10
45.622387,1660,1390,98,79,71,22,1694,1381,77,78,51,64,34,9
45.631851,1654,1389,106,74,72,13,1699,1404,71,67,56,53,35,13
45.641735,1655,1390,106,75,70,14,1706,1385,76,65,76,56,36,12
45.651485,1651,1390,105,74,72,10,1701,1376,69,73,68,56,46,13
45.661602,1661,1390,105,74,71,21,1698,1374,79,76,57,63,36,13
45.671875,1650,1389,105,75,71,10,1694,1386,70,78,61,59,30,10
45.682018,1657,1388,108,74,69,18,1693,1393,69,84,60,48,28,11
45.691509,1655,1385,112,69,74,15,1700,1380,79,67,68,58,37,11
45.701054,1655,1386,112,69,73,15,1698,1392,70,52,79,60,34,11
45.711117,1659,1385,112,68,76,18,1700,1378,76,71,67,60,39,9
45.721497,1658,1385,112,69,74,18,1694,1378,77,72,47,74,43,3
45.731411,1658,1386,110,72,72,18,1686,1392,73,71,55,64,27,4
45.742695,1653,1385,110,72,74,12,1688,1378,74,73,69,49,35,10
45.753929,1650,1383,108,76,74,9,1682,1383,68,73,61,46,44,7
45.764385,1652,1383,106,77,75,11,1680,1381,71,74,58,59,27,10
45.775120,1655,1383,105,79,74,14,1680,1388,73,64,67,47,31,10
45.785545,1655,1381,107,78,74,15,1688,1396,62,68,58,63,30,11
45.796833,1649,1383,104,79,72,11,1679,1385,76,68,57,64,26,3
45.806915,1655,1381,105,79,73,17,1694,1374,81,65,54,73,37,10
45.816574,1656,1382,103,84,68,19,1687,1376,72,70,68,62,30,9
45.826756,1651,1383,99,84,71,14,1691,1374,76,66,66,65,38,6
45.836994,1650,1383,98,85,70,14,1698,1376,71,72,62,67,37,13
45.846439,1659,1382,99,85,68,25,1699,1374,79,64,67,75,33,7
45.856064,1649,1383,97,87,66,16,1712,1374,73,74,70,74,34,13
45.865593,1649,1381,97,88,65,18,1696,1378,79,70,62,72,32,3
45.875187,1653,1380,104,84,65,20,1705,1376,84,65,84,46,37,13
45.884434,1654,1381,100,88,63,22,1694,1376,74,75,65,56,41,7
45.894867,1648,1381,100,85,66,16,1698,1379,85,58,76,53,37,10
45.904636,1649,1382,100,86,65,16,1696,1385,76,78,58,59,32,8
45.914063,1647,1384,98,86,64,15,1698,1386,66,70,63,59,43,11
45.924259,1647,1387,97,85,63,15,1692,1381,76,73,67,51,35,9
45.933964,1646,1390,97,82,63,14,1696,1376,74,68,80,60,32,6
45.943977,1655,1390,98,82,62,23,1701,1384,77,78,56,51,40,15
45.954075,1650,1389,98,83,63,17,1702,1400,72,70,64,52,33,11
45.963715,1645,1388,94,87,64,12,1699,1388,54,76,62,78,32,9
45.973019,1652,1388,93,87,63,21,1695,1374,82,80,66,56,28,9
45.982773,1641,1390,91,88,61,11,1701,1385,76,76,68,54,31,11
45.992180,1639,1389,92,88,61,9,1702,1375,76,83,68,67,25,8
46.001568,1650,1390,93,85,60,22,1692,1375,75,75,68,62,28,9
46.011024,1642,1390,94,83,61,14,1690,1370,69,64,69,72,37,9
46.020916,1649,1390,95,83,59,22,1690,1373,66,72,66,70,31,12
46.030350,1638,1390,94,83,60,11,1696,1375,65,72,72,62,35,15
46.040993,1646,1391,97,78,62,18,1691,1389,69,64,62,69,29,9
46.051216,1631,1391,99,78,59,4,1692,1378,65,73,77,53,38,8
46.060974,1647,1390,100,77,60,20,1688,1377,77,59,77,64,29,5
46.070625,1647,1388,99,79,60,21,1703,1384,75,68,80,52,33,11
46.080334,1640,1387,100,79,59,15,1698,1372,80,71,78,58,30,9
46.089893,1637,1387,100,79,59,12,1684,1368,71,65,78,64,31,7
46.099930,1644,1389,101,78,58,18,1689,1363,81,66,64,65,41,9
46.109531,1635,1389,103,78,56,9,1683,1369,63,68,68,66,35,14
46.118774,1641,1389,99,80,56,17,1679,1362,73,76,65,61,32,10
46.128826,1636,1389,98,81,56,12,1674,1363,70,69,74,56,31,11
46.138969,1639,1388,95,86,54,16,1667,1365,71,60,78,50,37,6
46.148758,1643,1387,93,89,53,21,1675,1372,63,69,72,58,30,11
46.159012,1637,1388,94,88,51,16,1679,1370,61,69,71,68,34,6
46.169228,1637,1388,97,85,53,14,1674,1370,62,84,69,53,28,8
46.179886,1638,1388,100,82,53,15,1678,1370,70,71,79,52,26,10
46.190273,1644,1389,96,81,57,21,1678,1371,66,72,75,48,37,9
46.200790,1631,1388,98,78,57,10,1678,1375,71,64,73,55,31,9
46.211578,1632,1387,96,77,61,11,1680,1370,71,65,66,61,40,7
46.221436,1637,1387,96,78,61,15,1674,1363,73,65,64,66,37,6
46.230694,1634,1386,98,76,61,13,1684,1367,69,71,67,62,36,12
46.240356,1638,1384,100,76,62,16,1671,1373,72,67,66,51,32,10
46.250511,1638,1384,100,74,62,18,1670,1367,74,76,58,57,30,8
46.260391,1634,1384,98,76,63,13,1677,1363,75,68,74,58,32,7
46.270432,1632,1384,99,78,60,11,1676,1366,67,76,61,69,30,7
46.280064,1635,1386,96,80,57,16,1681,1385,64,62,72,51,36,11
46.288971,1633,1386,95,83,54,15,1686,1371,66,66,75,53,40,15
46.298447,1642,1388,94,81,56,23,1690,1369,78,59,69,61,40,14
46.307861,1632,1388,92,81,58,13,1683,1364,79,69,67,61,33,10
46.317932,1635,1388,92,82,55,18,1681,1372,64,68,73,58,35,11
46.328369,1628,1387,93,81,57,10,1672,1366,73,78,61,62,22,10
46.338825,1626,1386,92,82,57,9,1675,1353,85,68,69,60,32,8
46.348499,1635,1388,90,82,55,20,1674,1364,73,70,67,63,26,11
46.358498,1630,1388,89,83,53,17,1665,1379,68,63,63,63,23,6
46.369232,1627,1389,89,84,53,12,1665,1373,69,76,60,52,30,5
46.379757,1629,1388,90,82,55,14,1667,1365,62,73,67,53,42,5
46.390110,1631,1386,90,83,57,15,1671,1371,65,70,61,61,33,10
46.399593,1639,1385,89,84,59,22,1682,1371,53,82,65,65,34,12
46.409653,1629,1384,88,86,59,12,1678,1366,81,75,49,59,40,8
46.420292,1623,1382,89,88,58,6,1681,1373,75,60,69,61,27,16
46.430241,1637,1381,89,89,58,20,1687,1368,76,75,61,58,41,8
46.440178,1629,1381,89,90,57,12,1685,1377,73,63,60,66,37,9
46.449741,1634,1380,91,90,57,16,1692,1369,75,77,70,53,40,8
46.459656,1632,1378,94,87,58,15,1685,1371,74,65,60,66,38,11
46.469936,1630,1377,93,89,58,13,1695,1383,63,68,74,51,43,13
46.479282,1630,1376,93,89,59,13,1685,1368,60,67,85,56,36,13
46.489674,1622,1377,93,87,60,5,1688,1367,71,58,68,60,48,16
46.499184,1636,1378,91,88,60,19,1682,1362,74,73,72,59,36,6
46.509098,1629,1377,92,87,60,13,1684,1368,67,66,65,62,40,16
46.518932,1635,1374,97,82,63,19,1688,1372,62,64,72,68,37,13
46.528702,1628,1375,96,84,64,9,1676,1374,66,65,75,58,32,6
46.539124,1637,1376,92,87,63,19,1680,1366,77,73,54,60,40,10
46.548214,1633,1375,92,88,63,15,1681,1370,68,70,68,70,30,5
46.558163,1631,1375,91,88,64,13,1683,1371,73,71,66,57,35,10
46.567947,1631,1376,94,86,62,13,1686,1357,82,81,60,55,42,9
46.578571,1630,1375,95,86,62,12,1689,1361,82,68,76,63,31,8
46.588779,1633,1375,92,88,63,15,1690,1366,81,67,85,45,36,10
46.599045,1631,1375,92,86,64,14,1686,1371,67,76,75,54,33,10
46.608799,1629,1374,95,83,65,12,1693,1361,72,78,69,64,34,15
46.618416,1627,1374,95,82,66,10,1686,1375,59,77,70,62,34,9
46.627655,1639,1374,95,85,64,21,1683,1368,76,61,73,67,32,6
46.637920,1636,1372,96,85,65,18,1682,1362,88,61,74,63,28,6
46.647560,1633,1370,99,83,66,15,1685,1379,69,71,51,80,29,6
46.657436,1625,1369,99,85,65,7,1674,1364,64,69,68,60,39,10
46.667866,1632,1367,100,87,64,14,1665,1373,71,69,67,58,24,3
46.678211,1624,1367,97,90,61,9,1666,1370,65,60,73,53,38,7
46.688965,1635,1366,94,94,61,20,1668,1370,62,79,59,61,22,15
46.699356,1626,1368,97,91,59,11,1668,1361,64,66,77,53,35,12
46.709965,1631,1369,97,90,58,17,1663,1367,75,70,57,56,30,8
46.719799,1634,1370,95,92,59,18,1672,1368,64,72,74,51,30,13
46.730003,1628,1369,92,96,57,14,1670,1367,81,73,58,53,31,7
46.740810,1623,1370,92,95,55,11,1667,1374,70,64,66,50,35,8
46.752003,1624,1369,94,93,56,12,1669,1355,77,70,73,54,31,9
46.762066,1623,1368,94,94,56,11,1671,1358,69,74,70,44,42,14
46.772228,1622,1367,93,95,58,9,1669,1371,72,58,66,60,34,8
46.782845,1630,1368,92,94,59,17,1675,1369,72,70,66,42,48,8
46.793797,1628,1369,92,93,58,16,1678,1375,71,58,74,54,38,8
46.804352,1621,1368,92,93,59,9,1673,1370,67,67,60,67,34,8
46.814827,1626,1367,93,91,62,13,1670,1365,69,64,73,57,34,8
46.825203,1628,1366,93,89,65,15,1670,1363,68,74,66,57,31,11
46.835899,1625,1365,93,92,61,14,1668,1380,51,72,63,53,38,11
46.846111,1625,1365,94,92,59,15,1666,1366,67,57,65,70,37,4
46.856239,1624,1365,94,91,60,14,1677,1368,63,71,64,61,43,7
46.866272,1620,1365,94,91,60,10,1679,1376,65,65,67,56,38,12
46.876850,1621,1364,95,91,59,12,1678,1372,68,69,68,58,38,5
46.887520,1626,1363,94,90,61,18,1673,1382,68,76,59,54,25,9
46.897949,1624,1363,94,89,60,18,1668,1363,69,72,66,53,40,5
46.908352,1620,1362,97,85,62,14,1672,1364,66,87,60,51,31,13
46.919182,1618,1362,94,88,61,13,1668,1349,82,71,64,59,32,11
46.929943,1616,1361,95,87,60,13,1672,1360,72,64,74,54,38,10
46.940590,1622,1362,97,85,60,18,1663,1361,74,64,65,61,34,4
46.951328,1619,1363,98,84,60,14,1661,1360,71,66,63,58,33,10
46.961739,1617,1366,95,88,57,11,1650,1360,78,46,66,62,32,6
46.972878,1627,1365,95,91,54,22,1653,1366,80,49,63,65,24,6
46.983776,1617,1362,99,89,55,12,1654,1357,77,61,69,45,36,9
46.993843,1619,1361,100,89,54,15,1656,1359,81,60,53,55,42,6
47.004639,1627,1363,100,90,51,23,1652,1361,63,64,73,59,27,5
47.014572,1619,1366,99,91,46,17,1657,1366,83,65,55,57,25,6
47.025799,1611,1366,96,93,47,9,1646,1353,70,72,67,41,36,7
47.037209,1614,1366,96,92,48,12,1643,1356,65,76,48,57,31,10
47.048325,1613,1368,95,93,46,11,1642,1351,68,70,67,57,26,3
47.059319,1620,1370,92,95,46,17,1652,1359,68,65,54,58,35,13
47.069786,1614,1371,93,96,44,10,1651,1349,72,71,58,53,39,9
47.080112,1609,1371,94,94,45,5,1651,1353,69,74,58,57,32,8
47.090515,1612,1369,94,97,44,8,1658,1344,72,75,55,60,44,8
47.101322,1614,1369,94,98,43,10,1654,1353,60,81,60,52,35,13
47.112125,1614,1367,95,98,44,10,1641,1360,64,71,62,50,27,7
47.122833,1620,1365,97,96,47,15,1648,1346,64,77,73,53,25,10
47.133430,1620,1366,97,96,47,14,1649,1350,72,63,58,66,32,8
47.143990,1621,1368,95,96,48,14,1655,1342,64,74,66,67,33,9
47.154297,1618,1369,96,93,49,11,1657,1354,76,61,73,55,31,7
47.164848,1621,1370,95,92,50,14,1656,1358,73,63,80,44,33,5
47.175674,1621,1370,96,89,52,14,1661,1355,71,73,65,54,36,7
47.186092,1623,1372,94,90,50,17,1668,1363,71,74,66,52,31,11
47.195789,1620,1373,94,89,50,14,1669,1365,59,65,72,63,39,6
47.205582,1622,1372,94,89,51,16,1670,1363,65,68,61,69,31,13
47.215256,1616,1370,95,88,53,10,1668,1363,60,68,74,56,34,13
47.225109,1623,1370,95,88,54,16,1662,1357,70,54,76,65,32,8
47.234825,1627,1370,99,85,54,19,1661,1356,67,73,68,59,34,4
47.244926,1631,1369,101,81,56,24,1667,1352,77,70,73,62,27,6
47.254608,1617,1367,99,82,58,11,1664,1344,72,84,69,52,32,11
47.264805,1621,1366,97,84,58,16,1659,1339,75,77,63,70,30,5
47.274170,1614,1365,95,86,58,10,1662,1347,63,73,66,70,31,12
47.284191,1627,1364,97,83,61,22,1663,1353,80,65,69,62,25,9
47.293865,1621,1366,95,83,61,16,1664,1362,73,70,61,56,40,2
47.303726,1620,1365,93,84,63,15,1670,1355,75,68,69,60,32,11
47.313869,1622,1366,92,87,61,16,1664,1354,69,68,63,68,31,11
47.324142,1615,1366,93,86,60,10,1664,1364,65,67,71,50,36,11
47.334263,1614,1366,92,86,61,9,1664,1350,72,70,57,65,39,11
47.344620,1619,1367,90,87,60,15,1664,1363,68,74,62,52,33,12
47.355206,1623,1367,90,86,61,19,1661,1355,69,57,74,69,28,9
47.365250,1618,1368,90,85,61,14,1667,1362,67,62,67,53,50,6
47.375187,1627,1369,91,83,61,23,1678,1353,68,81,63,59,48,6
47.384521,1615,1369,88,86,59,13,1680,1356,71,67,73,59,43,11
47.394035,1614,1368,90,81,63,12,1677,1362,70,77,62,62,34,10
47.403816,1613,1368,89,81,63,12,1675,1365,66,56,75,67,36,10
47.413589,1628,1368,87,82,65,26,1674,1358,63,76,59,70,44,4
47.423649,1615,1369,87,85,60,14,1672,1350,76,63,66,63,42,12
47.433578,1607,1367,88,84,62,6,1660,1349,65,81,58,70,27,10
47.443226,1613,1367,86,86,60,14,1682,1345,67,78,71,65,43,13
47.452782,1610,1368,84,89,58,11,1661,1355,68,72,70,53,32,11
47.463509,1616,1369,85,90,56,16,1661,1342,74,68,80,51,34,12
47.474247,1613,1369,87,86,58,13,1661,1352,69,78,61,61,36,4
47.483829,1616,1368,89,84,60,15,1674,1347,81,69,77,54,33,13
47.492981,1619,1369,89,84,60,17,1665,1355,75,68,78,47,34,8
47.503418,1626,1370,89,85,58,24,1667,1360,59,71,57,66,35,19
47.513664,1615,1370,90,83,59,13,1664,1352,71,57,77,68,29,10
47.524349,1611,1370,91,81,61,8,1666,1354,56,64,87,69,28,8
47.533634,1616,1369,91,84,60,12,1666,1349,71,72,63,58,42,11
47.543118,1625,1367,93,81,63,21,1666,1349,67,66,77,64,35,8
47.552761,1619,1366,93,83,62,15,1663,1347,75,61,77,50,39,14
47.562748,1615,1362,95,86,58,14,1655,1352,71,72,63,49,44,4
47.572746,1610,1363,95,83,60,9,1657,1353,66,67,70,60,31,10
47.583481,1614,1364,94,84,59,13,1653,1347,64,66,64,65,36,11
47.594986,1609,1364,95,83,58,9,1655,1351,60,67,76,56,34,11
47.605114,1614,1362,96,83,60,13,1651,1344,63,73,62,63,35,11
47.615540,1619,1361,97,83,61,17,1649,1353,62,65,68,62,35,4
47.626053,1625,1363,96,82,62,22,1645,1349,63,64,65,58,41,5
47.635979,1621,1363,95,85,60,18,1655,1351,63,69,72,49,38,13
47.645905,1622,1363,94,82,64,19,1656,1359,64,72,56,56,39,10
47.655724,1617,1365,92,82,63,15,1659,1357,64,64,62,62,42,8
47.665428,1617,1364,93,81,65,14,1663,1346,80,61,67,59,37,13
47.675629,1616,1364,92,83,62,15,1656,1351,78,64,63,58,30,12
47.685669,1614,1363,91,85,61,14,1648,1356,58,76,72,59,22,5
47.695621,1616,1363,93,84,60,16,1655,1352,73,63,64,61,29,13
47.705868,1614,1361,93,83,63,14,1652,1354,74,70,51,62,32,9
47.715698,1604,1360,92,81,66,5,1660,1356,61,66,79,56,31,11
47.725880,1606,1360,93,81,67,5,1657,1350,70,69,67,57,31,13
47.736752,1615,1361,91,83,65,15,1649,1348,72,64,69,57,36,3
47.747227,1615,1358,94,82,65,16,1655,1358,73,61,66,57,27,13
47.756966,1613,1357,94,85,64,13,1649,1358,55,61,67,68,35,5
47.767178,1620,1354,95,87,64,20,1654,1354,70,67,59,55,35,14
47.777275,1614,1354,91,91,63,15,1655,1342,72,73,66,56,39,7
47.787388,1617,1352,92,88,67,18,1653,1351,69,68,77,45,35,8
47.797802,1618,1351,93,88,67,19,1658,1356,63,69,66,66,27,11
47.807938,1608,1351,94,88,65,10,1651,1353,64,64,66,62,32,10
47.818989,1620,1349,94,88,67,22,1654,1361,63,65,72,50,35,8
47.829414,1613,1350,93,91,62,17,1657,1341,74,62,75,65,33,7
47.839931,1617,1351,92,92,62,20,1665,1363,64,67,59,62,36,14
47.849922,1624,1350,96,88,65,25,1661,1354,74,68,73,48,36,8
47.859741,1619,1351,95,88,64,21,1666,1349,79,61,64,60,42,11
47.869347,1614,1351,95,88,64,16,1672,1346,69,65,69,75,36,12
47.879128,1619,1351,96,88,62,22,1676,1358,77,61,70,64,37,9
47.888691,1612,1350,97,86,64,15,1682,1356,74,59,70,71,43,9
47.898876,1613,1349,97,85,65,17,1680,1368,59,83,60,61,34,15
47.908321,1615,1349,95,87,64,20,1666,1358,70,68,65,66,32,7
47.917423,1610,1349,94,88,63,16,1670,1357,77,62,72,56,39,7
47.926968,1604,1349,94,88,63,10,1665,1365,70,60,62,71,29,8
47.936077,1604,1349,93,90,60,12,1662,1355,59,57,74,72,34,11
47.945793,1609,1349,94,89,58,19,1663,1352,78,65,66,58,39,5
47.955559,1606,1351,92,90,56,17,1670,1354,72,69,67,68,28,12
47.966064,1609,1353,91,91,55,19,1657,1354,57,81,62,63,31,9
47.976650,1603,1354,88,95,54,12,1644,1357,62,68,64,57,24,12
47.986874,1608,1353,88,95,54,18,1650,1340,72,71,61,58,41,7
47.996693,1604,1353,88,92,57,14,1651,1342,64,78,68,51,36,12
48.007195,1612,1354,86,92,58,22,1644,1331,69,77,66,56,32,13
48.016682,1598,1354,86,90,61,7,1638,1334,71,67,66,67,25,8
48.027519,1607,1352,91,86,62,16,1624,1347,57,72,56,56,33,3
48.038429,1603,1350,93,86,60,14,1629,1332,66,71,63,55,36,6
48.048855,1600,1350,95,82,62,11,1640,1323,73,70,64,60,36,14
48.059868,1608,1350,91,84,62,21,1629,1329,62,77,59,54,40,8
48.070423,1605,1350,90,84,63,18,1638,1339,67,60,70,60,30,12
48.081196,1601,1349,89,84,64,15,1642,1342,69,56,70,62,31,12
48.091496,1608,1350,87,86,63,22,1657,1346,59,70,72,57,38,15
48.101101,1597,1351,86,88,59,13,1649,1329,76,62,66,64,42,10
48.111217,1598,1349,89,85,60,15,1647,1342,70,72,59,57,38,9
48.121723,1597,1351,89,83,61,13,1655,1337,78,65,67,69,26,13
48.131783,1594,1352,87,85,60,10,1658,1340,88,49,78,56,37,10
48.141319,1599,1351,88,88,57,15,1661,1342,69,76,67,58,36,13
48.151470,1602,1351,86,91,55,19,1654,1344,71,62,65,70,32,10
48.160576,1595,1351,85,92,55,12,1649,1349,67,70,70,54,33,6
48.170540,1596,1351,87,90,54,14,1649,1350,64,72,70,49,37,7
48.180965,1605,1350,88,90,52,25,1639,1335,84,63,60,64,28,5
48.190464,1593,1350,88,90,51,14,1640,1324,72,62,68,60,42,12
48.201237,1596,1349,89,86,56,16,1636,1336,64,66,65,62,31,12
48.211357,1594,1349,89,86,56,14,1635,1340,65,57,62,57,40,14
48.222290,1600,1348,89,90,53,20,1628,1340,53,69,70,51,31,14
48.232460,1596,1348,89,90,54,15,1625,1338,66,67,62,46,39,7
48.242908,1597,1349,86,97,48,17,1627,1340,73,62,61,54,26,11
48.253075,1598,1349,85,98,49,17,1639,1336,80,70,50,57,37,9
48.263973,1595,1350,84,100,46,15,1636,1351,74,52,61,58,26,14
48.274635,1590,1349,83,99,48,11,1633,1345,68,56,73,47,39,5
48.284447,1591,1347,86,93,52,13,1633,1338,79,62,57,65,27,5
48.294647,1591,1346,90,90,51,14,1633,1329,70,55,73,56,41,9
48.305832,1591,1349,89,86,54,13,1620,1332,75,68,49,51,40,5
48.316605,1596,1348,89,88,53,18,1623,1334,70,85,48,54,27,5
48.327515,1597,1348,89,87,55,18,1628,1335,66,74,65,54,25,9
48.338200,1594,1347,92,85,56,14,1631,1326,88,51,69,52,40,5
48.348255,1603,1346,93,83,59,22,1641,1337,80,67,53,56,33,15
48.358200,1589,1343,96,81,60,9,1633,1337,74,69,65,45,35,8
48.368690,1593,1346,93,82,58,14,1631,1323,83,67,61,52,40,5
48.379402,1589,1346,94,78,62,9,1636,1322,77,75,54,59,39,10
48.389118,1591,1346,94,77,63,11,1640,1325,66,69,62,68,37,13
48.398655,1597,1345,98,73,64,17,1635,1328,72,60,79,61,26,9
48.408913,1597,1345,98,73,62,19,1639,1330,68,69,71,56,34,11
48.419598,1593,1344,98,72,64,15,1632,1326,83,65,57,58,40,3
48.429512,1594,1344,95,75,63,17,1630,1324,84,51,77,57,30,7
48.439880,1592,1344,96,72,64,16,1635,1328,70,60,66,62,35,14
48.449833,1597,1344,96,73,64,20,1634,1334,66,54,76,62,29,13
48.459824,1583,1344,96,72,65,6,1637,1326,82,60,73,57,28,11
48.470272,1594,1343,94,73,67,17,1637,1334,72,54,70,59,39,9
48.480110,1590,1342,93,78,63,14,1637,1328,75,62,72,52,31,17
48.490322,1589,1343,94,75,63,14,1639,1329,68,70,70,58,31,13
48.500271,1594,1343,95,76,60,20,1638,1330,79,58,55,72,37,7
48.510265,1588,1341,96,76,61,14,1635,1328,78,71,63,69,18,8
48.520809,1586,1342,96,76,58,14,1642,1322,71,73,69,57,43,7
48.531044,1584,1344,92,78,60,10,1650,1327,66,71,76,65,33,12
48.540733,1581,1345,90,79,60,7,1649,1329,69,79,63,56,41,12
48.550743,1595,1344,89,83,58,21,1641,1329,69,60,69,64,38,12
48.560818,1584,1344,90,84,56,10,1644,1324,74,78,57,70,29,12
48.570572,1583,1344,89,84,55,11,1645,1327,69,65,67,67,40,10
48.580357,1595,1344,90,82,56,23,1642,1329,75,65,71,61,33,8
48.590034,1587,1342,90,82,58,15,1650,1340,66,58,73,66,31,16
48.599545,1591,1342,91,83,56,19,1639,1330,64,71,66,51,49,8
48.609596,1583,1342,93,82,55,11,1624,1337,69,59,66,56,32,5
48.620171,1584,1340,95,81,56,12,1634,1327,78,55,63,66,36,9
48.630711,1586,1340,95,79,58,14,1627,1328,67,77,62,50,33,10
48.641182,1580,1339,95,81,54,11,1624,1313,77,56,68,66,36,8
48.651409,1579,1338,97,79,55,10,1621,1326,58,69,74,52,36,6
48.662781,1582,1337,98,79,55,13,1619,1320,72,64,65,57,30,11
48.673141,1579,1335,100,77,55,12,1618,1312,66,56,66,67,48,3
48.682941,1579,1333,102,77,54,13,1624,1312,68,72,64,58,38,12
48.693493,1579,1333,104,77,50,15,1610,1317,69,68,61,64,27,4
48.704128,1578,1333,104,77,50,14,1609,1316,63,72,63,48,35,12
48.714554,1577,1333,102,76,53,13,1608,1323,54,71,60,55,31,14
48.724911,1573,1333,101,77,53,9,1608,1323,70,64,52,54,38,7
48.735992,1580,1331,102,75,56,16,1603,1320,67,67,58,55,29,7
48.747055,1577,1331,100,79,53,14,1599,1317,64,68,59,54,27,10
48.757362,1569,1331,101,78,52,7,1608,1304,72,71,57,52,33,19
48.769176,1576,1332,99,79,52,14,1602,1307,75,65,66,50,30,9
48.779507,1580,1332,98,78,54,18,1603,1312,70,68,64,45,32,12
48.790371,1573,1331,97,80,53,12,1603,1302,66,83,50,62,33,7
48.801590,1586,1329,97,80,55,25,1611,1311,69,68,61,56,32,14
48.812477,1568,1330,96,83,53,6,1609,1310,75,57,73,58,29,7
48.823395,1574,1329,96,81,55,13,1614,1315,65,74,61,62,31,6
48.833992,1572,1328,94,84,55,11,1620,1312,64,76,51,66,38,13
48.844284,1575,1327,90,81,53,24,1604,1314,64,64,71,46,32,13
48.855896,1560,1327,92,77,53,11,1598,1302,69,71,54,49,38,15
48.866123,1563,1327,93,75,54,14,1591,1308,64,64,60,52,34,9
48.877228,1564,1326,94,75,52,17,1586,1297,70,67,63,58,25,6
48.888550,1555,1327,94,71,56,7,1589,1301,68,58,60,54,35,13
48.899380,1564,1328,92,72,57,15,1585,1305,67,60,64,48,32,9
48.909966,1560,1327,95,69,60,9,1591,1296,79,48,68,59,32,9
48.921211,1561,1325,95,68,63,10,1587,1304,72,63,59,52,29,8
48.932972,1559,1323,97,68,63,8,1590,1316,57,68,62,51,28,8
48.944935,1568,1322,97,71,61,17,1586,1306,73,62,60,48,29,8
48.956364,1563,1320,98,71,61,13,1594,1321,57,54,55,61,36,10
48.967358,1561,1319,102,69,60,11,1587,1314,55,55,57,67,33,6
48.979198,1559,1321,100,67,61,10,1591,1315,64,59,55,59,29,10
48.991219,1564,1320,101,66,63,14,1582,1322,63,49,56,58,27,7
49.003269,1563,1321,100,66,63,13,1586,1312,67,57,63,51,28,8
49.014881,1567,1319,103,63,65,17,1598,1305,67,63,54,63,35,11
49.024994,1564,1319,103,63,65,14,1602,1321,67,66,60,53,25,10
49.035942,1566,1320,102,65,62,17,1610,1324,63,69,55,56,29,14
49.047054,1560,1320,103,62,64,11,1604,1328,50,71,62,49,35,9
49.058834,1568,1321,102,60,68,17,1604,1319,70,60,57,61,32,5
49.069973,1561,1321,103,59,67,11,1607,1318,69,63,59,51,39,8
49.081184,1569,1320,104,58,69,18,1611,1322,76,50,73,55,27,8
49.091812,1562,1318,106,56,70,12,1604,1328,63,58,64,49,34,8
49.103138,1562,1318,105,57,70,12,1607,1316,76,56,59,61,32,7
49.113956,1562,1316,104,59,70,13,1605,1321,67,68,53,52,33,11
49.125011,1564,1316,104,59,69,16,1600,1338,50,65,60,44,36,7
49.136646,1558,1315,105,60,68,10,1604,1322,70,58,54,45,38,17
49.147705,1556,1314,104,61,68,9,1602,1316,69,61,55,56,38,7
49.159176,1565,1315,103,61,67,19,1599,1327,59,79,56,47,27,4
49.170616,1557,1315,103,61,66,12,1599,1309,79,64,56,45,35,11
49.181835,1562,1318,101,63,64,16,1583,1305,69,80,52,49,24,4
49.193989,1558,1318,100,65,62,13,1578,1299,69,69,53,53,30,5
49.205170,1559,1319,96,67,62,15,1583,1302,67,72,47,53,33,9
49.216766,1551,1319,95,69,60,8,1577,1307,68,61,52,49,29,11
49.227886,1560,1317,99,66,60,18,1588,1310,60,62,69,47,27,13
49.239189,1559,1318,99,66,59,17,1593,1315,66,60,52,60,35,5
49.250031,1556,1318,98,65,60,15,1591,1299,73,54,78,40,38,9
49.260670,1552,1318,99,64,59,12,1588,1304,76,59,67,36,35,11
49.271473,1547,1318,99,62,61,7,1578,1294,77,59,53,58,30,7
49.283112,1550,1318,98,60,62,12,1568,1301,67,55,58,46,30,11
49.294941,1556,1317,96,61,64,18,1560,1300,58,68,56,42,27,9
49.307003,1548,1315,97,60,65,11,1566,1297,57,83,50,42,31,6
49.319023,1547,1318,96,58,65,10,1575,1290,75,64,55,47,36,8
49.330872,1547,1317,97,60,63,10,1566,1298,60,61,63,40,35,9
49.343121,1552,1316,98,57,66,15,1557,1297,70,53,70,41,22,4
49.355274,1552,1315,95,62,65,15,1560,1313,61,61,54,47,16,8
49.367645,1549,1314,93,64,65,13,1566,1306,60,75,43,43,29,10
49.379517,1546,1312,94,64,65,11,1568,1309,60,63,50,55,25,6
49.391613,1554,1312,94,66,62,20,1573,1309,60,59,58,50,29,8
49.403072,1547,1311,98,63,62,13,1570,1302,58,63,57,56,26,8
49.415073,1548,1311,98,62,62,15,1577,1294,66,71,64,42,30,10
49.426781,1550,1308,98,65,62,17,1571,1296,55,72,60,51,29,8
49.438160,1548,1308,97,65,64,14,1578,1294,57,67,68,40,40,12
49.449184,1553,1307,97,66,65,18,1578,1298,69,62,70,48,24,7
49.460472,1552,1308,97,68,62,17,1566,1290,69,71,54,57,22,3
49.472366,1548,1308,97,68,60,15,1571,1296,65,65,56,49,30,10
49.483685,1553,1309,98,66,62,18,1578,1290,71,63,61,55,30,8
49.494843,1549,1310,97,64,63,15,1582,1297,62,69,62,61,25,6
49.505520,1548,1311,97,63,63,14,1583,1304,70,51,69,56,24,9
49.516548,1546,1311,94,67,61,13,1587,1292,73,65,67,43,43,4
49.526752,1551,1311,94,67,61,18,1597,1298,68,69,62,54,34,12
49.536896,1547,1311,94,67,61,14,1595,1309,61,70,57,53,36,9
49.547722,1550,1311,93,68,61,17,1593,1295,65,74,62,54,30,13
49.558243,1551,1310,91,71,61,18,1592,1297,71,62,57,62,37,6
49.569103,1542,1309,94,67,62,10,1595,1296,79,60,62,60,29,9
49.579990,1551,1312,89,69,63,18,1596,1311,60,61,68,45,41,10
49.590500,1550,1313,88,72,60,17,1598,1301,64,59,71,54,42,7
49.600887,1542,1313,88,71,59,11,1592,1297,70,68,55,61,36,5
49.611423,1552,1312,89,73,56,22,1587,1310,60,63,64,52,29,9
49.622101,1548,1309,89,75,57,18,1587,1293,67,59,59,70,25,14
49.632519,1550,1308,88,76,57,21,1593,1295,68,71,71,50,25,13
49.642948,1542,1308,89,78,56,11,1586,1294,63,73,59,60,29,8
49.653805,1540,1305,92,76,58,9,1577,1297,61,72,58,54,27,8
49.664944,1540,1304,92,77,56,11,1575,1290,64,68,64,55,27,7
49.675289,1545,1304,92,78,55,16,1583,1290,55,68,60,74,27,9
49.686306,1542,1302,92,77,57,14,1589,1286,65,67,50,71,36,14
49.696445,1537,1302,92,76,58,9,1591,1290,64,67,72,59,29,10
49.707405,1540,1303,90,79,55,13,1596,1303,64,57,67,57,41,7
49.717121,1548,1304,89,78,55,22,1598,1302,69,67,54,61,35,10
49.727161,1538,1304,88,78,56,12,1590,1295,64,77,54,52,43,5
49.737797,1538,1306,85,78,57,12,1588,1300,46,59,75,65,32,11
49.748276,1545,1305,89,75,56,20,1581,1281,78,58,64,64,28,8
49.759392,1539,1306,88,75,57,13,1574,1287,72,56,69,58,28,4
49.769924,1537,1305,89,74,57,12,1579,1283,81,59,53,56,37,10
49.780964,1542,1306,90,72,56,18,1584,1281,81,59,58,57,42,6
49.790955,1541,1306,90,73,55,17,1588,1296,59,63,72,62,25,11
49.801899,1536,1306,90,74,54,12,1589,1297,61,58,72,65,33,3
49.811779,1539,1306,89,76,53,15,1589,1279,69,70,69,53,38,11
49.821789,1538,1306,89,74,54,15,1583,1287,74,65,61,54,33,9
49.832645,1533,1306,89,74,54,10,1576,1277,69,66,61,65,27,11
49.844048,1540,1308,88,76,51,17,1580,1294,61,55,70,48,41,11
49.854324,1532,1308,86,77,52,9,1586,1287,64,67,65,43,50,10
49.865341,1533,1309,86,77,52,9,1576,1285,62,54,74,56,40,5
49.875542,1544,1307,86,79,51,21,1582,1287,76,50,66,54,36,13
49.886440,1535,1306,88,78,52,11,1581,1298,58,63,56,63,32,11
49.896740,1536,1308,86,79,50,13,1584,1291,67,67,49,67,33,10
49.908401,1532,1306,86,80,50,10,1581,1285,65,60,83,48,31,9
49.919254,1539,1305,85,85,47,17,1579,1277,81,61,57,55,35,13
49.929344,1537,1303,87,86,46,15,1581,1288,71,62,57,61,31,11
49.939598,1531,1303,89,85,45,9,1584,1286,80,58,58,56,37,9
49.950096,1535,1301,97,80,43,14,1585,1283,72,71,60,54,31,14
49.961128,1534,1301,97,77,45,14,1579,1275,71,62,79,45,37,10
49.971268,1539,1299,99,75,47,19,1574,1292,63,62,56,57,36,8
49.982002,1532,1299,99,73,49,12,1575,1282,70,52,72,58,36,5
49.992626,1529,1301,97,75,47,9,1580,1281,68,61,67,56,37,10
50.002575,1534,1301,96,77,44,16,1572,1281,70,53,74,59,27,8
50.012486,1530,1300,97,76,44,13,1576,1271,67,66,69,54,37,12
50.022499,1536,1300,99,74,44,19,1574,1279,73,61,63,61,29,8
50.032822,1536,1302,96,76,43,19,1578,1281,74,59,59,64,34,7
50.043392,1531,1302,95,76,45,13,1574,1284,64,62,64,61,33,6
50.053997,1535,1303,95,75,45,17,1577,1282,62,71,53,60,35,14
50.064587,1526,1303,95,74,44,10,1576,1272,79,60,72,55,30,8
50.074802,1533,1304,95,73,44,17,1579,1282,69,64,68,52,33,11
50.085133,1527,1304,93,73,46,11,1570,1282,67,64,68,53,34,2
50.095356,1528,1303,94,72,47,12,1565,1277,59,75,57,53,32,12
50.105892,1532,1304,97,69,46,16,1563,1260,68,59,77,55,35,9
50.116501,1530,1300,99,71,45,15,1560,1271,63,67,67,55,24,13
50.127411,1535,1301,98,70,45,21,1558,1274,74,56,66,50,29,9
50.137863,1531,1299,100,67,47,18,1557,1267,63,68,62,61,30,6
50.147915,1526,1299,99,68,48,12,1563,1266,64,64,75,54,35,5
50.158218,1530,1300,99,68,48,15,1563,1252,76,71,65,53,33,13
50.167812,1531,1300,96,71,48,16,1562,1253,69,75,61,59,37,8
50.178173,1526,1299,96,71,48,12,1558,1266,60,79,69,41,34,9
50.189354,1534,1298,99,66,51,20,1560,1269,66,63,68,49,32,13
50.200424,1535,1297,98,69,50,21,1558,1268,66,63,69,47,35,10
50.210579,1533,1297,97,70,50,19,1559,1277,69,62,71,45,31,4
50.221420,1528,1297,97,69,49,16,1563,1280,55,69,59,53,37,10
50.231655,1521,1298,96,66,51,10,1569,1265,72,67,58,63,30,14
50.241905,1537,1299,96,65,51,26,1569,1263,69,60,68,60,35,14
50.251808,1522,1300,95,67,49,11,1564,1262,72,54,64,61,42,9
50.262455,1528,1300,96,68,47,17,1570,1261,69,63,69,60,39,9
50.273098,1531,1299,96,69,47,20,1566,1264,60,70,63,61,37,11
50.284042,1526,1299,95,71,46,15,1560,1259,70,71,52,57,41,10
50.294628,1525,1300,93,72,46,14,1550,1260,70,60,53,63,39,5
50.305519,1529,1301,91,73,48,16,1554,1262,68,60,67,53,36,8
50.316223,1524,1301,90,74,47,12,1556,1274,52,61,62,59,36,12
50.327194,1517,1300,91,71,50,5,1558,1272,58,73,59,53,32,11
50.338390,1523,1299,91,72,49,12,1557,1268,71,70,40,59,42,7
50.349483,1523,1299,90,72,50,12,1553,1267,68,71,56,61,21,9
50.360771,1527,1297,92,68,54,16,1550,1269,60,68,54,57,35,7
50.372807,1526,1297,91,69,54,15,1554,1271,68,63,58,53,29,12
50.384083,1523,1295,90,72,55,11,1558,1263,59,75,60,63,25,13
50.394958,1526,1295,89,73,53,16,1559,1269,66,64,63,59,32,6
50.405846,1520,1294,90,75,51,10,1569,1273,61,68,64,58,33,12
50.416935,1523,1294,90,75,51,13,1566,1269,75,53,77,54,32,6
50.427261,1531,1295,90,73,52,21,1578,1266,65,67,64,62,43,11
50.437786,1521,1296,90,73,50,12,1582,1283,56,71,56,60,43,13
50.447296,1519,1293,92,73,50,11,1580,1267,78,57,61,70,36,11
50.457058,1529,1292,93,73,50,21,1591,1278,77,63,66,57,43,7
50.466591,1532,1292,95,69,53,23,1605,1279,68,68,62,68,45,15
50.476273,1521,1292,96,70,52,11,1593,1268,74,70,79,52,40,10
50.486107,1523,1294,94,71,51,13,1593,1285,58,67,73,63,37,10
50.495728,1527,1295,92,71,51,18,1589,1283,64,66,66,66,34,10
50.505569,1524,1294,90,72,53,15,1590,1277,59,61,77,62,35,19
50.515476,1523,1296,85,75,53,14,1576,1267,74,61,45,71,47,11
50.525860,1529,1296,87,74,53,19,1570,1279,63,66,55,61,36,10
50.535610,1532,1296,85,76,53,22,1572,1276,72,57,68,55,39,5
50.546307,1526,1296,86,73,55,16,1571,1277,68,61,72,58,21,14
50.556973,1521,1295,87,75,51,13,1571,1276,78,64,61,57,23,12
50.566471,1515,1295,87,74,50,9,1566,1279,71,62,61,50,38,5
50.577682,1519,1294,88,75,49,13,1573,1279,75,62,60,53,31,13
50.588207,1516,1293,89,76,47,11,1566,1258,83,55,62,64,35,9
50.598850,1517,1292,89,76,47,13,1560,1269,68,66,55,61,30,11
50.609337,1523,1292,90,74,48,19,1563,1268,76,47,67,60,37,8
50.619411,1516,1293,90,74,48,11,1555,1266,64,81,47,57,26,14
50.630547,1523,1294,88,76,47,18,1557,1274,58,71,61,52,31,10
50.641682,1518,1294,89,75,46,14,1553,1264,59,62,71,56,34,7
50.653332,1516,1293,93,71,48,11,1551,1266,73,67,54,62,20,9
50.664623,1514,1293,92,72,48,9,1543,1260,67,73,61,54,25,3
50.676823,1517,1293,92,72,50,10,1543,1270,65,65,51,52,34,6
50.687344,1521,1292,94,70,51,14,1543,1267,54,75,55,47,33,12
50.698948,1521,1291,94,66,55,15,1541,1256,65,76,63,48,27,6
50.710136,1516,1290,96,66,53,11,1545,1247,75,64,71,60,23,5
50.720959,1514,1289,94,70,50,11,1548,1256,67,78,60,60,18,9
50.731915,1524,1289,93,69,52,21,1552,1267,66,64,62,52,31,10
50.742859,1520,1289,91,70,53,17,1557,1278,54,71,68,47,26,13
50.753567,1518,1288,93,68,51,18,1551,1259,73,85,49,52,25,8
50.764256,1507,1289,92,69,51,6,1546,1257,74,64,63,46,37,5
50.775291,1512,1289,91,72,47,13,1552,1262,76,68,51,57,28,10
50.785652,1507,1289,90,70,50,8,1551,1251,77,67,59,58,33,6
50.796295,1515,1288,89,71,51,16,1563,1253,78,61,67,54,35,15
50.805775,1508,1286,90,72,50,10,1554,1245,83,58,63,68,28,9
50.816177,1514,1285,92,70,51,16,1556,1245,76,69,58,57,39,12
50.826221,1509,1286,94,65,53,11,1563,1258,74,64,77,54,29,7
50.835720,1511,1282,95,65,56,13,1563,1252,79,52,63,75,34,8
50.845898,1511,1281,95,66,56,13,1570,1260,85,60,54,70,29,12
50.855995,1513,1281,94,67,56,15,1566,1260,81,59,61,60,35,10
50.866413,1513,1279,96,67,56,15,1556,1253,82,60,65,60,26,10
50.875755,1517,1280,98,62,59,18,1562,1254,77,69,55,62,37,8
50.885616,1513,1279,100,62,58,14,1566,1253,80,55,72,60,32,14
50.896294,1512,1279,99,64,58,12,1563,1258,76,61,73,57,28,10
50.906727,1512,1279,101,64,56,12,1553,1258,74,60,67,56,30,8
50.916943,1512,1280,100,63,56,13,1555,1253,69,63,59,71,26,14
50.927685,1517,1280,98,65,56,18,1558,1260,56,68,62,64,39,9
50.938725,1509,1278,100,63,57,11,1557,1255,72,56,75,54,36,9
50.948833,1509,1280,98,66,54,11,1566,1264,69,66,69,46,46,6
50.959732,1513,1280,98,64,56,15,1561,1256,83,68,65,53,29,7
50.969860,1516,1283,97,65,53,18,1566,1254,78,69,67,57,29,12
50.980484,1510,1282,97,67,55,9,1564,1261,66,67,66,69,24,11
50.990223,1518,1279,98,67,58,16,1553,1258,77,64,63,45,31,15
51.001640,1513,1280,95,71,55,12,1559,1263,68,60,62,62,37,7
51.012249,1513,1278,96,71,55,13,1555,1246,82,56,64,56,38,13
51.023079,1512,1277,96,74,51,14,1553,1255,75,66,60,52,34,11
51.033497,1513,1279,94,75,50,15,1549,1244,76,56,65,63,36,9
51.044510,1514,1278,94,76,50,16,1542,1249,66,59,71,50,39,8
51.055389,1513,1276,95,74,53,15,1537,1258,64,53,68,50,35,9
51.066463,1509,1276,93,75,54,11,1542,1259,73,63,53,56,25,13
51.076679,1510,1276,92,78,50,14,1540,1251,69,68,58,54,35,5
51.087097,1514,1276,91,80,48,19,1549,1254,72,60,61,55,36,11
51.097286,1519,1274,95,79,47,24,1553,1266,66,53,62,56,41,9
51.107414,1505,1275,94,77,50,9,1554,1261,64,62,69,51,40,7
51.117355,1511,1275,94,76,51,15,1552,1252,65,70,59,63,29,14
51.128094,1510,1270,98,76,51,15,1550,1242,79,55,69,54,44,7
51.139038,1513,1269,100,75,51,18,1551,1251,72,56,72,56,36,8
51.149357,1505,1268,100,74,52,11,1551,1248,69,70,51,66,34,13
51.159557,1508,1269,100,76,49,14,1546,1248,72,65,64,52,35,10
51.169739,1510,1270,99,77,47,17,1549,1245,70,61,68,64,34,7
51.180382,1503,1271,96,79,47,10,1556,1252,68,72,61,57,38,8
51.191074,1509,1270,95,78,50,16,1556,1247,75,55,62,58,47,12
51.201260,1509,1269,95,79,50,16,1552,1256,67,59,57,49,50,14
51.211445,1509,1269,95,78,49,18,1553,1256,63,64,63,66,31,10
51.222012,1505,1269,95,78,47,16,1557,1250,70,62,58,67,38,12
51.232533,1503,1273,91,77,47,15,1549,1238,70,65,69,61,35,11
51.242992,1500,1271,93,75,48,13,1550,1252,74,56,75,51,35,7
51.252842,1504,1272,94,72,50,16,1549,1251,71,66,63,57,35,6
51.263248,1498,1272,94,73,48,11,1552,1241,77,60,62,64,34,14
51.273216,1506,1272,94,73,48,19,1547,1254,66,63,56,62,35,11
51.283134,1507,1271,95,73,50,18,1543,1244,71,79,67,49,27,6
51.293465,1506,1272,93,75,49,17,1549,1247,77,55,71,60,31,8
51.303658,1505,1271,93,74,51,16,1548,1244,73,72,69,49,36,5
51.314064,1500,1269,94,75,50,12,1552,1245,78,59,64,58,40,8
51.324150,1499,1271,92,75,50,11,1557,1255,71,61,58,59,36,17
51.334526,1503,1270,94,75,48,16,1551,1246,72,60,75,57,32,9
51.344814,1500,1268,95,72,52,13,1545,1246,66,67,58,54,46,8
51.355659,1498,1268,96,70,54,10,1533,1245,75,68,50,56,31,8
51.367214,1499,1267,96,71,55,10,1531,1241,62,75,52,58,36,7
51.378979,1497,1267,95,74,53,8,1530,1247,66,68,52,54,34,9
51.389755,1501,1268,97,69,56,11,1534,1251,63,71,49,50,42,8
51.400558,1507,1266,99,68,57,17,1544,1238,85,60,67,56,29,9
51.410831,1501,1265,101,67,56,12,1537,1232,71,74,59,46,43,12
51.421093,1502,1266,102,67,54,13,1545,1233,70,59,71,60,41,11
51.431526,1501,1266,99,70,52,14,1551,1243,73,68,64,60,35,8
51.441765,1503,1265,98,70,54,16,1557,1255,63,61,56,68,46,8
51.451488,1508,1264,98,71,53,22,1557,1243,69,65,70,69,32,9
51.461147,1501,1263,99,71,53,15,1566,1241,69,74,75,64,30,13
51.470215,1500,1262,99,72,53,14,1580,1246,69,74,79,58,36,18
51.478951,1492,1263,98,73,52,6,1586,1254,63,70,86,60,44,9
51.487598,1505,1263,98,75,50,19,1582,1256,60,86,77,57,37,9
51.495975,1501,1264,98,72,52,15,1583,1250,71,65,70,79,40,8
51.504986,1500,1263,99,72,52,14,1571,1243,79,65,77,57,41,9
51.514557,1503,1263,100,69,55,16,1574,1249,69,73,68,71,31,13
51.524178,1510,1262,99,71,54,24,1585,1250,80,66,67,72,39,11
51.534000,1498,1262,100,71,53,12,1566,1248,67,76,66,62,34,13
51.543659,1508,1260,103,70,53,22,1563,1237,74,71,71,60,35,15
51.553150,1499,1261,102,68,55,13,1565,1243,79,56,63,83,30,11
51.563122,1497,1260,100,72,55,10,1563,1246,71,71,75,53,34,13
51.572777,1501,1260,98,74,54,15,1560,1239,74,68,68,60,42,9
51.582764,1496,1259,96,76,54,11,1558,1246,73,70,59,60,46,4
51.592228,1502,1260,95,75,55,17,1565,1248,74,61,62,60,48,12
51.601456,1502,1260,93,77,56,16,1557,1260,73,70,56,57,35,6
51.611694,1501,1260,94,76,57,14,1552,1245,87,55,60,55,42,8
51.622547,1504,1261,94,73,58,18,1549,1251,75,52,66,59,32,14
51.632542,1501,1259,96,74,56,16,1542,1240,66,78,55,57,35,11
51.643017,1496,1259,95,75,55,12,1546,1232,86,65,62,58,32,11
51.653454,1502,1259,94,74,57,18,1535,1236,73,63,63,55,34,11
51.664223,1495,1257,96,74,57,11,1536,1233,85,52,64,53,41,8
51.673973,1492,1257,94,75,58,8,1549,1245,66,69,63,58,34,14
51.684547,1500,1260,90,76,58,16,1539,1237,74,67,69,58,29,5
51.694851,1501,1258,92,75,59,17,1537,1250,66,61,57,68,29,6
51.705097,1496,1259,92,76,57,12,1542,1245,59,74,63,53,38,10
51.715382,1503,1260,90,77,57,19,1543,1233,75,68,64,62,32,9
51.726322,1503,1259,91,76,58,19,1543,1243,65,76,55,59,37,8
51.737514,1495,1260,90,76,57,12,1554,1243,69,67,69,57,37,12
51.747540,1497,1259,91,75,58,14,1551,1247,63,65,69,69,29,9
51.757179,1493,1258,93,73,59,10,1551,1247,65,63,66,67,35,8
51.768131,1508,1258,92,76,58,24,1541,1248,78,68,57,51,36,3
51.778938,1504,1258,92,75,59,20,1549,1241,68,73,66,59,33,9
51.789223,1501,1259,91,75,59,17,1548,1251,68,68,66,54,33,8
51.799313,1497,1260,91,79,53,14,1539,1246,68,68,70,56,26,5
51.809917,1502,1259,94,78,55,16,1544,1245,69,69,66,55,29,11
51.819859,1503,1260,93,79,51,20,1550,1261,75,65,56,53,32,8
51.830036,1496,1260,93,79,50,14,1554,1244,67,73,64,55,39,12
51.840130,1491,1258,95,79,50,9,1546,1254,68,70,58,58,29,9
51.849655,1490,1255,98,77,53,7,1544,1243,72,60,69,53,45,2
51.860058,1493,1255,98,77,52,11,1547,1244,71,63,72,60,32,5
51.869602,1504,1254,99,80,50,21,1546,1248,76,66,55,62,27,12
51.879749,1495,1254,97,82,51,11,1543,1249,53,78,69,52,34,8
51.889565,1497,1253,97,81,52,14,1541,1249,75,66,61,51,29,10
51.900517,1497,1250,98,83,52,14,1542,1241,61,73,53,63,41,10
51.911491,1500,1251,96,85,51,17,1537,1239,71,61,61,58,38,9
51.921822,1495,1255,96,80,53,11,1547,1228,67,74,64,60,40,14
51.931728,1505,1256,95,81,51,22,1545,1241,71,67,63,65,28,10
51.941120,1501,1256,94,84,50,17,1543,1235,72,62,71,59,35,9
51.950546,1496,1258,96,77,53,12,1539,1239,73,66,63,49,37,12
51.960804,1491,1258,94,78,50,11,1534,1239,63,73,65,59,24,11
51.971989,1491,1257,95,77,50,12,1529,1228,62,69,59,62,36,13
51.982281,1494,1258,93,77,50,16,1531,1236,68,63,69,55,36,4
51.992786,1491,1258,93,77,50,13,1530,1242,68,64,60,62,30,4
52.003410,1488,1258,91,78,51,10,1539,1233,77,59,68,56,36,10
52.013546,1496,1260,90,79,51,16,1529,1249,57,69,64,53,29,8
52.025009,1491,1259,92,79,49,12,1522,1227,72,63,64,49,37,10
52.035172,1486,1258,93,79,49,7,1525,1225,63,74,61,55,36,11
52.046024,1492,1259,96,77,47,13,1518,1218,66,65,66,62,34,7
52.056316,1494,1259,94,77,48,16,1518,1222,66,63,59,65,35,8
52.067333,1489,1257,94,78,49,11,1525,1221,68,69,70,50,37,10
52.077400,1489,1257,96,74,49,13,1531,1226,58,81,65,46,44,11
52.088276,1487,1256,97,73,49,12,1518,1217,71,70,66,50,36,8
52.099537,1492,1257,94,74,51,16,1525,1222,72,73,52,58,39,9
52.110035,1484,1256,93,73,54,8,1529,1231,61,78,61,55,33,10
52.120625,1501,1256,94,73,53,25,1532,1230,60,74,61,61,36,10
52.130539,1497,1260,91,73,52,21,1533,1230,65,71,62,64,37,4
52.140812,1496,1260,93,73,49,21,1532,1226,67,66,66,59,43,5
52.150833,1480,1260,92,73,48,7,1541,1223,85,61,55,62,46,9
52.160580,1486,1258,93,73,49,13,1547,1219,76,71,67,66,41,7
52.170700,1489,1258,92,77,48,14,1538,1241,66,67,62,63,32,7
52.180721,1492,1257,88,80,50,17,1537,1239,64,55,74,68,33,4
52.191036,1492,1258,85,82,51,16,1530,1249,65,52,71,56,36,1
52.201080,1491,1258,86,81,51,15,1536,1235,70,68,62,52,40,9
52.211319,1490,1258,85,80,52,15,1542,1236,73,60,66,54,43,10
52.221760,1487,1260,87,77,50,13,1531,1230,74,54,60,64,37,12
52.231514,1493,1257,89,76,52,19,1530,1235,71,62,71,42,40,9
52.242126,1487,1257,88,77,50,15,1531,1240,62,78,59,55,29,8
52.252209,1490,1257,88,76,51,18,1539,1232,77,70,57,53,39,11
52.262760,1491,1257,91,73,51,19,1536,1249,72,67,64,51,24,9
52.272457,1485,1259,88,74,50,14,1545,1237,72,54,68,68,40,6
52.281887,1488,1258,89,73,49,19,1544,1231,76,60,72,56,41,8
52.291039,1491,1260,88,72,50,21,1545,1230,66,65,56,76,31,21
52.301010,1489,1259,92,69,51,18,1543,1238,75,71,55,58,38,8
52.311646,1486,1259,93,68,50,16,1533,1221,67,76,68,56,34,11
52.322083,1485,1257,96,67,49,16,1534,1232,69,66,71,54,34,8
52.332279,1486,1257,96,70,46,17,1529,1227,72,65,51,74,30,10
52.343086,1479,1257,97,71,44,10,1524,1225,65,72,66,51,37,8
52.353870,1486,1259,95,70,45,17,1515,1226,60,76,62,52,31,8
52.364407,1481,1258,95,72,44,12,1520,1218,66,76,72,55,28,5
52.375381,1482,1258,95,73,43,13,1520,1221,65,76,65,53,31,9
52.386044,1484,1257,96,72,44,15,1524,1235,72,75,66,50,20,6
52.397293,1485,1259,93,74,44,15,1522,1233,60,72,71,54,24,8
52.407906,1488,1257,99,71,43,18,1522,1226,71,70,62,45,37,11
52.417545,1492,1257,98,70,45,22,1533,1225,62,78,62,63,33,10
52.427639,1490,1257,98,73,44,18,1526,1233,65,65,69,54,28,12
52.438522,1487,1257,96,75,42,17,1533,1230,73,73,52,63,31,11
52.448971,1488,1255,97,74,43,19,1529,1229,71,65,60,66,27,11
52.459034,1481,1256,96,75,42,12,1535,1227,67,61,77,53,37,13
52.469322,1480,1256,95,76,42,11,1533,1234,56,74,68,62,31,8
52.479591,1479,1256,93,78,42,10,1526,1226,67,74,55,57,40,7
52.489883,1489,1257,92,80,41,19,1536,1224,73,76,67,57,26,13
52.499809,1484,1257,92,79,41,15,1527,1237,60,75,66,52,26,11
52.510262,1483,1254,92,83,40,14,1537,1220,66,73,71,56,41,10
52.520096,1485,1255,91,83,40,16,1534,1221,75,74,54,61,39,10
52.530228,1479,1254,90,83,41,11,1523,1229,63,69,67,54,35,6
52.540958,1486,1255,89,84,40,18,1530,1219,75,71,58,64,32,11
52.550827,1486,1258,87,85,38,18,1532,1236,68,68,52,60,39,9
52.561302,1478,1256,88,84,40,10,1523,1230,62,76,56,52,31,16
52.571903,1481,1255,91,82,41,12,1525,1230,66,59,59,57,49,5
52.581402,1483,1256,91,78,44,14,1533,1229,61,80,61,48,39,15
52.592518,1485,1255,92,77,45,16,1528,1222,66,72,61,54,41,12
52.602966,1483,1253,91,77,48,14,1530,1216,82,73,58,54,36,11
52.613335,1479,1252,91,78,48,10,1530,1224,61,70,68,52,46,9
52.623714,1493,1253,86,83,48,23,1532,1234,62,71,67,59,29,10
52.633827,1487,1252,87,81,49,18,1525,1230,59,72,64,59,31,10
52.643990,1484,1250,88,81,50,15,1531,1229,66,63,69,51,43,10
52.654171,1483,1250,88,82,49,14,1528,1240,63,61,58,64,35,7
52.664692,1487,1249,88,83,48,19,1536,1232,75,60,57,68,32,12
52.674614,1483,1249,89,82,48,15,1541,1240,69,66,63,60,34,9
52.685184,1491,1249,90,80,49,23,1530,1240,68,61,63,55,36,7
52.695385,1485,1249,90,81,48,17,1534,1234,67,63,48,74,41,7
52.704849,1490,1249,89,82,48,22,1529,1226,68,66,58,61,40,10
52.714855,1484,1247,89,84,48,16,1534,1225,68,77,54,64,29,17
52.725517,1483,1248,88,86,47,14,1523,1219,70,47,78,57,40,12
52.735878,1483,1248,88,87,46,14,1525,1226,74,66,56,66,26,11
52.745796,1487,1247,89,88,44,19,1527,1227,69,63,77,52,30,9
52.756046,1480,1246,88,88,46,12,1533,1224,65,70,63,68,30,13
52.766209,1490,1245,88,87,48,22,1534,1233,71,55,74,57,35,9
52.776272,1483,1245,90,86,47,15,1533,1234,72,49,68,72,32,6
52.786877,1487,1244,89,86,50,18,1525,1233,69,64,66,59,24,10
52.797173,1486,1243,87,87,53,16,1524,1224,66,72,71,51,36,4
52.807865,1479,1243,85,88,53,10,1518,1226,67,66,61,60,30,8
52.818455,1484,1242,87,84,57,14,1520,1234,55,69,67,45,42,8
52.829071,1483,1240,88,82,60,13,1514,1229,61,65,57,45,45,12
52.840988,1480,1241,86,85,57,11,1508,1228,65,54,56,60,34,11
52.852615,1479,1240,88,82,58,11,1508,1233,63,64,67,53,22,6
52.864388,1473,1239,90,80,59,5,1512,1237,68,45,55,56,39,12
52.875858,1478,1238,92,79,59,10,1511,1233,75,51,52,56,35,9
52.887520,1480,1238,90,83,57,12,1516,1233,72,58,51,62,32,8
52.898197,1486,1240,88,85,54,19,1512,1233,69,68,55,58,24,5
52.909157,1481,1241,86,83,58,13,1514,1222,70,64,62,56,35,5
52.920086,1482,1243,81,84,59,15,1517,1230,69,57,54,69,32,6
52.931362,1477,1242,82,85,57,11,1512,1235,58,60,55,53,41,10
52.942268,1479,1243,80,88,55,13,1509,1227,63,61,68,53,27,10
52.952831,1478,1245,77,88,55,13,1511,1228,74,57,60,55,29,8
52.963417,1481,1245,77,89,55,15,1518,1230,59,67,57,53,44,8
52.973408,1483,1247,78,85,55,18,1515,1233,65,72,65,38,31,11
52.983353,1487,1247,79,84,54,23,1523,1232,71,58,79,53,20,10
52.993935,1478,1246,80,82,57,13,1512,1222,68,65,67,53,25,12
53.004696,1482,1246,81,79,59,17,1509,1222,59,76,45,56,38,13
53.015106,1479,1245,81,76,63,14,1519,1227,72,52,70,50,39,9
53.025688,1474,1243,79,80,60,12,1514,1220,66,69,60,54,40,5
