scenario,replica,seed,step,time_s,Si_total,Si_oh0,Si_oh1,Si_oh2,Si_oh3,Si_oh4,Al_total,Al_l0,Al_l1,Al_l2,Al_l3,Al_l4,Al_l5,Al_l6
nominal,0,90401,0,0.0,160,120,40,0,0,0,160,140,0,20,0,0,0,0
nominal,0,90401,2000,145.0588,160,120,40,0,0,0,160,140,0,20,0,0,0,0
nominal,0,90401,4000,288.6243,160,120,40,0,0,0,160,140,0,20,0,0,0,0
nominal,0,90401,6000,437.1405,160,120,40,0,0,0,160,140,0,20,0,0,0,0
nominal,0,90401,8000,578.8338,160,120,40,0,0,0,160,140,0,20,0,0,0,0
nominal,0,90401,10000,719.5576,160,120,40,0,0,0,160,140,0,20,0,0,0,0
nominal,0,90401,12000,858.3491,160,120,40,0,0,0,160,140,0,20,0,0,0,0
nominal,0,90401,14000,995.368,160,120,40,0,0,0,160,140,0,20,0,0,0,0
nominal,0,90401,16000,1138.833,160,120,40,0,0,0,160,140,0,20,0,0,0,0
nominal,0,90401,18000,1278.925,160,120,40,0,0,0,160,140,0,20,0,0,0,0
nominal,0,90401,20000,1419.145,160,120,40,0,0,0,160,140,0,20,0,0,0,0
nominal,1,90403,0,0.0,160,120,40,0,0,0,160,140,0,20,0,0,0,0
nominal,1,90403,2000,142.9856,160,120,40,0,0,0,160,140,0,20,0,0,0,0
nominal,1,90403,4000,286.5905,160,120,40,0,0,0,160,140,0,20,0,0,0,0
nominal,1,90403,6000,424.6695,160,120,40,0,0,0,160,140,0,20,0,0,0,0
nominal,1,90403,8000,574.4201,160,120,40,0,0,0,160,140,0,20,0,0,0,0
nominal,1,90403,10000,712.9999,160,120,40,0,0,0,160,140,0,20,0,0,0,0
nominal,1,90403,12000,860.3508,160,120,40,0,0,0,160,140,0,20,0,0,0,0
nominal,1,90403,14000,1005.387,160,120,40,0,0,0,160,140,0,20,0,0,0,0
nominal,1,90403,16000,1147.633,160,120,40,0,0,0,160,140,0,20,0,0,0,0
nominal,1,90403,18000,1294.272,160,120,40,0,0,0,160,140,0,20,0,0,0,0
nominal,1,90403,20000,1434.076,160,120,40,0,0,0,160,140,0,20,0,0,0,0
nominal,2,90407,0,0.0,160,120,40,0,0,0,160,140,0,20,0,0,0,0
nominal,2,90407,2000,144.4102,160,120,40,0,0,0,160,140,0,20,0,0,0,0
nominal,2,90407,4000,292.1793,160,120,40,0,0,0,160,140,0,20,0,0,0,0
nominal,2,90407,6000,441.9682,160,120,40,0,0,0,160,140,0,20,0,0,0,0
nominal,2,90407,8000,577.6964,160,120,40,0,0,0,160,140,0,20,0,0,0,0
nominal,2,90407,10000,717.1121,160,120,40,0,0,0,160,140,0,20,0,0,0,0
nominal,2,90407,12000,855.5837,160,120,40,0,0,0,160,140,0,20,0,0,0,0
nominal,2,90407,14000,1003.298,160,120,40,0,0,0,160,140,0,20,0,0,0,0
nominal,2,90407,16000,1139.54,160,120,40,0,0,0,160,140,0,20,0,0,0,0
nominal,2,90407,18000,1288.186,161,120,40,0,0,1,160,139,1,19,1,0,0,0
nominal,2,90407,20000,1445.428,161,120,40,0,0,1,160,139,1,19,1,0,0,0
nominal,3,90409,0,0.0,160,120,40,0,0,0,160,140,0,20,0,0,0,0
nominal,3,90409,2000,147.6805,160,120,40,0,0,0,160,140,0,20,0,0,0,0
nominal,3,90409,4000,294.6574,160,120,40,0,0,0,160,140,0,20,0,0,0,0
nominal,3,90409,6000,455.1567,161,120,40,0,0,1,160,139,1,19,1,0,0,0
nominal,3,90409,8000,610.0296,161,120,40,0,0,1,160,139,1,19,1,0,0,0
nominal,3,90409,10000,766.6151,161,120,40,0,0,1,160,139,1,19,1,0,0,0
nominal,3,90409,12000,911.602,161,120,40,0,0,1,160,139,1,19,1,0,0,0
nominal,3,90409,14000,1069.171,161,120,40,0,0,1,160,139,1,19,1,0,0,0
nominal,3,90409,16000,1219.983,161,120,40,0,0,1,160,139,1,19,1,0,0,0
nominal,3,90409,18000,1374.608,162,120,40,0,0,2,160,140,0,20,0,0,0,0
nominal,3,90409,20000,1539.301,163,120,40,0,0,3,160,139,1,19,1,0,0,0
nominal,4,90413,0,0.0,160,120,40,0,0,0,160,140,0,20,0,0,0,0
nominal,4,90413,2000,144.2787,160,120,40,0,0,0,160,140,0,20,0,0,0,0
nominal,4,90413,4000,293.8795,160,120,40,0,0,0,160,140,0,20,0,0,0,0
nominal,4,90413,6000,432.2299,160,120,40,0,0,0,160,140,0,20,0,0,0,0
nominal,4,90413,8000,579.9652,160,120,40,0,0,0,160,140,0,20,0,0,0,0
nominal,4,90413,10000,726.2198,160,120,40,0,0,0,160,140,0,20,0,0,0,0
nominal,4,90413,12000,871.7934,160,120,40,0,0,0,160,140,0,20,0,0,0,0
nominal,4,90413,14000,1017.125,160,120,40,0,0,0,160,140,0,20,0,0,0,0
nominal,4,90413,16000,1162.618,160,120,40,0,0,0,160,140,0,20,0,0,0,0
nominal,4,90413,18000,1305.205,161,120,40,0,0,1,160,139,1,19,1,0,0,0
nominal,4,90413,20000,1456.543,161,120,40,0,0,1,160,139,1,19,1,0,0,0
nominal,5,90419,0,0.0,160,120,40,0,0,0,160,140,0,20,0,0,0,0
nominal,5,90419,2000,150.0076,161,120,40,0,0,1,160,139,1,19,1,0,0,0
nominal,5,90419,4000,299.9473,161,120,40,0,0,1,160,139,1,19,1,0,0,0
nominal,5,90419,6000,453.5396,161,120,40,0,0,1,160,139,1,19,1,0,0,0
nominal,5,90419,8000,611.4099,161,120,40,0,0,1,160,139,1,19,1,0,0,0
nominal,5,90419,10000,766.5827,161,120,40,0,0,1,160,139,1,19,1,0,0,0
nominal,5,90419,12000,908.5637,161,120,40,0,0,1,160,139,1,19,1,0,0,0
nominal,5,90419,14000,1061.609,161,120,40,0,0,1,160,139,1,19,1,0,0,0
nominal,5,90419,16000,1208.838,161,120,40,0,0,1,160,139,1,19,1,0,0,0
nominal,5,90419,18000,1356.063,162,120,40,0,0,2,160,140,0,20,0,0,0,0
nominal,5,90419,20000,1513.534,162,120,40,0,0,2,160,140,0,20,0,0,0,0
nominal,6,90421,0,0.0,160,120,40,0,0,0,160,140,0,20,0,0,0,0
nominal,6,90421,2000,151.4684,160,120,40,0,0,0,160,140,0,20,0,0,0,0
nominal,6,90421,4000,294.9625,160,120,40,0,0,0,160,140,0,20,0,0,0,0
nominal,6,90421,6000,426.4785,160,120,40,0,0,0,160,140,0,20,0,0,0,0
nominal,6,90421,8000,578.3517,160,120,40,0,0,0,160,140,0,20,0,0,0,0
nominal,6,90421,10000,723.5039,160,120,40,0,0,0,160,140,0,20,0,0,0,0
nominal,6,90421,12000,867.4897,160,120,40,0,0,0,160,140,0,20,0,0,0,0
nominal,6,90421,14000,1020.746,162,120,40,0,0,2,160,140,0,20,0,0,0,0
nominal,6,90421,16000,1175.487,162,120,40,0,0,2,160,140,0,20,0,0,0,0
nominal,6,90421,18000,1329.142,162,120,40,0,0,2,160,140,0,20,0,0,0,0
nominal,6,90421,20000,1496.714,162,120,40,0,0,2,160,140,0,20,0,0,0,0
nominal,7,90427,0,0.0,160,120,40,0,0,0,160,140,0,20,0,0,0,0
nominal,7,90427,2000,149.0075,161,120,40,0,0,1,160,139,1,19,1,0,0,0
nominal,7,90427,4000,301.2516,161,120,40,0,0,1,160,139,1,19,1,0,0,0
nominal,7,90427,6000,448.5353,161,120,40,0,0,1,160,139,1,19,1,0,0,0
nominal,7,90427,8000,607.5869,161,120,40,0,0,1,160,139,1,19,1,0,0,0
nominal,7,90427,10000,763.3309,161,120,40,0,0,1,160,139,1,19,1,0,0,0
nominal,7,90427,12000,917.7792,161,120,40,0,0,1,160,139,1,19,1,0,0,0
nominal,7,90427,14000,1067.453,162,120,40,0,0,2,160,140,0,20,0,0,0,0
nominal,7,90427,16000,1235.342,162,120,40,0,0,2,160,140,0,20,0,0,0,0
nominal,7,90427,18000,1394.044,162,120,40,0,0,2,160,140,0,20,0,0,0,0
nominal,7,90427,20000,1549.304,162,120,40,0,0,2,160,140,0,20,0,0,0,0
siloxane-neutral__ea-minus-3,0,90401,0,0.0,160,120,40,0,0,0,160,140,0,20,0,0,0,0
siloxane-neutral__ea-minus-3,0,90401,2000,145.0391,160,120,40,0,0,0,160,140,0,20,0,0,0,0
siloxane-neutral__ea-minus-3,0,90401,4000,288.5852,160,120,40,0,0,0,160,140,0,20,0,0,0,0
siloxane-neutral__ea-minus-3,0,90401,6000,437.0812,160,120,40,0,0,0,160,140,0,20,0,0,0,0
siloxane-neutral__ea-minus-3,0,90401,8000,578.7553,160,120,40,0,0,0,160,140,0,20,0,0,0,0
siloxane-neutral__ea-minus-3,0,90401,10000,719.46,160,120,40,0,0,0,160,140,0,20,0,0,0,0
siloxane-neutral__ea-minus-3,0,90401,12000,858.2327,160,120,40,0,0,0,160,140,0,20,0,0,0,0
siloxane-neutral__ea-minus-3,0,90401,14000,995.233,160,120,40,0,0,0,160,140,0,20,0,0,0,0
siloxane-neutral__ea-minus-3,0,90401,16000,1138.678,160,120,40,0,0,0,160,140,0,20,0,0,0,0
siloxane-neutral__ea-minus-3,0,90401,18000,1278.751,160,120,40,0,0,0,160,140,0,20,0,0,0,0
siloxane-neutral__ea-minus-3,0,90401,20000,1420.095,160,120,40,0,0,0,160,140,0,20,0,0,0,0
siloxane-neutral__ea-minus-3,1,90403,0,0.0,160,120,40,0,0,0,160,140,0,20,0,0,0,0
siloxane-neutral__ea-minus-3,1,90403,2000,142.9662,160,120,40,0,0,0,160,140,0,20,0,0,0,0
siloxane-neutral__ea-minus-3,1,90403,4000,286.5517,160,120,40,0,0,0,160,140,0,20,0,0,0,0
siloxane-neutral__ea-minus-3,1,90403,6000,424.7415,160,119,40,1,0,0,160,139,1,19,1,0,0,0
siloxane-neutral__ea-minus-3,1,90403,8000,575.2675,160,119,40,1,0,0,160,139,1,19,1,0,0,0
siloxane-neutral__ea-minus-3,1,90403,10000,714.4246,160,119,40,1,0,0,160,139,1,19,1,0,0,0
siloxane-neutral__ea-minus-3,1,90403,12000,858.0708,160,119,40,1,0,0,160,139,1,19,1,0,0,0
siloxane-neutral__ea-minus-3,1,90403,14000,999.9754,160,119,40,1,0,0,160,139,1,19,1,0,0,0
siloxane-neutral__ea-minus-3,1,90403,16000,1146.672,160,119,40,1,0,0,160,139,1,19,1,0,0,0
siloxane-neutral__ea-minus-3,1,90403,18000,1295.28,160,120,40,0,0,0,160,140,0,20,0,0,0,0
siloxane-neutral__ea-minus-3,1,90403,20000,1435.066,160,120,40,0,0,0,160,140,0,20,0,0,0,0
siloxane-neutral__ea-minus-3,2,90407,0,0.0,160,120,40,0,0,0,160,140,0,20,0,0,0,0
siloxane-neutral__ea-minus-3,2,90407,2000,144.3907,160,120,40,0,0,0,160,140,0,20,0,0,0,0
siloxane-neutral__ea-minus-3,2,90407,4000,292.1397,160,120,40,0,0,0,160,140,0,20,0,0,0,0
siloxane-neutral__ea-minus-3,2,90407,6000,441.9082,160,120,40,0,0,0,160,140,0,20,0,0,0,0
siloxane-neutral__ea-minus-3,2,90407,8000,577.6181,160,120,40,0,0,0,160,140,0,20,0,0,0,0
siloxane-neutral__ea-minus-3,2,90407,10000,717.0149,160,120,40,0,0,0,160,140,0,20,0,0,0,0
siloxane-neutral__ea-minus-3,2,90407,12000,855.4677,160,120,40,0,0,0,160,140,0,20,0,0,0,0
siloxane-neutral__ea-minus-3,2,90407,14000,1003.162,160,120,40,0,0,0,160,140,0,20,0,0,0,0
siloxane-neutral__ea-minus-3,2,90407,16000,1139.386,160,120,40,0,0,0,160,140,0,20,0,0,0,0
siloxane-neutral__ea-minus-3,2,90407,18000,1287.99,161,120,40,0,0,1,160,139,1,19,1,0,0,0
siloxane-neutral__ea-minus-3,2,90407,20000,1445.165,161,120,40,0,0,1,160,139,1,19,1,0,0,0
siloxane-neutral__ea-minus-3,3,90409,0,0.0,160,120,40,0,0,0,160,140,0,20,0,0,0,0
siloxane-neutral__ea-minus-3,3,90409,2000,147.5347,160,120,40,0,0,0,160,140,0,20,0,0,0,0
siloxane-neutral__ea-minus-3,3,90409,4000,294.4917,160,120,40,0,0,0,160,140,0,20,0,0,0,0
siloxane-neutral__ea-minus-3,3,90409,6000,454.9242,161,120,40,0,0,1,160,139,1,19,1,0,0,0
siloxane-neutral__ea-minus-3,3,90409,8000,609.7314,161,120,40,0,0,1,160,139,1,19,1,0,0,0
siloxane-neutral__ea-minus-3,3,90409,10000,766.1079,161,121,39,0,1,0,160,140,0,20,0,0,0,0
siloxane-neutral__ea-minus-3,3,90409,12000,917.3092,161,121,39,0,1,0,160,140,0,20,0,0,0,0
siloxane-neutral__ea-minus-3,3,90409,14000,1071.216,162,120,39,1,1,1,160,140,0,20,0,0,0,0
siloxane-neutral__ea-minus-3,3,90409,16000,1231.932,162,121,39,0,1,1,160,139,1,19,1,0,0,0
siloxane-neutral__ea-minus-3,3,90409,18000,1389.766,162,122,38,0,2,0,160,140,0,20,0,0,0,0
siloxane-neutral__ea-minus-3,3,90409,20000,1554.415,163,122,38,0,2,1,160,139,1,19,1,0,0,0
siloxane-neutral__ea-minus-3,4,90413,0,0.0,160,120,40,0,0,0,160,140,0,20,0,0,0,0
siloxane-neutral__ea-minus-3,4,90413,2000,145.3778,160,119,40,1,0,0,160,139,1,19,1,0,0,0
siloxane-neutral__ea-minus-3,4,90413,4000,292.8563,160,119,40,1,0,0,160,139,1,19,1,0,0,0
siloxane-neutral__ea-minus-3,4,90413,6000,430.1641,160,119,40,1,0,0,160,139,1,19,1,0,0,0
siloxane-neutral__ea-minus-3,4,90413,8000,574.922,160,119,40,1,0,0,160,139,1,19,1,0,0,0
siloxane-neutral__ea-minus-3,4,90413,10000,718.5491,160,119,40,1,0,0,160,139,1,19,1,0,0,0
siloxane-neutral__ea-minus-3,4,90413,12000,859.2582,160,120,40,0,0,0,160,140,0,20,0,0,0,0
siloxane-neutral__ea-minus-3,4,90413,14000,1004.57,160,120,40,0,0,0,160,140,0,20,0,0,0,0
siloxane-neutral__ea-minus-3,4,90413,16000,1146.846,160,119,40,1,0,0,160,139,1,19,1,0,0,0
siloxane-neutral__ea-minus-3,4,90413,18000,1296.22,160,119,40,1,0,0,160,139,1,19,1,0,0,0
siloxane-neutral__ea-minus-3,4,90413,20000,1440.06,160,119,40,1,0,0,160,139,1,19,1,0,0,0
siloxane-neutral__ea-minus-3,5,90419,0,0.0,160,120,40,0,0,0,160,140,0,20,0,0,0,0
siloxane-neutral__ea-minus-3,5,90419,2000,149.9484,161,120,40,0,0,1,160,139,1,19,1,0,0,0
siloxane-neutral__ea-minus-3,5,90419,4000,299.8245,161,120,40,0,0,1,160,139,1,19,1,0,0,0
siloxane-neutral__ea-minus-3,5,90419,6000,453.3517,161,120,40,0,0,1,160,139,1,19,1,0,0,0
siloxane-neutral__ea-minus-3,5,90419,8000,611.1552,161,120,40,0,0,1,160,139,1,19,1,0,0,0
siloxane-neutral__ea-minus-3,5,90419,10000,766.2621,161,120,40,0,0,1,160,139,1,19,1,0,0,0
siloxane-neutral__ea-minus-3,5,90419,12000,908.4936,161,121,39,0,1,0,160,140,0,20,0,0,0,0
siloxane-neutral__ea-minus-3,5,90419,14000,1057.582,161,121,39,0,1,0,160,140,0,20,0,0,0,0
siloxane-neutral__ea-minus-3,5,90419,16000,1201.197,161,121,39,0,1,0,160,140,0,20,0,0,0,0
siloxane-neutral__ea-minus-3,5,90419,18000,1353.911,162,121,39,0,1,1,160,139,1,19,1,0,0,0
siloxane-neutral__ea-minus-3,5,90419,20000,1504.1,162,121,39,0,1,1,160,139,1,19,1,0,0,0
siloxane-neutral__ea-minus-3,6,90421,0,0.0,160,120,40,0,0,0,160,140,0,20,0,0,0,0
siloxane-neutral__ea-minus-3,6,90421,2000,151.4479,160,120,40,0,0,0,160,140,0,20,0,0,0,0
siloxane-neutral__ea-minus-3,6,90421,4000,294.9225,160,120,40,0,0,0,160,140,0,20,0,0,0,0
siloxane-neutral__ea-minus-3,6,90421,6000,426.4207,160,120,40,0,0,0,160,140,0,20,0,0,0,0
siloxane-neutral__ea-minus-3,6,90421,8000,578.2733,160,120,40,0,0,0,160,140,0,20,0,0,0,0
siloxane-neutral__ea-minus-3,6,90421,10000,723.4059,160,120,40,0,0,0,160,140,0,20,0,0,0,0
siloxane-neutral__ea-minus-3,6,90421,12000,867.3721,160,120,40,0,0,0,160,140,0,20,0,0,0,0
siloxane-neutral__ea-minus-3,6,90421,14000,1013.929,161,120,40,0,0,1,160,139,1,19,1,0,0,0
siloxane-neutral__ea-minus-3,6,90421,16000,1161.461,161,121,39,0,1,0,160,140,0,20,0,0,0,0
siloxane-neutral__ea-minus-3,6,90421,18000,1313.095,162,120,39,1,1,1,160,140,0,20,0,0,0,0
siloxane-neutral__ea-minus-3,6,90421,20000,1480.542,162,120,39,1,1,1,160,140,0,20,0,0,0,0
siloxane-neutral__ea-minus-3,7,90427,0,0.0,160,120,40,0,0,0,160,140,0,20,0,0,0,0
siloxane-neutral__ea-minus-3,7,90427,2000,148.9498,161,120,40,0,0,1,160,139,1,19,1,0,0,0
siloxane-neutral__ea-minus-3,7,90427,4000,301.1294,161,120,40,0,0,1,160,139,1,19,1,0,0,0
siloxane-neutral__ea-minus-3,7,90427,6000,448.3506,161,120,40,0,0,1,160,139,1,19,1,0,0,0
siloxane-neutral__ea-minus-3,7,90427,8000,605.5929,161,118,40,2,0,1,160,139,1,19,1,0,0,0
siloxane-neutral__ea-minus-3,7,90427,10000,761.1819,161,118,40,2,0,1,160,139,1,19,1,0,0,0
siloxane-neutral__ea-minus-3,7,90427,12000,915.2372,161,118,40,2,0,1,160,139,1,19,1,0,0,0
siloxane-neutral__ea-minus-3,7,90427,14000,1065.663,161,119,40,1,0,1,160,140,0,20,0,0,0,0
siloxane-neutral__ea-minus-3,7,90427,16000,1220.754,161,120,39,1,1,0,160,139,1,19,1,0,0,0
siloxane-neutral__ea-minus-3,7,90427,18000,1368.836,161,121,39,0,1,0,160,140,0,20,0,0,0,0
siloxane-neutral__ea-minus-3,7,90427,20000,1516.035,161,121,39,0,1,0,160,140,0,20,0,0,0,0
siloxane-neutral__ea-plus-3,0,90401,0,0.0,160,120,40,0,0,0,160,140,0,20,0,0,0,0
siloxane-neutral__ea-plus-3,0,90401,2000,145.0589,160,120,40,0,0,0,160,140,0,20,0,0,0,0
siloxane-neutral__ea-plus-3,0,90401,4000,288.6246,160,120,40,0,0,0,160,140,0,20,0,0,0,0
siloxane-neutral__ea-plus-3,0,90401,6000,437.1408,160,120,40,0,0,0,160,140,0,20,0,0,0,0
siloxane-neutral__ea-plus-3,0,90401,8000,578.8343,160,120,40,0,0,0,160,140,0,20,0,0,0,0
siloxane-neutral__ea-plus-3,0,90401,10000,719.5582,160,120,40,0,0,0,160,140,0,20,0,0,0,0
siloxane-neutral__ea-plus-3,0,90401,12000,858.3498,160,120,40,0,0,0,160,140,0,20,0,0,0,0
siloxane-neutral__ea-plus-3,0,90401,14000,995.3689,160,120,40,0,0,0,160,140,0,20,0,0,0,0
siloxane-neutral__ea-plus-3,0,90401,16000,1138.834,160,120,40,0,0,0,160,140,0,20,0,0,0,0
siloxane-neutral__ea-plus-3,0,90401,18000,1278.926,160,120,40,0,0,0,160,140,0,20,0,0,0,0
siloxane-neutral__ea-plus-3,0,90401,20000,1419.146,160,120,40,0,0,0,160,140,0,20,0,0,0,0
siloxane-neutral__ea-plus-3,1,90403,0,0.0,160,120,40,0,0,0,160,140,0,20,0,0,0,0
siloxane-neutral__ea-plus-3,1,90403,2000,142.9857,160,120,40,0,0,0,160,140,0,20,0,0,0,0
siloxane-neutral__ea-plus-3,1,90403,4000,286.5908,160,120,40,0,0,0,160,140,0,20,0,0,0,0
siloxane-neutral__ea-plus-3,1,90403,6000,424.6699,160,120,40,0,0,0,160,140,0,20,0,0,0,0
siloxane-neutral__ea-plus-3,1,90403,8000,574.4206,160,120,40,0,0,0,160,140,0,20,0,0,0,0
siloxane-neutral__ea-plus-3,1,90403,10000,713.0005,160,120,40,0,0,0,160,140,0,20,0,0,0,0
siloxane-neutral__ea-plus-3,1,90403,12000,860.3515,160,120,40,0,0,0,160,140,0,20,0,0,0,0
siloxane-neutral__ea-plus-3,1,90403,14000,1005.388,160,120,40,0,0,0,160,140,0,20,0,0,0,0
siloxane-neutral__ea-plus-3,1,90403,16000,1147.634,160,120,40,0,0,0,160,140,0,20,0,0,0,0
siloxane-neutral__ea-plus-3,1,90403,18000,1294.273,160,120,40,0,0,0,160,140,0,20,0,0,0,0
siloxane-neutral__ea-plus-3,1,90403,20000,1434.078,160,120,40,0,0,0,160,140,0,20,0,0,0,0
siloxane-neutral__ea-plus-3,2,90407,0,0.0,160,120,40,0,0,0,160,140,0,20,0,0,0,0
siloxane-neutral__ea-plus-3,2,90407,2000,144.4104,160,120,40,0,0,0,160,140,0,20,0,0,0,0
siloxane-neutral__ea-plus-3,2,90407,4000,292.1796,160,120,40,0,0,0,160,140,0,20,0,0,0,0
siloxane-neutral__ea-plus-3,2,90407,6000,441.9685,160,120,40,0,0,0,160,140,0,20,0,0,0,0
siloxane-neutral__ea-plus-3,2,90407,8000,577.6969,160,120,40,0,0,0,160,140,0,20,0,0,0,0
siloxane-neutral__ea-plus-3,2,90407,10000,717.1127,160,120,40,0,0,0,160,140,0,20,0,0,0,0
siloxane-neutral__ea-plus-3,2,90407,12000,855.5844,160,120,40,0,0,0,160,140,0,20,0,0,0,0
siloxane-neutral__ea-plus-3,2,90407,14000,1003.299,160,120,40,0,0,0,160,140,0,20,0,0,0,0
siloxane-neutral__ea-plus-3,2,90407,16000,1139.541,160,120,40,0,0,0,160,140,0,20,0,0,0,0
siloxane-neutral__ea-plus-3,2,90407,18000,1288.187,161,120,40,0,0,1,160,139,1,19,1,0,0,0
siloxane-neutral__ea-plus-3,2,90407,20000,1445.43,161,120,40,0,0,1,160,139,1,19,1,0,0,0
siloxane-neutral__ea-plus-3,3,90409,0,0.0,160,120,40,0,0,0,160,140,0,20,0,0,0,0
siloxane-neutral__ea-plus-3,3,90409,2000,147.6807,160,120,40,0,0,0,160,140,0,20,0,0,0,0
siloxane-neutral__ea-plus-3,3,90409,4000,294.6577,160,120,40,0,0,0,160,140,0,20,0,0,0,0
siloxane-neutral__ea-plus-3,3,90409,6000,455.1574,161,120,40,0,0,1,160,139,1,19,1,0,0,0
siloxane-neutral__ea-plus-3,3,90409,8000,610.0307,161,120,40,0,0,1,160,139,1,19,1,0,0,0
siloxane-neutral__ea-plus-3,3,90409,10000,766.6166,161,120,40,0,0,1,160,139,1,19,1,0,0,0
siloxane-neutral__ea-plus-3,3,90409,12000,911.6039,161,120,40,0,0,1,160,139,1,19,1,0,0,0
siloxane-neutral__ea-plus-3,3,90409,14000,1069.174,161,120,40,0,0,1,160,139,1,19,1,0,0,0
siloxane-neutral__ea-plus-3,3,90409,16000,1219.986,161,120,40,0,0,1,160,139,1,19,1,0,0,0
siloxane-neutral__ea-plus-3,3,90409,18000,1374.612,162,120,40,0,0,2,160,140,0,20,0,0,0,0
siloxane-neutral__ea-plus-3,3,90409,20000,1539.305,163,120,40,0,0,3,160,139,1,19,1,0,0,0
siloxane-neutral__ea-plus-3,4,90413,0,0.0,160,120,40,0,0,0,160,140,0,20,0,0,0,0
siloxane-neutral__ea-plus-3,4,90413,2000,144.2788,160,120,40,0,0,0,160,140,0,20,0,0,0,0
siloxane-neutral__ea-plus-3,4,90413,4000,293.8797,160,120,40,0,0,0,160,140,0,20,0,0,0,0
siloxane-neutral__ea-plus-3,4,90413,6000,432.2303,160,120,40,0,0,0,160,140,0,20,0,0,0,0
siloxane-neutral__ea-plus-3,4,90413,8000,579.9657,160,120,40,0,0,0,160,140,0,20,0,0,0,0
siloxane-neutral__ea-plus-3,4,90413,10000,726.2205,160,120,40,0,0,0,160,140,0,20,0,0,0,0
siloxane-neutral__ea-plus-3,4,90413,12000,871.7941,160,120,40,0,0,0,160,140,0,20,0,0,0,0
siloxane-neutral__ea-plus-3,4,90413,14000,1017.126,160,120,40,0,0,0,160,140,0,20,0,0,0,0
siloxane-neutral__ea-plus-3,4,90413,16000,1162.619,160,120,40,0,0,0,160,140,0,20,0,0,0,0
siloxane-neutral__ea-plus-3,4,90413,18000,1305.206,161,120,40,0,0,1,160,139,1,19,1,0,0,0
siloxane-neutral__ea-plus-3,4,90413,20000,1456.545,161,120,40,0,0,1,160,139,1,19,1,0,0,0
siloxane-neutral__ea-plus-3,5,90419,0,0.0,160,120,40,0,0,0,160,140,0,20,0,0,0,0
siloxane-neutral__ea-plus-3,5,90419,2000,150.008,161,120,40,0,0,1,160,139,1,19,1,0,0,0
siloxane-neutral__ea-plus-3,5,90419,4000,299.9481,161,120,40,0,0,1,160,139,1,19,1,0,0,0
siloxane-neutral__ea-plus-3,5,90419,6000,453.5408,161,120,40,0,0,1,160,139,1,19,1,0,0,0
siloxane-neutral__ea-plus-3,5,90419,8000,611.4115,161,120,40,0,0,1,160,139,1,19,1,0,0,0
siloxane-neutral__ea-plus-3,5,90419,10000,766.5847,161,120,40,0,0,1,160,139,1,19,1,0,0,0
siloxane-neutral__ea-plus-3,5,90419,12000,908.5661,161,120,40,0,0,1,160,139,1,19,1,0,0,0
siloxane-neutral__ea-plus-3,5,90419,14000,1061.612,161,120,40,0,0,1,160,139,1,19,1,0,0,0
siloxane-neutral__ea-plus-3,5,90419,16000,1208.841,161,120,40,0,0,1,160,139,1,19,1,0,0,0
siloxane-neutral__ea-plus-3,5,90419,18000,1356.067,162,120,40,0,0,2,160,140,0,20,0,0,0,0
siloxane-neutral__ea-plus-3,5,90419,20000,1513.539,162,120,40,0,0,2,160,140,0,20,0,0,0,0
siloxane-neutral__ea-plus-3,6,90421,0,0.0,160,120,40,0,0,0,160,140,0,20,0,0,0,0
siloxane-neutral__ea-plus-3,6,90421,2000,151.4686,160,120,40,0,0,0,160,140,0,20,0,0,0,0
siloxane-neutral__ea-plus-3,6,90421,4000,294.9628,160,120,40,0,0,0,160,140,0,20,0,0,0,0
siloxane-neutral__ea-plus-3,6,90421,6000,426.4789,160,120,40,0,0,0,160,140,0,20,0,0,0,0
siloxane-neutral__ea-plus-3,6,90421,8000,578.3522,160,120,40,0,0,0,160,140,0,20,0,0,0,0
siloxane-neutral__ea-plus-3,6,90421,10000,723.5046,160,120,40,0,0,0,160,140,0,20,0,0,0,0
siloxane-neutral__ea-plus-3,6,90421,12000,867.4905,160,120,40,0,0,0,160,140,0,20,0,0,0,0
siloxane-neutral__ea-plus-3,6,90421,14000,1020.747,162,120,40,0,0,2,160,140,0,20,0,0,0,0
siloxane-neutral__ea-plus-3,6,90421,16000,1175.489,162,120,40,0,0,2,160,140,0,20,0,0,0,0
siloxane-neutral__ea-plus-3,6,90421,18000,1329.145,162,120,40,0,0,2,160,140,0,20,0,0,0,0
siloxane-neutral__ea-plus-3,6,90421,20000,1496.718,162,120,40,0,0,2,160,140,0,20,0,0,0,0
siloxane-neutral__ea-plus-3,7,90427,0,0.0,160,120,40,0,0,0,160,140,0,20,0,0,0,0
siloxane-neutral__ea-plus-3,7,90427,2000,149.0079,161,120,40,0,0,1,160,139,1,19,1,0,0,0
siloxane-neutral__ea-plus-3,7,90427,4000,301.2524,161,120,40,0,0,1,160,139,1,19,1,0,0,0
siloxane-neutral__ea-plus-3,7,90427,6000,448.5364,161,120,40,0,0,1,160,139,1,19,1,0,0,0
siloxane-neutral__ea-plus-3,7,90427,8000,607.5885,161,120,40,0,0,1,160,139,1,19,1,0,0,0
siloxane-neutral__ea-plus-3,7,90427,10000,763.3329,161,120,40,0,0,1,160,139,1,19,1,0,0,0
siloxane-neutral__ea-plus-3,7,90427,12000,917.7817,161,120,40,0,0,1,160,139,1,19,1,0,0,0
siloxane-neutral__ea-plus-3,7,90427,14000,1067.456,162,120,40,0,0,2,160,140,0,20,0,0,0,0
siloxane-neutral__ea-plus-3,7,90427,16000,1235.346,162,120,40,0,0,2,160,140,0,20,0,0,0,0
siloxane-neutral__ea-plus-3,7,90427,18000,1394.048,162,120,40,0,0,2,160,140,0,20,0,0,0,0
siloxane-neutral__ea-plus-3,7,90427,20000,1549.309,162,120,40,0,0,2,160,140,0,20,0,0,0,0
siloxane-neutral__prefactor-x0.1,0,90401,0,0.0,160,120,40,0,0,0,160,140,0,20,0,0,0,0
siloxane-neutral__prefactor-x0.1,0,90401,2000,145.0589,160,120,40,0,0,0,160,140,0,20,0,0,0,0
siloxane-neutral__prefactor-x0.1,0,90401,4000,288.6245,160,120,40,0,0,0,160,140,0,20,0,0,0,0
siloxane-neutral__prefactor-x0.1,0,90401,6000,437.1408,160,120,40,0,0,0,160,140,0,20,0,0,0,0
siloxane-neutral__prefactor-x0.1,0,90401,8000,578.8343,160,120,40,0,0,0,160,140,0,20,0,0,0,0
siloxane-neutral__prefactor-x0.1,0,90401,10000,719.5582,160,120,40,0,0,0,160,140,0,20,0,0,0,0
siloxane-neutral__prefactor-x0.1,0,90401,12000,858.3498,160,120,40,0,0,0,160,140,0,20,0,0,0,0
siloxane-neutral__prefactor-x0.1,0,90401,14000,995.3688,160,120,40,0,0,0,160,140,0,20,0,0,0,0
siloxane-neutral__prefactor-x0.1,0,90401,16000,1138.834,160,120,40,0,0,0,160,140,0,20,0,0,0,0
siloxane-neutral__prefactor-x0.1,0,90401,18000,1278.926,160,120,40,0,0,0,160,140,0,20,0,0,0,0
siloxane-neutral__prefactor-x0.1,0,90401,20000,1419.146,160,120,40,0,0,0,160,140,0,20,0,0,0,0
siloxane-neutral__prefactor-x0.1,1,90403,0,0.0,160,120,40,0,0,0,160,140,0,20,0,0,0,0
siloxane-neutral__prefactor-x0.1,1,90403,2000,142.9857,160,120,40,0,0,0,160,140,0,20,0,0,0,0
siloxane-neutral__prefactor-x0.1,1,90403,4000,286.5907,160,120,40,0,0,0,160,140,0,20,0,0,0,0
siloxane-neutral__prefactor-x0.1,1,90403,6000,424.6699,160,120,40,0,0,0,160,140,0,20,0,0,0,0
siloxane-neutral__prefactor-x0.1,1,90403,8000,574.4206,160,120,40,0,0,0,160,140,0,20,0,0,0,0
siloxane-neutral__prefactor-x0.1,1,90403,10000,713.0004,160,120,40,0,0,0,160,140,0,20,0,0,0,0
siloxane-neutral__prefactor-x0.1,1,90403,12000,860.3515,160,120,40,0,0,0,160,140,0,20,0,0,0,0
siloxane-neutral__prefactor-x0.1,1,90403,14000,1005.387,160,120,40,0,0,0,160,140,0,20,0,0,0,0
siloxane-neutral__prefactor-x0.1,1,90403,16000,1147.634,160,120,40,0,0,0,160,140,0,20,0,0,0,0
siloxane-neutral__prefactor-x0.1,1,90403,18000,1294.273,160,120,40,0,0,0,160,140,0,20,0,0,0,0
siloxane-neutral__prefactor-x0.1,1,90403,20000,1434.078,160,120,40,0,0,0,160,140,0,20,0,0,0,0
siloxane-neutral__prefactor-x0.1,2,90407,0,0.0,160,120,40,0,0,0,160,140,0,20,0,0,0,0
siloxane-neutral__prefactor-x0.1,2,90407,2000,144.4104,160,120,40,0,0,0,160,140,0,20,0,0,0,0
siloxane-neutral__prefactor-x0.1,2,90407,4000,292.1795,160,120,40,0,0,0,160,140,0,20,0,0,0,0
siloxane-neutral__prefactor-x0.1,2,90407,6000,441.9685,160,120,40,0,0,0,160,140,0,20,0,0,0,0
siloxane-neutral__prefactor-x0.1,2,90407,8000,577.6969,160,120,40,0,0,0,160,140,0,20,0,0,0,0
siloxane-neutral__prefactor-x0.1,2,90407,10000,717.1127,160,120,40,0,0,0,160,140,0,20,0,0,0,0
siloxane-neutral__prefactor-x0.1,2,90407,12000,855.5844,160,120,40,0,0,0,160,140,0,20,0,0,0,0
siloxane-neutral__prefactor-x0.1,2,90407,14000,1003.299,160,120,40,0,0,0,160,140,0,20,0,0,0,0
siloxane-neutral__prefactor-x0.1,2,90407,16000,1139.541,160,120,40,0,0,0,160,140,0,20,0,0,0,0
siloxane-neutral__prefactor-x0.1,2,90407,18000,1288.187,161,120,40,0,0,1,160,139,1,19,1,0,0,0
siloxane-neutral__prefactor-x0.1,2,90407,20000,1445.43,161,120,40,0,0,1,160,139,1,19,1,0,0,0
siloxane-neutral__prefactor-x0.1,3,90409,0,0.0,160,120,40,0,0,0,160,140,0,20,0,0,0,0
siloxane-neutral__prefactor-x0.1,3,90409,2000,147.6806,160,120,40,0,0,0,160,140,0,20,0,0,0,0
siloxane-neutral__prefactor-x0.1,3,90409,4000,294.6576,160,120,40,0,0,0,160,140,0,20,0,0,0,0
siloxane-neutral__prefactor-x0.1,3,90409,6000,455.1573,161,120,40,0,0,1,160,139,1,19,1,0,0,0
siloxane-neutral__prefactor-x0.1,3,90409,8000,610.0306,161,120,40,0,0,1,160,139,1,19,1,0,0,0
siloxane-neutral__prefactor-x0.1,3,90409,10000,766.6165,161,120,40,0,0,1,160,139,1,19,1,0,0,0
siloxane-neutral__prefactor-x0.1,3,90409,12000,911.6037,161,120,40,0,0,1,160,139,1,19,1,0,0,0
siloxane-neutral__prefactor-x0.1,3,90409,14000,1069.173,161,120,40,0,0,1,160,139,1,19,1,0,0,0
siloxane-neutral__prefactor-x0.1,3,90409,16000,1219.986,161,120,40,0,0,1,160,139,1,19,1,0,0,0
siloxane-neutral__prefactor-x0.1,3,90409,18000,1374.611,162,120,40,0,0,2,160,140,0,20,0,0,0,0
siloxane-neutral__prefactor-x0.1,3,90409,20000,1539.305,163,120,40,0,0,3,160,139,1,19,1,0,0,0
siloxane-neutral__prefactor-x0.1,4,90413,0,0.0,160,120,40,0,0,0,160,140,0,20,0,0,0,0
siloxane-neutral__prefactor-x0.1,4,90413,2000,144.2788,160,120,40,0,0,0,160,140,0,20,0,0,0,0
siloxane-neutral__prefactor-x0.1,4,90413,4000,293.8797,160,120,40,0,0,0,160,140,0,20,0,0,0,0
siloxane-neutral__prefactor-x0.1,4,90413,6000,432.2303,160,120,40,0,0,0,160,140,0,20,0,0,0,0
siloxane-neutral__prefactor-x0.1,4,90413,8000,579.9657,160,120,40,0,0,0,160,140,0,20,0,0,0,0
siloxane-neutral__prefactor-x0.1,4,90413,10000,726.2204,160,120,40,0,0,0,160,140,0,20,0,0,0,0
siloxane-neutral__prefactor-x0.1,4,90413,12000,871.794,160,120,40,0,0,0,160,140,0,20,0,0,0,0
siloxane-neutral__prefactor-x0.1,4,90413,14000,1017.126,160,120,40,0,0,0,160,140,0,20,0,0,0,0
siloxane-neutral__prefactor-x0.1,4,90413,16000,1162.619,160,120,40,0,0,0,160,140,0,20,0,0,0,0
siloxane-neutral__prefactor-x0.1,4,90413,18000,1305.206,161,120,40,0,0,1,160,139,1,19,1,0,0,0
siloxane-neutral__prefactor-x0.1,4,90413,20000,1456.545,161,120,40,0,0,1,160,139,1,19,1,0,0,0
siloxane-neutral__prefactor-x0.1,5,90419,0,0.0,160,120,40,0,0,0,160,140,0,20,0,0,0,0
siloxane-neutral__prefactor-x0.1,5,90419,2000,150.008,161,120,40,0,0,1,160,139,1,19,1,0,0,0
siloxane-neutral__prefactor-x0.1,5,90419,4000,299.948,161,120,40,0,0,1,160,139,1,19,1,0,0,0
siloxane-neutral__prefactor-x0.1,5,90419,6000,453.5406,161,120,40,0,0,1,160,139,1,19,1,0,0,0
siloxane-neutral__prefactor-x0.1,5,90419,8000,611.4114,161,120,40,0,0,1,160,139,1,19,1,0,0,0
siloxane-neutral__prefactor-x0.1,5,90419,10000,766.5845,161,120,40,0,0,1,160,139,1,19,1,0,0,0
siloxane-neutral__prefactor-x0.1,5,90419,12000,908.5659,161,120,40,0,0,1,160,139,1,19,1,0,0,0
siloxane-neutral__prefactor-x0.1,5,90419,14000,1061.612,161,120,40,0,0,1,160,139,1,19,1,0,0,0
siloxane-neutral__prefactor-x0.1,5,90419,16000,1208.841,161,120,40,0,0,1,160,139,1,19,1,0,0,0
siloxane-neutral__prefactor-x0.1,5,90419,18000,1356.066,162,120,40,0,0,2,160,140,0,20,0,0,0,0
siloxane-neutral__prefactor-x0.1,5,90419,20000,1513.538,162,120,40,0,0,2,160,140,0,20,0,0,0,0
siloxane-neutral__prefactor-x0.1,6,90421,0,0.0,160,120,40,0,0,0,160,140,0,20,0,0,0,0
siloxane-neutral__prefactor-x0.1,6,90421,2000,151.4686,160,120,40,0,0,0,160,140,0,20,0,0,0,0
siloxane-neutral__prefactor-x0.1,6,90421,4000,294.9628,160,120,40,0,0,0,160,140,0,20,0,0,0,0
siloxane-neutral__prefactor-x0.1,6,90421,6000,426.4788,160,120,40,0,0,0,160,140,0,20,0,0,0,0
siloxane-neutral__prefactor-x0.1,6,90421,8000,578.3521,160,120,40,0,0,0,160,140,0,20,0,0,0,0
siloxane-neutral__prefactor-x0.1,6,90421,10000,723.5045,160,120,40,0,0,0,160,140,0,20,0,0,0,0
siloxane-neutral__prefactor-x0.1,6,90421,12000,867.4904,160,120,40,0,0,0,160,140,0,20,0,0,0,0
siloxane-neutral__prefactor-x0.1,6,90421,14000,1020.747,162,120,40,0,0,2,160,140,0,20,0,0,0,0
siloxane-neutral__prefactor-x0.1,6,90421,16000,1175.489,162,120,40,0,0,2,160,140,0,20,0,0,0,0
siloxane-neutral__prefactor-x0.1,6,90421,18000,1329.144,162,120,40,0,0,2,160,140,0,20,0,0,0,0
siloxane-neutral__prefactor-x0.1,6,90421,20000,1496.717,162,120,40,0,0,2,160,140,0,20,0,0,0,0
siloxane-neutral__prefactor-x0.1,7,90427,0,0.0,160,120,40,0,0,0,160,140,0,20,0,0,0,0
siloxane-neutral__prefactor-x0.1,7,90427,2000,149.0079,161,120,40,0,0,1,160,139,1,19,1,0,0,0
siloxane-neutral__prefactor-x0.1,7,90427,4000,301.2523,161,120,40,0,0,1,160,139,1,19,1,0,0,0
siloxane-neutral__prefactor-x0.1,7,90427,6000,448.5363,161,120,40,0,0,1,160,139,1,19,1,0,0,0
siloxane-neutral__prefactor-x0.1,7,90427,8000,607.5884,161,120,40,0,0,1,160,139,1,19,1,0,0,0
siloxane-neutral__prefactor-x0.1,7,90427,10000,763.3328,161,120,40,0,0,1,160,139,1,19,1,0,0,0
siloxane-neutral__prefactor-x0.1,7,90427,12000,917.7814,161,120,40,0,0,1,160,139,1,19,1,0,0,0
siloxane-neutral__prefactor-x0.1,7,90427,14000,1067.456,162,120,40,0,0,2,160,140,0,20,0,0,0,0
siloxane-neutral__prefactor-x0.1,7,90427,16000,1235.346,162,120,40,0,0,2,160,140,0,20,0,0,0,0
siloxane-neutral__prefactor-x0.1,7,90427,18000,1394.048,162,120,40,0,0,2,160,140,0,20,0,0,0,0
siloxane-neutral__prefactor-x0.1,7,90427,20000,1549.309,162,120,40,0,0,2,160,140,0,20,0,0,0,0
siloxane-neutral__prefactor-x10,0,90401,0,0.0,160,120,40,0,0,0,160,140,0,20,0,0,0,0
siloxane-neutral__prefactor-x10,0,90401,2000,145.0577,160,120,40,0,0,0,160,140,0,20,0,0,0,0
siloxane-neutral__prefactor-x10,0,90401,4000,288.6221,160,120,40,0,0,0,160,140,0,20,0,0,0,0
siloxane-neutral__prefactor-x10,0,90401,6000,437.1371,160,120,40,0,0,0,160,140,0,20,0,0,0,0
siloxane-neutral__prefactor-x10,0,90401,8000,578.8293,160,120,40,0,0,0,160,140,0,20,0,0,0,0
siloxane-neutral__prefactor-x10,0,90401,10000,719.552,160,120,40,0,0,0,160,140,0,20,0,0,0,0
siloxane-neutral__prefactor-x10,0,90401,12000,858.3425,160,120,40,0,0,0,160,140,0,20,0,0,0,0
siloxane-neutral__prefactor-x10,0,90401,14000,995.3603,160,120,40,0,0,0,160,140,0,20,0,0,0,0
siloxane-neutral__prefactor-x10,0,90401,16000,1138.824,160,120,40,0,0,0,160,140,0,20,0,0,0,0
siloxane-neutral__prefactor-x10,0,90401,18000,1278.915,160,120,40,0,0,0,160,140,0,20,0,0,0,0
siloxane-neutral__prefactor-x10,0,90401,20000,1419.134,160,120,40,0,0,0,160,140,0,20,0,0,0,0
siloxane-neutral__prefactor-x10,1,90403,0,0.0,160,120,40,0,0,0,160,140,0,20,0,0,0,0
siloxane-neutral__prefactor-x10,1,90403,2000,142.9845,160,120,40,0,0,0,160,140,0,20,0,0,0,0
siloxane-neutral__prefactor-x10,1,90403,4000,286.5883,160,120,40,0,0,0,160,140,0,20,0,0,0,0
siloxane-neutral__prefactor-x10,1,90403,6000,424.6663,160,120,40,0,0,0,160,140,0,20,0,0,0,0
siloxane-neutral__prefactor-x10,1,90403,8000,574.4157,160,120,40,0,0,0,160,140,0,20,0,0,0,0
siloxane-neutral__prefactor-x10,1,90403,10000,712.9943,160,120,40,0,0,0,160,140,0,20,0,0,0,0
siloxane-neutral__prefactor-x10,1,90403,12000,860.3441,160,120,40,0,0,0,160,140,0,20,0,0,0,0
siloxane-neutral__prefactor-x10,1,90403,14000,1005.379,160,120,40,0,0,0,160,140,0,20,0,0,0,0
siloxane-neutral__prefactor-x10,1,90403,16000,1147.624,160,120,40,0,0,0,160,140,0,20,0,0,0,0
siloxane-neutral__prefactor-x10,1,90403,18000,1294.262,160,120,40,0,0,0,160,140,0,20,0,0,0,0
siloxane-neutral__prefactor-x10,1,90403,20000,1434.065,160,120,40,0,0,0,160,140,0,20,0,0,0,0
siloxane-neutral__prefactor-x10,2,90407,0,0.0,160,120,40,0,0,0,160,140,0,20,0,0,0,0
siloxane-neutral__prefactor-x10,2,90407,2000,144.4091,160,120,40,0,0,0,160,140,0,20,0,0,0,0
siloxane-neutral__prefactor-x10,2,90407,4000,292.177,160,120,40,0,0,0,160,140,0,20,0,0,0,0
siloxane-neutral__prefactor-x10,2,90407,6000,441.9647,160,120,40,0,0,0,160,140,0,20,0,0,0,0
siloxane-neutral__prefactor-x10,2,90407,8000,577.6919,160,120,40,0,0,0,160,140,0,20,0,0,0,0
siloxane-neutral__prefactor-x10,2,90407,10000,717.1066,160,120,40,0,0,0,160,140,0,20,0,0,0,0
siloxane-neutral__prefactor-x10,2,90407,12000,855.5771,160,120,40,0,0,0,160,140,0,20,0,0,0,0
siloxane-neutral__prefactor-x10,2,90407,14000,1003.29,160,120,40,0,0,0,160,140,0,20,0,0,0,0
siloxane-neutral__prefactor-x10,2,90407,16000,1139.531,160,120,40,0,0,0,160,140,0,20,0,0,0,0
siloxane-neutral__prefactor-x10,2,90407,18000,1288.175,161,120,40,0,0,1,160,139,1,19,1,0,0,0
siloxane-neutral__prefactor-x10,2,90407,20000,1445.413,161,120,40,0,0,1,160,139,1,19,1,0,0,0
siloxane-neutral__prefactor-x10,3,90409,0,0.0,160,120,40,0,0,0,160,140,0,20,0,0,0,0
siloxane-neutral__prefactor-x10,3,90409,2000,147.6794,160,120,40,0,0,0,160,140,0,20,0,0,0,0
siloxane-neutral__prefactor-x10,3,90409,4000,294.6551,160,120,40,0,0,0,160,140,0,20,0,0,0,0
siloxane-neutral__prefactor-x10,3,90409,6000,455.1506,161,120,40,0,0,1,160,139,1,19,1,0,0,0
siloxane-neutral__prefactor-x10,3,90409,8000,610.0198,161,120,40,0,0,1,160,139,1,19,1,0,0,0
siloxane-neutral__prefactor-x10,3,90409,10000,768.5724,162,120,40,0,0,2,160,140,0,20,0,0,0,0
siloxane-neutral__prefactor-x10,3,90409,12000,928.134,162,120,40,0,0,2,160,140,0,20,0,0,0,0
siloxane-neutral__prefactor-x10,3,90409,14000,1085.191,162,120,40,0,0,2,160,140,0,20,0,0,0,0
siloxane-neutral__prefactor-x10,3,90409,16000,1242.826,162,120,40,0,0,2,160,140,0,20,0,0,0,0
siloxane-neutral__prefactor-x10,3,90409,18000,1400.668,162,120,40,0,0,2,160,140,0,20,0,0,0,0
siloxane-neutral__prefactor-x10,3,90409,20000,1565.352,163,120,40,0,0,3,160,139,1,19,1,0,0,0
siloxane-neutral__prefactor-x10,4,90413,0,0.0,160,120,40,0,0,0,160,140,0,20,0,0,0,0
siloxane-neutral__prefactor-x10,4,90413,2000,144.2776,160,120,40,0,0,0,160,140,0,20,0,0,0,0
siloxane-neutral__prefactor-x10,4,90413,4000,293.8772,160,120,40,0,0,0,160,140,0,20,0,0,0,0
siloxane-neutral__prefactor-x10,4,90413,6000,432.2266,160,120,40,0,0,0,160,140,0,20,0,0,0,0
siloxane-neutral__prefactor-x10,4,90413,8000,579.9607,160,120,40,0,0,0,160,140,0,20,0,0,0,0
siloxane-neutral__prefactor-x10,4,90413,10000,726.2142,160,120,40,0,0,0,160,140,0,20,0,0,0,0
siloxane-neutral__prefactor-x10,4,90413,12000,871.7866,160,120,40,0,0,0,160,140,0,20,0,0,0,0
siloxane-neutral__prefactor-x10,4,90413,14000,1017.117,160,120,40,0,0,0,160,140,0,20,0,0,0,0
siloxane-neutral__prefactor-x10,4,90413,16000,1162.609,160,120,40,0,0,0,160,140,0,20,0,0,0,0
siloxane-neutral__prefactor-x10,4,90413,18000,1305.194,161,120,40,0,0,1,160,139,1,19,1,0,0,0
siloxane-neutral__prefactor-x10,4,90413,20000,1456.529,161,120,40,0,0,1,160,139,1,19,1,0,0,0
siloxane-neutral__prefactor-x10,5,90419,0,0.0,160,120,40,0,0,0,160,140,0,20,0,0,0,0
siloxane-neutral__prefactor-x10,5,90419,2000,150.0043,161,120,40,0,0,1,160,139,1,19,1,0,0,0
siloxane-neutral__prefactor-x10,5,90419,4000,299.9403,161,120,40,0,0,1,160,139,1,19,1,0,0,0
siloxane-neutral__prefactor-x10,5,90419,6000,453.5288,161,120,40,0,0,1,160,139,1,19,1,0,0,0
siloxane-neutral__prefactor-x10,5,90419,8000,611.3954,161,120,40,0,0,1,160,139,1,19,1,0,0,0
siloxane-neutral__prefactor-x10,5,90419,10000,766.5644,161,120,40,0,0,1,160,139,1,19,1,0,0,0
siloxane-neutral__prefactor-x10,5,90419,12000,908.5419,161,120,40,0,0,1,160,139,1,19,1,0,0,0
siloxane-neutral__prefactor-x10,5,90419,14000,1061.584,161,120,40,0,0,1,160,139,1,19,1,0,0,0
siloxane-neutral__prefactor-x10,5,90419,16000,1208.809,161,120,40,0,0,1,160,139,1,19,1,0,0,0
siloxane-neutral__prefactor-x10,5,90419,18000,1359.992,161,120,40,0,0,1,160,139,1,19,1,0,0,0
siloxane-neutral__prefactor-x10,5,90419,20000,1514.191,162,120,40,0,0,2,160,140,0,20,0,0,0,0
siloxane-neutral__prefactor-x10,6,90421,0,0.0,160,120,40,0,0,0,160,140,0,20,0,0,0,0
siloxane-neutral__prefactor-x10,6,90421,2000,151.4673,160,120,40,0,0,0,160,140,0,20,0,0,0,0
siloxane-neutral__prefactor-x10,6,90421,4000,294.9602,160,120,40,0,0,0,160,140,0,20,0,0,0,0
siloxane-neutral__prefactor-x10,6,90421,6000,426.4752,160,120,40,0,0,0,160,140,0,20,0,0,0,0
siloxane-neutral__prefactor-x10,6,90421,8000,578.3472,160,120,40,0,0,0,160,140,0,20,0,0,0,0
siloxane-neutral__prefactor-x10,6,90421,10000,723.4983,160,120,40,0,0,0,160,140,0,20,0,0,0,0
siloxane-neutral__prefactor-x10,6,90421,12000,867.483,160,120,40,0,0,0,160,140,0,20,0,0,0,0
siloxane-neutral__prefactor-x10,6,90421,14000,1020.736,162,120,40,0,0,2,160,140,0,20,0,0,0,0
siloxane-neutral__prefactor-x10,6,90421,16000,1175.47,162,120,40,0,0,2,160,140,0,20,0,0,0,0
siloxane-neutral__prefactor-x10,6,90421,18000,1329.119,162,120,40,0,0,2,160,140,0,20,0,0,0,0
siloxane-neutral__prefactor-x10,6,90421,20000,1493.937,163,120,40,0,0,3,160,139,1,19,1,0,0,0
siloxane-neutral__prefactor-x10,7,90427,0,0.0,160,120,40,0,0,0,160,140,0,20,0,0,0,0
siloxane-neutral__prefactor-x10,7,90427,2000,145.7718,162,120,40,0,0,2,160,140,0,20,0,0,0,0
siloxane-neutral__prefactor-x10,7,90427,4000,303.6472,162,120,40,0,0,2,160,140,0,20,0,0,0,0
siloxane-neutral__prefactor-x10,7,90427,6000,460.2133,162,120,40,0,0,2,160,140,0,20,0,0,0,0
siloxane-neutral__prefactor-x10,7,90427,8000,618.6297,163,120,40,0,0,3,160,139,1,19,1,0,0,0
siloxane-neutral__prefactor-x10,7,90427,10000,792.4224,163,120,40,0,0,3,160,139,1,19,1,0,0,0
siloxane-neutral__prefactor-x10,7,90427,12000,965.0541,163,120,40,0,0,3,160,139,1,19,1,0,0,0
siloxane-neutral__prefactor-x10,7,90427,14000,1127.683,163,121,39,0,1,2,160,140,0,20,0,0,0,0
siloxane-neutral__prefactor-x10,7,90427,16000,1305.289,163,121,39,0,1,2,160,140,0,20,0,0,0,0
siloxane-neutral__prefactor-x10,7,90427,18000,1473.169,163,121,39,0,1,2,160,140,0,20,0,0,0,0
siloxane-neutral__prefactor-x10,7,90427,20000,1637.398,163,121,39,0,1,2,160,140,0,20,0,0,0,0
sioal-si-neutral__ea-minus-3,0,90401,0,0.0,160,120,40,0,0,0,160,140,0,20,0,0,0,0
sioal-si-neutral__ea-minus-3,0,90401,2000,145.049,160,120,40,0,0,0,160,140,0,20,0,0,0,0
sioal-si-neutral__ea-minus-3,0,90401,4000,288.6048,160,120,40,0,0,0,160,140,0,20,0,0,0,0
sioal-si-neutral__ea-minus-3,0,90401,6000,437.1108,160,120,40,0,0,0,160,140,0,20,0,0,0,0
sioal-si-neutral__ea-minus-3,0,90401,8000,578.7946,160,120,40,0,0,0,160,140,0,20,0,0,0,0
sioal-si-neutral__ea-minus-3,0,90401,10000,719.5088,160,120,40,0,0,0,160,140,0,20,0,0,0,0
sioal-si-neutral__ea-minus-3,0,90401,12000,858.2909,160,120,40,0,0,0,160,140,0,20,0,0,0,0
sioal-si-neutral__ea-minus-3,0,90401,14000,995.3005,160,120,40,0,0,0,160,140,0,20,0,0,0,0
sioal-si-neutral__ea-minus-3,0,90401,16000,1138.756,160,120,40,0,0,0,160,140,0,20,0,0,0,0
sioal-si-neutral__ea-minus-3,0,90401,18000,1278.838,160,120,40,0,0,0,160,140,0,20,0,0,0,0
sioal-si-neutral__ea-minus-3,0,90401,20000,1419.048,160,120,40,0,0,0,160,140,0,20,0,0,0,0
sioal-si-neutral__ea-minus-3,1,90403,0,0.0,160,120,40,0,0,0,160,140,0,20,0,0,0,0
sioal-si-neutral__ea-minus-3,1,90403,2000,142.9759,160,120,40,0,0,0,160,140,0,20,0,0,0,0
sioal-si-neutral__ea-minus-3,1,90403,4000,286.5711,160,120,40,0,0,0,160,140,0,20,0,0,0,0
sioal-si-neutral__ea-minus-3,1,90403,6000,399.2995,160,120,39,1,0,0,160,139,1,19,1,0,0,0
sioal-si-neutral__ea-minus-3,1,90403,8000,542.3957,160,120,40,0,0,0,160,140,0,20,0,0,0,0
sioal-si-neutral__ea-minus-3,1,90403,10000,680.966,160,120,40,0,0,0,160,140,0,20,0,0,0,0
sioal-si-neutral__ea-minus-3,1,90403,12000,828.307,160,120,40,0,0,0,160,140,0,20,0,0,0,0
sioal-si-neutral__ea-minus-3,1,90403,14000,973.333,160,120,40,0,0,0,160,140,0,20,0,0,0,0
sioal-si-neutral__ea-minus-3,1,90403,16000,1115.569,160,120,40,0,0,0,160,140,0,20,0,0,0,0
sioal-si-neutral__ea-minus-3,1,90403,18000,1262.199,160,120,40,0,0,0,160,140,0,20,0,0,0,0
sioal-si-neutral__ea-minus-3,1,90403,20000,1401.994,160,120,40,0,0,0,160,140,0,20,0,0,0,0
sioal-si-neutral__ea-minus-3,2,90407,0,0.0,160,120,40,0,0,0,160,140,0,20,0,0,0,0
sioal-si-neutral__ea-minus-3,2,90407,2000,144.4005,160,120,40,0,0,0,160,140,0,20,0,0,0,0
sioal-si-neutral__ea-minus-3,2,90407,4000,292.1595,160,120,40,0,0,0,160,140,0,20,0,0,0,0
sioal-si-neutral__ea-minus-3,2,90407,6000,441.9382,160,120,40,0,0,0,160,140,0,20,0,0,0,0
sioal-si-neutral__ea-minus-3,2,90407,8000,577.6572,160,120,40,0,0,0,160,140,0,20,0,0,0,0
sioal-si-neutral__ea-minus-3,2,90407,10000,717.0635,160,120,40,0,0,0,160,140,0,20,0,0,0,0
sioal-si-neutral__ea-minus-3,2,90407,12000,855.5257,160,120,40,0,0,0,160,140,0,20,0,0,0,0
sioal-si-neutral__ea-minus-3,2,90407,14000,1003.23,160,120,40,0,0,0,160,140,0,20,0,0,0,0
sioal-si-neutral__ea-minus-3,2,90407,16000,1139.463,160,120,40,0,0,0,160,140,0,20,0,0,0,0
sioal-si-neutral__ea-minus-3,2,90407,18000,1288.077,161,120,40,0,0,1,160,139,1,19,1,0,0,0
sioal-si-neutral__ea-minus-3,2,90407,20000,1445.263,161,120,40,0,0,1,160,139,1,19,1,0,0,0
sioal-si-neutral__ea-minus-3,3,90409,0,0.0,160,120,40,0,0,0,160,140,0,20,0,0,0,0
sioal-si-neutral__ea-minus-3,3,90409,2000,147.5447,160,120,40,0,0,0,160,140,0,20,0,0,0,0
sioal-si-neutral__ea-minus-3,3,90409,4000,294.5116,160,120,40,0,0,0,160,140,0,20,0,0,0,0
sioal-si-neutral__ea-minus-3,3,90409,6000,454.955,161,120,40,0,0,1,160,139,1,19,1,0,0,0
sioal-si-neutral__ea-minus-3,3,90409,8000,609.7728,161,120,40,0,0,1,160,139,1,19,1,0,0,0
sioal-si-neutral__ea-minus-3,3,90409,10000,758.5457,161,120,40,0,1,0,160,140,1,19,0,0,0,0
sioal-si-neutral__ea-minus-3,3,90409,12000,906.765,163,120,40,0,1,2,160,140,1,19,0,0,0,0
sioal-si-neutral__ea-minus-3,3,90409,14000,1063.72,163,120,40,0,1,2,160,140,1,19,0,0,0,0
sioal-si-neutral__ea-minus-3,3,90409,16000,1219.206,163,120,40,0,2,1,160,139,3,17,1,0,0,0
sioal-si-neutral__ea-minus-3,3,90409,18000,1369.785,163,120,40,0,2,1,160,139,3,17,1,0,0,0
sioal-si-neutral__ea-minus-3,3,90409,20000,1522.133,163,120,40,0,3,0,160,140,3,17,0,0,0,0
sioal-si-neutral__ea-minus-3,4,90413,0,0.0,160,120,40,0,0,0,160,140,0,20,0,0,0,0
sioal-si-neutral__ea-minus-3,4,90413,2000,138.9007,160,120,40,0,0,0,160,140,0,20,0,0,0,0
sioal-si-neutral__ea-minus-3,4,90413,4000,283.9536,160,120,40,0,0,0,160,140,0,20,0,0,0,0
sioal-si-neutral__ea-minus-3,4,90413,6000,422.2946,160,120,40,0,0,0,160,140,0,20,0,0,0,0
sioal-si-neutral__ea-minus-3,4,90413,8000,570.0199,160,120,40,0,0,0,160,140,0,20,0,0,0,0
sioal-si-neutral__ea-minus-3,4,90413,10000,716.2646,160,120,40,0,0,0,160,140,0,20,0,0,0,0
sioal-si-neutral__ea-minus-3,4,90413,12000,861.8283,160,120,40,0,0,0,160,140,0,20,0,0,0,0
sioal-si-neutral__ea-minus-3,4,90413,14000,1007.15,160,120,40,0,0,0,160,140,0,20,0,0,0,0
sioal-si-neutral__ea-minus-3,4,90413,16000,1152.633,160,120,40,0,0,0,160,140,0,20,0,0,0,0
sioal-si-neutral__ea-minus-3,4,90413,18000,1295.204,161,120,40,0,0,1,160,139,1,19,1,0,0,0
sioal-si-neutral__ea-minus-3,4,90413,20000,1446.489,161,120,40,0,0,1,160,139,1,19,1,0,0,0
sioal-si-neutral__ea-minus-3,5,90419,0,0.0,160,120,40,0,0,0,160,140,0,20,0,0,0,0
sioal-si-neutral__ea-minus-3,5,90419,2000,149.9585,161,120,40,0,0,1,160,139,1,19,1,0,0,0
sioal-si-neutral__ea-minus-3,5,90419,4000,299.8448,161,120,40,0,0,1,160,139,1,19,1,0,0,0
sioal-si-neutral__ea-minus-3,5,90419,6000,453.3824,161,120,40,0,0,1,160,139,1,19,1,0,0,0
sioal-si-neutral__ea-minus-3,5,90419,8000,611.1966,161,120,40,0,0,1,160,139,1,19,1,0,0,0
sioal-si-neutral__ea-minus-3,5,90419,10000,766.314,161,120,40,0,0,1,160,139,1,19,1,0,0,0
sioal-si-neutral__ea-minus-3,5,90419,12000,913.9475,162,120,40,0,0,2,160,140,0,20,0,0,0,0
sioal-si-neutral__ea-minus-3,5,90419,14000,1070.994,162,120,40,0,1,1,160,139,2,18,1,0,0,0
sioal-si-neutral__ea-minus-3,5,90419,16000,1218.168,162,120,40,0,1,1,160,139,2,18,1,0,0,0
sioal-si-neutral__ea-minus-3,5,90419,18000,1309.624,162,120,39,1,1,1,160,140,1,19,0,0,0,0
sioal-si-neutral__ea-minus-3,5,90419,20000,1406.341,162,120,39,1,1,1,160,140,1,19,0,0,0,0
sioal-si-neutral__ea-minus-3,6,90421,0,0.0,160,120,40,0,0,0,160,140,0,20,0,0,0,0
sioal-si-neutral__ea-minus-3,6,90421,2000,151.4582,160,120,40,0,0,0,160,140,0,20,0,0,0,0
sioal-si-neutral__ea-minus-3,6,90421,4000,294.9425,160,120,40,0,0,0,160,140,0,20,0,0,0,0
sioal-si-neutral__ea-minus-3,6,90421,6000,426.4496,160,120,40,0,0,0,160,140,0,20,0,0,0,0
sioal-si-neutral__ea-minus-3,6,90421,8000,578.3125,160,120,40,0,0,0,160,140,0,20,0,0,0,0
sioal-si-neutral__ea-minus-3,6,90421,10000,723.4549,160,120,40,0,0,0,160,140,0,20,0,0,0,0
sioal-si-neutral__ea-minus-3,6,90421,12000,867.4309,160,120,40,0,0,0,160,140,0,20,0,0,0,0
sioal-si-neutral__ea-minus-3,6,90421,14000,1013.998,161,120,40,0,0,1,160,139,1,19,1,0,0,0
sioal-si-neutral__ea-minus-3,6,90421,16000,1138.387,161,120,40,0,1,0,160,140,1,19,0,0,0,0
sioal-si-neutral__ea-minus-3,6,90421,18000,1276.796,161,120,40,0,1,0,160,140,1,19,0,0,0,0
sioal-si-neutral__ea-minus-3,6,90421,20000,1427.384,161,120,40,0,1,0,160,140,1,19,0,0,0,0
sioal-si-neutral__ea-minus-3,7,90427,0,0.0,160,120,40,0,0,0,160,140,0,20,0,0,0,0
sioal-si-neutral__ea-minus-3,7,90427,2000,148.9599,161,120,40,0,0,1,160,139,1,19,1,0,0,0
sioal-si-neutral__ea-minus-3,7,90427,4000,301.1498,161,120,40,0,0,1,160,139,1,19,1,0,0,0
sioal-si-neutral__ea-minus-3,7,90427,6000,448.381,161,120,40,0,0,1,160,139,1,19,1,0,0,0
sioal-si-neutral__ea-minus-3,7,90427,8000,555.2937,161,120,39,1,1,0,160,139,2,18,1,0,0,0
sioal-si-neutral__ea-minus-3,7,90427,10000,660.9406,162,120,39,1,1,1,160,140,1,19,0,0,0,0
sioal-si-neutral__ea-minus-3,7,90427,12000,813.495,162,120,40,0,1,1,160,139,2,18,1,0,0,0
sioal-si-neutral__ea-minus-3,7,90427,14000,969.3686,162,120,40,0,1,1,160,139,2,18,1,0,0,0
sioal-si-neutral__ea-minus-3,7,90427,16000,1121.94,162,120,40,0,1,1,160,139,2,18,1,0,0,0
sioal-si-neutral__ea-minus-3,7,90427,18000,1266.234,162,120,40,0,2,0,160,140,2,18,0,0,0,0
sioal-si-neutral__ea-minus-3,7,90427,20000,1405.772,162,120,40,0,2,0,160,140,2,18,0,0,0,0
sioal-si-neutral__ea-plus-3,0,90401,0,0.0,160,120,40,0,0,0,160,140,0,20,0,0,0,0
sioal-si-neutral__ea-plus-3,0,90401,2000,145.0589,160,120,40,0,0,0,160,140,0,20,0,0,0,0
sioal-si-neutral__ea-plus-3,0,90401,4000,288.6244,160,120,40,0,0,0,160,140,0,20,0,0,0,0
sioal-si-neutral__ea-plus-3,0,90401,6000,437.1407,160,120,40,0,0,0,160,140,0,20,0,0,0,0
sioal-si-neutral__ea-plus-3,0,90401,8000,578.8341,160,120,40,0,0,0,160,140,0,20,0,0,0,0
sioal-si-neutral__ea-plus-3,0,90401,10000,719.5579,160,120,40,0,0,0,160,140,0,20,0,0,0,0
sioal-si-neutral__ea-plus-3,0,90401,12000,858.3495,160,120,40,0,0,0,160,140,0,20,0,0,0,0
sioal-si-neutral__ea-plus-3,0,90401,14000,995.3684,160,120,40,0,0,0,160,140,0,20,0,0,0,0
sioal-si-neutral__ea-plus-3,0,90401,16000,1138.833,160,120,40,0,0,0,160,140,0,20,0,0,0,0
sioal-si-neutral__ea-plus-3,0,90401,18000,1278.925,160,120,40,0,0,0,160,140,0,20,0,0,0,0
sioal-si-neutral__ea-plus-3,0,90401,20000,1419.145,160,120,40,0,0,0,160,140,0,20,0,0,0,0
sioal-si-neutral__ea-plus-3,1,90403,0,0.0,160,120,40,0,0,0,160,140,0,20,0,0,0,0
sioal-si-neutral__ea-plus-3,1,90403,2000,142.9857,160,120,40,0,0,0,160,140,0,20,0,0,0,0
sioal-si-neutral__ea-plus-3,1,90403,4000,286.5906,160,120,40,0,0,0,160,140,0,20,0,0,0,0
sioal-si-neutral__ea-plus-3,1,90403,6000,424.6697,160,120,40,0,0,0,160,140,0,20,0,0,0,0
sioal-si-neutral__ea-plus-3,1,90403,8000,574.4204,160,120,40,0,0,0,160,140,0,20,0,0,0,0
sioal-si-neutral__ea-plus-3,1,90403,10000,713.0002,160,120,40,0,0,0,160,140,0,20,0,0,0,0
sioal-si-neutral__ea-plus-3,1,90403,12000,860.3512,160,120,40,0,0,0,160,140,0,20,0,0,0,0
sioal-si-neutral__ea-plus-3,1,90403,14000,1005.387,160,120,40,0,0,0,160,140,0,20,0,0,0,0
sioal-si-neutral__ea-plus-3,1,90403,16000,1147.633,160,120,40,0,0,0,160,140,0,20,0,0,0,0
sioal-si-neutral__ea-plus-3,1,90403,18000,1294.272,160,120,40,0,0,0,160,140,0,20,0,0,0,0
sioal-si-neutral__ea-plus-3,1,90403,20000,1434.077,160,120,40,0,0,0,160,140,0,20,0,0,0,0
sioal-si-neutral__ea-plus-3,2,90407,0,0.0,160,120,40,0,0,0,160,140,0,20,0,0,0,0
sioal-si-neutral__ea-plus-3,2,90407,2000,144.4103,160,120,40,0,0,0,160,140,0,20,0,0,0,0
sioal-si-neutral__ea-plus-3,2,90407,4000,292.1794,160,120,40,0,0,0,160,140,0,20,0,0,0,0
sioal-si-neutral__ea-plus-3,2,90407,6000,441.9684,160,120,40,0,0,0,160,140,0,20,0,0,0,0
sioal-si-neutral__ea-plus-3,2,90407,8000,577.6967,160,120,40,0,0,0,160,140,0,20,0,0,0,0
sioal-si-neutral__ea-plus-3,2,90407,10000,717.1124,160,120,40,0,0,0,160,140,0,20,0,0,0,0
sioal-si-neutral__ea-plus-3,2,90407,12000,855.5841,160,120,40,0,0,0,160,140,0,20,0,0,0,0
sioal-si-neutral__ea-plus-3,2,90407,14000,1003.299,160,120,40,0,0,0,160,140,0,20,0,0,0,0
sioal-si-neutral__ea-plus-3,2,90407,16000,1139.54,160,120,40,0,0,0,160,140,0,20,0,0,0,0
sioal-si-neutral__ea-plus-3,2,90407,18000,1288.187,161,120,40,0,0,1,160,139,1,19,1,0,0,0
sioal-si-neutral__ea-plus-3,2,90407,20000,1445.429,161,120,40,0,0,1,160,139,1,19,1,0,0,0
sioal-si-neutral__ea-plus-3,3,90409,0,0.0,160,120,40,0,0,0,160,140,0,20,0,0,0,0
sioal-si-neutral__ea-plus-3,3,90409,2000,147.6806,160,120,40,0,0,0,160,140,0,20,0,0,0,0
sioal-si-neutral__ea-plus-3,3,90409,4000,294.6575,160,120,40,0,0,0,160,140,0,20,0,0,0,0
sioal-si-neutral__ea-plus-3,3,90409,6000,455.1572,161,120,40,0,0,1,160,139,1,19,1,0,0,0
sioal-si-neutral__ea-plus-3,3,90409,8000,610.0304,161,120,40,0,0,1,160,139,1,19,1,0,0,0
sioal-si-neutral__ea-plus-3,3,90409,10000,766.6163,161,120,40,0,0,1,160,139,1,19,1,0,0,0
sioal-si-neutral__ea-plus-3,3,90409,12000,911.6035,161,120,40,0,0,1,160,139,1,19,1,0,0,0
sioal-si-neutral__ea-plus-3,3,90409,14000,1069.173,161,120,40,0,0,1,160,139,1,19,1,0,0,0
sioal-si-neutral__ea-plus-3,3,90409,16000,1219.985,161,120,40,0,0,1,160,139,1,19,1,0,0,0
sioal-si-neutral__ea-plus-3,3,90409,18000,1374.611,162,120,40,0,0,2,160,140,0,20,0,0,0,0
sioal-si-neutral__ea-plus-3,3,90409,20000,1539.304,163,120,40,0,0,3,160,139,1,19,1,0,0,0
sioal-si-neutral__ea-plus-3,4,90413,0,0.0,160,120,40,0,0,0,160,140,0,20,0,0,0,0
sioal-si-neutral__ea-plus-3,4,90413,2000,144.2787,160,120,40,0,0,0,160,140,0,20,0,0,0,0
sioal-si-neutral__ea-plus-3,4,90413,4000,293.8796,160,120,40,0,0,0,160,140,0,20,0,0,0,0
sioal-si-neutral__ea-plus-3,4,90413,6000,432.2301,160,120,40,0,0,0,160,140,0,20,0,0,0,0
sioal-si-neutral__ea-plus-3,4,90413,8000,579.9655,160,120,40,0,0,0,160,140,0,20,0,0,0,0
sioal-si-neutral__ea-plus-3,4,90413,10000,726.2201,160,120,40,0,0,0,160,140,0,20,0,0,0,0
sioal-si-neutral__ea-plus-3,4,90413,12000,871.7937,160,120,40,0,0,0,160,140,0,20,0,0,0,0
sioal-si-neutral__ea-plus-3,4,90413,14000,1017.125,160,120,40,0,0,0,160,140,0,20,0,0,0,0
sioal-si-neutral__ea-plus-3,4,90413,16000,1162.618,160,120,40,0,0,0,160,140,0,20,0,0,0,0
sioal-si-neutral__ea-plus-3,4,90413,18000,1305.205,161,120,40,0,0,1,160,139,1,19,1,0,0,0
sioal-si-neutral__ea-plus-3,4,90413,20000,1456.544,161,120,40,0,0,1,160,139,1,19,1,0,0,0
sioal-si-neutral__ea-plus-3,5,90419,0,0.0,160,120,40,0,0,0,160,140,0,20,0,0,0,0
sioal-si-neutral__ea-plus-3,5,90419,2000,150.008,161,120,40,0,0,1,160,139,1,19,1,0,0,0
sioal-si-neutral__ea-plus-3,5,90419,4000,299.9479,161,120,40,0,0,1,160,139,1,19,1,0,0,0
sioal-si-neutral__ea-plus-3,5,90419,6000,453.5406,161,120,40,0,0,1,160,139,1,19,1,0,0,0
sioal-si-neutral__ea-plus-3,5,90419,8000,611.4113,161,120,40,0,0,1,160,139,1,19,1,0,0,0
sioal-si-neutral__ea-plus-3,5,90419,10000,766.5844,161,120,40,0,0,1,160,139,1,19,1,0,0,0
sioal-si-neutral__ea-plus-3,5,90419,12000,908.5657,161,120,40,0,0,1,160,139,1,19,1,0,0,0
sioal-si-neutral__ea-plus-3,5,90419,14000,1061.612,161,120,40,0,0,1,160,139,1,19,1,0,0,0
sioal-si-neutral__ea-plus-3,5,90419,16000,1208.841,161,120,40,0,0,1,160,139,1,19,1,0,0,0
sioal-si-neutral__ea-plus-3,5,90419,18000,1356.066,162,120,40,0,0,2,160,140,0,20,0,0,0,0
sioal-si-neutral__ea-plus-3,5,90419,20000,1513.538,162,120,40,0,0,2,160,140,0,20,0,0,0,0
sioal-si-neutral__ea-plus-3,6,90421,0,0.0,160,120,40,0,0,0,160,140,0,20,0,0,0,0
sioal-si-neutral__ea-plus-3,6,90421,2000,151.4685,160,120,40,0,0,0,160,140,0,20,0,0,0,0
sioal-si-neutral__ea-plus-3,6,90421,4000,294.9627,160,120,40,0,0,0,160,140,0,20,0,0,0,0
sioal-si-neutral__ea-plus-3,6,90421,6000,426.4787,160,120,40,0,0,0,160,140,0,20,0,0,0,0
sioal-si-neutral__ea-plus-3,6,90421,8000,578.3519,160,120,40,0,0,0,160,140,0,20,0,0,0,0
sioal-si-neutral__ea-plus-3,6,90421,10000,723.5043,160,120,40,0,0,0,160,140,0,20,0,0,0,0
sioal-si-neutral__ea-plus-3,6,90421,12000,867.4901,160,120,40,0,0,0,160,140,0,20,0,0,0,0
sioal-si-neutral__ea-plus-3,6,90421,14000,1020.747,162,120,40,0,0,2,160,140,0,20,0,0,0,0
sioal-si-neutral__ea-plus-3,6,90421,16000,1175.488,162,120,40,0,0,2,160,140,0,20,0,0,0,0
sioal-si-neutral__ea-plus-3,6,90421,18000,1329.144,162,120,40,0,0,2,160,140,0,20,0,0,0,0
sioal-si-neutral__ea-plus-3,6,90421,20000,1496.717,162,120,40,0,0,2,160,140,0,20,0,0,0,0
sioal-si-neutral__ea-plus-3,7,90427,0,0.0,160,120,40,0,0,0,160,140,0,20,0,0,0,0
sioal-si-neutral__ea-plus-3,7,90427,2000,149.0078,161,120,40,0,0,1,160,139,1,19,1,0,0,0
sioal-si-neutral__ea-plus-3,7,90427,4000,301.2522,161,120,40,0,0,1,160,139,1,19,1,0,0,0
sioal-si-neutral__ea-plus-3,7,90427,6000,448.5362,161,120,40,0,0,1,160,139,1,19,1,0,0,0
sioal-si-neutral__ea-plus-3,7,90427,8000,607.5883,161,120,40,0,0,1,160,139,1,19,1,0,0,0
sioal-si-neutral__ea-plus-3,7,90427,10000,763.3326,161,120,40,0,0,1,160,139,1,19,1,0,0,0
sioal-si-neutral__ea-plus-3,7,90427,12000,917.7813,161,120,40,0,0,1,160,139,1,19,1,0,0,0
sioal-si-neutral__ea-plus-3,7,90427,14000,1067.456,162,120,40,0,0,2,160,140,0,20,0,0,0,0
sioal-si-neutral__ea-plus-3,7,90427,16000,1235.346,162,120,40,0,0,2,160,140,0,20,0,0,0,0
sioal-si-neutral__ea-plus-3,7,90427,18000,1394.048,162,120,40,0,0,2,160,140,0,20,0,0,0,0
sioal-si-neutral__ea-plus-3,7,90427,20000,1549.309,162,120,40,0,0,2,160,140,0,20,0,0,0,0
sioal-si-neutral__prefactor-x0.1,0,90401,0,0.0,160,120,40,0,0,0,160,140,0,20,0,0,0,0
sioal-si-neutral__prefactor-x0.1,0,90401,2000,145.0589,160,120,40,0,0,0,160,140,0,20,0,0,0,0
sioal-si-neutral__prefactor-x0.1,0,90401,4000,288.6244,160,120,40,0,0,0,160,140,0,20,0,0,0,0
sioal-si-neutral__prefactor-x0.1,0,90401,6000,437.1406,160,120,40,0,0,0,160,140,0,20,0,0,0,0
sioal-si-neutral__prefactor-x0.1,0,90401,8000,578.834,160,120,40,0,0,0,160,140,0,20,0,0,0,0
sioal-si-neutral__prefactor-x0.1,0,90401,10000,719.5579,160,120,40,0,0,0,160,140,0,20,0,0,0,0
sioal-si-neutral__prefactor-x0.1,0,90401,12000,858.3494,160,120,40,0,0,0,160,140,0,20,0,0,0,0
sioal-si-neutral__prefactor-x0.1,0,90401,14000,995.3684,160,120,40,0,0,0,160,140,0,20,0,0,0,0
sioal-si-neutral__prefactor-x0.1,0,90401,16000,1138.833,160,120,40,0,0,0,160,140,0,20,0,0,0,0
sioal-si-neutral__prefactor-x0.1,0,90401,18000,1278.925,160,120,40,0,0,0,160,140,0,20,0,0,0,0
sioal-si-neutral__prefactor-x0.1,0,90401,20000,1419.145,160,120,40,0,0,0,160,140,0,20,0,0,0,0
sioal-si-neutral__prefactor-x0.1,1,90403,0,0.0,160,120,40,0,0,0,160,140,0,20,0,0,0,0
sioal-si-neutral__prefactor-x0.1,1,90403,2000,142.9857,160,120,40,0,0,0,160,140,0,20,0,0,0,0
sioal-si-neutral__prefactor-x0.1,1,90403,4000,286.5906,160,120,40,0,0,0,160,140,0,20,0,0,0,0
sioal-si-neutral__prefactor-x0.1,1,90403,6000,424.6697,160,120,40,0,0,0,160,140,0,20,0,0,0,0
sioal-si-neutral__prefactor-x0.1,1,90403,8000,574.4203,160,120,40,0,0,0,160,140,0,20,0,0,0,0
sioal-si-neutral__prefactor-x0.1,1,90403,10000,713.0001,160,120,40,0,0,0,160,140,0,20,0,0,0,0
sioal-si-neutral__prefactor-x0.1,1,90403,12000,860.3511,160,120,40,0,0,0,160,140,0,20,0,0,0,0
sioal-si-neutral__prefactor-x0.1,1,90403,14000,1005.387,160,120,40,0,0,0,160,140,0,20,0,0,0,0
sioal-si-neutral__prefactor-x0.1,1,90403,16000,1147.633,160,120,40,0,0,0,160,140,0,20,0,0,0,0
sioal-si-neutral__prefactor-x0.1,1,90403,18000,1294.272,160,120,40,0,0,0,160,140,0,20,0,0,0,0
sioal-si-neutral__prefactor-x0.1,1,90403,20000,1434.077,160,120,40,0,0,0,160,140,0,20,0,0,0,0
sioal-si-neutral__prefactor-x0.1,2,90407,0,0.0,160,120,40,0,0,0,160,140,0,20,0,0,0,0
sioal-si-neutral__prefactor-x0.1,2,90407,2000,144.4103,160,120,40,0,0,0,160,140,0,20,0,0,0,0
sioal-si-neutral__prefactor-x0.1,2,90407,4000,292.1794,160,120,40,0,0,0,160,140,0,20,0,0,0,0
sioal-si-neutral__prefactor-x0.1,2,90407,6000,441.9683,160,120,40,0,0,0,160,140,0,20,0,0,0,0
sioal-si-neutral__prefactor-x0.1,2,90407,8000,577.6966,160,120,40,0,0,0,160,140,0,20,0,0,0,0
sioal-si-neutral__prefactor-x0.1,2,90407,10000,717.1124,160,120,40,0,0,0,160,140,0,20,0,0,0,0
sioal-si-neutral__prefactor-x0.1,2,90407,12000,855.584,160,120,40,0,0,0,160,140,0,20,0,0,0,0
sioal-si-neutral__prefactor-x0.1,2,90407,14000,1003.299,160,120,40,0,0,0,160,140,0,20,0,0,0,0
sioal-si-neutral__prefactor-x0.1,2,90407,16000,1139.54,160,120,40,0,0,0,160,140,0,20,0,0,0,0
sioal-si-neutral__prefactor-x0.1,2,90407,18000,1288.187,161,120,40,0,0,1,160,139,1,19,1,0,0,0
sioal-si-neutral__prefactor-x0.1,2,90407,20000,1445.429,161,120,40,0,0,1,160,139,1,19,1,0,0,0
sioal-si-neutral__prefactor-x0.1,3,90409,0,0.0,160,120,40,0,0,0,160,140,0,20,0,0,0,0
sioal-si-neutral__prefactor-x0.1,3,90409,2000,147.6806,160,120,40,0,0,0,160,140,0,20,0,0,0,0
sioal-si-neutral__prefactor-x0.1,3,90409,4000,294.6575,160,120,40,0,0,0,160,140,0,20,0,0,0,0
sioal-si-neutral__prefactor-x0.1,3,90409,6000,455.1571,161,120,40,0,0,1,160,139,1,19,1,0,0,0
sioal-si-neutral__prefactor-x0.1,3,90409,8000,610.0304,161,120,40,0,0,1,160,139,1,19,1,0,0,0
sioal-si-neutral__prefactor-x0.1,3,90409,10000,766.6162,161,120,40,0,0,1,160,139,1,19,1,0,0,0
sioal-si-neutral__prefactor-x0.1,3,90409,12000,911.6034,161,120,40,0,0,1,160,139,1,19,1,0,0,0
sioal-si-neutral__prefactor-x0.1,3,90409,14000,1069.173,161,120,40,0,0,1,160,139,1,19,1,0,0,0
sioal-si-neutral__prefactor-x0.1,3,90409,16000,1219.985,161,120,40,0,0,1,160,139,1,19,1,0,0,0
sioal-si-neutral__prefactor-x0.1,3,90409,18000,1374.611,162,120,40,0,0,2,160,140,0,20,0,0,0,0
sioal-si-neutral__prefactor-x0.1,3,90409,20000,1539.304,163,120,40,0,0,3,160,139,1,19,1,0,0,0
sioal-si-neutral__prefactor-x0.1,4,90413,0,0.0,160,120,40,0,0,0,160,140,0,20,0,0,0,0
sioal-si-neutral__prefactor-x0.1,4,90413,2000,144.2787,160,120,40,0,0,0,160,140,0,20,0,0,0,0
sioal-si-neutral__prefactor-x0.1,4,90413,4000,293.8796,160,120,40,0,0,0,160,140,0,20,0,0,0,0
sioal-si-neutral__prefactor-x0.1,4,90413,6000,432.2301,160,120,40,0,0,0,160,140,0,20,0,0,0,0
sioal-si-neutral__prefactor-x0.1,4,90413,8000,579.9655,160,120,40,0,0,0,160,140,0,20,0,0,0,0
sioal-si-neutral__prefactor-x0.1,4,90413,10000,726.2201,160,120,40,0,0,0,160,140,0,20,0,0,0,0
sioal-si-neutral__prefactor-x0.1,4,90413,12000,871.7937,160,120,40,0,0,0,160,140,0,20,0,0,0,0
sioal-si-neutral__prefactor-x0.1,4,90413,14000,1017.125,160,120,40,0,0,0,160,140,0,20,0,0,0,0
sioal-si-neutral__prefactor-x0.1,4,90413,16000,1162.618,160,120,40,0,0,0,160,140,0,20,0,0,0,0
sioal-si-neutral__prefactor-x0.1,4,90413,18000,1305.205,161,120,40,0,0,1,160,139,1,19,1,0,0,0
sioal-si-neutral__prefactor-x0.1,4,90413,20000,1456.544,161,120,40,0,0,1,160,139,1,19,1,0,0,0
sioal-si-neutral__prefactor-x0.1,5,90419,0,0.0,160,120,40,0,0,0,160,140,0,20,0,0,0,0
sioal-si-neutral__prefactor-x0.1,5,90419,2000,150.0079,161,120,40,0,0,1,160,139,1,19,1,0,0,0
sioal-si-neutral__prefactor-x0.1,5,90419,4000,299.9479,161,120,40,0,0,1,160,139,1,19,1,0,0,0
sioal-si-neutral__prefactor-x0.1,5,90419,6000,453.5405,161,120,40,0,0,1,160,139,1,19,1,0,0,0
sioal-si-neutral__prefactor-x0.1,5,90419,8000,611.4111,161,120,40,0,0,1,160,139,1,19,1,0,0,0
sioal-si-neutral__prefactor-x0.1,5,90419,10000,766.5842,161,120,40,0,0,1,160,139,1,19,1,0,0,0
sioal-si-neutral__prefactor-x0.1,5,90419,12000,908.5655,161,120,40,0,0,1,160,139,1,19,1,0,0,0
sioal-si-neutral__prefactor-x0.1,5,90419,14000,1061.612,161,120,40,0,0,1,160,139,1,19,1,0,0,0
sioal-si-neutral__prefactor-x0.1,5,90419,16000,1208.84,161,120,40,0,0,1,160,139,1,19,1,0,0,0
sioal-si-neutral__prefactor-x0.1,5,90419,18000,1356.066,162,120,40,0,0,2,160,140,0,20,0,0,0,0
sioal-si-neutral__prefactor-x0.1,5,90419,20000,1513.538,162,120,40,0,0,2,160,140,0,20,0,0,0,0
sioal-si-neutral__prefactor-x0.1,6,90421,0,0.0,160,120,40,0,0,0,160,140,0,20,0,0,0,0
sioal-si-neutral__prefactor-x0.1,6,90421,2000,151.4685,160,120,40,0,0,0,160,140,0,20,0,0,0,0
sioal-si-neutral__prefactor-x0.1,6,90421,4000,294.9626,160,120,40,0,0,0,160,140,0,20,0,0,0,0
sioal-si-neutral__prefactor-x0.1,6,90421,6000,426.4787,160,120,40,0,0,0,160,140,0,20,0,0,0,0
sioal-si-neutral__prefactor-x0.1,6,90421,8000,578.3519,160,120,40,0,0,0,160,140,0,20,0,0,0,0
sioal-si-neutral__prefactor-x0.1,6,90421,10000,723.5042,160,120,40,0,0,0,160,140,0,20,0,0,0,0
sioal-si-neutral__prefactor-x0.1,6,90421,12000,867.4901,160,120,40,0,0,0,160,140,0,20,0,0,0,0
sioal-si-neutral__prefactor-x0.1,6,90421,14000,1020.747,162,120,40,0,0,2,160,140,0,20,0,0,0,0
sioal-si-neutral__prefactor-x0.1,6,90421,16000,1175.488,162,120,40,0,0,2,160,140,0,20,0,0,0,0
sioal-si-neutral__prefactor-x0.1,6,90421,18000,1329.144,162,120,40,0,0,2,160,140,0,20,0,0,0,0
sioal-si-neutral__prefactor-x0.1,6,90421,20000,1496.717,162,120,40,0,0,2,160,140,0,20,0,0,0,0
sioal-si-neutral__prefactor-x0.1,7,90427,0,0.0,160,120,40,0,0,0,160,140,0,20,0,0,0,0
sioal-si-neutral__prefactor-x0.1,7,90427,2000,149.0078,161,120,40,0,0,1,160,139,1,19,1,0,0,0
sioal-si-neutral__prefactor-x0.1,7,90427,4000,301.2522,161,120,40,0,0,1,160,139,1,19,1,0,0,0
sioal-si-neutral__prefactor-x0.1,7,90427,6000,448.5362,161,120,40,0,0,1,160,139,1,19,1,0,0,0
sioal-si-neutral__prefactor-x0.1,7,90427,8000,607.5882,161,120,40,0,0,1,160,139,1,19,1,0,0,0
sioal-si-neutral__prefactor-x0.1,7,90427,10000,763.3325,161,120,40,0,0,1,160,139,1,19,1,0,0,0
sioal-si-neutral__prefactor-x0.1,7,90427,12000,917.7811,161,120,40,0,0,1,160,139,1,19,1,0,0,0
sioal-si-neutral__prefactor-x0.1,7,90427,14000,1067.455,162,120,40,0,0,2,160,140,0,20,0,0,0,0
sioal-si-neutral__prefactor-x0.1,7,90427,16000,1235.345,162,120,40,0,0,2,160,140,0,20,0,0,0,0
sioal-si-neutral__prefactor-x0.1,7,90427,18000,1394.048,162,120,40,0,0,2,160,140,0,20,0,0,0,0
sioal-si-neutral__prefactor-x0.1,7,90427,20000,1549.308,162,120,40,0,0,2,160,140,0,20,0,0,0,0
sioal-si-neutral__prefactor-x10,0,90401,0,0.0,160,120,40,0,0,0,160,140,0,20,0,0,0,0
sioal-si-neutral__prefactor-x10,0,90401,2000,145.0583,160,120,40,0,0,0,160,140,0,20,0,0,0,0
sioal-si-neutral__prefactor-x10,0,90401,4000,288.6232,160,120,40,0,0,0,160,140,0,20,0,0,0,0
sioal-si-neutral__prefactor-x10,0,90401,6000,437.1388,160,120,40,0,0,0,160,140,0,20,0,0,0,0
sioal-si-neutral__prefactor-x10,0,90401,8000,578.8316,160,120,40,0,0,0,160,140,0,20,0,0,0,0
sioal-si-neutral__prefactor-x10,0,90401,10000,719.5548,160,120,40,0,0,0,160,140,0,20,0,0,0,0
sioal-si-neutral__prefactor-x10,0,90401,12000,858.3458,160,120,40,0,0,0,160,140,0,20,0,0,0,0
sioal-si-neutral__prefactor-x10,0,90401,14000,995.3642,160,120,40,0,0,0,160,140,0,20,0,0,0,0
sioal-si-neutral__prefactor-x10,0,90401,16000,1138.828,160,120,40,0,0,0,160,140,0,20,0,0,0,0
sioal-si-neutral__prefactor-x10,0,90401,18000,1278.92,160,120,40,0,0,0,160,140,0,20,0,0,0,0
sioal-si-neutral__prefactor-x10,0,90401,20000,1419.139,160,120,40,0,0,0,160,140,0,20,0,0,0,0
sioal-si-neutral__prefactor-x10,1,90403,0,0.0,160,120,40,0,0,0,160,140,0,20,0,0,0,0
sioal-si-neutral__prefactor-x10,1,90403,2000,142.9851,160,120,40,0,0,0,160,140,0,20,0,0,0,0
sioal-si-neutral__prefactor-x10,1,90403,4000,286.5894,160,120,40,0,0,0,160,140,0,20,0,0,0,0
sioal-si-neutral__prefactor-x10,1,90403,6000,424.6679,160,120,40,0,0,0,160,140,0,20,0,0,0,0
sioal-si-neutral__prefactor-x10,1,90403,8000,574.4179,160,120,40,0,0,0,160,140,0,20,0,0,0,0
sioal-si-neutral__prefactor-x10,1,90403,10000,712.9971,160,120,40,0,0,0,160,140,0,20,0,0,0,0
sioal-si-neutral__prefactor-x10,1,90403,12000,860.3475,160,120,40,0,0,0,160,140,0,20,0,0,0,0
sioal-si-neutral__prefactor-x10,1,90403,14000,1005.383,160,120,40,0,0,0,160,140,0,20,0,0,0,0
sioal-si-neutral__prefactor-x10,1,90403,16000,1147.628,160,120,40,0,0,0,160,140,0,20,0,0,0,0
sioal-si-neutral__prefactor-x10,1,90403,18000,1294.267,160,120,40,0,0,0,160,140,0,20,0,0,0,0
sioal-si-neutral__prefactor-x10,1,90403,20000,1434.071,160,120,40,0,0,0,160,140,0,20,0,0,0,0
sioal-si-neutral__prefactor-x10,2,90407,0,0.0,160,120,40,0,0,0,160,140,0,20,0,0,0,0
sioal-si-neutral__prefactor-x10,2,90407,2000,144.4097,160,120,40,0,0,0,160,140,0,20,0,0,0,0
sioal-si-neutral__prefactor-x10,2,90407,4000,292.1782,160,120,40,0,0,0,160,140,0,20,0,0,0,0
sioal-si-neutral__prefactor-x10,2,90407,6000,441.9665,160,120,40,0,0,0,160,140,0,20,0,0,0,0
sioal-si-neutral__prefactor-x10,2,90407,8000,577.6942,160,120,40,0,0,0,160,140,0,20,0,0,0,0
sioal-si-neutral__prefactor-x10,2,90407,10000,717.1093,160,120,40,0,0,0,160,140,0,20,0,0,0,0
sioal-si-neutral__prefactor-x10,2,90407,12000,855.5804,160,120,40,0,0,0,160,140,0,20,0,0,0,0
sioal-si-neutral__prefactor-x10,2,90407,14000,1003.294,160,120,40,0,0,0,160,140,0,20,0,0,0,0
sioal-si-neutral__prefactor-x10,2,90407,16000,1139.536,160,120,40,0,0,0,160,140,0,20,0,0,0,0
sioal-si-neutral__prefactor-x10,2,90407,18000,1288.18,161,120,40,0,0,1,160,139,1,19,1,0,0,0
sioal-si-neutral__prefactor-x10,2,90407,20000,1445.419,161,120,40,0,0,1,160,139,1,19,1,0,0,0
sioal-si-neutral__prefactor-x10,3,90409,0,0.0,160,120,40,0,0,0,160,140,0,20,0,0,0,0
sioal-si-neutral__prefactor-x10,3,90409,2000,147.68,160,120,40,0,0,0,160,140,0,20,0,0,0,0
sioal-si-neutral__prefactor-x10,3,90409,4000,294.6563,160,120,40,0,0,0,160,140,0,20,0,0,0,0
sioal-si-neutral__prefactor-x10,3,90409,6000,455.1523,161,120,40,0,0,1,160,139,1,19,1,0,0,0
sioal-si-neutral__prefactor-x10,3,90409,8000,610.0221,161,120,40,0,0,1,160,139,1,19,1,0,0,0
sioal-si-neutral__prefactor-x10,3,90409,10000,768.5754,162,120,40,0,0,2,160,140,0,20,0,0,0,0
sioal-si-neutral__prefactor-x10,3,90409,12000,928.1376,162,120,40,0,0,2,160,140,0,20,0,0,0,0
sioal-si-neutral__prefactor-x10,3,90409,14000,1085.195,162,120,40,0,0,2,160,140,0,20,0,0,0,0
sioal-si-neutral__prefactor-x10,3,90409,16000,1242.831,162,120,40,0,0,2,160,140,0,20,0,0,0,0
sioal-si-neutral__prefactor-x10,3,90409,18000,1400.673,162,120,40,0,0,2,160,140,0,20,0,0,0,0
sioal-si-neutral__prefactor-x10,3,90409,20000,1565.358,163,120,40,0,0,3,160,139,1,19,1,0,0,0
sioal-si-neutral__prefactor-x10,4,90413,0,0.0,160,120,40,0,0,0,160,140,0,20,0,0,0,0
sioal-si-neutral__prefactor-x10,4,90413,2000,144.2781,160,120,40,0,0,0,160,140,0,20,0,0,0,0
sioal-si-neutral__prefactor-x10,4,90413,4000,293.8783,160,120,40,0,0,0,160,140,0,20,0,0,0,0
sioal-si-neutral__prefactor-x10,4,90413,6000,432.2283,160,120,40,0,0,0,160,140,0,20,0,0,0,0
sioal-si-neutral__prefactor-x10,4,90413,8000,579.963,160,120,40,0,0,0,160,140,0,20,0,0,0,0
sioal-si-neutral__prefactor-x10,4,90413,10000,726.217,160,120,40,0,0,0,160,140,0,20,0,0,0,0
sioal-si-neutral__prefactor-x10,4,90413,12000,871.79,160,120,40,0,0,0,160,140,0,20,0,0,0,0
sioal-si-neutral__prefactor-x10,4,90413,14000,1017.121,160,120,40,0,0,0,160,140,0,20,0,0,0,0
sioal-si-neutral__prefactor-x10,4,90413,16000,1162.613,160,120,40,0,0,0,160,140,0,20,0,0,0,0
sioal-si-neutral__prefactor-x10,4,90413,18000,1305.199,161,120,40,0,0,1,160,139,1,19,1,0,0,0
sioal-si-neutral__prefactor-x10,4,90413,20000,1456.535,161,120,40,0,0,1,160,139,1,19,1,0,0,0
sioal-si-neutral__prefactor-x10,5,90419,0,0.0,160,120,40,0,0,0,160,140,0,20,0,0,0,0
sioal-si-neutral__prefactor-x10,5,90419,2000,150.0048,161,120,40,0,0,1,160,139,1,19,1,0,0,0
sioal-si-neutral__prefactor-x10,5,90419,4000,299.9414,161,120,40,0,0,1,160,139,1,19,1,0,0,0
sioal-si-neutral__prefactor-x10,5,90419,6000,453.5306,161,120,40,0,0,1,160,139,1,19,1,0,0,0
sioal-si-neutral__prefactor-x10,5,90419,8000,611.3977,161,120,40,0,0,1,160,139,1,19,1,0,0,0
sioal-si-neutral__prefactor-x10,5,90419,10000,766.5673,161,120,40,0,0,1,160,139,1,19,1,0,0,0
sioal-si-neutral__prefactor-x10,5,90419,12000,908.5455,161,120,40,0,0,1,160,139,1,19,1,0,0,0
sioal-si-neutral__prefactor-x10,5,90419,14000,1061.588,161,120,40,0,0,1,160,139,1,19,1,0,0,0
sioal-si-neutral__prefactor-x10,5,90419,16000,1208.814,161,120,40,0,0,1,160,139,1,19,1,0,0,0
sioal-si-neutral__prefactor-x10,5,90419,18000,1359.997,161,120,40,0,0,1,160,139,1,19,1,0,0,0
sioal-si-neutral__prefactor-x10,5,90419,20000,1514.197,162,120,40,0,0,2,160,140,0,20,0,0,0,0
sioal-si-neutral__prefactor-x10,6,90421,0,0.0,160,120,40,0,0,0,160,140,0,20,0,0,0,0
sioal-si-neutral__prefactor-x10,6,90421,2000,151.4678,160,120,40,0,0,0,160,140,0,20,0,0,0,0
sioal-si-neutral__prefactor-x10,6,90421,4000,294.9614,160,120,40,0,0,0,160,140,0,20,0,0,0,0
sioal-si-neutral__prefactor-x10,6,90421,6000,426.4769,160,120,40,0,0,0,160,140,0,20,0,0,0,0
sioal-si-neutral__prefactor-x10,6,90421,8000,578.3494,160,120,40,0,0,0,160,140,0,20,0,0,0,0
sioal-si-neutral__prefactor-x10,6,90421,10000,723.5011,160,120,40,0,0,0,160,140,0,20,0,0,0,0
sioal-si-neutral__prefactor-x10,6,90421,12000,867.4864,160,120,40,0,0,0,160,140,0,20,0,0,0,0
sioal-si-neutral__prefactor-x10,6,90421,14000,1020.74,162,120,40,0,0,2,160,140,0,20,0,0,0,0
sioal-si-neutral__prefactor-x10,6,90421,16000,1175.474,162,120,40,0,0,2,160,140,0,20,0,0,0,0
sioal-si-neutral__prefactor-x10,6,90421,18000,1329.124,162,120,40,0,0,2,160,140,0,20,0,0,0,0
sioal-si-neutral__prefactor-x10,6,90421,20000,1493.943,163,120,40,0,0,3,160,139,1,19,1,0,0,0
sioal-si-neutral__prefactor-x10,7,90427,0,0.0,160,120,40,0,0,0,160,140,0,20,0,0,0,0
sioal-si-neutral__prefactor-x10,7,90427,2000,145.7724,162,120,40,0,0,2,160,140,0,20,0,0,0,0
sioal-si-neutral__prefactor-x10,7,90427,4000,303.6483,162,120,40,0,0,2,160,140,0,20,0,0,0,0
sioal-si-neutral__prefactor-x10,7,90427,6000,460.2151,162,120,40,0,0,2,160,140,0,20,0,0,0,0
sioal-si-neutral__prefactor-x10,7,90427,8000,618.6321,163,120,40,0,0,3,160,139,1,19,1,0,0,0
sioal-si-neutral__prefactor-x10,7,90427,10000,792.4255,163,120,40,0,0,3,160,139,1,19,1,0,0,0
sioal-si-neutral__prefactor-x10,7,90427,12000,965.0579,163,120,40,0,0,3,160,139,1,19,1,0,0,0
sioal-si-neutral__prefactor-x10,7,90427,14000,1122.035,163,120,40,0,1,2,160,140,1,19,0,0,0,0
sioal-si-neutral__prefactor-x10,7,90427,16000,1289.918,163,120,40,0,1,2,160,140,1,19,0,0,0,0
sioal-si-neutral__prefactor-x10,7,90427,18000,1454.818,164,120,40,0,1,3,160,139,2,18,1,0,0,0
sioal-si-neutral__prefactor-x10,7,90427,20000,1630.984,164,120,40,0,1,3,160,139,2,18,1,0,0,0
sioal-al-neutral__ea-minus-3,0,90401,0,0.0,160,120,40,0,0,0,160,140,0,20,0,0,0,0
sioal-al-neutral__ea-minus-3,0,90401,2000,145.0588,160,120,40,0,0,0,160,140,0,20,0,0,0,0
sioal-al-neutral__ea-minus-3,0,90401,4000,288.6243,160,120,40,0,0,0,160,140,0,20,0,0,0,0
sioal-al-neutral__ea-minus-3,0,90401,6000,437.1405,160,120,40,0,0,0,160,140,0,20,0,0,0,0
sioal-al-neutral__ea-minus-3,0,90401,8000,578.8338,160,120,40,0,0,0,160,140,0,20,0,0,0,0
sioal-al-neutral__ea-minus-3,0,90401,10000,719.5576,160,120,40,0,0,0,160,140,0,20,0,0,0,0
sioal-al-neutral__ea-minus-3,0,90401,12000,858.3491,160,120,40,0,0,0,160,140,0,20,0,0,0,0
sioal-al-neutral__ea-minus-3,0,90401,14000,995.368,160,120,40,0,0,0,160,140,0,20,0,0,0,0
sioal-al-neutral__ea-minus-3,0,90401,16000,1138.833,160,120,40,0,0,0,160,140,0,20,0,0,0,0
sioal-al-neutral__ea-minus-3,0,90401,18000,1278.925,160,120,40,0,0,0,160,140,0,20,0,0,0,0
sioal-al-neutral__ea-minus-3,0,90401,20000,1419.145,160,120,40,0,0,0,160,140,0,20,0,0,0,0
sioal-al-neutral__ea-minus-3,1,90403,0,0.0,160,120,40,0,0,0,160,140,0,20,0,0,0,0
sioal-al-neutral__ea-minus-3,1,90403,2000,142.9856,160,120,40,0,0,0,160,140,0,20,0,0,0,0
sioal-al-neutral__ea-minus-3,1,90403,4000,286.5905,160,120,40,0,0,0,160,140,0,20,0,0,0,0
sioal-al-neutral__ea-minus-3,1,90403,6000,424.6695,160,120,40,0,0,0,160,140,0,20,0,0,0,0
sioal-al-neutral__ea-minus-3,1,90403,8000,574.4201,160,120,40,0,0,0,160,140,0,20,0,0,0,0
sioal-al-neutral__ea-minus-3,1,90403,10000,712.9999,160,120,40,0,0,0,160,140,0,20,0,0,0,0
sioal-al-neutral__ea-minus-3,1,90403,12000,860.3508,160,120,40,0,0,0,160,140,0,20,0,0,0,0
sioal-al-neutral__ea-minus-3,1,90403,14000,1005.387,160,120,40,0,0,0,160,140,0,20,0,0,0,0
sioal-al-neutral__ea-minus-3,1,90403,16000,1147.633,160,120,40,0,0,0,160,140,0,20,0,0,0,0
sioal-al-neutral__ea-minus-3,1,90403,18000,1294.272,160,120,40,0,0,0,160,140,0,20,0,0,0,0
sioal-al-neutral__ea-minus-3,1,90403,20000,1434.076,160,120,40,0,0,0,160,140,0,20,0,0,0,0
sioal-al-neutral__ea-minus-3,2,90407,0,0.0,160,120,40,0,0,0,160,140,0,20,0,0,0,0
sioal-al-neutral__ea-minus-3,2,90407,2000,144.4102,160,120,40,0,0,0,160,140,0,20,0,0,0,0
sioal-al-neutral__ea-minus-3,2,90407,4000,292.1793,160,120,40,0,0,0,160,140,0,20,0,0,0,0
sioal-al-neutral__ea-minus-3,2,90407,6000,441.9682,160,120,40,0,0,0,160,140,0,20,0,0,0,0
sioal-al-neutral__ea-minus-3,2,90407,8000,577.6964,160,120,40,0,0,0,160,140,0,20,0,0,0,0
sioal-al-neutral__ea-minus-3,2,90407,10000,717.1121,160,120,40,0,0,0,160,140,0,20,0,0,0,0
sioal-al-neutral__ea-minus-3,2,90407,12000,855.5837,160,120,40,0,0,0,160,140,0,20,0,0,0,0
sioal-al-neutral__ea-minus-3,2,90407,14000,1003.298,160,120,40,0,0,0,160,140,0,20,0,0,0,0
sioal-al-neutral__ea-minus-3,2,90407,16000,1139.54,160,120,40,0,0,0,160,140,0,20,0,0,0,0
sioal-al-neutral__ea-minus-3,2,90407,18000,1288.186,161,120,40,0,0,1,160,139,1,19,1,0,0,0
sioal-al-neutral__ea-minus-3,2,90407,20000,1445.428,161,120,40,0,0,1,160,139,1,19,1,0,0,0
sioal-al-neutral__ea-minus-3,3,90409,0,0.0,160,120,40,0,0,0,160,140,0,20,0,0,0,0
sioal-al-neutral__ea-minus-3,3,90409,2000,147.6805,160,120,40,0,0,0,160,140,0,20,0,0,0,0
sioal-al-neutral__ea-minus-3,3,90409,4000,294.6574,160,120,40,0,0,0,160,140,0,20,0,0,0,0
sioal-al-neutral__ea-minus-3,3,90409,6000,455.1567,161,120,40,0,0,1,160,139,1,19,1,0,0,0
sioal-al-neutral__ea-minus-3,3,90409,8000,610.0296,161,120,40,0,0,1,160,139,1,19,1,0,0,0
sioal-al-neutral__ea-minus-3,3,90409,10000,766.6151,161,120,40,0,0,1,160,139,1,19,1,0,0,0
sioal-al-neutral__ea-minus-3,3,90409,12000,911.602,161,120,40,0,0,1,160,139,1,19,1,0,0,0
sioal-al-neutral__ea-minus-3,3,90409,14000,1069.171,161,120,40,0,0,1,160,139,1,19,1,0,0,0
sioal-al-neutral__ea-minus-3,3,90409,16000,1219.983,161,120,40,0,0,1,160,139,1,19,1,0,0,0
sioal-al-neutral__ea-minus-3,3,90409,18000,1374.608,162,120,40,0,0,2,160,140,0,20,0,0,0,0
sioal-al-neutral__ea-minus-3,3,90409,20000,1539.301,163,120,40,0,0,3,160,139,1,19,1,0,0,0
sioal-al-neutral__ea-minus-3,4,90413,0,0.0,160,120,40,0,0,0,160,140,0,20,0,0,0,0
sioal-al-neutral__ea-minus-3,4,90413,2000,144.2787,160,120,40,0,0,0,160,140,0,20,0,0,0,0
sioal-al-neutral__ea-minus-3,4,90413,4000,293.8795,160,120,40,0,0,0,160,140,0,20,0,0,0,0
sioal-al-neutral__ea-minus-3,4,90413,6000,432.2299,160,120,40,0,0,0,160,140,0,20,0,0,0,0
sioal-al-neutral__ea-minus-3,4,90413,8000,579.9652,160,120,40,0,0,0,160,140,0,20,0,0,0,0
sioal-al-neutral__ea-minus-3,4,90413,10000,726.2198,160,120,40,0,0,0,160,140,0,20,0,0,0,0
sioal-al-neutral__ea-minus-3,4,90413,12000,871.7934,160,120,40,0,0,0,160,140,0,20,0,0,0,0
sioal-al-neutral__ea-minus-3,4,90413,14000,1017.125,160,120,40,0,0,0,160,140,0,20,0,0,0,0
sioal-al-neutral__ea-minus-3,4,90413,16000,1162.618,160,120,40,0,0,0,160,140,0,20,0,0,0,0
sioal-al-neutral__ea-minus-3,4,90413,18000,1305.205,161,120,40,0,0,1,160,139,1,19,1,0,0,0
sioal-al-neutral__ea-minus-3,4,90413,20000,1456.543,161,120,40,0,0,1,160,139,1,19,1,0,0,0
sioal-al-neutral__ea-minus-3,5,90419,0,0.0,160,120,40,0,0,0,160,140,0,20,0,0,0,0
sioal-al-neutral__ea-minus-3,5,90419,2000,150.0076,161,120,40,0,0,1,160,139,1,19,1,0,0,0
sioal-al-neutral__ea-minus-3,5,90419,4000,299.9473,161,120,40,0,0,1,160,139,1,19,1,0,0,0
sioal-al-neutral__ea-minus-3,5,90419,6000,453.5396,161,120,40,0,0,1,160,139,1,19,1,0,0,0
sioal-al-neutral__ea-minus-3,5,90419,8000,611.4099,161,120,40,0,0,1,160,139,1,19,1,0,0,0
sioal-al-neutral__ea-minus-3,5,90419,10000,766.5827,161,120,40,0,0,1,160,139,1,19,1,0,0,0
sioal-al-neutral__ea-minus-3,5,90419,12000,908.5637,161,120,40,0,0,1,160,139,1,19,1,0,0,0
sioal-al-neutral__ea-minus-3,5,90419,14000,1061.609,161,120,40,0,0,1,160,139,1,19,1,0,0,0
sioal-al-neutral__ea-minus-3,5,90419,16000,1208.838,161,120,40,0,0,1,160,139,1,19,1,0,0,0
sioal-al-neutral__ea-minus-3,5,90419,18000,1356.063,162,120,40,0,0,2,160,140,0,20,0,0,0,0
sioal-al-neutral__ea-minus-3,5,90419,20000,1513.534,162,120,40,0,0,2,160,140,0,20,0,0,0,0
sioal-al-neutral__ea-minus-3,6,90421,0,0.0,160,120,40,0,0,0,160,140,0,20,0,0,0,0
sioal-al-neutral__ea-minus-3,6,90421,2000,151.4684,160,120,40,0,0,0,160,140,0,20,0,0,0,0
sioal-al-neutral__ea-minus-3,6,90421,4000,294.9625,160,120,40,0,0,0,160,140,0,20,0,0,0,0
sioal-al-neutral__ea-minus-3,6,90421,6000,426.4785,160,120,40,0,0,0,160,140,0,20,0,0,0,0
sioal-al-neutral__ea-minus-3,6,90421,8000,578.3517,160,120,40,0,0,0,160,140,0,20,0,0,0,0
sioal-al-neutral__ea-minus-3,6,90421,10000,723.5039,160,120,40,0,0,0,160,140,0,20,0,0,0,0
sioal-al-neutral__ea-minus-3,6,90421,12000,867.4897,160,120,40,0,0,0,160,140,0,20,0,0,0,0
sioal-al-neutral__ea-minus-3,6,90421,14000,1020.746,162,120,40,0,0,2,160,140,0,20,0,0,0,0
sioal-al-neutral__ea-minus-3,6,90421,16000,1175.487,162,120,40,0,0,2,160,140,0,20,0,0,0,0
sioal-al-neutral__ea-minus-3,6,90421,18000,1329.142,162,120,40,0,0,2,160,140,0,20,0,0,0,0
sioal-al-neutral__ea-minus-3,6,90421,20000,1496.714,162,120,40,0,0,2,160,140,0,20,0,0,0,0
sioal-al-neutral__ea-minus-3,7,90427,0,0.0,160,120,40,0,0,0,160,140,0,20,0,0,0,0
sioal-al-neutral__ea-minus-3,7,90427,2000,149.0075,161,120,40,0,0,1,160,139,1,19,1,0,0,0
sioal-al-neutral__ea-minus-3,7,90427,4000,301.2516,161,120,40,0,0,1,160,139,1,19,1,0,0,0
sioal-al-neutral__ea-minus-3,7,90427,6000,448.5353,161,120,40,0,0,1,160,139,1,19,1,0,0,0
sioal-al-neutral__ea-minus-3,7,90427,8000,607.5869,161,120,40,0,0,1,160,139,1,19,1,0,0,0
sioal-al-neutral__ea-minus-3,7,90427,10000,763.3309,161,120,40,0,0,1,160,139,1,19,1,0,0,0
sioal-al-neutral__ea-minus-3,7,90427,12000,917.7792,161,120,40,0,0,1,160,139,1,19,1,0,0,0
sioal-al-neutral__ea-minus-3,7,90427,14000,1067.453,162,120,40,0,0,2,160,140,0,20,0,0,0,0
sioal-al-neutral__ea-minus-3,7,90427,16000,1235.342,162,120,40,0,0,2,160,140,0,20,0,0,0,0
sioal-al-neutral__ea-minus-3,7,90427,18000,1394.044,162,120,40,0,0,2,160,140,0,20,0,0,0,0
sioal-al-neutral__ea-minus-3,7,90427,20000,1549.304,162,120,40,0,0,2,160,140,0,20,0,0,0,0
sioal-al-neutral__ea-plus-3,0,90401,0,0.0,160,120,40,0,0,0,160,140,0,20,0,0,0,0
sioal-al-neutral__ea-plus-3,0,90401,2000,145.0588,160,120,40,0,0,0,160,140,0,20,0,0,0,0
sioal-al-neutral__ea-plus-3,0,90401,4000,288.6243,160,120,40,0,0,0,160,140,0,20,0,0,0,0
sioal-al-neutral__ea-plus-3,0,90401,6000,437.1405,160,120,40,0,0,0,160,140,0,20,0,0,0,0
sioal-al-neutral__ea-plus-3,0,90401,8000,578.8338,160,120,40,0,0,0,160,140,0,20,0,0,0,0
sioal-al-neutral__ea-plus-3,0,90401,10000,719.5576,160,120,40,0,0,0,160,140,0,20,0,0,0,0
sioal-al-neutral__ea-plus-3,0,90401,12000,858.3491,160,120,40,0,0,0,160,140,0,20,0,0,0,0
sioal-al-neutral__ea-plus-3,0,90401,14000,995.368,160,120,40,0,0,0,160,140,0,20,0,0,0,0
sioal-al-neutral__ea-plus-3,0,90401,16000,1138.833,160,120,40,0,0,0,160,140,0,20,0,0,0,0
sioal-al-neutral__ea-plus-3,0,90401,18000,1278.925,160,120,40,0,0,0,160,140,0,20,0,0,0,0
sioal-al-neutral__ea-plus-3,0,90401,20000,1419.145,160,120,40,0,0,0,160,140,0,20,0,0,0,0
sioal-al-neutral__ea-plus-3,1,90403,0,0.0,160,120,40,0,0,0,160,140,0,20,0,0,0,0
sioal-al-neutral__ea-plus-3,1,90403,2000,142.9856,160,120,40,0,0,0,160,140,0,20,0,0,0,0
sioal-al-neutral__ea-plus-3,1,90403,4000,286.5905,160,120,40,0,0,0,160,140,0,20,0,0,0,0
sioal-al-neutral__ea-plus-3,1,90403,6000,424.6695,160,120,40,0,0,0,160,140,0,20,0,0,0,0
sioal-al-neutral__ea-plus-3,1,90403,8000,574.4201,160,120,40,0,0,0,160,140,0,20,0,0,0,0
sioal-al-neutral__ea-plus-3,1,90403,10000,712.9999,160,120,40,0,0,0,160,140,0,20,0,0,0,0
sioal-al-neutral__ea-plus-3,1,90403,12000,860.3508,160,120,40,0,0,0,160,140,0,20,0,0,0,0
sioal-al-neutral__ea-plus-3,1,90403,14000,1005.387,160,120,40,0,0,0,160,140,0,20,0,0,0,0
sioal-al-neutral__ea-plus-3,1,90403,16000,1147.633,160,120,40,0,0,0,160,140,0,20,0,0,0,0
sioal-al-neutral__ea-plus-3,1,90403,18000,1294.272,160,120,40,0,0,0,160,140,0,20,0,0,0,0
sioal-al-neutral__ea-plus-3,1,90403,20000,1434.076,160,120,40,0,0,0,160,140,0,20,0,0,0,0
sioal-al-neutral__ea-plus-3,2,90407,0,0.0,160,120,40,0,0,0,160,140,0,20,0,0,0,0
sioal-al-neutral__ea-plus-3,2,90407,2000,144.4102,160,120,40,0,0,0,160,140,0,20,0,0,0,0
sioal-al-neutral__ea-plus-3,2,90407,4000,292.1793,160,120,40,0,0,0,160,140,0,20,0,0,0,0
sioal-al-neutral__ea-plus-3,2,90407,6000,441.9682,160,120,40,0,0,0,160,140,0,20,0,0,0,0
sioal-al-neutral__ea-plus-3,2,90407,8000,577.6964,160,120,40,0,0,0,160,140,0,20,0,0,0,0
sioal-al-neutral__ea-plus-3,2,90407,10000,717.1121,160,120,40,0,0,0,160,140,0,20,0,0,0,0
sioal-al-neutral__ea-plus-3,2,90407,12000,855.5837,160,120,40,0,0,0,160,140,0,20,0,0,0,0
sioal-al-neutral__ea-plus-3,2,90407,14000,1003.298,160,120,40,0,0,0,160,140,0,20,0,0,0,0
sioal-al-neutral__ea-plus-3,2,90407,16000,1139.54,160,120,40,0,0,0,160,140,0,20,0,0,0,0
sioal-al-neutral__ea-plus-3,2,90407,18000,1288.186,161,120,40,0,0,1,160,139,1,19,1,0,0,0
sioal-al-neutral__ea-plus-3,2,90407,20000,1445.428,161,120,40,0,0,1,160,139,1,19,1,0,0,0
sioal-al-neutral__ea-plus-3,3,90409,0,0.0,160,120,40,0,0,0,160,140,0,20,0,0,0,0
sioal-al-neutral__ea-plus-3,3,90409,2000,147.6805,160,120,40,0,0,0,160,140,0,20,0,0,0,0
sioal-al-neutral__ea-plus-3,3,90409,4000,294.6574,160,120,40,0,0,0,160,140,0,20,0,0,0,0
sioal-al-neutral__ea-plus-3,3,90409,6000,455.1567,161,120,40,0,0,1,160,139,1,19,1,0,0,0
sioal-al-neutral__ea-plus-3,3,90409,8000,610.0296,161,120,40,0,0,1,160,139,1,19,1,0,0,0
sioal-al-neutral__ea-plus-3,3,90409,10000,766.6151,161,120,40,0,0,1,160,139,1,19,1,0,0,0
sioal-al-neutral__ea-plus-3,3,90409,12000,911.602,161,120,40,0,0,1,160,139,1,19,1,0,0,0
sioal-al-neutral__ea-plus-3,3,90409,14000,1069.171,161,120,40,0,0,1,160,139,1,19,1,0,0,0
sioal-al-neutral__ea-plus-3,3,90409,16000,1219.983,161,120,40,0,0,1,160,139,1,19,1,0,0,0
sioal-al-neutral__ea-plus-3,3,90409,18000,1374.608,162,120,40,0,0,2,160,140,0,20,0,0,0,0
sioal-al-neutral__ea-plus-3,3,90409,20000,1539.301,163,120,40,0,0,3,160,139,1,19,1,0,0,0
sioal-al-neutral__ea-plus-3,4,90413,0,0.0,160,120,40,0,0,0,160,140,0,20,0,0,0,0
sioal-al-neutral__ea-plus-3,4,90413,2000,144.2787,160,120,40,0,0,0,160,140,0,20,0,0,0,0
sioal-al-neutral__ea-plus-3,4,90413,4000,293.8795,160,120,40,0,0,0,160,140,0,20,0,0,0,0
sioal-al-neutral__ea-plus-3,4,90413,6000,432.2299,160,120,40,0,0,0,160,140,0,20,0,0,0,0
sioal-al-neutral__ea-plus-3,4,90413,8000,579.9652,160,120,40,0,0,0,160,140,0,20,0,0,0,0
sioal-al-neutral__ea-plus-3,4,90413,10000,726.2198,160,120,40,0,0,0,160,140,0,20,0,0,0,0
sioal-al-neutral__ea-plus-3,4,90413,12000,871.7934,160,120,40,0,0,0,160,140,0,20,0,0,0,0
sioal-al-neutral__ea-plus-3,4,90413,14000,1017.125,160,120,40,0,0,0,160,140,0,20,0,0,0,0
sioal-al-neutral__ea-plus-3,4,90413,16000,1162.618,160,120,40,0,0,0,160,140,0,20,0,0,0,0
sioal-al-neutral__ea-plus-3,4,90413,18000,1305.205,161,120,40,0,0,1,160,139,1,19,1,0,0,0
sioal-al-neutral__ea-plus-3,4,90413,20000,1456.543,161,120,40,0,0,1,160,139,1,19,1,0,0,0
sioal-al-neutral__ea-plus-3,5,90419,0,0.0,160,120,40,0,0,0,160,140,0,20,0,0,0,0
sioal-al-neutral__ea-plus-3,5,90419,2000,150.0076,161,120,40,0,0,1,160,139,1,19,1,0,0,0
sioal-al-neutral__ea-plus-3,5,90419,4000,299.9473,161,120,40,0,0,1,160,139,1,19,1,0,0,0
sioal-al-neutral__ea-plus-3,5,90419,6000,453.5396,161,120,40,0,0,1,160,139,1,19,1,0,0,0
sioal-al-neutral__ea-plus-3,5,90419,8000,611.4099,161,120,40,0,0,1,160,139,1,19,1,0,0,0
sioal-al-neutral__ea-plus-3,5,90419,10000,766.5827,161,120,40,0,0,1,160,139,1,19,1,0,0,0
sioal-al-neutral__ea-plus-3,5,90419,12000,908.5637,161,120,40,0,0,1,160,139,1,19,1,0,0,0
sioal-al-neutral__ea-plus-3,5,90419,14000,1061.609,161,120,40,0,0,1,160,139,1,19,1,0,0,0
sioal-al-neutral__ea-plus-3,5,90419,16000,1208.838,161,120,40,0,0,1,160,139,1,19,1,0,0,0
sioal-al-neutral__ea-plus-3,5,90419,18000,1356.063,162,120,40,0,0,2,160,140,0,20,0,0,0,0
sioal-al-neutral__ea-plus-3,5,90419,20000,1513.534,162,120,40,0,0,2,160,140,0,20,0,0,0,0
sioal-al-neutral__ea-plus-3,6,90421,0,0.0,160,120,40,0,0,0,160,140,0,20,0,0,0,0
sioal-al-neutral__ea-plus-3,6,90421,2000,151.4684,160,120,40,0,0,0,160,140,0,20,0,0,0,0
sioal-al-neutral__ea-plus-3,6,90421,4000,294.9625,160,120,40,0,0,0,160,140,0,20,0,0,0,0
sioal-al-neutral__ea-plus-3,6,90421,6000,426.4785,160,120,40,0,0,0,160,140,0,20,0,0,0,0
sioal-al-neutral__ea-plus-3,6,90421,8000,578.3517,160,120,40,0,0,0,160,140,0,20,0,0,0,0
sioal-al-neutral__ea-plus-3,6,90421,10000,723.5039,160,120,40,0,0,0,160,140,0,20,0,0,0,0
sioal-al-neutral__ea-plus-3,6,90421,12000,867.4897,160,120,40,0,0,0,160,140,0,20,0,0,0,0
sioal-al-neutral__ea-plus-3,6,90421,14000,1020.746,162,120,40,0,0,2,160,140,0,20,0,0,0,0
sioal-al-neutral__ea-plus-3,6,90421,16000,1175.487,162,120,40,0,0,2,160,140,0,20,0,0,0,0
sioal-al-neutral__ea-plus-3,6,90421,18000,1329.142,162,120,40,0,0,2,160,140,0,20,0,0,0,0
sioal-al-neutral__ea-plus-3,6,90421,20000,1496.714,162,120,40,0,0,2,160,140,0,20,0,0,0,0
sioal-al-neutral__ea-plus-3,7,90427,0,0.0,160,120,40,0,0,0,160,140,0,20,0,0,0,0
sioal-al-neutral__ea-plus-3,7,90427,2000,149.0075,161,120,40,0,0,1,160,139,1,19,1,0,0,0
sioal-al-neutral__ea-plus-3,7,90427,4000,301.2516,161,120,40,0,0,1,160,139,1,19,1,0,0,0
sioal-al-neutral__ea-plus-3,7,90427,6000,448.5353,161,120,40,0,0,1,160,139,1,19,1,0,0,0
sioal-al-neutral__ea-plus-3,7,90427,8000,607.5869,161,120,40,0,0,1,160,139,1,19,1,0,0,0
sioal-al-neutral__ea-plus-3,7,90427,10000,763.3309,161,120,40,0,0,1,160,139,1,19,1,0,0,0
sioal-al-neutral__ea-plus-3,7,90427,12000,917.7792,161,120,40,0,0,1,160,139,1,19,1,0,0,0
sioal-al-neutral__ea-plus-3,7,90427,14000,1067.453,162,120,40,0,0,2,160,140,0,20,0,0,0,0
sioal-al-neutral__ea-plus-3,7,90427,16000,1235.342,162,120,40,0,0,2,160,140,0,20,0,0,0,0
sioal-al-neutral__ea-plus-3,7,90427,18000,1394.044,162,120,40,0,0,2,160,140,0,20,0,0,0,0
sioal-al-neutral__ea-plus-3,7,90427,20000,1549.304,162,120,40,0,0,2,160,140,0,20,0,0,0,0
sioal-al-neutral__prefactor-x0.1,0,90401,0,0.0,160,120,40,0,0,0,160,140,0,20,0,0,0,0
sioal-al-neutral__prefactor-x0.1,0,90401,2000,145.0588,160,120,40,0,0,0,160,140,0,20,0,0,0,0
sioal-al-neutral__prefactor-x0.1,0,90401,4000,288.6243,160,120,40,0,0,0,160,140,0,20,0,0,0,0
sioal-al-neutral__prefactor-x0.1,0,90401,6000,437.1405,160,120,40,0,0,0,160,140,0,20,0,0,0,0
sioal-al-neutral__prefactor-x0.1,0,90401,8000,578.8338,160,120,40,0,0,0,160,140,0,20,0,0,0,0
sioal-al-neutral__prefactor-x0.1,0,90401,10000,719.5576,160,120,40,0,0,0,160,140,0,20,0,0,0,0
sioal-al-neutral__prefactor-x0.1,0,90401,12000,858.3491,160,120,40,0,0,0,160,140,0,20,0,0,0,0
sioal-al-neutral__prefactor-x0.1,0,90401,14000,995.368,160,120,40,0,0,0,160,140,0,20,0,0,0,0
sioal-al-neutral__prefactor-x0.1,0,90401,16000,1138.833,160,120,40,0,0,0,160,140,0,20,0,0,0,0
sioal-al-neutral__prefactor-x0.1,0,90401,18000,1278.925,160,120,40,0,0,0,160,140,0,20,0,0,0,0
sioal-al-neutral__prefactor-x0.1,0,90401,20000,1419.145,160,120,40,0,0,0,160,140,0,20,0,0,0,0
sioal-al-neutral__prefactor-x0.1,1,90403,0,0.0,160,120,40,0,0,0,160,140,0,20,0,0,0,0
sioal-al-neutral__prefactor-x0.1,1,90403,2000,142.9856,160,120,40,0,0,0,160,140,0,20,0,0,0,0
sioal-al-neutral__prefactor-x0.1,1,90403,4000,286.5905,160,120,40,0,0,0,160,140,0,20,0,0,0,0
sioal-al-neutral__prefactor-x0.1,1,90403,6000,424.6695,160,120,40,0,0,0,160,140,0,20,0,0,0,0
sioal-al-neutral__prefactor-x0.1,1,90403,8000,574.4201,160,120,40,0,0,0,160,140,0,20,0,0,0,0
sioal-al-neutral__prefactor-x0.1,1,90403,10000,712.9999,160,120,40,0,0,0,160,140,0,20,0,0,0,0
sioal-al-neutral__prefactor-x0.1,1,90403,12000,860.3508,160,120,40,0,0,0,160,140,0,20,0,0,0,0
sioal-al-neutral__prefactor-x0.1,1,90403,14000,1005.387,160,120,40,0,0,0,160,140,0,20,0,0,0,0
sioal-al-neutral__prefactor-x0.1,1,90403,16000,1147.633,160,120,40,0,0,0,160,140,0,20,0,0,0,0
sioal-al-neutral__prefactor-x0.1,1,90403,18000,1294.272,160,120,40,0,0,0,160,140,0,20,0,0,0,0
sioal-al-neutral__prefactor-x0.1,1,90403,20000,1434.076,160,120,40,0,0,0,160,140,0,20,0,0,0,0
sioal-al-neutral__prefactor-x0.1,2,90407,0,0.0,160,120,40,0,0,0,160,140,0,20,0,0,0,0
sioal-al-neutral__prefactor-x0.1,2,90407,2000,144.4102,160,120,40,0,0,0,160,140,0,20,0,0,0,0
sioal-al-neutral__prefactor-x0.1,2,90407,4000,292.1793,160,120,40,0,0,0,160,140,0,20,0,0,0,0
sioal-al-neutral__prefactor-x0.1,2,90407,6000,441.9682,160,120,40,0,0,0,160,140,0,20,0,0,0,0
sioal-al-neutral__prefactor-x0.1,2,90407,8000,577.6964,160,120,40,0,0,0,160,140,0,20,0,0,0,0
sioal-al-neutral__prefactor-x0.1,2,90407,10000,717.1121,160,120,40,0,0,0,160,140,0,20,0,0,0,0
sioal-al-neutral__prefactor-x0.1,2,90407,12000,855.5837,160,120,40,0,0,0,160,140,0,20,0,0,0,0
sioal-al-neutral__prefactor-x0.1,2,90407,14000,1003.298,160,120,40,0,0,0,160,140,0,20,0,0,0,0
sioal-al-neutral__prefactor-x0.1,2,90407,16000,1139.54,160,120,40,0,0,0,160,140,0,20,0,0,0,0
sioal-al-neutral__prefactor-x0.1,2,90407,18000,1288.186,161,120,40,0,0,1,160,139,1,19,1,0,0,0
sioal-al-neutral__prefactor-x0.1,2,90407,20000,1445.428,161,120,40,0,0,1,160,139,1,19,1,0,0,0
sioal-al-neutral__prefactor-x0.1,3,90409,0,0.0,160,120,40,0,0,0,160,140,0,20,0,0,0,0
sioal-al-neutral__prefactor-x0.1,3,90409,2000,147.6805,160,120,40,0,0,0,160,140,0,20,0,0,0,0
sioal-al-neutral__prefactor-x0.1,3,90409,4000,294.6574,160,120,40,0,0,0,160,140,0,20,0,0,0,0
sioal-al-neutral__prefactor-x0.1,3,90409,6000,455.1567,161,120,40,0,0,1,160,139,1,19,1,0,0,0
sioal-al-neutral__prefactor-x0.1,3,90409,8000,610.0296,161,120,40,0,0,1,160,139,1,19,1,0,0,0
sioal-al-neutral__prefactor-x0.1,3,90409,10000,766.6151,161,120,40,0,0,1,160,139,1,19,1,0,0,0
sioal-al-neutral__prefactor-x0.1,3,90409,12000,911.602,161,120,40,0,0,1,160,139,1,19,1,0,0,0
sioal-al-neutral__prefactor-x0.1,3,90409,14000,1069.171,161,120,40,0,0,1,160,139,1,19,1,0,0,0
sioal-al-neutral__prefactor-x0.1,3,90409,16000,1219.983,161,120,40,0,0,1,160,139,1,19,1,0,0,0
sioal-al-neutral__prefactor-x0.1,3,90409,18000,1374.608,162,120,40,0,0,2,160,140,0,20,0,0,0,0
sioal-al-neutral__prefactor-x0.1,3,90409,20000,1539.301,163,120,40,0,0,3,160,139,1,19,1,0,0,0
sioal-al-neutral__prefactor-x0.1,4,90413,0,0.0,160,120,40,0,0,0,160,140,0,20,0,0,0,0
sioal-al-neutral__prefactor-x0.1,4,90413,2000,144.2787,160,120,40,0,0,0,160,140,0,20,0,0,0,0
sioal-al-neutral__prefactor-x0.1,4,90413,4000,293.8795,160,120,40,0,0,0,160,140,0,20,0,0,0,0
sioal-al-neutral__prefactor-x0.1,4,90413,6000,432.2299,160,120,40,0,0,0,160,140,0,20,0,0,0,0
sioal-al-neutral__prefactor-x0.1,4,90413,8000,579.9652,160,120,40,0,0,0,160,140,0,20,0,0,0,0
sioal-al-neutral__prefactor-x0.1,4,90413,10000,726.2198,160,120,40,0,0,0,160,140,0,20,0,0,0,0
sioal-al-neutral__prefactor-x0.1,4,90413,12000,871.7934,160,120,40,0,0,0,160,140,0,20,0,0,0,0
sioal-al-neutral__prefactor-x0.1,4,90413,14000,1017.125,160,120,40,0,0,0,160,140,0,20,0,0,0,0
sioal-al-neutral__prefactor-x0.1,4,90413,16000,1162.618,160,120,40,0,0,0,160,140,0,20,0,0,0,0
sioal-al-neutral__prefactor-x0.1,4,90413,18000,1305.205,161,120,40,0,0,1,160,139,1,19,1,0,0,0
sioal-al-neutral__prefactor-x0.1,4,90413,20000,1456.543,161,120,40,0,0,1,160,139,1,19,1,0,0,0
sioal-al-neutral__prefactor-x0.1,5,90419,0,0.0,160,120,40,0,0,0,160,140,0,20,0,0,0,0
sioal-al-neutral__prefactor-x0.1,5,90419,2000,150.0076,161,120,40,0,0,1,160,139,1,19,1,0,0,0
sioal-al-neutral__prefactor-x0.1,5,90419,4000,299.9473,161,120,40,0,0,1,160,139,1,19,1,0,0,0
sioal-al-neutral__prefactor-x0.1,5,90419,6000,453.5396,161,120,40,0,0,1,160,139,1,19,1,0,0,0
sioal-al-neutral__prefactor-x0.1,5,90419,8000,611.4099,161,120,40,0,0,1,160,139,1,19,1,0,0,0
sioal-al-neutral__prefactor-x0.1,5,90419,10000,766.5827,161,120,40,0,0,1,160,139,1,19,1,0,0,0
sioal-al-neutral__prefactor-x0.1,5,90419,12000,908.5637,161,120,40,0,0,1,160,139,1,19,1,0,0,0
sioal-al-neutral__prefactor-x0.1,5,90419,14000,1061.609,161,120,40,0,0,1,160,139,1,19,1,0,0,0
sioal-al-neutral__prefactor-x0.1,5,90419,16000,1208.838,161,120,40,0,0,1,160,139,1,19,1,0,0,0
sioal-al-neutral__prefactor-x0.1,5,90419,18000,1356.063,162,120,40,0,0,2,160,140,0,20,0,0,0,0
sioal-al-neutral__prefactor-x0.1,5,90419,20000,1513.534,162,120,40,0,0,2,160,140,0,20,0,0,0,0
sioal-al-neutral__prefactor-x0.1,6,90421,0,0.0,160,120,40,0,0,0,160,140,0,20,0,0,0,0
sioal-al-neutral__prefactor-x0.1,6,90421,2000,151.4684,160,120,40,0,0,0,160,140,0,20,0,0,0,0
sioal-al-neutral__prefactor-x0.1,6,90421,4000,294.9625,160,120,40,0,0,0,160,140,0,20,0,0,0,0
sioal-al-neutral__prefactor-x0.1,6,90421,6000,426.4785,160,120,40,0,0,0,160,140,0,20,0,0,0,0
sioal-al-neutral__prefactor-x0.1,6,90421,8000,578.3517,160,120,40,0,0,0,160,140,0,20,0,0,0,0
sioal-al-neutral__prefactor-x0.1,6,90421,10000,723.5039,160,120,40,0,0,0,160,140,0,20,0,0,0,0
sioal-al-neutral__prefactor-x0.1,6,90421,12000,867.4897,160,120,40,0,0,0,160,140,0,20,0,0,0,0
sioal-al-neutral__prefactor-x0.1,6,90421,14000,1020.746,162,120,40,0,0,2,160,140,0,20,0,0,0,0
sioal-al-neutral__prefactor-x0.1,6,90421,16000,1175.487,162,120,40,0,0,2,160,140,0,20,0,0,0,0
sioal-al-neutral__prefactor-x0.1,6,90421,18000,1329.142,162,120,40,0,0,2,160,140,0,20,0,0,0,0
sioal-al-neutral__prefactor-x0.1,6,90421,20000,1496.714,162,120,40,0,0,2,160,140,0,20,0,0,0,0
sioal-al-neutral__prefactor-x0.1,7,90427,0,0.0,160,120,40,0,0,0,160,140,0,20,0,0,0,0
sioal-al-neutral__prefactor-x0.1,7,90427,2000,149.0075,161,120,40,0,0,1,160,139,1,19,1,0,0,0
sioal-al-neutral__prefactor-x0.1,7,90427,4000,301.2516,161,120,40,0,0,1,160,139,1,19,1,0,0,0
sioal-al-neutral__prefactor-x0.1,7,90427,6000,448.5353,161,120,40,0,0,1,160,139,1,19,1,0,0,0
sioal-al-neutral__prefactor-x0.1,7,90427,8000,607.5869,161,120,40,0,0,1,160,139,1,19,1,0,0,0
sioal-al-neutral__prefactor-x0.1,7,90427,10000,763.3309,161,120,40,0,0,1,160,139,1,19,1,0,0,0
sioal-al-neutral__prefactor-x0.1,7,90427,12000,917.7792,161,120,40,0,0,1,160,139,1,19,1,0,0,0
sioal-al-neutral__prefactor-x0.1,7,90427,14000,1067.453,162,120,40,0,0,2,160,140,0,20,0,0,0,0
sioal-al-neutral__prefactor-x0.1,7,90427,16000,1235.342,162,120,40,0,0,2,160,140,0,20,0,0,0,0
sioal-al-neutral__prefactor-x0.1,7,90427,18000,1394.044,162,120,40,0,0,2,160,140,0,20,0,0,0,0
sioal-al-neutral__prefactor-x0.1,7,90427,20000,1549.304,162,120,40,0,0,2,160,140,0,20,0,0,0,0
sioal-al-neutral__prefactor-x10,0,90401,0,0.0,160,120,40,0,0,0,160,140,0,20,0,0,0,0
sioal-al-neutral__prefactor-x10,0,90401,2000,145.0588,160,120,40,0,0,0,160,140,0,20,0,0,0,0
sioal-al-neutral__prefactor-x10,0,90401,4000,288.6243,160,120,40,0,0,0,160,140,0,20,0,0,0,0
sioal-al-neutral__prefactor-x10,0,90401,6000,437.1405,160,120,40,0,0,0,160,140,0,20,0,0,0,0
sioal-al-neutral__prefactor-x10,0,90401,8000,578.8338,160,120,40,0,0,0,160,140,0,20,0,0,0,0
sioal-al-neutral__prefactor-x10,0,90401,10000,719.5576,160,120,40,0,0,0,160,140,0,20,0,0,0,0
sioal-al-neutral__prefactor-x10,0,90401,12000,858.3491,160,120,40,0,0,0,160,140,0,20,0,0,0,0
sioal-al-neutral__prefactor-x10,0,90401,14000,995.368,160,120,40,0,0,0,160,140,0,20,0,0,0,0
sioal-al-neutral__prefactor-x10,0,90401,16000,1138.833,160,120,40,0,0,0,160,140,0,20,0,0,0,0
sioal-al-neutral__prefactor-x10,0,90401,18000,1278.925,160,120,40,0,0,0,160,140,0,20,0,0,0,0
sioal-al-neutral__prefactor-x10,0,90401,20000,1419.145,160,120,40,0,0,0,160,140,0,20,0,0,0,0
sioal-al-neutral__prefactor-x10,1,90403,0,0.0,160,120,40,0,0,0,160,140,0,20,0,0,0,0
sioal-al-neutral__prefactor-x10,1,90403,2000,142.9856,160,120,40,0,0,0,160,140,0,20,0,0,0,0
sioal-al-neutral__prefactor-x10,1,90403,4000,286.5905,160,120,40,0,0,0,160,140,0,20,0,0,0,0
sioal-al-neutral__prefactor-x10,1,90403,6000,424.6695,160,120,40,0,0,0,160,140,0,20,0,0,0,0
sioal-al-neutral__prefactor-x10,1,90403,8000,574.4201,160,120,40,0,0,0,160,140,0,20,0,0,0,0
sioal-al-neutral__prefactor-x10,1,90403,10000,712.9999,160,120,40,0,0,0,160,140,0,20,0,0,0,0
sioal-al-neutral__prefactor-x10,1,90403,12000,860.3508,160,120,40,0,0,0,160,140,0,20,0,0,0,0
sioal-al-neutral__prefactor-x10,1,90403,14000,1005.387,160,120,40,0,0,0,160,140,0,20,0,0,0,0
sioal-al-neutral__prefactor-x10,1,90403,16000,1147.633,160,120,40,0,0,0,160,140,0,20,0,0,0,0
sioal-al-neutral__prefactor-x10,1,90403,18000,1294.272,160,120,40,0,0,0,160,140,0,20,0,0,0,0
sioal-al-neutral__prefactor-x10,1,90403,20000,1434.076,160,120,40,0,0,0,160,140,0,20,0,0,0,0
sioal-al-neutral__prefactor-x10,2,90407,0,0.0,160,120,40,0,0,0,160,140,0,20,0,0,0,0
sioal-al-neutral__prefactor-x10,2,90407,2000,144.4102,160,120,40,0,0,0,160,140,0,20,0,0,0,0
sioal-al-neutral__prefactor-x10,2,90407,4000,292.1793,160,120,40,0,0,0,160,140,0,20,0,0,0,0
sioal-al-neutral__prefactor-x10,2,90407,6000,441.9682,160,120,40,0,0,0,160,140,0,20,0,0,0,0
sioal-al-neutral__prefactor-x10,2,90407,8000,577.6964,160,120,40,0,0,0,160,140,0,20,0,0,0,0
sioal-al-neutral__prefactor-x10,2,90407,10000,717.1121,160,120,40,0,0,0,160,140,0,20,0,0,0,0
sioal-al-neutral__prefactor-x10,2,90407,12000,855.5837,160,120,40,0,0,0,160,140,0,20,0,0,0,0
sioal-al-neutral__prefactor-x10,2,90407,14000,1003.298,160,120,40,0,0,0,160,140,0,20,0,0,0,0
sioal-al-neutral__prefactor-x10,2,90407,16000,1139.54,160,120,40,0,0,0,160,140,0,20,0,0,0,0
sioal-al-neutral__prefactor-x10,2,90407,18000,1288.186,161,120,40,0,0,1,160,139,1,19,1,0,0,0
sioal-al-neutral__prefactor-x10,2,90407,20000,1445.428,161,120,40,0,0,1,160,139,1,19,1,0,0,0
sioal-al-neutral__prefactor-x10,3,90409,0,0.0,160,120,40,0,0,0,160,140,0,20,0,0,0,0
sioal-al-neutral__prefactor-x10,3,90409,2000,147.6805,160,120,40,0,0,0,160,140,0,20,0,0,0,0
sioal-al-neutral__prefactor-x10,3,90409,4000,294.6574,160,120,40,0,0,0,160,140,0,20,0,0,0,0
sioal-al-neutral__prefactor-x10,3,90409,6000,455.1567,161,120,40,0,0,1,160,139,1,19,1,0,0,0
sioal-al-neutral__prefactor-x10,3,90409,8000,610.0296,161,120,40,0,0,1,160,139,1,19,1,0,0,0
sioal-al-neutral__prefactor-x10,3,90409,10000,766.6151,161,120,40,0,0,1,160,139,1,19,1,0,0,0
sioal-al-neutral__prefactor-x10,3,90409,12000,911.602,161,120,40,0,0,1,160,139,1,19,1,0,0,0
sioal-al-neutral__prefactor-x10,3,90409,14000,1069.171,161,120,40,0,0,1,160,139,1,19,1,0,0,0
sioal-al-neutral__prefactor-x10,3,90409,16000,1219.983,161,120,40,0,0,1,160,139,1,19,1,0,0,0
sioal-al-neutral__prefactor-x10,3,90409,18000,1374.608,162,120,40,0,0,2,160,140,0,20,0,0,0,0
sioal-al-neutral__prefactor-x10,3,90409,20000,1539.301,163,120,40,0,0,3,160,139,1,19,1,0,0,0
sioal-al-neutral__prefactor-x10,4,90413,0,0.0,160,120,40,0,0,0,160,140,0,20,0,0,0,0
sioal-al-neutral__prefactor-x10,4,90413,2000,144.2787,160,120,40,0,0,0,160,140,0,20,0,0,0,0
sioal-al-neutral__prefactor-x10,4,90413,4000,293.8795,160,120,40,0,0,0,160,140,0,20,0,0,0,0
sioal-al-neutral__prefactor-x10,4,90413,6000,432.2299,160,120,40,0,0,0,160,140,0,20,0,0,0,0
sioal-al-neutral__prefactor-x10,4,90413,8000,579.9652,160,120,40,0,0,0,160,140,0,20,0,0,0,0
sioal-al-neutral__prefactor-x10,4,90413,10000,726.2198,160,120,40,0,0,0,160,140,0,20,0,0,0,0
sioal-al-neutral__prefactor-x10,4,90413,12000,871.7934,160,120,40,0,0,0,160,140,0,20,0,0,0,0
sioal-al-neutral__prefactor-x10,4,90413,14000,1017.125,160,120,40,0,0,0,160,140,0,20,0,0,0,0
sioal-al-neutral__prefactor-x10,4,90413,16000,1162.618,160,120,40,0,0,0,160,140,0,20,0,0,0,0
sioal-al-neutral__prefactor-x10,4,90413,18000,1305.205,161,120,40,0,0,1,160,139,1,19,1,0,0,0
sioal-al-neutral__prefactor-x10,4,90413,20000,1456.543,161,120,40,0,0,1,160,139,1,19,1,0,0,0
sioal-al-neutral__prefactor-x10,5,90419,0,0.0,160,120,40,0,0,0,160,140,0,20,0,0,0,0
sioal-al-neutral__prefactor-x10,5,90419,2000,150.0076,161,120,40,0,0,1,160,139,1,19,1,0,0,0
sioal-al-neutral__prefactor-x10,5,90419,4000,299.9473,161,120,40,0,0,1,160,139,1,19,1,0,0,0
sioal-al-neutral__prefactor-x10,5,90419,6000,453.5396,161,120,40,0,0,1,160,139,1,19,1,0,0,0
sioal-al-neutral__prefactor-x10,5,90419,8000,611.4099,161,120,40,0,0,1,160,139,1,19,1,0,0,0
sioal-al-neutral__prefactor-x10,5,90419,10000,766.5827,161,120,40,0,0,1,160,139,1,19,1,0,0,0
sioal-al-neutral__prefactor-x10,5,90419,12000,908.5637,161,120,40,0,0,1,160,139,1,19,1,0,0,0
sioal-al-neutral__prefactor-x10,5,90419,14000,1061.609,161,120,40,0,0,1,160,139,1,19,1,0,0,0
sioal-al-neutral__prefactor-x10,5,90419,16000,1208.838,161,120,40,0,0,1,160,139,1,19,1,0,0,0
sioal-al-neutral__prefactor-x10,5,90419,18000,1356.063,162,120,40,0,0,2,160,140,0,20,0,0,0,0
sioal-al-neutral__prefactor-x10,5,90419,20000,1513.534,162,120,40,0,0,2,160,140,0,20,0,0,0,0
sioal-al-neutral__prefactor-x10,6,90421,0,0.0,160,120,40,0,0,0,160,140,0,20,0,0,0,0
sioal-al-neutral__prefactor-x10,6,90421,2000,151.4684,160,120,40,0,0,0,160,140,0,20,0,0,0,0
sioal-al-neutral__prefactor-x10,6,90421,4000,294.9625,160,120,40,0,0,0,160,140,0,20,0,0,0,0
sioal-al-neutral__prefactor-x10,6,90421,6000,426.4785,160,120,40,0,0,0,160,140,0,20,0,0,0,0
sioal-al-neutral__prefactor-x10,6,90421,8000,578.3517,160,120,40,0,0,0,160,140,0,20,0,0,0,0
sioal-al-neutral__prefactor-x10,6,90421,10000,723.5039,160,120,40,0,0,0,160,140,0,20,0,0,0,0
sioal-al-neutral__prefactor-x10,6,90421,12000,867.4897,160,120,40,0,0,0,160,140,0,20,0,0,0,0
sioal-al-neutral__prefactor-x10,6,90421,14000,1020.746,162,120,40,0,0,2,160,140,0,20,0,0,0,0
sioal-al-neutral__prefactor-x10,6,90421,16000,1175.487,162,120,40,0,0,2,160,140,0,20,0,0,0,0
sioal-al-neutral__prefactor-x10,6,90421,18000,1329.142,162,120,40,0,0,2,160,140,0,20,0,0,0,0
sioal-al-neutral__prefactor-x10,6,90421,20000,1496.714,162,120,40,0,0,2,160,140,0,20,0,0,0,0
sioal-al-neutral__prefactor-x10,7,90427,0,0.0,160,120,40,0,0,0,160,140,0,20,0,0,0,0
sioal-al-neutral__prefactor-x10,7,90427,2000,149.0075,161,120,40,0,0,1,160,139,1,19,1,0,0,0
sioal-al-neutral__prefactor-x10,7,90427,4000,301.2516,161,120,40,0,0,1,160,139,1,19,1,0,0,0
sioal-al-neutral__prefactor-x10,7,90427,6000,448.5353,161,120,40,0,0,1,160,139,1,19,1,0,0,0
sioal-al-neutral__prefactor-x10,7,90427,8000,607.5869,161,120,40,0,0,1,160,139,1,19,1,0,0,0
sioal-al-neutral__prefactor-x10,7,90427,10000,763.3309,161,120,40,0,0,1,160,139,1,19,1,0,0,0
sioal-al-neutral__prefactor-x10,7,90427,12000,917.7792,161,120,40,0,0,1,160,139,1,19,1,0,0,0
sioal-al-neutral__prefactor-x10,7,90427,14000,1067.453,162,120,40,0,0,2,160,140,0,20,0,0,0,0
sioal-al-neutral__prefactor-x10,7,90427,16000,1235.342,162,120,40,0,0,2,160,140,0,20,0,0,0,0
sioal-al-neutral__prefactor-x10,7,90427,18000,1394.044,162,120,40,0,0,2,160,140,0,20,0,0,0,0
sioal-al-neutral__prefactor-x10,7,90427,20000,1549.304,162,120,40,0,0,2,160,140,0,20,0,0,0,0
connectivity-ladder__ea-minus-3,0,90401,0,0.0,160,120,40,0,0,0,160,140,0,20,0,0,0,0
connectivity-ladder__ea-minus-3,0,90401,2000,145.0588,160,120,40,0,0,0,160,140,0,20,0,0,0,0
connectivity-ladder__ea-minus-3,0,90401,4000,288.6243,160,120,40,0,0,0,160,140,0,20,0,0,0,0
connectivity-ladder__ea-minus-3,0,90401,6000,437.1405,160,120,40,0,0,0,160,140,0,20,0,0,0,0
connectivity-ladder__ea-minus-3,0,90401,8000,578.8338,160,120,40,0,0,0,160,140,0,20,0,0,0,0
connectivity-ladder__ea-minus-3,0,90401,10000,719.5576,160,120,40,0,0,0,160,140,0,20,0,0,0,0
connectivity-ladder__ea-minus-3,0,90401,12000,858.3491,160,120,40,0,0,0,160,140,0,20,0,0,0,0
connectivity-ladder__ea-minus-3,0,90401,14000,995.368,160,120,40,0,0,0,160,140,0,20,0,0,0,0
connectivity-ladder__ea-minus-3,0,90401,16000,1138.833,160,120,40,0,0,0,160,140,0,20,0,0,0,0
connectivity-ladder__ea-minus-3,0,90401,18000,1278.925,160,120,40,0,0,0,160,140,0,20,0,0,0,0
connectivity-ladder__ea-minus-3,0,90401,20000,1419.145,160,120,40,0,0,0,160,140,0,20,0,0,0,0
connectivity-ladder__ea-minus-3,1,90403,0,0.0,160,120,40,0,0,0,160,140,0,20,0,0,0,0
connectivity-ladder__ea-minus-3,1,90403,2000,142.9856,160,120,40,0,0,0,160,140,0,20,0,0,0,0
connectivity-ladder__ea-minus-3,1,90403,4000,286.5905,160,120,40,0,0,0,160,140,0,20,0,0,0,0
connectivity-ladder__ea-minus-3,1,90403,6000,424.6695,160,120,40,0,0,0,160,140,0,20,0,0,0,0
connectivity-ladder__ea-minus-3,1,90403,8000,574.4201,160,120,40,0,0,0,160,140,0,20,0,0,0,0
connectivity-ladder__ea-minus-3,1,90403,10000,712.9999,160,120,40,0,0,0,160,140,0,20,0,0,0,0
connectivity-ladder__ea-minus-3,1,90403,12000,860.3508,160,120,40,0,0,0,160,140,0,20,0,0,0,0
connectivity-ladder__ea-minus-3,1,90403,14000,1005.387,160,120,40,0,0,0,160,140,0,20,0,0,0,0
connectivity-ladder__ea-minus-3,1,90403,16000,1147.633,160,120,40,0,0,0,160,140,0,20,0,0,0,0
connectivity-ladder__ea-minus-3,1,90403,18000,1294.272,160,120,40,0,0,0,160,140,0,20,0,0,0,0
connectivity-ladder__ea-minus-3,1,90403,20000,1434.076,160,120,40,0,0,0,160,140,0,20,0,0,0,0
connectivity-ladder__ea-minus-3,2,90407,0,0.0,160,120,40,0,0,0,160,140,0,20,0,0,0,0
connectivity-ladder__ea-minus-3,2,90407,2000,144.4102,160,120,40,0,0,0,160,140,0,20,0,0,0,0
connectivity-ladder__ea-minus-3,2,90407,4000,292.1793,160,120,40,0,0,0,160,140,0,20,0,0,0,0
connectivity-ladder__ea-minus-3,2,90407,6000,441.9682,160,120,40,0,0,0,160,140,0,20,0,0,0,0
connectivity-ladder__ea-minus-3,2,90407,8000,577.6964,160,120,40,0,0,0,160,140,0,20,0,0,0,0
connectivity-ladder__ea-minus-3,2,90407,10000,717.1121,160,120,40,0,0,0,160,140,0,20,0,0,0,0
connectivity-ladder__ea-minus-3,2,90407,12000,855.5837,160,120,40,0,0,0,160,140,0,20,0,0,0,0
connectivity-ladder__ea-minus-3,2,90407,14000,1003.298,160,120,40,0,0,0,160,140,0,20,0,0,0,0
connectivity-ladder__ea-minus-3,2,90407,16000,1139.54,160,120,40,0,0,0,160,140,0,20,0,0,0,0
connectivity-ladder__ea-minus-3,2,90407,18000,1288.186,161,120,40,0,0,1,160,139,1,19,1,0,0,0
connectivity-ladder__ea-minus-3,2,90407,20000,1445.428,161,120,40,0,0,1,160,139,1,19,1,0,0,0
connectivity-ladder__ea-minus-3,3,90409,0,0.0,160,120,40,0,0,0,160,140,0,20,0,0,0,0
connectivity-ladder__ea-minus-3,3,90409,2000,147.6805,160,120,40,0,0,0,160,140,0,20,0,0,0,0
connectivity-ladder__ea-minus-3,3,90409,4000,294.6574,160,120,40,0,0,0,160,140,0,20,0,0,0,0
connectivity-ladder__ea-minus-3,3,90409,6000,455.1567,161,120,40,0,0,1,160,139,1,19,1,0,0,0
connectivity-ladder__ea-minus-3,3,90409,8000,610.0296,161,120,40,0,0,1,160,139,1,19,1,0,0,0
connectivity-ladder__ea-minus-3,3,90409,10000,766.6151,161,120,40,0,0,1,160,139,1,19,1,0,0,0
connectivity-ladder__ea-minus-3,3,90409,12000,911.602,161,120,40,0,0,1,160,139,1,19,1,0,0,0
connectivity-ladder__ea-minus-3,3,90409,14000,1069.171,161,120,40,0,0,1,160,139,1,19,1,0,0,0
connectivity-ladder__ea-minus-3,3,90409,16000,1219.983,161,120,40,0,0,1,160,139,1,19,1,0,0,0
connectivity-ladder__ea-minus-3,3,90409,18000,1374.608,162,120,40,0,0,2,160,140,0,20,0,0,0,0
connectivity-ladder__ea-minus-3,3,90409,20000,1539.301,163,120,40,0,0,3,160,139,1,19,1,0,0,0
connectivity-ladder__ea-minus-3,4,90413,0,0.0,160,120,40,0,0,0,160,140,0,20,0,0,0,0
connectivity-ladder__ea-minus-3,4,90413,2000,144.2787,160,120,40,0,0,0,160,140,0,20,0,0,0,0
connectivity-ladder__ea-minus-3,4,90413,4000,293.8795,160,120,40,0,0,0,160,140,0,20,0,0,0,0
connectivity-ladder__ea-minus-3,4,90413,6000,432.2299,160,120,40,0,0,0,160,140,0,20,0,0,0,0
connectivity-ladder__ea-minus-3,4,90413,8000,579.9652,160,120,40,0,0,0,160,140,0,20,0,0,0,0
connectivity-ladder__ea-minus-3,4,90413,10000,726.2198,160,120,40,0,0,0,160,140,0,20,0,0,0,0
connectivity-ladder__ea-minus-3,4,90413,12000,871.7934,160,120,40,0,0,0,160,140,0,20,0,0,0,0
connectivity-ladder__ea-minus-3,4,90413,14000,1017.125,160,120,40,0,0,0,160,140,0,20,0,0,0,0
connectivity-ladder__ea-minus-3,4,90413,16000,1162.618,160,120,40,0,0,0,160,140,0,20,0,0,0,0
connectivity-ladder__ea-minus-3,4,90413,18000,1305.205,161,120,40,0,0,1,160,139,1,19,1,0,0,0
connectivity-ladder__ea-minus-3,4,90413,20000,1456.543,161,120,40,0,0,1,160,139,1,19,1,0,0,0
connectivity-ladder__ea-minus-3,5,90419,0,0.0,160,120,40,0,0,0,160,140,0,20,0,0,0,0
connectivity-ladder__ea-minus-3,5,90419,2000,150.0076,161,120,40,0,0,1,160,139,1,19,1,0,0,0
connectivity-ladder__ea-minus-3,5,90419,4000,299.9473,161,120,40,0,0,1,160,139,1,19,1,0,0,0
connectivity-ladder__ea-minus-3,5,90419,6000,453.5396,161,120,40,0,0,1,160,139,1,19,1,0,0,0
connectivity-ladder__ea-minus-3,5,90419,8000,611.4099,161,120,40,0,0,1,160,139,1,19,1,0,0,0
connectivity-ladder__ea-minus-3,5,90419,10000,766.5827,161,120,40,0,0,1,160,139,1,19,1,0,0,0
connectivity-ladder__ea-minus-3,5,90419,12000,908.5637,161,120,40,0,0,1,160,139,1,19,1,0,0,0
connectivity-ladder__ea-minus-3,5,90419,14000,1061.609,161,120,40,0,0,1,160,139,1,19,1,0,0,0
connectivity-ladder__ea-minus-3,5,90419,16000,1208.838,161,120,40,0,0,1,160,139,1,19,1,0,0,0
connectivity-ladder__ea-minus-3,5,90419,18000,1356.063,162,120,40,0,0,2,160,140,0,20,0,0,0,0
connectivity-ladder__ea-minus-3,5,90419,20000,1513.534,162,120,40,0,0,2,160,140,0,20,0,0,0,0
connectivity-ladder__ea-minus-3,6,90421,0,0.0,160,120,40,0,0,0,160,140,0,20,0,0,0,0
connectivity-ladder__ea-minus-3,6,90421,2000,151.4684,160,120,40,0,0,0,160,140,0,20,0,0,0,0
connectivity-ladder__ea-minus-3,6,90421,4000,294.9625,160,120,40,0,0,0,160,140,0,20,0,0,0,0
connectivity-ladder__ea-minus-3,6,90421,6000,426.4785,160,120,40,0,0,0,160,140,0,20,0,0,0,0
connectivity-ladder__ea-minus-3,6,90421,8000,578.3517,160,120,40,0,0,0,160,140,0,20,0,0,0,0
connectivity-ladder__ea-minus-3,6,90421,10000,723.5039,160,120,40,0,0,0,160,140,0,20,0,0,0,0
connectivity-ladder__ea-minus-3,6,90421,12000,867.4897,160,120,40,0,0,0,160,140,0,20,0,0,0,0
connectivity-ladder__ea-minus-3,6,90421,14000,1020.746,162,120,40,0,0,2,160,140,0,20,0,0,0,0
connectivity-ladder__ea-minus-3,6,90421,16000,1175.487,162,120,40,0,0,2,160,140,0,20,0,0,0,0
connectivity-ladder__ea-minus-3,6,90421,18000,1329.142,162,120,40,0,0,2,160,140,0,20,0,0,0,0
connectivity-ladder__ea-minus-3,6,90421,20000,1496.714,162,120,40,0,0,2,160,140,0,20,0,0,0,0
connectivity-ladder__ea-minus-3,7,90427,0,0.0,160,120,40,0,0,0,160,140,0,20,0,0,0,0
connectivity-ladder__ea-minus-3,7,90427,2000,149.0075,161,120,40,0,0,1,160,139,1,19,1,0,0,0
connectivity-ladder__ea-minus-3,7,90427,4000,301.2516,161,120,40,0,0,1,160,139,1,19,1,0,0,0
connectivity-ladder__ea-minus-3,7,90427,6000,448.5353,161,120,40,0,0,1,160,139,1,19,1,0,0,0
connectivity-ladder__ea-minus-3,7,90427,8000,607.5869,161,120,40,0,0,1,160,139,1,19,1,0,0,0
connectivity-ladder__ea-minus-3,7,90427,10000,763.3309,161,120,40,0,0,1,160,139,1,19,1,0,0,0
connectivity-ladder__ea-minus-3,7,90427,12000,917.7792,161,120,40,0,0,1,160,139,1,19,1,0,0,0
connectivity-ladder__ea-minus-3,7,90427,14000,1067.453,162,120,40,0,0,2,160,140,0,20,0,0,0,0
connectivity-ladder__ea-minus-3,7,90427,16000,1235.342,162,120,40,0,0,2,160,140,0,20,0,0,0,0
connectivity-ladder__ea-minus-3,7,90427,18000,1394.044,162,120,40,0,0,2,160,140,0,20,0,0,0,0
connectivity-ladder__ea-minus-3,7,90427,20000,1549.304,162,120,40,0,0,2,160,140,0,20,0,0,0,0
connectivity-ladder__ea-plus-3,0,90401,0,0.0,160,120,40,0,0,0,160,140,0,20,0,0,0,0
connectivity-ladder__ea-plus-3,0,90401,2000,145.0588,160,120,40,0,0,0,160,140,0,20,0,0,0,0
connectivity-ladder__ea-plus-3,0,90401,4000,288.6243,160,120,40,0,0,0,160,140,0,20,0,0,0,0
connectivity-ladder__ea-plus-3,0,90401,6000,437.1405,160,120,40,0,0,0,160,140,0,20,0,0,0,0
connectivity-ladder__ea-plus-3,0,90401,8000,578.8338,160,120,40,0,0,0,160,140,0,20,0,0,0,0
connectivity-ladder__ea-plus-3,0,90401,10000,719.5576,160,120,40,0,0,0,160,140,0,20,0,0,0,0
connectivity-ladder__ea-plus-3,0,90401,12000,858.3491,160,120,40,0,0,0,160,140,0,20,0,0,0,0
connectivity-ladder__ea-plus-3,0,90401,14000,995.368,160,120,40,0,0,0,160,140,0,20,0,0,0,0
connectivity-ladder__ea-plus-3,0,90401,16000,1138.833,160,120,40,0,0,0,160,140,0,20,0,0,0,0
connectivity-ladder__ea-plus-3,0,90401,18000,1278.925,160,120,40,0,0,0,160,140,0,20,0,0,0,0
connectivity-ladder__ea-plus-3,0,90401,20000,1419.145,160,120,40,0,0,0,160,140,0,20,0,0,0,0
connectivity-ladder__ea-plus-3,1,90403,0,0.0,160,120,40,0,0,0,160,140,0,20,0,0,0,0
connectivity-ladder__ea-plus-3,1,90403,2000,142.9856,160,120,40,0,0,0,160,140,0,20,0,0,0,0
connectivity-ladder__ea-plus-3,1,90403,4000,286.5905,160,120,40,0,0,0,160,140,0,20,0,0,0,0
connectivity-ladder__ea-plus-3,1,90403,6000,424.6695,160,120,40,0,0,0,160,140,0,20,0,0,0,0
connectivity-ladder__ea-plus-3,1,90403,8000,574.4201,160,120,40,0,0,0,160,140,0,20,0,0,0,0
connectivity-ladder__ea-plus-3,1,90403,10000,712.9999,160,120,40,0,0,0,160,140,0,20,0,0,0,0
connectivity-ladder__ea-plus-3,1,90403,12000,860.3508,160,120,40,0,0,0,160,140,0,20,0,0,0,0
connectivity-ladder__ea-plus-3,1,90403,14000,1005.387,160,120,40,0,0,0,160,140,0,20,0,0,0,0
connectivity-ladder__ea-plus-3,1,90403,16000,1147.633,160,120,40,0,0,0,160,140,0,20,0,0,0,0
connectivity-ladder__ea-plus-3,1,90403,18000,1294.272,160,120,40,0,0,0,160,140,0,20,0,0,0,0
connectivity-ladder__ea-plus-3,1,90403,20000,1434.076,160,120,40,0,0,0,160,140,0,20,0,0,0,0
connectivity-ladder__ea-plus-3,2,90407,0,0.0,160,120,40,0,0,0,160,140,0,20,0,0,0,0
connectivity-ladder__ea-plus-3,2,90407,2000,144.4102,160,120,40,0,0,0,160,140,0,20,0,0,0,0
connectivity-ladder__ea-plus-3,2,90407,4000,292.1793,160,120,40,0,0,0,160,140,0,20,0,0,0,0
connectivity-ladder__ea-plus-3,2,90407,6000,441.9682,160,120,40,0,0,0,160,140,0,20,0,0,0,0
connectivity-ladder__ea-plus-3,2,90407,8000,577.6964,160,120,40,0,0,0,160,140,0,20,0,0,0,0
connectivity-ladder__ea-plus-3,2,90407,10000,717.1121,160,120,40,0,0,0,160,140,0,20,0,0,0,0
connectivity-ladder__ea-plus-3,2,90407,12000,855.5837,160,120,40,0,0,0,160,140,0,20,0,0,0,0
connectivity-ladder__ea-plus-3,2,90407,14000,1003.298,160,120,40,0,0,0,160,140,0,20,0,0,0,0
connectivity-ladder__ea-plus-3,2,90407,16000,1139.54,160,120,40,0,0,0,160,140,0,20,0,0,0,0
connectivity-ladder__ea-plus-3,2,90407,18000,1288.186,161,120,40,0,0,1,160,139,1,19,1,0,0,0
connectivity-ladder__ea-plus-3,2,90407,20000,1445.428,161,120,40,0,0,1,160,139,1,19,1,0,0,0
connectivity-ladder__ea-plus-3,3,90409,0,0.0,160,120,40,0,0,0,160,140,0,20,0,0,0,0
connectivity-ladder__ea-plus-3,3,90409,2000,147.6805,160,120,40,0,0,0,160,140,0,20,0,0,0,0
connectivity-ladder__ea-plus-3,3,90409,4000,294.6574,160,120,40,0,0,0,160,140,0,20,0,0,0,0
connectivity-ladder__ea-plus-3,3,90409,6000,455.1567,161,120,40,0,0,1,160,139,1,19,1,0,0,0
connectivity-ladder__ea-plus-3,3,90409,8000,610.0296,161,120,40,0,0,1,160,139,1,19,1,0,0,0
connectivity-ladder__ea-plus-3,3,90409,10000,766.6151,161,120,40,0,0,1,160,139,1,19,1,0,0,0
connectivity-ladder__ea-plus-3,3,90409,12000,911.602,161,120,40,0,0,1,160,139,1,19,1,0,0,0
connectivity-ladder__ea-plus-3,3,90409,14000,1069.171,161,120,40,0,0,1,160,139,1,19,1,0,0,0
connectivity-ladder__ea-plus-3,3,90409,16000,1219.983,161,120,40,0,0,1,160,139,1,19,1,0,0,0
connectivity-ladder__ea-plus-3,3,90409,18000,1374.608,162,120,40,0,0,2,160,140,0,20,0,0,0,0
connectivity-ladder__ea-plus-3,3,90409,20000,1539.301,163,120,40,0,0,3,160,139,1,19,1,0,0,0
connectivity-ladder__ea-plus-3,4,90413,0,0.0,160,120,40,0,0,0,160,140,0,20,0,0,0,0
connectivity-ladder__ea-plus-3,4,90413,2000,144.2787,160,120,40,0,0,0,160,140,0,20,0,0,0,0
connectivity-ladder__ea-plus-3,4,90413,4000,293.8795,160,120,40,0,0,0,160,140,0,20,0,0,0,0
connectivity-ladder__ea-plus-3,4,90413,6000,432.2299,160,120,40,0,0,0,160,140,0,20,0,0,0,0
connectivity-ladder__ea-plus-3,4,90413,8000,579.9652,160,120,40,0,0,0,160,140,0,20,0,0,0,0
connectivity-ladder__ea-plus-3,4,90413,10000,726.2198,160,120,40,0,0,0,160,140,0,20,0,0,0,0
connectivity-ladder__ea-plus-3,4,90413,12000,871.7934,160,120,40,0,0,0,160,140,0,20,0,0,0,0
connectivity-ladder__ea-plus-3,4,90413,14000,1017.125,160,120,40,0,0,0,160,140,0,20,0,0,0,0
connectivity-ladder__ea-plus-3,4,90413,16000,1162.618,160,120,40,0,0,0,160,140,0,20,0,0,0,0
connectivity-ladder__ea-plus-3,4,90413,18000,1305.205,161,120,40,0,0,1,160,139,1,19,1,0,0,0
connectivity-ladder__ea-plus-3,4,90413,20000,1456.543,161,120,40,0,0,1,160,139,1,19,1,0,0,0
connectivity-ladder__ea-plus-3,5,90419,0,0.0,160,120,40,0,0,0,160,140,0,20,0,0,0,0
connectivity-ladder__ea-plus-3,5,90419,2000,150.0076,161,120,40,0,0,1,160,139,1,19,1,0,0,0
connectivity-ladder__ea-plus-3,5,90419,4000,299.9473,161,120,40,0,0,1,160,139,1,19,1,0,0,0
connectivity-ladder__ea-plus-3,5,90419,6000,453.5396,161,120,40,0,0,1,160,139,1,19,1,0,0,0
connectivity-ladder__ea-plus-3,5,90419,8000,611.4099,161,120,40,0,0,1,160,139,1,19,1,0,0,0
connectivity-ladder__ea-plus-3,5,90419,10000,766.5827,161,120,40,0,0,1,160,139,1,19,1,0,0,0
connectivity-ladder__ea-plus-3,5,90419,12000,908.5637,161,120,40,0,0,1,160,139,1,19,1,0,0,0
connectivity-ladder__ea-plus-3,5,90419,14000,1061.609,161,120,40,0,0,1,160,139,1,19,1,0,0,0
connectivity-ladder__ea-plus-3,5,90419,16000,1208.838,161,120,40,0,0,1,160,139,1,19,1,0,0,0
connectivity-ladder__ea-plus-3,5,90419,18000,1356.063,162,120,40,0,0,2,160,140,0,20,0,0,0,0
connectivity-ladder__ea-plus-3,5,90419,20000,1513.534,162,120,40,0,0,2,160,140,0,20,0,0,0,0
connectivity-ladder__ea-plus-3,6,90421,0,0.0,160,120,40,0,0,0,160,140,0,20,0,0,0,0
connectivity-ladder__ea-plus-3,6,90421,2000,151.4684,160,120,40,0,0,0,160,140,0,20,0,0,0,0
connectivity-ladder__ea-plus-3,6,90421,4000,294.9625,160,120,40,0,0,0,160,140,0,20,0,0,0,0
connectivity-ladder__ea-plus-3,6,90421,6000,426.4785,160,120,40,0,0,0,160,140,0,20,0,0,0,0
connectivity-ladder__ea-plus-3,6,90421,8000,578.3517,160,120,40,0,0,0,160,140,0,20,0,0,0,0
connectivity-ladder__ea-plus-3,6,90421,10000,723.5039,160,120,40,0,0,0,160,140,0,20,0,0,0,0
connectivity-ladder__ea-plus-3,6,90421,12000,867.4897,160,120,40,0,0,0,160,140,0,20,0,0,0,0
connectivity-ladder__ea-plus-3,6,90421,14000,1020.746,162,120,40,0,0,2,160,140,0,20,0,0,0,0
connectivity-ladder__ea-plus-3,6,90421,16000,1175.487,162,120,40,0,0,2,160,140,0,20,0,0,0,0
connectivity-ladder__ea-plus-3,6,90421,18000,1329.142,162,120,40,0,0,2,160,140,0,20,0,0,0,0
connectivity-ladder__ea-plus-3,6,90421,20000,1496.714,162,120,40,0,0,2,160,140,0,20,0,0,0,0
connectivity-ladder__ea-plus-3,7,90427,0,0.0,160,120,40,0,0,0,160,140,0,20,0,0,0,0
connectivity-ladder__ea-plus-3,7,90427,2000,149.0075,161,120,40,0,0,1,160,139,1,19,1,0,0,0
connectivity-ladder__ea-plus-3,7,90427,4000,301.2516,161,120,40,0,0,1,160,139,1,19,1,0,0,0
connectivity-ladder__ea-plus-3,7,90427,6000,448.5353,161,120,40,0,0,1,160,139,1,19,1,0,0,0
connectivity-ladder__ea-plus-3,7,90427,8000,607.5869,161,120,40,0,0,1,160,139,1,19,1,0,0,0
connectivity-ladder__ea-plus-3,7,90427,10000,763.3309,161,120,40,0,0,1,160,139,1,19,1,0,0,0
connectivity-ladder__ea-plus-3,7,90427,12000,917.7792,161,120,40,0,0,1,160,139,1,19,1,0,0,0
connectivity-ladder__ea-plus-3,7,90427,14000,1067.453,162,120,40,0,0,2,160,140,0,20,0,0,0,0
connectivity-ladder__ea-plus-3,7,90427,16000,1235.342,162,120,40,0,0,2,160,140,0,20,0,0,0,0
connectivity-ladder__ea-plus-3,7,90427,18000,1394.044,162,120,40,0,0,2,160,140,0,20,0,0,0,0
connectivity-ladder__ea-plus-3,7,90427,20000,1549.304,162,120,40,0,0,2,160,140,0,20,0,0,0,0
connectivity-ladder__prefactor-x0.1,0,90401,0,0.0,160,120,40,0,0,0,160,140,0,20,0,0,0,0
connectivity-ladder__prefactor-x0.1,0,90401,2000,145.0588,160,120,40,0,0,0,160,140,0,20,0,0,0,0
connectivity-ladder__prefactor-x0.1,0,90401,4000,288.6243,160,120,40,0,0,0,160,140,0,20,0,0,0,0
connectivity-ladder__prefactor-x0.1,0,90401,6000,437.1405,160,120,40,0,0,0,160,140,0,20,0,0,0,0
connectivity-ladder__prefactor-x0.1,0,90401,8000,578.8338,160,120,40,0,0,0,160,140,0,20,0,0,0,0
connectivity-ladder__prefactor-x0.1,0,90401,10000,719.5576,160,120,40,0,0,0,160,140,0,20,0,0,0,0
connectivity-ladder__prefactor-x0.1,0,90401,12000,858.3491,160,120,40,0,0,0,160,140,0,20,0,0,0,0
connectivity-ladder__prefactor-x0.1,0,90401,14000,995.368,160,120,40,0,0,0,160,140,0,20,0,0,0,0
connectivity-ladder__prefactor-x0.1,0,90401,16000,1138.833,160,120,40,0,0,0,160,140,0,20,0,0,0,0
connectivity-ladder__prefactor-x0.1,0,90401,18000,1278.925,160,120,40,0,0,0,160,140,0,20,0,0,0,0
connectivity-ladder__prefactor-x0.1,0,90401,20000,1419.145,160,120,40,0,0,0,160,140,0,20,0,0,0,0
connectivity-ladder__prefactor-x0.1,1,90403,0,0.0,160,120,40,0,0,0,160,140,0,20,0,0,0,0
connectivity-ladder__prefactor-x0.1,1,90403,2000,142.9856,160,120,40,0,0,0,160,140,0,20,0,0,0,0
connectivity-ladder__prefactor-x0.1,1,90403,4000,286.5905,160,120,40,0,0,0,160,140,0,20,0,0,0,0
connectivity-ladder__prefactor-x0.1,1,90403,6000,424.6695,160,120,40,0,0,0,160,140,0,20,0,0,0,0
connectivity-ladder__prefactor-x0.1,1,90403,8000,574.4201,160,120,40,0,0,0,160,140,0,20,0,0,0,0
connectivity-ladder__prefactor-x0.1,1,90403,10000,712.9999,160,120,40,0,0,0,160,140,0,20,0,0,0,0
connectivity-ladder__prefactor-x0.1,1,90403,12000,860.3508,160,120,40,0,0,0,160,140,0,20,0,0,0,0
connectivity-ladder__prefactor-x0.1,1,90403,14000,1005.387,160,120,40,0,0,0,160,140,0,20,0,0,0,0
connectivity-ladder__prefactor-x0.1,1,90403,16000,1147.633,160,120,40,0,0,0,160,140,0,20,0,0,0,0
connectivity-ladder__prefactor-x0.1,1,90403,18000,1294.272,160,120,40,0,0,0,160,140,0,20,0,0,0,0
connectivity-ladder__prefactor-x0.1,1,90403,20000,1434.076,160,120,40,0,0,0,160,140,0,20,0,0,0,0
connectivity-ladder__prefactor-x0.1,2,90407,0,0.0,160,120,40,0,0,0,160,140,0,20,0,0,0,0
connectivity-ladder__prefactor-x0.1,2,90407,2000,144.4102,160,120,40,0,0,0,160,140,0,20,0,0,0,0
connectivity-ladder__prefactor-x0.1,2,90407,4000,292.1793,160,120,40,0,0,0,160,140,0,20,0,0,0,0
connectivity-ladder__prefactor-x0.1,2,90407,6000,441.9682,160,120,40,0,0,0,160,140,0,20,0,0,0,0
connectivity-ladder__prefactor-x0.1,2,90407,8000,577.6964,160,120,40,0,0,0,160,140,0,20,0,0,0,0
connectivity-ladder__prefactor-x0.1,2,90407,10000,717.1121,160,120,40,0,0,0,160,140,0,20,0,0,0,0
connectivity-ladder__prefactor-x0.1,2,90407,12000,855.5837,160,120,40,0,0,0,160,140,0,20,0,0,0,0
connectivity-ladder__prefactor-x0.1,2,90407,14000,1003.298,160,120,40,0,0,0,160,140,0,20,0,0,0,0
connectivity-ladder__prefactor-x0.1,2,90407,16000,1139.54,160,120,40,0,0,0,160,140,0,20,0,0,0,0
connectivity-ladder__prefactor-x0.1,2,90407,18000,1288.186,161,120,40,0,0,1,160,139,1,19,1,0,0,0
connectivity-ladder__prefactor-x0.1,2,90407,20000,1445.428,161,120,40,0,0,1,160,139,1,19,1,0,0,0
connectivity-ladder__prefactor-x0.1,3,90409,0,0.0,160,120,40,0,0,0,160,140,0,20,0,0,0,0
connectivity-ladder__prefactor-x0.1,3,90409,2000,147.6805,160,120,40,0,0,0,160,140,0,20,0,0,0,0
connectivity-ladder__prefactor-x0.1,3,90409,4000,294.6574,160,120,40,0,0,0,160,140,0,20,0,0,0,0
connectivity-ladder__prefactor-x0.1,3,90409,6000,455.1567,161,120,40,0,0,1,160,139,1,19,1,0,0,0
connectivity-ladder__prefactor-x0.1,3,90409,8000,610.0296,161,120,40,0,0,1,160,139,1,19,1,0,0,0
connectivity-ladder__prefactor-x0.1,3,90409,10000,766.6151,161,120,40,0,0,1,160,139,1,19,1,0,0,0
connectivity-ladder__prefactor-x0.1,3,90409,12000,911.602,161,120,40,0,0,1,160,139,1,19,1,0,0,0
connectivity-ladder__prefactor-x0.1,3,90409,14000,1069.171,161,120,40,0,0,1,160,139,1,19,1,0,0,0
connectivity-ladder__prefactor-x0.1,3,90409,16000,1219.983,161,120,40,0,0,1,160,139,1,19,1,0,0,0
connectivity-ladder__prefactor-x0.1,3,90409,18000,1374.608,162,120,40,0,0,2,160,140,0,20,0,0,0,0
connectivity-ladder__prefactor-x0.1,3,90409,20000,1539.301,163,120,40,0,0,3,160,139,1,19,1,0,0,0
connectivity-ladder__prefactor-x0.1,4,90413,0,0.0,160,120,40,0,0,0,160,140,0,20,0,0,0,0
connectivity-ladder__prefactor-x0.1,4,90413,2000,144.2787,160,120,40,0,0,0,160,140,0,20,0,0,0,0
connectivity-ladder__prefactor-x0.1,4,90413,4000,293.8795,160,120,40,0,0,0,160,140,0,20,0,0,0,0
connectivity-ladder__prefactor-x0.1,4,90413,6000,432.2299,160,120,40,0,0,0,160,140,0,20,0,0,0,0
connectivity-ladder__prefactor-x0.1,4,90413,8000,579.9652,160,120,40,0,0,0,160,140,0,20,0,0,0,0
connectivity-ladder__prefactor-x0.1,4,90413,10000,726.2198,160,120,40,0,0,0,160,140,0,20,0,0,0,0
connectivity-ladder__prefactor-x0.1,4,90413,12000,871.7934,160,120,40,0,0,0,160,140,0,20,0,0,0,0
connectivity-ladder__prefactor-x0.1,4,90413,14000,1017.125,160,120,40,0,0,0,160,140,0,20,0,0,0,0
connectivity-ladder__prefactor-x0.1,4,90413,16000,1162.618,160,120,40,0,0,0,160,140,0,20,0,0,0,0
connectivity-ladder__prefactor-x0.1,4,90413,18000,1305.205,161,120,40,0,0,1,160,139,1,19,1,0,0,0
connectivity-ladder__prefactor-x0.1,4,90413,20000,1456.543,161,120,40,0,0,1,160,139,1,19,1,0,0,0
connectivity-ladder__prefactor-x0.1,5,90419,0,0.0,160,120,40,0,0,0,160,140,0,20,0,0,0,0
connectivity-ladder__prefactor-x0.1,5,90419,2000,150.0076,161,120,40,0,0,1,160,139,1,19,1,0,0,0
connectivity-ladder__prefactor-x0.1,5,90419,4000,299.9473,161,120,40,0,0,1,160,139,1,19,1,0,0,0
connectivity-ladder__prefactor-x0.1,5,90419,6000,453.5396,161,120,40,0,0,1,160,139,1,19,1,0,0,0
connectivity-ladder__prefactor-x0.1,5,90419,8000,611.4099,161,120,40,0,0,1,160,139,1,19,1,0,0,0
connectivity-ladder__prefactor-x0.1,5,90419,10000,766.5827,161,120,40,0,0,1,160,139,1,19,1,0,0,0
connectivity-ladder__prefactor-x0.1,5,90419,12000,908.5637,161,120,40,0,0,1,160,139,1,19,1,0,0,0
connectivity-ladder__prefactor-x0.1,5,90419,14000,1061.609,161,120,40,0,0,1,160,139,1,19,1,0,0,0
connectivity-ladder__prefactor-x0.1,5,90419,16000,1208.838,161,120,40,0,0,1,160,139,1,19,1,0,0,0
connectivity-ladder__prefactor-x0.1,5,90419,18000,1356.063,162,120,40,0,0,2,160,140,0,20,0,0,0,0
connectivity-ladder__prefactor-x0.1,5,90419,20000,1513.534,162,120,40,0,0,2,160,140,0,20,0,0,0,0
connectivity-ladder__prefactor-x0.1,6,90421,0,0.0,160,120,40,0,0,0,160,140,0,20,0,0,0,0
connectivity-ladder__prefactor-x0.1,6,90421,2000,151.4684,160,120,40,0,0,0,160,140,0,20,0,0,0,0
connectivity-ladder__prefactor-x0.1,6,90421,4000,294.9625,160,120,40,0,0,0,160,140,0,20,0,0,0,0
connectivity-ladder__prefactor-x0.1,6,90421,6000,426.4785,160,120,40,0,0,0,160,140,0,20,0,0,0,0
connectivity-ladder__prefactor-x0.1,6,90421,8000,578.3517,160,120,40,0,0,0,160,140,0,20,0,0,0,0
connectivity-ladder__prefactor-x0.1,6,90421,10000,723.5039,160,120,40,0,0,0,160,140,0,20,0,0,0,0
connectivity-ladder__prefactor-x0.1,6,90421,12000,867.4897,160,120,40,0,0,0,160,140,0,20,0,0,0,0
connectivity-ladder__prefactor-x0.1,6,90421,14000,1020.746,162,120,40,0,0,2,160,140,0,20,0,0,0,0
connectivity-ladder__prefactor-x0.1,6,90421,16000,1175.487,162,120,40,0,0,2,160,140,0,20,0,0,0,0
connectivity-ladder__prefactor-x0.1,6,90421,18000,1329.142,162,120,40,0,0,2,160,140,0,20,0,0,0,0
connectivity-ladder__prefactor-x0.1,6,90421,20000,1496.714,162,120,40,0,0,2,160,140,0,20,0,0,0,0
connectivity-ladder__prefactor-x0.1,7,90427,0,0.0,160,120,40,0,0,0,160,140,0,20,0,0,0,0
connectivity-ladder__prefactor-x0.1,7,90427,2000,149.0075,161,120,40,0,0,1,160,139,1,19,1,0,0,0
connectivity-ladder__prefactor-x0.1,7,90427,4000,301.2516,161,120,40,0,0,1,160,139,1,19,1,0,0,0
connectivity-ladder__prefactor-x0.1,7,90427,6000,448.5353,161,120,40,0,0,1,160,139,1,19,1,0,0,0
connectivity-ladder__prefactor-x0.1,7,90427,8000,607.5869,161,120,40,0,0,1,160,139,1,19,1,0,0,0
connectivity-ladder__prefactor-x0.1,7,90427,10000,763.3309,161,120,40,0,0,1,160,139,1,19,1,0,0,0
connectivity-ladder__prefactor-x0.1,7,90427,12000,917.7792,161,120,40,0,0,1,160,139,1,19,1,0,0,0
connectivity-ladder__prefactor-x0.1,7,90427,14000,1067.453,162,120,40,0,0,2,160,140,0,20,0,0,0,0
connectivity-ladder__prefactor-x0.1,7,90427,16000,1235.342,162,120,40,0,0,2,160,140,0,20,0,0,0,0
connectivity-ladder__prefactor-x0.1,7,90427,18000,1394.044,162,120,40,0,0,2,160,140,0,20,0,0,0,0
connectivity-ladder__prefactor-x0.1,7,90427,20000,1549.304,162,120,40,0,0,2,160,140,0,20,0,0,0,0
connectivity-ladder__prefactor-x10,0,90401,0,0.0,160,120,40,0,0,0,160,140,0,20,0,0,0,0
connectivity-ladder__prefactor-x10,0,90401,2000,145.0588,160,120,40,0,0,0,160,140,0,20,0,0,0,0
connectivity-ladder__prefactor-x10,0,90401,4000,288.6243,160,120,40,0,0,0,160,140,0,20,0,0,0,0
connectivity-ladder__prefactor-x10,0,90401,6000,437.1405,160,120,40,0,0,0,160,140,0,20,0,0,0,0
connectivity-ladder__prefactor-x10,0,90401,8000,578.8338,160,120,40,0,0,0,160,140,0,20,0,0,0,0
connectivity-ladder__prefactor-x10,0,90401,10000,719.5576,160,120,40,0,0,0,160,140,0,20,0,0,0,0
connectivity-ladder__prefactor-x10,0,90401,12000,858.3491,160,120,40,0,0,0,160,140,0,20,0,0,0,0
connectivity-ladder__prefactor-x10,0,90401,14000,995.368,160,120,40,0,0,0,160,140,0,20,0,0,0,0
connectivity-ladder__prefactor-x10,0,90401,16000,1138.833,160,120,40,0,0,0,160,140,0,20,0,0,0,0
connectivity-ladder__prefactor-x10,0,90401,18000,1278.925,160,120,40,0,0,0,160,140,0,20,0,0,0,0
connectivity-ladder__prefactor-x10,0,90401,20000,1419.145,160,120,40,0,0,0,160,140,0,20,0,0,0,0
connectivity-ladder__prefactor-x10,1,90403,0,0.0,160,120,40,0,0,0,160,140,0,20,0,0,0,0
connectivity-ladder__prefactor-x10,1,90403,2000,142.9856,160,120,40,0,0,0,160,140,0,20,0,0,0,0
connectivity-ladder__prefactor-x10,1,90403,4000,286.5905,160,120,40,0,0,0,160,140,0,20,0,0,0,0
connectivity-ladder__prefactor-x10,1,90403,6000,424.6695,160,120,40,0,0,0,160,140,0,20,0,0,0,0
connectivity-ladder__prefactor-x10,1,90403,8000,574.4201,160,120,40,0,0,0,160,140,0,20,0,0,0,0
connectivity-ladder__prefactor-x10,1,90403,10000,712.9999,160,120,40,0,0,0,160,140,0,20,0,0,0,0
connectivity-ladder__prefactor-x10,1,90403,12000,860.3508,160,120,40,0,0,0,160,140,0,20,0,0,0,0
connectivity-ladder__prefactor-x10,1,90403,14000,1005.387,160,120,40,0,0,0,160,140,0,20,0,0,0,0
connectivity-ladder__prefactor-x10,1,90403,16000,1147.633,160,120,40,0,0,0,160,140,0,20,0,0,0,0
connectivity-ladder__prefactor-x10,1,90403,18000,1294.272,160,120,40,0,0,0,160,140,0,20,0,0,0,0
connectivity-ladder__prefactor-x10,1,90403,20000,1434.076,160,120,40,0,0,0,160,140,0,20,0,0,0,0
connectivity-ladder__prefactor-x10,2,90407,0,0.0,160,120,40,0,0,0,160,140,0,20,0,0,0,0
connectivity-ladder__prefactor-x10,2,90407,2000,144.4102,160,120,40,0,0,0,160,140,0,20,0,0,0,0
connectivity-ladder__prefactor-x10,2,90407,4000,292.1793,160,120,40,0,0,0,160,140,0,20,0,0,0,0
connectivity-ladder__prefactor-x10,2,90407,6000,441.9682,160,120,40,0,0,0,160,140,0,20,0,0,0,0
connectivity-ladder__prefactor-x10,2,90407,8000,577.6964,160,120,40,0,0,0,160,140,0,20,0,0,0,0
connectivity-ladder__prefactor-x10,2,90407,10000,717.1121,160,120,40,0,0,0,160,140,0,20,0,0,0,0
connectivity-ladder__prefactor-x10,2,90407,12000,855.5837,160,120,40,0,0,0,160,140,0,20,0,0,0,0
connectivity-ladder__prefactor-x10,2,90407,14000,1003.298,160,120,40,0,0,0,160,140,0,20,0,0,0,0
connectivity-ladder__prefactor-x10,2,90407,16000,1139.54,160,120,40,0,0,0,160,140,0,20,0,0,0,0
connectivity-ladder__prefactor-x10,2,90407,18000,1288.186,161,120,40,0,0,1,160,139,1,19,1,0,0,0
connectivity-ladder__prefactor-x10,2,90407,20000,1445.428,161,120,40,0,0,1,160,139,1,19,1,0,0,0
connectivity-ladder__prefactor-x10,3,90409,0,0.0,160,120,40,0,0,0,160,140,0,20,0,0,0,0
connectivity-ladder__prefactor-x10,3,90409,2000,147.6805,160,120,40,0,0,0,160,140,0,20,0,0,0,0
connectivity-ladder__prefactor-x10,3,90409,4000,294.6574,160,120,40,0,0,0,160,140,0,20,0,0,0,0
connectivity-ladder__prefactor-x10,3,90409,6000,455.1567,161,120,40,0,0,1,160,139,1,19,1,0,0,0
connectivity-ladder__prefactor-x10,3,90409,8000,610.0296,161,120,40,0,0,1,160,139,1,19,1,0,0,0
connectivity-ladder__prefactor-x10,3,90409,10000,766.6151,161,120,40,0,0,1,160,139,1,19,1,0,0,0
connectivity-ladder__prefactor-x10,3,90409,12000,911.602,161,120,40,0,0,1,160,139,1,19,1,0,0,0
connectivity-ladder__prefactor-x10,3,90409,14000,1069.171,161,120,40,0,0,1,160,139,1,19,1,0,0,0
connectivity-ladder__prefactor-x10,3,90409,16000,1219.983,161,120,40,0,0,1,160,139,1,19,1,0,0,0
connectivity-ladder__prefactor-x10,3,90409,18000,1374.608,162,120,40,0,0,2,160,140,0,20,0,0,0,0
connectivity-ladder__prefactor-x10,3,90409,20000,1539.301,163,120,40,0,0,3,160,139,1,19,1,0,0,0
connectivity-ladder__prefactor-x10,4,90413,0,0.0,160,120,40,0,0,0,160,140,0,20,0,0,0,0
connectivity-ladder__prefactor-x10,4,90413,2000,144.2787,160,120,40,0,0,0,160,140,0,20,0,0,0,0
connectivity-ladder__prefactor-x10,4,90413,4000,293.8795,160,120,40,0,0,0,160,140,0,20,0,0,0,0
connectivity-ladder__prefactor-x10,4,90413,6000,432.2299,160,120,40,0,0,0,160,140,0,20,0,0,0,0
connectivity-ladder__prefactor-x10,4,90413,8000,579.9652,160,120,40,0,0,0,160,140,0,20,0,0,0,0
connectivity-ladder__prefactor-x10,4,90413,10000,726.2198,160,120,40,0,0,0,160,140,0,20,0,0,0,0
connectivity-ladder__prefactor-x10,4,90413,12000,871.7934,160,120,40,0,0,0,160,140,0,20,0,0,0,0
connectivity-ladder__prefactor-x10,4,90413,14000,1017.125,160,120,40,0,0,0,160,140,0,20,0,0,0,0
connectivity-ladder__prefactor-x10,4,90413,16000,1162.618,160,120,40,0,0,0,160,140,0,20,0,0,0,0
connectivity-ladder__prefactor-x10,4,90413,18000,1305.205,161,120,40,0,0,1,160,139,1,19,1,0,0,0
connectivity-ladder__prefactor-x10,4,90413,20000,1456.543,161,120,40,0,0,1,160,139,1,19,1,0,0,0
connectivity-ladder__prefactor-x10,5,90419,0,0.0,160,120,40,0,0,0,160,140,0,20,0,0,0,0
connectivity-ladder__prefactor-x10,5,90419,2000,150.0076,161,120,40,0,0,1,160,139,1,19,1,0,0,0
connectivity-ladder__prefactor-x10,5,90419,4000,299.9473,161,120,40,0,0,1,160,139,1,19,1,0,0,0
connectivity-ladder__prefactor-x10,5,90419,6000,453.5396,161,120,40,0,0,1,160,139,1,19,1,0,0,0
connectivity-ladder__prefactor-x10,5,90419,8000,611.4099,161,120,40,0,0,1,160,139,1,19,1,0,0,0
connectivity-ladder__prefactor-x10,5,90419,10000,766.5827,161,120,40,0,0,1,160,139,1,19,1,0,0,0
connectivity-ladder__prefactor-x10,5,90419,12000,908.5637,161,120,40,0,0,1,160,139,1,19,1,0,0,0
connectivity-ladder__prefactor-x10,5,90419,14000,1061.609,161,120,40,0,0,1,160,139,1,19,1,0,0,0
connectivity-ladder__prefactor-x10,5,90419,16000,1208.838,161,120,40,0,0,1,160,139,1,19,1,0,0,0
connectivity-ladder__prefactor-x10,5,90419,18000,1356.063,162,120,40,0,0,2,160,140,0,20,0,0,0,0
connectivity-ladder__prefactor-x10,5,90419,20000,1513.534,162,120,40,0,0,2,160,140,0,20,0,0,0,0
connectivity-ladder__prefactor-x10,6,90421,0,0.0,160,120,40,0,0,0,160,140,0,20,0,0,0,0
connectivity-ladder__prefactor-x10,6,90421,2000,151.4684,160,120,40,0,0,0,160,140,0,20,0,0,0,0
connectivity-ladder__prefactor-x10,6,90421,4000,294.9625,160,120,40,0,0,0,160,140,0,20,0,0,0,0
connectivity-ladder__prefactor-x10,6,90421,6000,426.4785,160,120,40,0,0,0,160,140,0,20,0,0,0,0
connectivity-ladder__prefactor-x10,6,90421,8000,578.3517,160,120,40,0,0,0,160,140,0,20,0,0,0,0
connectivity-ladder__prefactor-x10,6,90421,10000,723.5039,160,120,40,0,0,0,160,140,0,20,0,0,0,0
connectivity-ladder__prefactor-x10,6,90421,12000,867.4897,160,120,40,0,0,0,160,140,0,20,0,0,0,0
connectivity-ladder__prefactor-x10,6,90421,14000,1020.746,162,120,40,0,0,2,160,140,0,20,0,0,0,0
connectivity-ladder__prefactor-x10,6,90421,16000,1175.487,162,120,40,0,0,2,160,140,0,20,0,0,0,0
connectivity-ladder__prefactor-x10,6,90421,18000,1329.142,162,120,40,0,0,2,160,140,0,20,0,0,0,0
connectivity-ladder__prefactor-x10,6,90421,20000,1496.714,162,120,40,0,0,2,160,140,0,20,0,0,0,0
connectivity-ladder__prefactor-x10,7,90427,0,0.0,160,120,40,0,0,0,160,140,0,20,0,0,0,0
connectivity-ladder__prefactor-x10,7,90427,2000,149.0075,161,120,40,0,0,1,160,139,1,19,1,0,0,0
connectivity-ladder__prefactor-x10,7,90427,4000,301.2516,161,120,40,0,0,1,160,139,1,19,1,0,0,0
connectivity-ladder__prefactor-x10,7,90427,6000,448.5353,161,120,40,0,0,1,160,139,1,19,1,0,0,0
connectivity-ladder__prefactor-x10,7,90427,8000,607.5869,161,120,40,0,0,1,160,139,1,19,1,0,0,0
connectivity-ladder__prefactor-x10,7,90427,10000,763.3309,161,120,40,0,0,1,160,139,1,19,1,0,0,0
connectivity-ladder__prefactor-x10,7,90427,12000,917.7792,161,120,40,0,0,1,160,139,1,19,1,0,0,0
connectivity-ladder__prefactor-x10,7,90427,14000,1067.453,162,120,40,0,0,2,160,140,0,20,0,0,0,0
connectivity-ladder__prefactor-x10,7,90427,16000,1235.342,162,120,40,0,0,2,160,140,0,20,0,0,0,0
connectivity-ladder__prefactor-x10,7,90427,18000,1394.044,162,120,40,0,0,2,160,140,0,20,0,0,0,0
connectivity-ladder__prefactor-x10,7,90427,20000,1549.304,162,120,40,0,0,2,160,140,0,20,0,0,0,0
al-o-al-analogue__ea-minus-3,0,90401,0,0.0,160,120,40,0,0,0,160,140,0,20,0,0,0,0
al-o-al-analogue__ea-minus-3,0,90401,2000,0.9146225,160,120,40,0,0,0,160,140,0,20,0,0,0,0
al-o-al-analogue__ea-minus-3,0,90401,4000,1.819829,160,120,40,0,0,0,160,140,0,20,0,0,0,0
al-o-al-analogue__ea-minus-3,0,90401,6000,2.756251,160,120,40,0,0,0,160,140,0,20,0,0,0,0
al-o-al-analogue__ea-minus-3,0,90401,8000,3.649654,160,120,40,0,0,0,160,140,0,20,0,0,0,0
al-o-al-analogue__ea-minus-3,0,90401,10000,4.536943,160,120,40,0,0,0,160,140,0,20,0,0,0,0
al-o-al-analogue__ea-minus-3,0,90401,12000,5.412049,160,120,40,0,0,0,160,140,0,20,0,0,0,0
al-o-al-analogue__ea-minus-3,0,90401,14000,6.275978,160,120,40,0,0,0,160,140,0,20,0,0,0,0
al-o-al-analogue__ea-minus-3,0,90401,16000,7.18055,160,120,40,0,0,0,160,140,0,20,0,0,0,0
al-o-al-analogue__ea-minus-3,0,90401,18000,8.063856,160,120,40,0,0,0,160,140,0,20,0,0,0,0
al-o-al-analogue__ea-minus-3,0,90401,20000,8.947967,160,120,40,0,0,0,160,140,0,20,0,0,0,0
al-o-al-analogue__ea-minus-3,1,90403,0,0.0,160,120,40,0,0,0,160,140,0,20,0,0,0,0
al-o-al-analogue__ea-minus-3,1,90403,2000,0.9015506,160,120,40,0,0,0,160,140,0,20,0,0,0,0
al-o-al-analogue__ea-minus-3,1,90403,4000,1.807006,160,120,40,0,0,0,160,140,0,20,0,0,0,0
al-o-al-analogue__ea-minus-3,1,90403,6000,2.67762,160,120,40,0,0,0,160,140,0,20,0,0,0,0
al-o-al-analogue__ea-minus-3,1,90403,8000,3.621824,160,120,40,0,0,0,160,140,0,20,0,0,0,0
al-o-al-analogue__ea-minus-3,1,90403,10000,4.495595,160,120,40,0,0,0,160,140,0,20,0,0,0,0
al-o-al-analogue__ea-minus-3,1,90403,12000,5.42467,160,120,40,0,0,0,160,140,0,20,0,0,0,0
al-o-al-analogue__ea-minus-3,1,90403,14000,6.339148,160,120,40,0,0,0,160,140,0,20,0,0,0,0
al-o-al-analogue__ea-minus-3,1,90403,16000,7.236035,160,120,40,0,0,0,160,140,0,20,0,0,0,0
al-o-al-analogue__ea-minus-3,1,90403,18000,8.160622,160,120,40,0,0,0,160,140,0,20,0,0,0,0
al-o-al-analogue__ea-minus-3,1,90403,20000,9.042116,160,120,40,0,0,0,160,140,0,20,0,0,0,0
al-o-al-analogue__ea-minus-3,2,90407,0,0.0,160,120,40,0,0,0,160,140,0,20,0,0,0,0
al-o-al-analogue__ea-minus-3,2,90407,2000,0.9105331,160,120,40,0,0,0,160,140,0,20,0,0,0,0
al-o-al-analogue__ea-minus-3,2,90407,4000,1.842244,160,120,40,0,0,0,160,140,0,20,0,0,0,0
al-o-al-analogue__ea-minus-3,2,90407,6000,2.786691,160,120,40,0,0,0,160,140,0,20,0,0,0,0
al-o-al-analogue__ea-minus-3,2,90407,8000,3.642482,160,120,40,0,0,0,160,140,0,20,0,0,0,0
al-o-al-analogue__ea-minus-3,2,90407,10000,4.521524,160,120,40,0,0,0,160,140,0,20,0,0,0,0
al-o-al-analogue__ea-minus-3,2,90407,12000,5.394613,160,120,40,0,0,0,160,140,0,20,0,0,0,0
al-o-al-analogue__ea-minus-3,2,90407,14000,6.32598,160,120,40,0,0,0,160,140,0,20,0,0,0,0
al-o-al-analogue__ea-minus-3,2,90407,16000,7.185009,160,120,40,0,0,0,160,140,0,20,0,0,0,0
al-o-al-analogue__ea-minus-3,2,90407,18000,8.118712,160,120,40,0,0,0,160,140,0,20,0,0,0,0
al-o-al-analogue__ea-minus-3,2,90407,20000,8.999752,160,120,40,0,0,0,160,140,0,20,0,0,0,0
al-o-al-analogue__ea-minus-3,3,90409,0,0.0,160,120,40,0,0,0,160,140,0,20,0,0,0,0
al-o-al-analogue__ea-minus-3,3,90409,2000,0.931153,160,120,40,0,0,0,160,140,0,20,0,0,0,0
al-o-al-analogue__ea-minus-3,3,90409,4000,1.857869,160,120,40,0,0,0,160,140,0,20,0,0,0,0
al-o-al-analogue__ea-minus-3,3,90409,6000,2.808824,160,120,40,0,0,0,160,140,0,20,0,0,0,0
al-o-al-analogue__ea-minus-3,3,90409,8000,3.710568,160,120,40,0,0,0,160,140,0,20,0,0,0,0
al-o-al-analogue__ea-minus-3,3,90409,10000,4.645256,160,120,40,0,0,0,160,140,0,20,0,0,0,0
al-o-al-analogue__ea-minus-3,3,90409,12000,5.55184,160,120,40,0,0,0,160,140,0,20,0,0,0,0
al-o-al-analogue__ea-minus-3,3,90409,14000,6.4448,160,120,40,0,0,0,160,140,0,20,0,0,0,0
al-o-al-analogue__ea-minus-3,3,90409,16000,7.340485,160,120,40,0,0,0,160,140,0,20,0,0,0,0
al-o-al-analogue__ea-minus-3,3,90409,18000,8.236662,160,120,40,0,0,0,160,140,0,20,0,0,0,0
al-o-al-analogue__ea-minus-3,3,90409,20000,9.164904,160,120,40,0,0,0,160,140,0,20,0,0,0,0
al-o-al-analogue__ea-minus-3,4,90413,0,0.0,160,120,40,0,0,0,160,140,0,20,0,0,0,0
al-o-al-analogue__ea-minus-3,4,90413,2000,0.9097036,160,120,40,0,0,0,160,140,0,20,0,0,0,0
al-o-al-analogue__ea-minus-3,4,90413,4000,1.852964,160,120,40,0,0,0,160,140,0,20,0,0,0,0
al-o-al-analogue__ea-minus-3,4,90413,6000,2.725289,160,120,40,0,0,0,160,140,0,20,0,0,0,0
al-o-al-analogue__ea-minus-3,4,90413,8000,3.656787,160,120,40,0,0,0,160,140,0,20,0,0,0,0
al-o-al-analogue__ea-minus-3,4,90413,10000,4.57895,160,120,40,0,0,0,160,140,0,20,0,0,0,0
al-o-al-analogue__ea-minus-3,4,90413,12000,5.496818,160,120,40,0,0,0,160,140,0,20,0,0,0,0
al-o-al-analogue__ea-minus-3,4,90413,14000,6.413161,160,120,40,0,0,0,160,140,0,20,0,0,0,0
al-o-al-analogue__ea-minus-3,4,90413,16000,7.330518,160,120,40,0,0,0,160,140,0,20,0,0,0,0
al-o-al-analogue__ea-minus-3,4,90413,18000,8.206882,160,120,40,0,0,0,160,140,0,20,0,0,0,0
al-o-al-analogue__ea-minus-3,4,90413,20000,9.091166,160,120,40,0,0,0,160,140,0,20,0,0,0,0
al-o-al-analogue__ea-minus-3,5,90419,0,0.0,160,120,40,0,0,0,160,140,0,20,0,0,0,0
al-o-al-analogue__ea-minus-3,5,90419,2000,0.8893442,160,120,40,0,0,0,160,140,0,20,0,0,0,0
al-o-al-analogue__ea-minus-3,5,90419,4000,1.821377,160,120,40,0,0,0,160,140,0,20,0,0,0,0
al-o-al-analogue__ea-minus-3,5,90419,6000,2.742733,160,120,40,0,0,0,160,140,0,20,0,0,0,0
al-o-al-analogue__ea-minus-3,5,90419,8000,3.706578,160,120,40,0,0,0,160,140,0,20,0,0,0,0
al-o-al-analogue__ea-minus-3,5,90419,10000,4.547461,160,120,40,0,0,0,160,140,0,20,0,0,0,0
al-o-al-analogue__ea-minus-3,5,90419,12000,5.452851,160,120,40,0,0,0,160,140,0,20,0,0,0,0
al-o-al-analogue__ea-minus-3,5,90419,14000,6.346394,160,120,40,0,0,0,160,140,0,20,0,0,0,0
al-o-al-analogue__ea-minus-3,5,90419,16000,7.207552,160,120,40,0,0,0,160,140,0,20,0,0,0,0
al-o-al-analogue__ea-minus-3,5,90419,18000,8.052503,160,120,40,0,0,0,160,140,0,20,0,0,0,0
al-o-al-analogue__ea-minus-3,5,90419,20000,8.946497,160,120,40,0,0,0,160,140,0,20,0,0,0,0
al-o-al-analogue__ea-minus-3,6,90421,0,0.0,160,120,40,0,0,0,160,140,0,20,0,0,0,0
al-o-al-analogue__ea-minus-3,6,90421,2000,0.9550365,160,120,40,0,0,0,160,140,0,20,0,0,0,0
al-o-al-analogue__ea-minus-3,6,90421,4000,1.859793,160,120,40,0,0,0,160,140,0,20,0,0,0,0
al-o-al-analogue__ea-minus-3,6,90421,6000,2.689025,160,120,40,0,0,0,160,140,0,20,0,0,0,0
al-o-al-analogue__ea-minus-3,6,90421,8000,3.646614,160,120,40,0,0,0,160,140,0,20,0,0,0,0
al-o-al-analogue__ea-minus-3,6,90421,10000,4.561826,160,120,40,0,0,0,160,140,0,20,0,0,0,0
al-o-al-analogue__ea-minus-3,6,90421,12000,5.469682,160,120,40,0,0,0,160,140,0,20,0,0,0,0
al-o-al-analogue__ea-minus-3,6,90421,14000,6.363309,160,120,40,0,0,0,160,140,0,20,0,0,0,0
al-o-al-analogue__ea-minus-3,6,90421,16000,7.242685,160,120,40,0,0,0,160,140,0,20,0,0,0,0
al-o-al-analogue__ea-minus-3,6,90421,18000,8.115447,160,120,40,0,0,0,160,140,0,20,0,0,0,0
al-o-al-analogue__ea-minus-3,6,90421,20000,9.065003,160,120,40,0,0,0,160,140,0,20,0,0,0,0
al-o-al-analogue__ea-minus-3,7,90427,0,0.0,160,120,40,0,0,0,160,140,0,20,0,0,0,0
al-o-al-analogue__ea-minus-3,7,90427,2000,0.8919165,160,120,40,0,0,0,160,140,0,20,0,0,0,0
al-o-al-analogue__ea-minus-3,7,90427,4000,1.785428,160,120,40,0,0,0,160,140,0,20,0,0,0,0
al-o-al-analogue__ea-minus-3,7,90427,6000,2.672354,160,120,40,0,0,0,160,140,0,20,0,0,0,0
al-o-al-analogue__ea-minus-3,7,90427,8000,3.561842,160,120,40,0,0,0,160,140,0,20,0,0,0,0
al-o-al-analogue__ea-minus-3,7,90427,10000,4.532105,160,120,40,0,0,0,160,140,0,20,0,0,0,0
al-o-al-analogue__ea-minus-3,7,90427,12000,5.456075,160,120,40,0,0,0,160,140,0,20,0,0,0,0
al-o-al-analogue__ea-minus-3,7,90427,14000,6.325739,160,120,40,0,0,0,160,140,0,20,0,0,0,0
al-o-al-analogue__ea-minus-3,7,90427,16000,7.28008,160,120,40,0,0,0,160,140,0,20,0,0,0,0
al-o-al-analogue__ea-minus-3,7,90427,18000,8.182268,160,120,40,0,0,0,160,140,0,20,0,0,0,0
al-o-al-analogue__ea-minus-3,7,90427,20000,9.062161,160,120,40,0,0,0,160,140,0,20,0,0,0,0
al-o-al-analogue__ea-plus-3,0,90401,0,0.0,160,120,40,0,0,0,160,140,0,20,0,0,0,0
al-o-al-analogue__ea-plus-3,0,90401,2000,35609.08,193,122,38,1,11,21,160,140,3,17,0,0,0,0
al-o-al-analogue__ea-plus-3,0,90401,4000,87918.55,212,126,41,11,19,15,160,139,10,11,0,0,0,0
al-o-al-analogue__ea-plus-3,0,90401,6000,125136.6,220,130,44,14,20,12,160,139,14,7,0,0,0,0
al-o-al-analogue__ea-plus-3,0,90401,8000,152845.2,220,133,43,16,23,5,160,140,16,4,0,0,0,0
al-o-al-analogue__ea-plus-3,0,90401,10000,178208.7,220,133,51,13,22,1,160,140,19,1,0,0,0,0
al-o-al-analogue__ea-plus-3,0,90401,12000,201693.1,220,139,49,9,22,1,160,139,19,2,0,0,0,0
al-o-al-analogue__ea-plus-3,0,90401,14000,224693.2,220,143,46,10,20,1,160,139,20,1,0,0,0,0
al-o-al-analogue__ea-plus-3,0,90401,16000,247830.8,220,145,46,8,20,1,160,139,20,1,0,0,0,0
al-o-al-analogue__ea-plus-3,0,90401,18000,269421.9,220,148,44,7,20,1,160,139,20,1,0,0,0,0
al-o-al-analogue__ea-plus-3,0,90401,20000,292092.3,220,150,46,4,20,0,160,139,20,1,0,0,0,0
al-o-al-analogue__ea-plus-3,1,90403,0,0.0,160,120,40,0,0,0,160,140,0,20,0,0,0,0
al-o-al-analogue__ea-plus-3,1,90403,2000,32267.46,188,122,38,1,6,21,160,140,2,18,0,0,0,0
al-o-al-analogue__ea-plus-3,1,90403,4000,83341.58,207,132,34,13,17,11,160,140,9,11,0,0,0,0
al-o-al-analogue__ea-plus-3,1,90403,6000,114580.1,215,137,36,12,19,11,160,139,14,6,1,0,0,0
al-o-al-analogue__ea-plus-3,1,90403,8000,142966.7,218,141,34,14,18,11,160,140,16,4,0,0,0,0
al-o-al-analogue__ea-plus-3,1,90403,10000,168710.0,219,142,35,17,19,6,160,140,16,4,0,0,0,0
al-o-al-analogue__ea-plus-3,1,90403,12000,195782.2,219,142,40,14,19,4,160,139,17,4,0,0,0,0
al-o-al-analogue__ea-plus-3,1,90403,14000,220504.5,220,149,38,11,19,3,160,139,19,2,0,0,0,0
al-o-al-analogue__ea-plus-3,1,90403,16000,243831.1,220,152,42,6,18,2,160,140,20,0,0,0,0,0
al-o-al-analogue__ea-plus-3,1,90403,18000,267296.7,220,156,41,3,19,1,160,140,20,0,0,0,0,0
al-o-al-analogue__ea-plus-3,1,90403,20000,288475.8,220,157,41,2,19,1,160,139,20,1,0,0,0,0
al-o-al-analogue__ea-plus-3,2,90407,0,0.0,160,120,40,0,0,0,160,140,0,20,0,0,0,0
al-o-al-analogue__ea-plus-3,2,90407,2000,32269.31,182,122,38,1,4,17,160,140,4,16,0,0,0,0
al-o-al-analogue__ea-plus-3,2,90407,4000,79345.83,209,131,33,10,18,17,160,139,11,10,0,0,0,0
al-o-al-analogue__ea-plus-3,2,90407,6000,113462.7,215,140,34,11,18,12,160,139,14,7,0,0,0,0
al-o-al-analogue__ea-plus-3,2,90407,8000,144853.3,218,141,39,10,23,5,160,139,14,7,0,0,0,0
al-o-al-analogue__ea-plus-3,2,90407,10000,175005.6,219,147,39,9,19,5,160,140,16,4,0,0,0,0
al-o-al-analogue__ea-plus-3,2,90407,12000,202584.5,219,148,41,10,17,3,160,139,16,5,0,0,0,0
al-o-al-analogue__ea-plus-3,2,90407,14000,231199.4,219,151,40,8,18,2,160,139,18,3,0,0,0,0
al-o-al-analogue__ea-plus-3,2,90407,16000,256673.8,219,155,39,6,17,2,160,139,18,3,0,0,0,0
al-o-al-analogue__ea-plus-3,2,90407,18000,282647.7,219,154,39,7,17,2,160,140,18,2,0,0,0,0
al-o-al-analogue__ea-plus-3,2,90407,20000,308748.7,220,156,40,4,18,2,160,140,18,2,0,0,0,0
al-o-al-analogue__ea-plus-3,3,90409,0,0.0,160,120,40,0,0,0,160,140,0,20,0,0,0,0
al-o-al-analogue__ea-plus-3,3,90409,2000,31372.04,184,124,35,2,8,15,160,140,3,17,0,0,0,0
al-o-al-analogue__ea-plus-3,3,90409,4000,83618.03,213,128,35,15,16,19,160,139,9,12,0,0,0,0
al-o-al-analogue__ea-plus-3,3,90409,6000,123385.6,217,134,38,16,17,12,160,139,13,8,0,0,0,0
al-o-al-analogue__ea-plus-3,3,90409,8000,155619.2,219,137,39,18,14,11,160,140,15,5,0,0,0,0
al-o-al-analogue__ea-plus-3,3,90409,10000,186058.2,220,138,42,17,16,7,160,140,16,4,0,0,0,0
al-o-al-analogue__ea-plus-3,3,90409,12000,213343.7,220,143,45,11,17,4,160,139,16,5,0,0,0,0
al-o-al-analogue__ea-plus-3,3,90409,14000,239594.7,220,145,43,11,17,4,160,139,18,3,0,0,0,0
al-o-al-analogue__ea-plus-3,3,90409,16000,264718.9,220,152,38,10,16,4,160,140,18,2,0,0,0,0
al-o-al-analogue__ea-plus-3,3,90409,18000,288975.5,220,157,35,8,16,4,160,140,19,1,0,0,0,0
al-o-al-analogue__ea-plus-3,3,90409,20000,303523.9,220,156,39,5,17,3,160,139,19,2,0,0,0,0
al-o-al-analogue__ea-plus-3,4,90413,0,0.0,160,120,40,0,0,0,160,140,0,20,0,0,0,0
al-o-al-analogue__ea-plus-3,4,90413,2000,40260.93,203,123,36,8,16,20,160,140,10,10,0,0,0,0
al-o-al-analogue__ea-plus-3,4,90413,4000,73513.35,212,127,38,22,13,12,160,139,15,6,0,0,0,0
al-o-al-analogue__ea-plus-3,4,90413,6000,99100.73,218,130,45,16,18,9,160,139,17,4,0,0,0,0
al-o-al-analogue__ea-plus-3,4,90413,8000,126234.5,219,134,47,13,16,9,160,139,17,4,0,0,0,0
al-o-al-analogue__ea-plus-3,4,90413,10000,153277.5,220,141,48,7,19,5,160,139,17,4,0,0,0,0
al-o-al-analogue__ea-plus-3,4,90413,12000,179003.9,220,141,49,9,18,3,160,140,17,3,0,0,0,0
al-o-al-analogue__ea-plus-3,4,90413,14000,204716.9,220,146,47,7,19,1,160,140,18,2,0,0,0,0
al-o-al-analogue__ea-plus-3,4,90413,16000,228617.3,220,149,45,6,19,1,160,139,20,1,0,0,0,0
al-o-al-analogue__ea-plus-3,4,90413,18000,251929.6,220,153,42,5,19,1,160,139,19,2,0,0,0,0
al-o-al-analogue__ea-plus-3,4,90413,20000,275756.1,220,155,42,3,19,1,160,139,19,2,0,0,0,0
al-o-al-analogue__ea-plus-3,5,90419,0,0.0,160,120,40,0,0,0,160,140,0,20,0,0,0,0
al-o-al-analogue__ea-plus-3,5,90419,2000,37140.38,195,122,38,2,6,27,160,140,2,18,0,0,0,0
al-o-al-analogue__ea-plus-3,5,90419,4000,101353.4,216,132,35,16,21,12,160,139,8,13,0,0,0,0
al-o-al-analogue__ea-plus-3,5,90419,6000,146593.8,220,136,39,14,18,13,160,139,11,10,0,0,0,0
al-o-al-analogue__ea-plus-3,5,90419,8000,182562.8,220,142,37,18,14,9,160,140,15,5,0,0,0,0
al-o-al-analogue__ea-plus-3,5,90419,10000,209061.8,220,144,41,14,13,8,160,139,18,3,0,0,0,0
al-o-al-analogue__ea-plus-3,5,90419,12000,231482.9,220,148,40,11,14,7,160,140,20,0,0,0,0,0
al-o-al-analogue__ea-plus-3,5,90419,14000,254438.6,220,152,37,10,13,8,160,140,20,0,0,0,0,0
al-o-al-analogue__ea-plus-3,5,90419,16000,276173.1,220,153,36,11,14,6,160,140,20,0,0,0,0,0
al-o-al-analogue__ea-plus-3,5,90419,18000,298338.8,220,153,39,8,15,5,160,140,20,0,0,0,0,0
al-o-al-analogue__ea-plus-3,5,90419,20000,320095.2,220,156,38,6,16,4,160,139,20,1,0,0,0,0
al-o-al-analogue__ea-plus-3,6,90421,0,0.0,160,120,40,0,0,0,160,140,0,20,0,0,0,0
al-o-al-analogue__ea-plus-3,6,90421,2000,43357.6,193,125,34,6,10,18,160,139,4,17,0,0,0,0
al-o-al-analogue__ea-plus-3,6,90421,4000,86475.1,211,133,37,13,11,17,160,140,14,6,0,0,0,0
al-o-al-analogue__ea-plus-3,6,90421,6000,117324.5,214,137,38,15,14,10,160,140,14,6,0,0,0,0
al-o-al-analogue__ea-plus-3,6,90421,8000,151677.3,218,145,38,13,15,7,160,139,15,6,0,0,0,0
al-o-al-analogue__ea-plus-3,6,90421,10000,181220.9,219,148,41,10,15,5,160,140,16,4,0,0,0,0
al-o-al-analogue__ea-plus-3,6,90421,12000,207507.9,220,152,37,11,14,6,160,140,17,3,0,0,0,0
al-o-al-analogue__ea-plus-3,6,90421,14000,232516.4,220,152,40,8,16,4,160,139,18,3,0,0,0,0
al-o-al-analogue__ea-plus-3,6,90421,16000,255425.2,220,157,38,5,18,2,160,139,20,1,0,0,0,0
al-o-al-analogue__ea-plus-3,6,90421,18000,277027.8,220,158,38,4,18,2,160,140,20,0,0,0,0,0
al-o-al-analogue__ea-plus-3,6,90421,20000,286264.0,220,157,39,4,18,2,160,139,20,1,0,0,0,0
al-o-al-analogue__ea-plus-3,7,90427,0,0.0,160,120,40,0,0,0,160,140,0,20,0,0,0,0
al-o-al-analogue__ea-plus-3,7,90427,2000,39763.1,195,124,36,3,8,24,160,140,4,16,0,0,0,0
al-o-al-analogue__ea-plus-3,7,90427,4000,92037.87,214,128,37,8,15,26,160,140,10,10,0,0,0,0
al-o-al-analogue__ea-plus-3,7,90427,6000,129402.0,219,132,46,9,22,10,160,139,14,7,0,0,0,0
al-o-al-analogue__ea-plus-3,7,90427,8000,161597.2,220,145,42,11,20,2,160,139,14,7,0,0,0,0
al-o-al-analogue__ea-plus-3,7,90427,10000,194535.8,220,150,39,11,19,1,160,139,16,5,0,0,0,0
al-o-al-analogue__ea-plus-3,7,90427,12000,202159.0,220,149,42,9,19,1,160,139,16,5,0,0,0,0
al-o-al-analogue__ea-plus-3,7,90427,14000,202444.8,220,149,42,9,19,1,160,139,16,5,0,0,0,0
al-o-al-analogue__ea-plus-3,7,90427,16000,202723.9,220,149,42,9,19,1,160,139,16,5,0,0,0,0
al-o-al-analogue__ea-plus-3,7,90427,18000,202997.1,220,149,42,9,19,1,160,139,16,5,0,0,0,0
al-o-al-analogue__ea-plus-3,7,90427,20000,203283.1,220,149,42,9,19,1,160,139,16,5,0,0,0,0
al-o-al-analogue__prefactor-x0.1,0,90401,0,0.0,160,120,40,0,0,0,160,140,0,20,0,0,0,0
al-o-al-analogue__prefactor-x0.1,0,90401,2000,1449.195,160,120,40,0,0,0,160,140,0,20,0,0,0,0
al-o-al-analogue__prefactor-x0.1,0,90401,4000,2883.472,160,120,40,0,0,0,160,140,0,20,0,0,0,0
al-o-al-analogue__prefactor-x0.1,0,90401,6000,4487.082,162,120,40,0,0,2,160,140,0,20,0,0,0,0
al-o-al-analogue__prefactor-x0.1,0,90401,8000,6056.874,162,120,40,0,0,2,160,140,0,20,0,0,0,0
al-o-al-analogue__prefactor-x0.1,0,90401,10000,7664.86,163,120,40,0,0,3,160,139,1,19,1,0,0,0
al-o-al-analogue__prefactor-x0.1,0,90401,12000,9514.852,166,120,40,0,0,6,160,140,0,20,0,0,0,0
al-o-al-analogue__prefactor-x0.1,0,90401,14000,11471.55,166,120,40,0,0,6,160,140,0,20,0,0,0,0
al-o-al-analogue__prefactor-x0.1,0,90401,16000,13620.51,169,120,40,0,0,9,160,139,1,19,1,0,0,0
al-o-al-analogue__prefactor-x0.1,0,90401,18000,15867.74,170,120,40,0,0,10,160,140,0,20,0,0,0,0
al-o-al-analogue__prefactor-x0.1,0,90401,20000,18170.83,173,120,40,0,0,13,160,139,1,19,1,0,0,0
al-o-al-analogue__prefactor-x0.1,1,90403,0,0.0,160,120,40,0,0,0,160,140,0,20,0,0,0,0
al-o-al-analogue__prefactor-x0.1,1,90403,2000,1449.095,161,120,40,0,0,1,160,139,1,19,1,0,0,0
al-o-al-analogue__prefactor-x0.1,1,90403,4000,3010.075,162,120,40,0,0,2,160,140,0,20,0,0,0,0
al-o-al-analogue__prefactor-x0.1,1,90403,6000,4620.188,165,121,39,0,1,4,160,140,0,20,0,0,0,0
al-o-al-analogue__prefactor-x0.1,1,90403,8000,6675.829,169,121,39,0,1,8,160,140,0,20,0,0,0,0
al-o-al-analogue__prefactor-x0.1,1,90403,10000,8789.884,172,120,39,1,3,9,160,139,1,19,1,0,0,0
al-o-al-analogue__prefactor-x0.1,1,90403,12000,11117.41,173,120,39,2,4,8,160,140,1,19,0,0,0,0
al-o-al-analogue__prefactor-x0.1,1,90403,14000,13755.29,175,120,39,2,6,8,160,139,2,18,1,0,0,0
al-o-al-analogue__prefactor-x0.1,1,90403,16000,16434.28,176,120,39,2,6,9,160,140,1,19,0,0,0,0
al-o-al-analogue__prefactor-x0.1,1,90403,18000,19234.33,179,120,39,2,7,11,160,140,2,18,0,0,0,0
al-o-al-analogue__prefactor-x0.1,1,90403,20000,21938.09,182,121,38,3,8,12,160,139,2,19,0,0,0,0
al-o-al-analogue__prefactor-x0.1,2,90407,0,0.0,160,120,40,0,0,0,160,140,0,20,0,0,0,0
al-o-al-analogue__prefactor-x0.1,2,90407,2000,1442.716,160,120,40,0,0,0,160,140,0,20,0,0,0,0
al-o-al-analogue__prefactor-x0.1,2,90407,4000,2918.987,160,120,40,0,0,0,160,140,0,20,0,0,0,0
al-o-al-analogue__prefactor-x0.1,2,90407,6000,4512.212,163,120,40,0,0,3,160,139,1,19,1,0,0,0
al-o-al-analogue__prefactor-x0.1,2,90407,8000,6154.917,163,120,40,0,0,3,160,139,1,19,1,0,0,0
al-o-al-analogue__prefactor-x0.1,2,90407,10000,7845.14,164,120,40,0,0,4,160,140,0,20,0,0,0,0
al-o-al-analogue__prefactor-x0.1,2,90407,12000,9784.148,167,120,40,0,0,7,160,139,1,19,1,0,0,0
al-o-al-analogue__prefactor-x0.1,2,90407,14000,12016.12,170,120,40,0,0,10,160,140,0,20,0,0,0,0
al-o-al-analogue__prefactor-x0.1,2,90407,16000,14374.35,172,120,40,0,0,12,160,140,0,20,0,0,0,0
al-o-al-analogue__prefactor-x0.1,2,90407,18000,17016.1,179,120,40,0,3,16,160,139,1,20,0,0,0,0
al-o-al-analogue__prefactor-x0.1,2,90407,20000,19640.85,182,120,40,0,3,19,160,140,1,19,0,0,0,0
al-o-al-analogue__prefactor-x0.1,3,90409,0,0.0,160,120,40,0,0,0,160,140,0,20,0,0,0,0
al-o-al-analogue__prefactor-x0.1,3,90409,2000,1582.075,162,120,40,0,0,2,160,140,0,20,0,0,0,0
al-o-al-analogue__prefactor-x0.1,3,90409,4000,3242.539,164,120,40,0,0,4,160,140,0,20,0,0,0,0
al-o-al-analogue__prefactor-x0.1,3,90409,6000,5010.604,164,120,40,0,0,4,160,140,0,20,0,0,0,0
al-o-al-analogue__prefactor-x0.1,3,90409,8000,6689.676,164,120,40,0,0,4,160,140,0,20,0,0,0,0
al-o-al-analogue__prefactor-x0.1,3,90409,10000,8523.428,165,120,40,0,0,5,160,139,1,19,1,0,0,0
al-o-al-analogue__prefactor-x0.1,3,90409,12000,10369.74,167,120,40,0,0,7,160,139,1,19,1,0,0,0
al-o-al-analogue__prefactor-x0.1,3,90409,14000,12414.12,168,120,40,0,0,8,160,140,0,20,0,0,0,0
al-o-al-analogue__prefactor-x0.1,3,90409,16000,14408.51,169,120,40,0,0,9,160,139,1,19,1,0,0,0
al-o-al-analogue__prefactor-x0.1,3,90409,18000,16637.31,171,120,40,0,0,11,160,139,1,19,1,0,0,0
al-o-al-analogue__prefactor-x0.1,3,90409,20000,19117.37,173,120,40,0,2,11,160,140,0,20,0,0,0,0
al-o-al-analogue__prefactor-x0.1,4,90413,0,0.0,160,120,40,0,0,0,160,140,0,20,0,0,0,0
al-o-al-analogue__prefactor-x0.1,4,90413,2000,1481.525,161,120,40,0,0,1,160,139,1,19,1,0,0,0
al-o-al-analogue__prefactor-x0.1,4,90413,4000,3088.38,162,120,40,0,0,2,160,140,0,20,0,0,0,0
al-o-al-analogue__prefactor-x0.1,4,90413,6000,4663.056,165,120,40,0,0,5,160,139,1,19,1,0,0,0
al-o-al-analogue__prefactor-x0.1,4,90413,8000,6289.382,165,120,40,0,1,4,160,140,1,19,0,0,0,0
al-o-al-analogue__prefactor-x0.1,4,90413,10000,7952.894,166,120,40,0,1,5,160,139,2,18,1,0,0,0
al-o-al-analogue__prefactor-x0.1,4,90413,12000,9610.866,167,120,40,0,1,6,160,140,1,19,0,0,0,0
al-o-al-analogue__prefactor-x0.1,4,90413,14000,11445.75,170,120,40,0,1,9,160,139,2,18,1,0,0,0
al-o-al-analogue__prefactor-x0.1,4,90413,16000,13482.07,171,121,39,0,2,9,160,139,2,18,1,0,0,0
al-o-al-analogue__prefactor-x0.1,4,90413,18000,15635.02,173,122,38,0,3,10,160,140,1,19,0,0,0,0
al-o-al-analogue__prefactor-x0.1,4,90413,20000,17825.78,174,123,37,1,4,9,160,140,3,17,0,0,0,0
al-o-al-analogue__prefactor-x0.1,5,90419,0,0.0,160,120,40,0,0,0,160,140,0,20,0,0,0,0
al-o-al-analogue__prefactor-x0.1,5,90419,2000,1498.456,161,120,40,0,0,1,160,139,1,19,1,0,0,0
al-o-al-analogue__prefactor-x0.1,5,90419,4000,2996.214,161,120,40,0,0,1,160,139,1,19,1,0,0,0
al-o-al-analogue__prefactor-x0.1,5,90419,6000,4530.458,161,120,40,0,0,1,160,139,1,19,1,0,0,0
al-o-al-analogue__prefactor-x0.1,5,90419,8000,6323.204,164,120,40,0,0,4,160,140,0,20,0,0,0,0
al-o-al-analogue__prefactor-x0.1,5,90419,10000,8040.287,165,120,40,0,0,5,160,139,1,19,1,0,0,0
al-o-al-analogue__prefactor-x0.1,5,90419,12000,10035.73,167,120,40,0,0,7,160,139,1,19,1,0,0,0
al-o-al-analogue__prefactor-x0.1,5,90419,14000,12236.41,168,120,40,0,0,8,160,140,0,20,0,0,0,0
al-o-al-analogue__prefactor-x0.1,5,90419,16000,14580.86,169,120,40,0,0,9,160,139,1,19,1,0,0,0
al-o-al-analogue__prefactor-x0.1,5,90419,18000,16815.06,171,120,40,0,2,9,160,140,0,20,0,0,0,0
al-o-al-analogue__prefactor-x0.1,5,90419,20000,19166.69,171,121,39,1,1,9,160,139,1,19,1,0,0,0
al-o-al-analogue__prefactor-x0.1,6,90421,0,0.0,160,120,40,0,0,0,160,140,0,20,0,0,0,0
al-o-al-analogue__prefactor-x0.1,6,90421,2000,1464.828,161,120,40,0,0,1,160,139,1,19,1,0,0,0
al-o-al-analogue__prefactor-x0.1,6,90421,4000,3057.349,162,120,40,0,0,2,160,140,0,20,0,0,0,0
al-o-al-analogue__prefactor-x0.1,6,90421,6000,4523.111,162,120,40,0,0,2,160,140,0,20,0,0,0,0
al-o-al-analogue__prefactor-x0.1,6,90421,8000,6241.386,163,120,40,0,0,3,160,139,1,19,1,0,0,0
al-o-al-analogue__prefactor-x0.1,6,90421,10000,7676.996,163,120,40,0,2,1,160,139,3,17,1,0,0,0
al-o-al-analogue__prefactor-x0.1,6,90421,12000,9257.112,165,120,40,0,2,3,160,139,3,17,1,0,0,0
al-o-al-analogue__prefactor-x0.1,6,90421,14000,11027.96,166,120,40,0,2,4,160,140,2,18,0,0,0,0
al-o-al-analogue__prefactor-x0.1,6,90421,16000,12789.84,168,120,40,0,2,6,160,140,2,18,0,0,0,0
al-o-al-analogue__prefactor-x0.1,6,90421,18000,14624.2,169,120,40,0,2,7,160,139,3,17,1,0,0,0
al-o-al-analogue__prefactor-x0.1,6,90421,20000,16891.4,171,120,40,0,2,9,160,139,3,17,1,0,0,0
al-o-al-analogue__prefactor-x0.1,7,90427,0,0.0,160,120,40,0,0,0,160,140,0,20,0,0,0,0
al-o-al-analogue__prefactor-x0.1,7,90427,2000,1481.78,161,120,40,0,0,1,160,139,1,19,1,0,0,0
al-o-al-analogue__prefactor-x0.1,7,90427,4000,3002.555,161,120,40,0,0,1,160,139,1,19,1,0,0,0
al-o-al-analogue__prefactor-x0.1,7,90427,6000,4522.695,162,120,40,0,0,2,160,140,0,20,0,0,0,0
al-o-al-analogue__prefactor-x0.1,7,90427,8000,6406.463,165,121,39,0,1,4,160,140,0,20,0,0,0,0
al-o-al-analogue__prefactor-x0.1,7,90427,10000,8489.426,165,121,39,0,2,3,160,139,2,18,1,0,0,0
al-o-al-analogue__prefactor-x0.1,7,90427,12000,10486.2,169,121,39,0,2,7,160,139,2,18,1,0,0,0
al-o-al-analogue__prefactor-x0.1,7,90427,14000,12753.55,171,121,39,0,2,9,160,139,2,18,1,0,0,0
al-o-al-analogue__prefactor-x0.1,7,90427,16000,15086.16,173,121,39,1,2,10,160,140,1,19,0,0,0,0
al-o-al-analogue__prefactor-x0.1,7,90427,18000,17624.77,176,121,39,1,2,13,160,139,1,20,0,0,0,0
al-o-al-analogue__prefactor-x0.1,7,90427,20000,20607.71,179,121,39,1,2,16,160,140,1,19,0,0,0,0
al-o-al-analogue__prefactor-x10,0,90401,0,0.0,160,120,40,0,0,0,160,140,0,20,0,0,0,0
al-o-al-analogue__prefactor-x10,0,90401,2000,14.50728,160,120,40,0,0,0,160,140,0,20,0,0,0,0
al-o-al-analogue__prefactor-x10,0,90401,4000,28.86521,160,120,40,0,0,0,160,140,0,20,0,0,0,0
al-o-al-analogue__prefactor-x10,0,90401,6000,43.71825,160,120,40,0,0,0,160,140,0,20,0,0,0,0
al-o-al-analogue__prefactor-x10,0,90401,8000,57.88895,160,120,40,0,0,0,160,140,0,20,0,0,0,0
al-o-al-analogue__prefactor-x10,0,90401,10000,71.96268,160,120,40,0,0,0,160,140,0,20,0,0,0,0
al-o-al-analogue__prefactor-x10,0,90401,12000,85.84316,160,120,40,0,0,0,160,140,0,20,0,0,0,0
al-o-al-analogue__prefactor-x10,0,90401,14000,99.54637,160,120,40,0,0,0,160,140,0,20,0,0,0,0
al-o-al-analogue__prefactor-x10,0,90401,16000,113.8942,160,120,40,0,0,0,160,140,0,20,0,0,0,0
al-o-al-analogue__prefactor-x10,0,90401,18000,127.9048,160,120,40,0,0,0,160,140,0,20,0,0,0,0
al-o-al-analogue__prefactor-x10,0,90401,20000,141.9281,160,120,40,0,0,0,160,140,0,20,0,0,0,0
al-o-al-analogue__prefactor-x10,1,90403,0,0.0,160,120,40,0,0,0,160,140,0,20,0,0,0,0
al-o-al-analogue__prefactor-x10,1,90403,2000,14.29994,160,120,40,0,0,0,160,140,0,20,0,0,0,0
al-o-al-analogue__prefactor-x10,1,90403,4000,28.66181,160,120,40,0,0,0,160,140,0,20,0,0,0,0
al-o-al-analogue__prefactor-x10,1,90403,6000,42.47103,160,120,40,0,0,0,160,140,0,20,0,0,0,0
al-o-al-analogue__prefactor-x10,1,90403,8000,57.44753,160,120,40,0,0,0,160,140,0,20,0,0,0,0
al-o-al-analogue__prefactor-x10,1,90403,10000,71.30684,160,120,40,0,0,0,160,140,0,20,0,0,0,0
al-o-al-analogue__prefactor-x10,1,90403,12000,86.04335,160,120,40,0,0,0,160,140,0,20,0,0,0,0
al-o-al-analogue__prefactor-x10,1,90403,14000,100.5483,160,120,40,0,0,0,160,140,0,20,0,0,0,0
al-o-al-analogue__prefactor-x10,1,90403,16000,114.7743,160,120,40,0,0,0,160,140,0,20,0,0,0,0
al-o-al-analogue__prefactor-x10,1,90403,18000,129.4396,160,120,40,0,0,0,160,140,0,20,0,0,0,0
al-o-al-analogue__prefactor-x10,1,90403,20000,143.4214,160,120,40,0,0,0,160,140,0,20,0,0,0,0
al-o-al-analogue__prefactor-x10,2,90407,0,0.0,160,120,40,0,0,0,160,140,0,20,0,0,0,0
al-o-al-analogue__prefactor-x10,2,90407,2000,14.44241,160,120,40,0,0,0,160,140,0,20,0,0,0,0
al-o-al-analogue__prefactor-x10,2,90407,4000,29.22074,160,120,40,0,0,0,160,140,0,20,0,0,0,0
al-o-al-analogue__prefactor-x10,2,90407,6000,44.20107,160,120,40,0,0,0,160,140,0,20,0,0,0,0
al-o-al-analogue__prefactor-x10,2,90407,8000,57.7752,160,120,40,0,0,0,160,140,0,20,0,0,0,0
al-o-al-analogue__prefactor-x10,2,90407,10000,71.71811,160,120,40,0,0,0,160,140,0,20,0,0,0,0
al-o-al-analogue__prefactor-x10,2,90407,12000,85.56659,160,120,40,0,0,0,160,140,0,20,0,0,0,0
al-o-al-analogue__prefactor-x10,2,90407,14000,100.3395,160,120,40,0,0,0,160,140,0,20,0,0,0,0
al-o-al-analogue__prefactor-x10,2,90407,16000,113.9649,160,120,40,0,0,0,160,140,0,20,0,0,0,0
al-o-al-analogue__prefactor-x10,2,90407,18000,128.7749,160,120,40,0,0,0,160,140,0,20,0,0,0,0
al-o-al-analogue__prefactor-x10,2,90407,20000,142.7495,160,120,40,0,0,0,160,140,0,20,0,0,0,0
al-o-al-analogue__prefactor-x10,3,90409,0,0.0,160,120,40,0,0,0,160,140,0,20,0,0,0,0
al-o-al-analogue__prefactor-x10,3,90409,2000,14.76947,160,120,40,0,0,0,160,140,0,20,0,0,0,0
al-o-al-analogue__prefactor-x10,3,90409,4000,29.46858,160,120,40,0,0,0,160,140,0,20,0,0,0,0
al-o-al-analogue__prefactor-x10,3,90409,6000,44.55213,160,120,40,0,0,0,160,140,0,20,0,0,0,0
al-o-al-analogue__prefactor-x10,3,90409,8000,58.85514,160,120,40,0,0,0,160,140,0,20,0,0,0,0
al-o-al-analogue__prefactor-x10,3,90409,10000,73.68068,160,120,40,0,0,0,160,140,0,20,0,0,0,0
al-o-al-analogue__prefactor-x10,3,90409,12000,88.06045,160,120,40,0,0,0,160,140,0,20,0,0,0,0
al-o-al-analogue__prefactor-x10,3,90409,14000,102.2241,160,120,40,0,0,0,160,140,0,20,0,0,0,0
al-o-al-analogue__prefactor-x10,3,90409,16000,116.431,160,120,40,0,0,0,160,140,0,20,0,0,0,0
al-o-al-analogue__prefactor-x10,3,90409,18000,130.6457,160,120,40,0,0,0,160,140,0,20,0,0,0,0
al-o-al-analogue__prefactor-x10,3,90409,20000,145.369,160,120,40,0,0,0,160,140,0,20,0,0,0,0
al-o-al-analogue__prefactor-x10,4,90413,0,0.0,160,120,40,0,0,0,160,140,0,20,0,0,0,0
al-o-al-analogue__prefactor-x10,4,90413,2000,14.42925,160,120,40,0,0,0,160,140,0,20,0,0,0,0
al-o-al-analogue__prefactor-x10,4,90413,4000,29.39077,160,120,40,0,0,0,160,140,0,20,0,0,0,0
al-o-al-analogue__prefactor-x10,4,90413,6000,43.22715,160,120,40,0,0,0,160,140,0,20,0,0,0,0
al-o-al-analogue__prefactor-x10,4,90413,8000,58.0021,160,120,40,0,0,0,160,140,0,20,0,0,0,0
al-o-al-analogue__prefactor-x10,4,90413,10000,72.62896,160,120,40,0,0,0,160,140,0,20,0,0,0,0
al-o-al-analogue__prefactor-x10,4,90413,12000,87.18772,160,120,40,0,0,0,160,140,0,20,0,0,0,0
al-o-al-analogue__prefactor-x10,4,90413,14000,101.7223,160,120,40,0,0,0,160,140,0,20,0,0,0,0
al-o-al-analogue__prefactor-x10,4,90413,16000,116.2729,160,120,40,0,0,0,160,140,0,20,0,0,0,0
al-o-al-analogue__prefactor-x10,4,90413,18000,130.1734,160,120,40,0,0,0,160,140,0,20,0,0,0,0
al-o-al-analogue__prefactor-x10,4,90413,20000,144.1994,160,120,40,0,0,0,160,140,0,20,0,0,0,0
al-o-al-analogue__prefactor-x10,5,90419,0,0.0,160,120,40,0,0,0,160,140,0,20,0,0,0,0
al-o-al-analogue__prefactor-x10,5,90419,2000,14.10632,160,120,40,0,0,0,160,140,0,20,0,0,0,0
al-o-al-analogue__prefactor-x10,5,90419,4000,28.88974,160,120,40,0,0,0,160,140,0,20,0,0,0,0
al-o-al-analogue__prefactor-x10,5,90419,6000,43.50383,160,120,40,0,0,0,160,140,0,20,0,0,0,0
al-o-al-analogue__prefactor-x10,5,90419,8000,58.79185,160,120,40,0,0,0,160,140,0,20,0,0,0,0
al-o-al-analogue__prefactor-x10,5,90419,10000,72.12951,160,120,40,0,0,0,160,140,0,20,0,0,0,0
al-o-al-analogue__prefactor-x10,5,90419,12000,86.49033,160,120,40,0,0,0,160,140,0,20,0,0,0,0
al-o-al-analogue__prefactor-x10,5,90419,14000,100.6633,160,120,40,0,0,0,160,140,0,20,0,0,0,0
al-o-al-analogue__prefactor-x10,5,90419,16000,114.3225,160,120,40,0,0,0,160,140,0,20,0,0,0,0
al-o-al-analogue__prefactor-x10,5,90419,18000,127.7247,160,120,40,0,0,0,160,140,0,20,0,0,0,0
al-o-al-analogue__prefactor-x10,5,90419,20000,141.9048,160,120,40,0,0,0,160,140,0,20,0,0,0,0
al-o-al-analogue__prefactor-x10,6,90421,0,0.0,160,120,40,0,0,0,160,140,0,20,0,0,0,0
al-o-al-analogue__prefactor-x10,6,90421,2000,15.1483,160,120,40,0,0,0,160,140,0,20,0,0,0,0
al-o-al-analogue__prefactor-x10,6,90421,4000,29.49909,160,120,40,0,0,0,160,140,0,20,0,0,0,0
al-o-al-analogue__prefactor-x10,6,90421,6000,42.65195,160,120,40,0,0,0,160,140,0,20,0,0,0,0
al-o-al-analogue__prefactor-x10,6,90421,8000,57.84073,160,120,40,0,0,0,160,140,0,20,0,0,0,0
al-o-al-analogue__prefactor-x10,6,90421,10000,72.35735,160,120,40,0,0,0,160,140,0,20,0,0,0,0
al-o-al-analogue__prefactor-x10,6,90421,12000,86.75731,160,120,40,0,0,0,160,140,0,20,0,0,0,0
al-o-al-analogue__prefactor-x10,6,90421,14000,100.9316,160,120,40,0,0,0,160,140,0,20,0,0,0,0
al-o-al-analogue__prefactor-x10,6,90421,16000,114.7328,161,120,40,0,0,1,160,139,1,19,1,0,0,0
al-o-al-analogue__prefactor-x10,6,90421,18000,130.1848,161,120,40,0,0,1,160,139,1,19,1,0,0,0
al-o-al-analogue__prefactor-x10,6,90421,20000,145.32,161,120,40,0,0,1,160,139,1,19,1,0,0,0
al-o-al-analogue__prefactor-x10,7,90427,0,0.0,160,120,40,0,0,0,160,140,0,20,0,0,0,0
al-o-al-analogue__prefactor-x10,7,90427,2000,14.14712,160,120,40,0,0,0,160,140,0,20,0,0,0,0
al-o-al-analogue__prefactor-x10,7,90427,4000,28.31954,160,120,40,0,0,0,160,140,0,20,0,0,0,0
al-o-al-analogue__prefactor-x10,7,90427,6000,42.38752,160,120,40,0,0,0,160,140,0,20,0,0,0,0
al-o-al-analogue__prefactor-x10,7,90427,8000,56.49612,160,120,40,0,0,0,160,140,0,20,0,0,0,0
al-o-al-analogue__prefactor-x10,7,90427,10000,71.88594,160,120,40,0,0,0,160,140,0,20,0,0,0,0
al-o-al-analogue__prefactor-x10,7,90427,12000,86.54147,160,120,40,0,0,0,160,140,0,20,0,0,0,0
al-o-al-analogue__prefactor-x10,7,90427,14000,100.3356,160,120,40,0,0,0,160,140,0,20,0,0,0,0
al-o-al-analogue__prefactor-x10,7,90427,16000,115.4729,160,120,40,0,0,0,160,140,0,20,0,0,0,0
al-o-al-analogue__prefactor-x10,7,90427,18000,129.783,160,120,40,0,0,0,160,140,0,20,0,0,0,0
al-o-al-analogue__prefactor-x10,7,90427,20000,143.7394,160,120,40,0,0,0,160,140,0,20,0,0,0,0
adsorption__ea-minus-3,0,90401,0,0.0,160,120,40,0,0,0,160,140,0,20,0,0,0,0
adsorption__ea-minus-3,0,90401,2000,286.5643,194,121,39,0,1,33,160,139,1,19,1,0,0,0
adsorption__ea-minus-3,0,90401,4000,2622.081,220,121,39,0,6,54,160,140,1,19,0,0,0,0
adsorption__ea-minus-3,0,90401,6000,5568.077,220,121,39,0,10,50,160,140,1,19,0,0,0,0
adsorption__ea-minus-3,0,90401,8000,8402.639,220,123,37,1,10,49,160,140,1,19,0,0,0,0
adsorption__ea-minus-3,0,90401,10000,10580.29,220,124,36,1,12,47,160,140,2,18,0,0,0,0
adsorption__ea-minus-3,0,90401,12000,11976.06,220,124,36,1,14,45,160,139,2,19,0,0,0,0
adsorption__ea-minus-3,0,90401,14000,13023.67,220,125,35,3,14,43,160,140,3,17,0,0,0,0
adsorption__ea-minus-3,0,90401,16000,13975.22,220,125,35,3,14,43,160,140,3,17,0,0,0,0
adsorption__ea-minus-3,0,90401,18000,14943.66,220,125,35,3,16,41,160,139,3,18,0,0,0,0
adsorption__ea-minus-3,0,90401,20000,15918.94,220,125,35,3,16,41,160,139,3,18,0,0,0,0
adsorption__ea-minus-3,1,90403,0,0.0,160,120,40,0,0,0,160,140,0,20,0,0,0,0
adsorption__ea-minus-3,1,90403,2000,230.089,187,120,40,0,0,27,160,139,1,19,1,0,0,0
adsorption__ea-minus-3,1,90403,4000,3651.022,220,121,39,1,6,53,160,139,1,20,0,0,0,0
adsorption__ea-minus-3,1,90403,6000,6478.2,220,121,39,2,12,46,160,139,1,20,0,0,0,0
adsorption__ea-minus-3,1,90403,8000,9385.939,220,122,39,2,14,43,160,140,1,19,0,0,0,0
adsorption__ea-minus-3,1,90403,10000,12215.99,220,122,39,2,20,37,160,139,1,20,0,0,0,0
adsorption__ea-minus-3,1,90403,12000,15087.7,220,122,39,2,20,37,160,139,1,20,0,0,0,0
adsorption__ea-minus-3,1,90403,14000,17895.87,220,123,38,3,21,35,160,139,1,20,0,0,0,0
adsorption__ea-minus-3,1,90403,16000,20873.5,220,125,36,6,21,32,160,139,1,20,0,0,0,0
adsorption__ea-minus-3,1,90403,18000,22359.96,220,125,38,6,23,28,160,140,3,17,0,0,0,0
adsorption__ea-minus-3,1,90403,20000,22920.84,220,125,40,4,23,28,160,140,5,15,0,0,0,0
adsorption__ea-minus-3,2,90407,0,0.0,160,120,40,0,0,0,160,140,0,20,0,0,0,0
adsorption__ea-minus-3,2,90407,2000,182.822,173,120,40,0,0,13,160,139,1,19,1,0,0,0
adsorption__ea-minus-3,2,90407,4000,6375.025,220,122,38,0,11,49,160,139,1,20,0,0,0,0
adsorption__ea-minus-3,2,90407,6000,9102.179,220,122,38,0,11,49,160,139,1,20,0,0,0,0
adsorption__ea-minus-3,2,90407,8000,10947.69,220,122,38,0,12,48,160,140,2,18,0,0,0,0
adsorption__ea-minus-3,2,90407,10000,12429.54,220,124,36,3,12,45,160,140,2,18,0,0,0,0
adsorption__ea-minus-3,2,90407,12000,13890.52,220,124,36,4,12,44,160,139,2,19,0,0,0,0
adsorption__ea-minus-3,2,90407,14000,15124.47,220,124,36,4,13,43,160,140,3,17,0,0,0,0
adsorption__ea-minus-3,2,90407,16000,16036.22,220,124,36,4,13,43,160,140,3,17,0,0,0,0
adsorption__ea-minus-3,2,90407,18000,17020.1,220,124,36,4,13,43,160,140,3,17,0,0,0,0
adsorption__ea-minus-3,2,90407,20000,17946.1,220,124,36,4,13,43,160,140,3,17,0,0,0,0
adsorption__ea-minus-3,3,90409,0,0.0,160,120,40,0,0,0,160,140,0,20,0,0,0,0
adsorption__ea-minus-3,3,90409,2000,522.2407,210,120,40,0,0,50,160,140,0,20,0,0,0,0
adsorption__ea-minus-3,3,90409,4000,3554.343,220,122,38,0,3,57,160,139,1,20,0,0,0,0
adsorption__ea-minus-3,3,90409,6000,6462.765,220,122,38,0,7,53,160,139,1,20,0,0,0,0
adsorption__ea-minus-3,3,90409,8000,9417.859,220,122,38,1,9,50,160,139,1,20,0,0,0,0
adsorption__ea-minus-3,3,90409,10000,12344.29,220,122,38,2,13,45,160,140,1,19,0,0,0,0
adsorption__ea-minus-3,3,90409,12000,14442.12,220,122,38,2,15,43,160,140,3,17,0,0,0,0
adsorption__ea-minus-3,3,90409,14000,15403.73,220,122,38,2,17,41,160,139,3,18,0,0,0,0
adsorption__ea-minus-3,3,90409,16000,16345.93,220,122,38,2,18,40,160,140,4,16,0,0,0,0
adsorption__ea-minus-3,3,90409,18000,16999.33,220,123,37,3,18,39,160,140,5,15,0,0,0,0
adsorption__ea-minus-3,3,90409,20000,17583.72,220,123,37,3,18,39,160,140,5,15,0,0,0,0
adsorption__ea-minus-3,4,90413,0,0.0,160,120,40,0,0,0,160,140,0,20,0,0,0,0
adsorption__ea-minus-3,4,90413,2000,314.8629,199,120,40,0,0,39,160,139,1,19,1,0,0,0
adsorption__ea-minus-3,4,90413,4000,4293.54,220,121,39,0,3,57,160,139,2,19,0,0,0,0
adsorption__ea-minus-3,4,90413,6000,5678.845,220,121,39,0,3,57,160,139,2,19,0,0,0,0
adsorption__ea-minus-3,4,90413,8000,7126.056,220,121,39,0,3,57,160,139,2,19,0,0,0,0
adsorption__ea-minus-3,4,90413,10000,8584.354,220,122,38,2,4,54,160,140,2,18,0,0,0,0
adsorption__ea-minus-3,4,90413,12000,9999.331,220,122,38,2,8,50,160,140,2,18,0,0,0,0
adsorption__ea-minus-3,4,90413,14000,11174.8,220,122,38,2,9,49,160,139,3,18,0,0,0,0
adsorption__ea-minus-3,4,90413,16000,12150.57,220,122,38,3,9,48,160,140,3,17,0,0,0,0
adsorption__ea-minus-3,4,90413,18000,13075.08,220,122,38,3,9,48,160,140,3,17,0,0,0,0
adsorption__ea-minus-3,4,90413,20000,14018.03,220,122,38,3,9,48,160,140,3,17,0,0,0,0
adsorption__ea-minus-3,5,90419,0,0.0,160,120,40,0,0,0,160,140,0,20,0,0,0,0
adsorption__ea-minus-3,5,90419,2000,1472.051,220,121,39,0,4,56,160,139,1,20,0,0,0,0
adsorption__ea-minus-3,5,90419,4000,4157.912,220,121,39,1,9,50,160,139,2,19,0,0,0,0
adsorption__ea-minus-3,5,90419,6000,5615.916,220,121,39,1,9,50,160,139,2,19,0,0,0,0
adsorption__ea-minus-3,5,90419,8000,6700.283,220,121,40,1,9,49,160,139,3,18,0,0,0,0
adsorption__ea-minus-3,5,90419,10000,7680.747,220,121,40,1,9,49,160,139,3,18,0,0,0,0
adsorption__ea-minus-3,5,90419,12000,8590.156,220,122,39,1,10,48,160,140,3,17,0,0,0,0
adsorption__ea-minus-3,5,90419,14000,9571.729,220,123,38,2,9,48,160,139,3,18,0,0,0,0
adsorption__ea-minus-3,5,90419,16000,10488.61,220,125,36,2,11,46,160,139,3,18,0,0,0,0
adsorption__ea-minus-3,5,90419,18000,11419.07,220,125,36,2,13,44,160,140,3,17,0,0,0,0
adsorption__ea-minus-3,5,90419,20000,12361.55,220,125,36,2,13,44,160,140,3,17,0,0,0,0
adsorption__ea-minus-3,6,90421,0,0.0,160,120,40,0,0,0,160,140,0,20,0,0,0,0
adsorption__ea-minus-3,6,90421,2000,523.9711,210,120,40,0,0,50,160,140,0,20,0,0,0,0
adsorption__ea-minus-3,6,90421,4000,7310.769,220,122,38,0,8,52,160,140,2,18,0,0,0,0
adsorption__ea-minus-3,6,90421,6000,8640.716,220,123,37,1,9,50,160,140,2,18,0,0,0,0
adsorption__ea-minus-3,6,90421,8000,10170.08,220,124,36,1,10,49,160,139,2,19,0,0,0,0
adsorption__ea-minus-3,6,90421,10000,11519.53,220,125,35,1,14,45,160,140,3,17,0,0,0,0
adsorption__ea-minus-3,6,90421,12000,12462.25,220,125,35,1,16,43,160,139,3,18,0,0,0,0
adsorption__ea-minus-3,6,90421,14000,13461.87,220,125,35,1,18,41,160,140,3,17,0,0,0,0
adsorption__ea-minus-3,6,90421,16000,14391.54,220,125,35,1,18,41,160,140,3,17,0,0,0,0
adsorption__ea-minus-3,6,90421,18000,15095.76,220,126,34,2,20,38,160,139,4,17,0,0,0,0
adsorption__ea-minus-3,6,90421,20000,15811.55,220,126,34,2,20,38,160,139,4,17,0,0,0,0
adsorption__ea-minus-3,7,90427,0,0.0,160,120,40,0,0,0,160,140,0,20,0,0,0,0
adsorption__ea-minus-3,7,90427,2000,288.6949,190,121,39,0,1,29,160,139,1,19,1,0,0,0
adsorption__ea-minus-3,7,90427,4000,3473.678,220,121,39,2,10,48,160,139,3,18,0,0,0,0
adsorption__ea-minus-3,7,90427,6000,4299.749,220,122,38,2,12,46,160,139,4,17,0,0,0,0
adsorption__ea-minus-3,7,90427,8000,5055.068,220,122,38,2,12,46,160,139,4,17,0,0,0,0
adsorption__ea-minus-3,7,90427,10000,5781.041,220,123,37,2,13,45,160,140,4,16,0,0,0,0
adsorption__ea-minus-3,7,90427,12000,6516.46,220,123,37,2,13,45,160,140,4,16,0,0,0,0
adsorption__ea-minus-3,7,90427,14000,7208.553,220,123,37,2,13,45,160,140,4,16,0,0,0,0
adsorption__ea-minus-3,7,90427,16000,7953.938,220,125,35,3,17,40,160,140,4,16,0,0,0,0
adsorption__ea-minus-3,7,90427,18000,8663.778,220,125,35,3,17,40,160,140,4,16,0,0,0,0
adsorption__ea-minus-3,7,90427,20000,9285.683,220,125,35,3,18,39,160,139,5,16,0,0,0,0
adsorption__ea-plus-3,0,90401,0,0.0,160,120,40,0,0,0,160,140,0,20,0,0,0,0
adsorption__ea-plus-3,0,90401,2000,145.074,160,120,40,0,0,0,160,140,0,20,0,0,0,0
adsorption__ea-plus-3,0,90401,4000,288.6546,160,120,40,0,0,0,160,140,0,20,0,0,0,0
adsorption__ea-plus-3,0,90401,6000,437.1863,160,120,40,0,0,0,160,140,0,20,0,0,0,0
adsorption__ea-plus-3,0,90401,8000,578.8945,160,120,40,0,0,0,160,140,0,20,0,0,0,0
adsorption__ea-plus-3,0,90401,10000,719.633,160,120,40,0,0,0,160,140,0,20,0,0,0,0
adsorption__ea-plus-3,0,90401,12000,858.4391,160,120,40,0,0,0,160,140,0,20,0,0,0,0
adsorption__ea-plus-3,0,90401,14000,995.4724,160,120,40,0,0,0,160,140,0,20,0,0,0,0
adsorption__ea-plus-3,0,90401,16000,1138.952,160,120,40,0,0,0,160,140,0,20,0,0,0,0
adsorption__ea-plus-3,0,90401,18000,1279.059,160,120,40,0,0,0,160,140,0,20,0,0,0,0
adsorption__ea-plus-3,0,90401,20000,1419.293,160,120,40,0,0,0,160,140,0,20,0,0,0,0
adsorption__ea-plus-3,1,90403,0,0.0,160,120,40,0,0,0,160,140,0,20,0,0,0,0
adsorption__ea-plus-3,1,90403,2000,143.0006,160,120,40,0,0,0,160,140,0,20,0,0,0,0
adsorption__ea-plus-3,1,90403,4000,286.6206,160,120,40,0,0,0,160,140,0,20,0,0,0,0
adsorption__ea-plus-3,1,90403,6000,424.7141,160,120,40,0,0,0,160,140,0,20,0,0,0,0
adsorption__ea-plus-3,1,90403,8000,574.4803,160,120,40,0,0,0,160,140,0,20,0,0,0,0
adsorption__ea-plus-3,1,90403,10000,713.0746,160,120,40,0,0,0,160,140,0,20,0,0,0,0
adsorption__ea-plus-3,1,90403,12000,860.441,160,120,40,0,0,0,160,140,0,20,0,0,0,0
adsorption__ea-plus-3,1,90403,14000,1005.492,160,120,40,0,0,0,160,140,0,20,0,0,0,0
adsorption__ea-plus-3,1,90403,16000,1147.753,160,120,40,0,0,0,160,140,0,20,0,0,0,0
adsorption__ea-plus-3,1,90403,18000,1294.407,160,120,40,0,0,0,160,140,0,20,0,0,0,0
adsorption__ea-plus-3,1,90403,20000,1434.227,160,120,40,0,0,0,160,140,0,20,0,0,0,0
adsorption__ea-plus-3,2,90407,0,0.0,160,120,40,0,0,0,160,140,0,20,0,0,0,0
adsorption__ea-plus-3,2,90407,2000,144.4254,160,120,40,0,0,0,160,140,0,20,0,0,0,0
adsorption__ea-plus-3,2,90407,4000,292.2099,160,120,40,0,0,0,160,140,0,20,0,0,0,0
adsorption__ea-plus-3,2,90407,6000,442.0145,160,120,40,0,0,0,160,140,0,20,0,0,0,0
adsorption__ea-plus-3,2,90407,8000,577.757,160,120,40,0,0,0,160,140,0,20,0,0,0,0
adsorption__ea-plus-3,2,90407,10000,717.1873,160,120,40,0,0,0,160,140,0,20,0,0,0,0
adsorption__ea-plus-3,2,90407,12000,855.6734,160,120,40,0,0,0,160,140,0,20,0,0,0,0
adsorption__ea-plus-3,2,90407,14000,1003.403,160,120,40,0,0,0,160,140,0,20,0,0,0,0
adsorption__ea-plus-3,2,90407,16000,1139.659,160,120,40,0,0,0,160,140,0,20,0,0,0,0
adsorption__ea-plus-3,2,90407,18000,1287.76,160,120,40,0,0,0,160,140,0,20,0,0,0,0
adsorption__ea-plus-3,2,90407,20000,1427.507,160,120,40,0,0,0,160,140,0,20,0,0,0,0
adsorption__ea-plus-3,3,90409,0,0.0,160,120,40,0,0,0,160,140,0,20,0,0,0,0
adsorption__ea-plus-3,3,90409,2000,147.696,160,120,40,0,0,0,160,140,0,20,0,0,0,0
adsorption__ea-plus-3,3,90409,4000,294.6883,160,120,40,0,0,0,160,140,0,20,0,0,0,0
adsorption__ea-plus-3,3,90409,6000,445.5252,160,120,40,0,0,0,160,140,0,20,0,0,0,0
adsorption__ea-plus-3,3,90409,8000,588.5565,160,120,40,0,0,0,160,140,0,20,0,0,0,0
adsorption__ea-plus-3,3,90409,10000,736.8132,160,120,40,0,0,0,160,140,0,20,0,0,0,0
adsorption__ea-plus-3,3,90409,12000,880.6122,160,120,40,0,0,0,160,140,0,20,0,0,0,0
adsorption__ea-plus-3,3,90409,14000,1022.25,160,120,40,0,0,0,160,140,0,20,0,0,0,0
adsorption__ea-plus-3,3,90409,16000,1164.32,160,120,40,0,0,0,160,140,0,20,0,0,0,0
adsorption__ea-plus-3,3,90409,18000,1306.469,160,120,40,0,0,0,160,140,0,20,0,0,0,0
adsorption__ea-plus-3,3,90409,20000,1453.703,160,120,40,0,0,0,160,140,0,20,0,0,0,0
adsorption__ea-plus-3,4,90413,0,0.0,160,120,40,0,0,0,160,140,0,20,0,0,0,0
adsorption__ea-plus-3,4,90413,2000,144.2938,160,120,40,0,0,0,160,140,0,20,0,0,0,0
adsorption__ea-plus-3,4,90413,4000,293.9103,160,120,40,0,0,0,160,140,0,20,0,0,0,0
adsorption__ea-plus-3,4,90413,6000,432.2752,160,120,40,0,0,0,160,140,0,20,0,0,0,0
adsorption__ea-plus-3,4,90413,8000,580.026,160,120,40,0,0,0,160,140,0,20,0,0,0,0
adsorption__ea-plus-3,4,90413,10000,726.296,160,120,40,0,0,0,160,140,0,20,0,0,0,0
adsorption__ea-plus-3,4,90413,12000,871.8848,160,120,40,0,0,0,160,140,0,20,0,0,0,0
adsorption__ea-plus-3,4,90413,14000,1017.232,160,120,40,0,0,0,160,140,0,20,0,0,0,0
adsorption__ea-plus-3,4,90413,16000,1162.74,160,120,40,0,0,0,160,140,0,20,0,0,0,0
adsorption__ea-plus-3,4,90413,18000,1301.745,160,120,40,0,0,0,160,140,0,20,0,0,0,0
adsorption__ea-plus-3,4,90413,20000,1442.007,160,120,40,0,0,0,160,140,0,20,0,0,0,0
adsorption__ea-plus-3,5,90419,0,0.0,160,120,40,0,0,0,160,140,0,20,0,0,0,0
adsorption__ea-plus-3,5,90419,2000,141.0645,160,120,40,0,0,0,160,140,0,20,0,0,0,0
adsorption__ea-plus-3,5,90419,4000,288.9,160,120,40,0,0,0,160,140,0,20,0,0,0,0
adsorption__ea-plus-3,5,90419,6000,435.0421,160,120,40,0,0,0,160,140,0,20,0,0,0,0
adsorption__ea-plus-3,5,90419,8000,587.9236,160,120,40,0,0,0,160,140,0,20,0,0,0,0
adsorption__ea-plus-3,5,90419,10000,721.3014,160,120,40,0,0,0,160,140,0,20,0,0,0,0
adsorption__ea-plus-3,5,90419,12000,864.9109,160,120,40,0,0,0,160,140,0,20,0,0,0,0
adsorption__ea-plus-3,5,90419,14000,1006.641,160,120,40,0,0,0,160,140,0,20,0,0,0,0
adsorption__ea-plus-3,5,90419,16000,1143.235,160,120,40,0,0,0,160,140,0,20,0,0,0,0
adsorption__ea-plus-3,5,90419,18000,1277.258,160,120,40,0,0,0,160,140,0,20,0,0,0,0
adsorption__ea-plus-3,5,90419,20000,1419.06,160,120,40,0,0,0,160,140,0,20,0,0,0,0
adsorption__ea-plus-3,6,90421,0,0.0,160,120,40,0,0,0,160,140,0,20,0,0,0,0
adsorption__ea-plus-3,6,90421,2000,151.4843,160,120,40,0,0,0,160,140,0,20,0,0,0,0
adsorption__ea-plus-3,6,90421,4000,294.9934,160,120,40,0,0,0,160,140,0,20,0,0,0,0
adsorption__ea-plus-3,6,90421,6000,426.5232,160,120,40,0,0,0,160,140,0,20,0,0,0,0
adsorption__ea-plus-3,6,90421,8000,578.4123,160,120,40,0,0,0,160,140,0,20,0,0,0,0
adsorption__ea-plus-3,6,90421,10000,723.5798,160,120,40,0,0,0,160,140,0,20,0,0,0,0
adsorption__ea-plus-3,6,90421,12000,867.5807,160,120,40,0,0,0,160,140,0,20,0,0,0,0
adsorption__ea-plus-3,6,90421,14000,1009.324,160,120,40,0,0,0,160,140,0,20,0,0,0,0
adsorption__ea-plus-3,6,90421,16000,1148.808,160,120,40,0,0,0,160,140,0,20,0,0,0,0
adsorption__ea-plus-3,6,90421,18000,1287.242,160,120,40,0,0,0,160,140,0,20,0,0,0,0
adsorption__ea-plus-3,6,90421,20000,1437.857,160,120,40,0,0,0,160,140,0,20,0,0,0,0
adsorption__ea-plus-3,7,90427,0,0.0,160,120,40,0,0,0,160,140,0,20,0,0,0,0
adsorption__ea-plus-3,7,90427,2000,141.4725,160,120,40,0,0,0,160,140,0,20,0,0,0,0
adsorption__ea-plus-3,7,90427,4000,283.1979,160,120,40,0,0,0,160,140,0,20,0,0,0,0
adsorption__ea-plus-3,7,90427,6000,423.8789,160,120,40,0,0,0,160,140,0,20,0,0,0,0
adsorption__ea-plus-3,7,90427,8000,564.9661,160,120,40,0,0,0,160,140,0,20,0,0,0,0
adsorption__ea-plus-3,7,90427,10000,718.8657,160,120,40,0,0,0,160,140,0,20,0,0,0,0
adsorption__ea-plus-3,7,90427,12000,865.4222,160,120,40,0,0,0,160,140,0,20,0,0,0,0
adsorption__ea-plus-3,7,90427,14000,1003.365,160,120,40,0,0,0,160,140,0,20,0,0,0,0
adsorption__ea-plus-3,7,90427,16000,1154.739,160,120,40,0,0,0,160,140,0,20,0,0,0,0
adsorption__ea-plus-3,7,90427,18000,1297.841,160,120,40,0,0,0,160,140,0,20,0,0,0,0
adsorption__ea-plus-3,7,90427,20000,1437.406,160,120,40,0,0,0,160,140,0,20,0,0,0,0
adsorption__prefactor-x0.1,0,90401,0,0.0,160,120,40,0,0,0,160,140,0,20,0,0,0,0
adsorption__prefactor-x0.1,0,90401,2000,145.0726,160,120,40,0,0,0,160,140,0,20,0,0,0,0
adsorption__prefactor-x0.1,0,90401,4000,288.6517,160,120,40,0,0,0,160,140,0,20,0,0,0,0
adsorption__prefactor-x0.1,0,90401,6000,437.182,160,120,40,0,0,0,160,140,0,20,0,0,0,0
adsorption__prefactor-x0.1,0,90401,8000,578.8888,160,120,40,0,0,0,160,140,0,20,0,0,0,0
adsorption__prefactor-x0.1,0,90401,10000,719.6259,160,120,40,0,0,0,160,140,0,20,0,0,0,0
adsorption__prefactor-x0.1,0,90401,12000,858.4306,160,120,40,0,0,0,160,140,0,20,0,0,0,0
adsorption__prefactor-x0.1,0,90401,14000,995.4625,160,120,40,0,0,0,160,140,0,20,0,0,0,0
adsorption__prefactor-x0.1,0,90401,16000,1138.941,160,120,40,0,0,0,160,140,0,20,0,0,0,0
adsorption__prefactor-x0.1,0,90401,18000,1279.046,160,120,40,0,0,0,160,140,0,20,0,0,0,0
adsorption__prefactor-x0.1,0,90401,20000,1419.279,160,120,40,0,0,0,160,140,0,20,0,0,0,0
adsorption__prefactor-x0.1,1,90403,0,0.0,160,120,40,0,0,0,160,140,0,20,0,0,0,0
adsorption__prefactor-x0.1,1,90403,2000,142.9992,160,120,40,0,0,0,160,140,0,20,0,0,0,0
adsorption__prefactor-x0.1,1,90403,4000,286.6177,160,120,40,0,0,0,160,140,0,20,0,0,0,0
adsorption__prefactor-x0.1,1,90403,6000,424.7099,160,120,40,0,0,0,160,140,0,20,0,0,0,0
adsorption__prefactor-x0.1,1,90403,8000,574.4746,160,120,40,0,0,0,160,140,0,20,0,0,0,0
adsorption__prefactor-x0.1,1,90403,10000,713.0675,160,120,40,0,0,0,160,140,0,20,0,0,0,0
adsorption__prefactor-x0.1,1,90403,12000,860.4325,160,120,40,0,0,0,160,140,0,20,0,0,0,0
adsorption__prefactor-x0.1,1,90403,14000,1005.482,160,120,40,0,0,0,160,140,0,20,0,0,0,0
adsorption__prefactor-x0.1,1,90403,16000,1147.742,160,120,40,0,0,0,160,140,0,20,0,0,0,0
adsorption__prefactor-x0.1,1,90403,18000,1294.395,160,120,40,0,0,0,160,140,0,20,0,0,0,0
adsorption__prefactor-x0.1,1,90403,20000,1434.213,160,120,40,0,0,0,160,140,0,20,0,0,0,0
adsorption__prefactor-x0.1,2,90407,0,0.0,160,120,40,0,0,0,160,140,0,20,0,0,0,0
adsorption__prefactor-x0.1,2,90407,2000,144.424,160,120,40,0,0,0,160,140,0,20,0,0,0,0
adsorption__prefactor-x0.1,2,90407,4000,292.2071,160,120,40,0,0,0,160,140,0,20,0,0,0,0
adsorption__prefactor-x0.1,2,90407,6000,442.0102,160,120,40,0,0,0,160,140,0,20,0,0,0,0
adsorption__prefactor-x0.1,2,90407,8000,577.7513,160,120,40,0,0,0,160,140,0,20,0,0,0,0
adsorption__prefactor-x0.1,2,90407,10000,717.1802,160,120,40,0,0,0,160,140,0,20,0,0,0,0
adsorption__prefactor-x0.1,2,90407,12000,855.6649,160,120,40,0,0,0,160,140,0,20,0,0,0,0
adsorption__prefactor-x0.1,2,90407,14000,1003.393,160,120,40,0,0,0,160,140,0,20,0,0,0,0
adsorption__prefactor-x0.1,2,90407,16000,1139.648,160,120,40,0,0,0,160,140,0,20,0,0,0,0
adsorption__prefactor-x0.1,2,90407,18000,1287.747,160,120,40,0,0,0,160,140,0,20,0,0,0,0
adsorption__prefactor-x0.1,2,90407,20000,1427.493,160,120,40,0,0,0,160,140,0,20,0,0,0,0
adsorption__prefactor-x0.1,3,90409,0,0.0,160,120,40,0,0,0,160,140,0,20,0,0,0,0
adsorption__prefactor-x0.1,3,90409,2000,147.6946,160,120,40,0,0,0,160,140,0,20,0,0,0,0
adsorption__prefactor-x0.1,3,90409,4000,294.6854,160,120,40,0,0,0,160,140,0,20,0,0,0,0
adsorption__prefactor-x0.1,3,90409,6000,445.5208,160,120,40,0,0,0,160,140,0,20,0,0,0,0
adsorption__prefactor-x0.1,3,90409,8000,588.5507,160,120,40,0,0,0,160,140,0,20,0,0,0,0
adsorption__prefactor-x0.1,3,90409,10000,736.8059,160,120,40,0,0,0,160,140,0,20,0,0,0,0
adsorption__prefactor-x0.1,3,90409,12000,880.6035,160,120,40,0,0,0,160,140,0,20,0,0,0,0
adsorption__prefactor-x0.1,3,90409,14000,1022.24,160,120,40,0,0,0,160,140,0,20,0,0,0,0
adsorption__prefactor-x0.1,3,90409,16000,1164.309,160,120,40,0,0,0,160,140,0,20,0,0,0,0
adsorption__prefactor-x0.1,3,90409,18000,1306.456,160,120,40,0,0,0,160,140,0,20,0,0,0,0
adsorption__prefactor-x0.1,3,90409,20000,1453.689,160,120,40,0,0,0,160,140,0,20,0,0,0,0
adsorption__prefactor-x0.1,4,90413,0,0.0,160,120,40,0,0,0,160,140,0,20,0,0,0,0
adsorption__prefactor-x0.1,4,90413,2000,144.2924,160,120,40,0,0,0,160,140,0,20,0,0,0,0
adsorption__prefactor-x0.1,4,90413,4000,293.9074,160,120,40,0,0,0,160,140,0,20,0,0,0,0
adsorption__prefactor-x0.1,4,90413,6000,432.271,160,120,40,0,0,0,160,140,0,20,0,0,0,0
adsorption__prefactor-x0.1,4,90413,8000,580.0203,160,120,40,0,0,0,160,140,0,20,0,0,0,0
adsorption__prefactor-x0.1,4,90413,10000,726.2888,160,120,40,0,0,0,160,140,0,20,0,0,0,0
adsorption__prefactor-x0.1,4,90413,12000,871.8761,160,120,40,0,0,0,160,140,0,20,0,0,0,0
adsorption__prefactor-x0.1,4,90413,14000,1017.222,160,120,40,0,0,0,160,140,0,20,0,0,0,0
adsorption__prefactor-x0.1,4,90413,16000,1162.728,160,120,40,0,0,0,160,140,0,20,0,0,0,0
adsorption__prefactor-x0.1,4,90413,18000,1301.732,160,120,40,0,0,0,160,140,0,20,0,0,0,0
adsorption__prefactor-x0.1,4,90413,20000,1441.993,160,120,40,0,0,0,160,140,0,20,0,0,0,0
adsorption__prefactor-x0.1,5,90419,0,0.0,160,120,40,0,0,0,160,140,0,20,0,0,0,0
adsorption__prefactor-x0.1,5,90419,2000,141.0631,160,120,40,0,0,0,160,140,0,20,0,0,0,0
adsorption__prefactor-x0.1,5,90419,4000,288.8971,160,120,40,0,0,0,160,140,0,20,0,0,0,0
adsorption__prefactor-x0.1,5,90419,6000,435.0378,160,120,40,0,0,0,160,140,0,20,0,0,0,0
adsorption__prefactor-x0.1,5,90419,8000,587.9178,160,120,40,0,0,0,160,140,0,20,0,0,0,0
adsorption__prefactor-x0.1,5,90419,10000,721.2943,160,120,40,0,0,0,160,140,0,20,0,0,0,0
adsorption__prefactor-x0.1,5,90419,12000,864.9023,160,120,40,0,0,0,160,140,0,20,0,0,0,0
adsorption__prefactor-x0.1,5,90419,14000,1006.631,160,120,40,0,0,0,160,140,0,20,0,0,0,0
adsorption__prefactor-x0.1,5,90419,16000,1143.224,160,120,40,0,0,0,160,140,0,20,0,0,0,0
adsorption__prefactor-x0.1,5,90419,18000,1277.245,160,120,40,0,0,0,160,140,0,20,0,0,0,0
adsorption__prefactor-x0.1,5,90419,20000,1419.046,160,120,40,0,0,0,160,140,0,20,0,0,0,0
adsorption__prefactor-x0.1,6,90421,0,0.0,160,120,40,0,0,0,160,140,0,20,0,0,0,0
adsorption__prefactor-x0.1,6,90421,2000,151.4828,160,120,40,0,0,0,160,140,0,20,0,0,0,0
adsorption__prefactor-x0.1,6,90421,4000,294.9905,160,120,40,0,0,0,160,140,0,20,0,0,0,0
adsorption__prefactor-x0.1,6,90421,6000,426.519,160,120,40,0,0,0,160,140,0,20,0,0,0,0
adsorption__prefactor-x0.1,6,90421,8000,578.4066,160,120,40,0,0,0,160,140,0,20,0,0,0,0
adsorption__prefactor-x0.1,6,90421,10000,723.5726,160,120,40,0,0,0,160,140,0,20,0,0,0,0
adsorption__prefactor-x0.1,6,90421,12000,867.5721,160,120,40,0,0,0,160,140,0,20,0,0,0,0
adsorption__prefactor-x0.1,6,90421,14000,1009.314,160,120,40,0,0,0,160,140,0,20,0,0,0,0
adsorption__prefactor-x0.1,6,90421,16000,1147.327,161,120,40,0,0,1,160,139,1,19,1,0,0,0
adsorption__prefactor-x0.1,6,90421,18000,1301.845,161,120,40,0,0,1,160,139,1,19,1,0,0,0
adsorption__prefactor-x0.1,6,90421,20000,1453.197,161,120,40,0,0,1,160,139,1,19,1,0,0,0
adsorption__prefactor-x0.1,7,90427,0,0.0,160,120,40,0,0,0,160,140,0,20,0,0,0,0
adsorption__prefactor-x0.1,7,90427,2000,141.4711,160,120,40,0,0,0,160,140,0,20,0,0,0,0
adsorption__prefactor-x0.1,7,90427,4000,283.1951,160,120,40,0,0,0,160,140,0,20,0,0,0,0
adsorption__prefactor-x0.1,7,90427,6000,423.8747,160,120,40,0,0,0,160,140,0,20,0,0,0,0
adsorption__prefactor-x0.1,7,90427,8000,564.9605,160,120,40,0,0,0,160,140,0,20,0,0,0,0
adsorption__prefactor-x0.1,7,90427,10000,718.8586,160,120,40,0,0,0,160,140,0,20,0,0,0,0
adsorption__prefactor-x0.1,7,90427,12000,865.4137,160,120,40,0,0,0,160,140,0,20,0,0,0,0
adsorption__prefactor-x0.1,7,90427,14000,1003.355,160,120,40,0,0,0,160,140,0,20,0,0,0,0
adsorption__prefactor-x0.1,7,90427,16000,1154.728,160,120,40,0,0,0,160,140,0,20,0,0,0,0
adsorption__prefactor-x0.1,7,90427,18000,1297.828,160,120,40,0,0,0,160,140,0,20,0,0,0,0
adsorption__prefactor-x0.1,7,90427,20000,1437.392,160,120,40,0,0,0,160,140,0,20,0,0,0,0
adsorption__prefactor-x10,0,90401,0,0.0,160,120,40,0,0,0,160,140,0,20,0,0,0,0
adsorption__prefactor-x10,0,90401,2000,144.9212,160,120,40,0,0,0,160,140,0,20,0,0,0,0
adsorption__prefactor-x10,0,90401,4000,288.3506,160,120,40,0,0,0,160,140,0,20,0,0,0,0
adsorption__prefactor-x10,0,90401,6000,449.8645,162,120,40,0,0,2,160,140,0,20,0,0,0,0
adsorption__prefactor-x10,0,90401,8000,606.8657,162,120,40,0,0,2,160,140,0,20,0,0,0,0
adsorption__prefactor-x10,0,90401,10000,767.6937,163,120,40,0,0,3,160,139,1,19,1,0,0,0
adsorption__prefactor-x10,0,90401,12000,928.9328,164,120,40,0,0,4,160,140,0,20,0,0,0,0
adsorption__prefactor-x10,0,90401,14000,1107.219,166,120,40,0,0,6,160,140,0,20,0,0,0,0
adsorption__prefactor-x10,0,90401,16000,1298.704,167,120,40,0,0,7,160,139,1,19,1,0,0,0
adsorption__prefactor-x10,0,90401,18000,1507.248,170,120,40,0,0,10,160,140,0,20,0,0,0,0
adsorption__prefactor-x10,0,90401,20000,1731.284,171,120,40,0,0,11,160,139,1,19,1,0,0,0
adsorption__prefactor-x10,1,90403,0,0.0,160,120,40,0,0,0,160,140,0,20,0,0,0,0
adsorption__prefactor-x10,1,90403,2000,144.912,161,120,40,0,0,1,160,139,1,19,1,0,0,0
adsorption__prefactor-x10,1,90403,4000,295.8865,162,120,40,0,0,2,160,140,0,20,0,0,0,0
adsorption__prefactor-x10,1,90403,6000,447.8657,163,120,40,0,0,3,160,139,1,19,1,0,0,0
adsorption__prefactor-x10,1,90403,8000,627.2618,166,120,40,0,0,6,160,140,0,20,0,0,0,0
adsorption__prefactor-x10,1,90403,10000,817.9855,167,120,40,0,0,7,160,139,1,19,1,0,0,0
adsorption__prefactor-x10,1,90403,12000,1018.984,168,120,40,0,0,8,160,140,0,20,0,0,0,0
adsorption__prefactor-x10,1,90403,14000,1227.115,168,120,40,0,0,8,160,140,0,20,0,0,0,0
adsorption__prefactor-x10,1,90403,16000,1449.451,169,120,40,0,0,9,160,139,1,19,1,0,0,0
adsorption__prefactor-x10,1,90403,18000,1711.707,172,120,40,0,0,12,160,140,0,20,0,0,0,0
adsorption__prefactor-x10,1,90403,20000,1961.237,173,120,40,0,0,13,160,139,1,19,1,0,0,0
adsorption__prefactor-x10,2,90407,0,0.0,160,120,40,0,0,0,160,140,0,20,0,0,0,0
adsorption__prefactor-x10,2,90407,2000,144.2733,160,120,40,0,0,0,160,140,0,20,0,0,0,0
adsorption__prefactor-x10,2,90407,4000,291.9021,160,120,40,0,0,0,160,140,0,20,0,0,0,0
adsorption__prefactor-x10,2,90407,6000,455.7326,163,120,40,0,0,3,160,139,1,19,1,0,0,0
adsorption__prefactor-x10,2,90407,8000,620.0232,163,120,40,0,0,3,160,139,1,19,1,0,0,0
adsorption__prefactor-x10,2,90407,10000,794.1565,165,120,40,0,0,5,160,139,1,19,1,0,0,0
adsorption__prefactor-x10,2,90407,12000,988.5273,167,120,40,0,0,7,160,139,1,19,1,0,0,0
adsorption__prefactor-x10,2,90407,14000,1226.79,169,120,40,0,0,9,160,139,1,19,1,0,0,0
adsorption__prefactor-x10,2,90407,16000,1479.579,171,120,40,0,0,11,160,139,1,19,1,0,0,0
adsorption__prefactor-x10,2,90407,18000,1752.209,173,120,40,0,0,13,160,139,1,19,1,0,0,0
adsorption__prefactor-x10,2,90407,20000,2017.803,176,120,40,0,0,16,160,140,0,20,0,0,0,0
adsorption__prefactor-x10,3,90409,0,0.0,160,120,40,0,0,0,160,140,0,20,0,0,0,0
adsorption__prefactor-x10,3,90409,2000,158.2141,162,120,40,0,0,2,160,140,0,20,0,0,0,0
adsorption__prefactor-x10,3,90409,4000,318.1473,164,120,40,0,0,4,160,140,0,20,0,0,0,0
adsorption__prefactor-x10,3,90409,6000,487.8339,165,120,40,0,0,5,160,139,1,19,1,0,0,0
adsorption__prefactor-x10,3,90409,8000,651.2654,165,120,40,0,0,5,160,139,1,19,1,0,0,0
adsorption__prefactor-x10,3,90409,10000,816.2109,165,120,40,0,0,5,160,139,1,19,1,0,0,0
adsorption__prefactor-x10,3,90409,12000,969.1301,165,120,40,0,0,5,160,139,1,19,1,0,0,0
adsorption__prefactor-x10,3,90409,14000,1135.119,165,120,40,0,0,5,160,139,1,19,1,0,0,0
adsorption__prefactor-x10,3,90409,16000,1293.67,166,120,40,0,0,6,160,140,0,20,0,0,0,0
adsorption__prefactor-x10,3,90409,18000,1466.081,167,120,40,0,0,7,160,139,1,19,1,0,0,0
adsorption__prefactor-x10,3,90409,20000,1665.835,169,120,40,0,0,9,160,139,1,19,1,0,0,0
adsorption__prefactor-x10,4,90413,0,0.0,160,120,40,0,0,0,160,140,0,20,0,0,0,0
adsorption__prefactor-x10,4,90413,2000,148.1581,161,120,40,0,0,1,160,139,1,19,1,0,0,0
adsorption__prefactor-x10,4,90413,4000,308.8542,162,120,40,0,0,2,160,140,0,20,0,0,0,0
adsorption__prefactor-x10,4,90413,6000,470.8121,165,120,40,0,0,5,160,139,1,19,1,0,0,0
adsorption__prefactor-x10,4,90413,8000,666.7297,166,120,40,0,0,6,160,140,0,20,0,0,0,0
adsorption__prefactor-x10,4,90413,10000,874.6551,168,120,40,0,0,8,160,140,0,20,0,0,0,0
adsorption__prefactor-x10,4,90413,12000,1108.65,169,120,40,0,0,9,160,139,1,19,1,0,0,0
adsorption__prefactor-x10,4,90413,14000,1374.169,173,120,40,0,0,13,160,139,1,19,1,0,0,0
adsorption__prefactor-x10,4,90413,16000,1699.209,176,120,40,0,1,15,160,139,2,18,1,0,0,0
adsorption__prefactor-x10,4,90413,18000,2059.976,182,120,40,0,1,21,160,139,2,18,1,0,0,0
adsorption__prefactor-x10,4,90413,20000,2469.199,186,120,40,0,1,25,160,139,1,20,0,0,0,0
adsorption__prefactor-x10,5,90419,0,0.0,160,120,40,0,0,0,160,140,0,20,0,0,0,0
adsorption__prefactor-x10,5,90419,2000,149.8518,161,120,40,0,0,1,160,139,1,19,1,0,0,0
adsorption__prefactor-x10,5,90419,4000,299.6342,161,120,40,0,0,1,160,139,1,19,1,0,0,0
adsorption__prefactor-x10,5,90419,6000,459.8301,163,120,40,0,0,3,160,139,1,19,1,0,0,0
adsorption__prefactor-x10,5,90419,8000,643.7318,164,120,40,0,0,4,160,140,0,20,0,0,0,0
adsorption__prefactor-x10,5,90419,10000,810.2443,164,120,40,0,0,4,160,140,0,20,0,0,0,0
adsorption__prefactor-x10,5,90419,12000,1009.742,167,120,40,0,0,7,160,139,1,19,1,0,0,0
adsorption__prefactor-x10,5,90419,14000,1235.731,171,120,40,0,0,11,160,139,1,19,1,0,0,0
adsorption__prefactor-x10,5,90419,16000,1474.279,174,120,40,0,0,14,160,140,0,20,0,0,0,0
adsorption__prefactor-x10,5,90419,18000,1721.739,176,120,40,0,0,16,160,140,0,20,0,0,0,0
adsorption__prefactor-x10,5,90419,20000,2076.36,183,120,40,0,0,23,160,139,1,19,1,0,0,0
adsorption__prefactor-x10,6,90421,0,0.0,160,120,40,0,0,0,160,140,0,20,0,0,0,0
adsorption__prefactor-x10,6,90421,2000,146.4867,161,120,40,0,0,1,160,139,1,19,1,0,0,0
adsorption__prefactor-x10,6,90421,4000,305.7465,162,120,40,0,0,2,160,140,0,20,0,0,0,0
adsorption__prefactor-x10,6,90421,6000,452.3345,162,120,40,0,0,2,160,140,0,20,0,0,0,0
adsorption__prefactor-x10,6,90421,8000,621.0016,162,120,40,0,0,2,160,140,0,20,0,0,0,0
adsorption__prefactor-x10,6,90421,10000,782.965,162,120,40,0,0,2,160,140,0,20,0,0,0,0
adsorption__prefactor-x10,6,90421,12000,951.0229,164,120,40,0,0,4,160,140,0,20,0,0,0,0
adsorption__prefactor-x10,6,90421,14000,1117.433,164,120,40,0,0,4,160,140,0,20,0,0,0,0
adsorption__prefactor-x10,6,90421,16000,1293.676,166,120,40,0,0,6,160,140,0,20,0,0,0,0
adsorption__prefactor-x10,6,90421,18000,1479.114,168,120,40,0,0,8,160,140,0,20,0,0,0,0
adsorption__prefactor-x10,6,90421,20000,1700.647,169,120,40,0,0,9,160,139,1,19,1,0,0,0
adsorption__prefactor-x10,7,90427,0,0.0,160,120,40,0,0,0,160,140,0,20,0,0,0,0
adsorption__prefactor-x10,7,90427,2000,148.184,161,120,40,0,0,1,160,139,1,19,1,0,0,0
adsorption__prefactor-x10,7,90427,4000,300.2684,161,120,40,0,0,1,160,139,1,19,1,0,0,0
adsorption__prefactor-x10,7,90427,6000,452.3901,162,120,40,0,0,2,160,140,0,20,0,0,0,0
adsorption__prefactor-x10,7,90427,8000,622.3587,164,120,40,0,0,4,160,140,0,20,0,0,0,0
adsorption__prefactor-x10,7,90427,10000,823.6935,166,120,40,0,0,6,160,140,0,20,0,0,0,0
adsorption__prefactor-x10,7,90427,12000,1032.929,168,120,40,0,0,8,160,140,0,20,0,0,0,0
adsorption__prefactor-x10,7,90427,14000,1249.564,170,120,40,0,0,10,160,140,0,20,0,0,0,0
adsorption__prefactor-x10,7,90427,16000,1480.614,170,120,40,0,0,10,160,140,0,20,0,0,0,0
adsorption__prefactor-x10,7,90427,18000,1699.503,170,120,40,0,0,10,160,140,0,20,0,0,0,0
adsorption__prefactor-x10,7,90427,20000,1950.144,173,120,40,0,0,13,160,139,1,19,1,0,0,0
cation-desorption__ea-minus-3,0,90401,0,0.0,160,120,40,0,0,0,160,140,0,20,0,0,0,0
cation-desorption__ea-minus-3,0,90401,2000,145.0588,160,120,40,0,0,0,160,140,0,20,0,0,0,0
cation-desorption__ea-minus-3,0,90401,4000,288.6243,160,120,40,0,0,0,160,140,0,20,0,0,0,0
cation-desorption__ea-minus-3,0,90401,6000,437.1405,160,120,40,0,0,0,160,140,0,20,0,0,0,0
cation-desorption__ea-minus-3,0,90401,8000,578.8338,160,120,40,0,0,0,160,140,0,20,0,0,0,0
cation-desorption__ea-minus-3,0,90401,10000,719.5576,160,120,40,0,0,0,160,140,0,20,0,0,0,0
cation-desorption__ea-minus-3,0,90401,12000,858.3491,160,120,40,0,0,0,160,140,0,20,0,0,0,0
cation-desorption__ea-minus-3,0,90401,14000,995.368,160,120,40,0,0,0,160,140,0,20,0,0,0,0
cation-desorption__ea-minus-3,0,90401,16000,1138.833,160,120,40,0,0,0,160,140,0,20,0,0,0,0
cation-desorption__ea-minus-3,0,90401,18000,1278.925,160,120,40,0,0,0,160,140,0,20,0,0,0,0
cation-desorption__ea-minus-3,0,90401,20000,1419.145,160,120,40,0,0,0,160,140,0,20,0,0,0,0
cation-desorption__ea-minus-3,1,90403,0,0.0,160,120,40,0,0,0,160,140,0,20,0,0,0,0
cation-desorption__ea-minus-3,1,90403,2000,142.9856,160,120,40,0,0,0,160,140,0,20,0,0,0,0
cation-desorption__ea-minus-3,1,90403,4000,286.5905,160,120,40,0,0,0,160,140,0,20,0,0,0,0
cation-desorption__ea-minus-3,1,90403,6000,424.6695,160,120,40,0,0,0,160,140,0,20,0,0,0,0
cation-desorption__ea-minus-3,1,90403,8000,574.4201,160,120,40,0,0,0,160,140,0,20,0,0,0,0
cation-desorption__ea-minus-3,1,90403,10000,712.9999,160,120,40,0,0,0,160,140,0,20,0,0,0,0
cation-desorption__ea-minus-3,1,90403,12000,860.3508,160,120,40,0,0,0,160,140,0,20,0,0,0,0
cation-desorption__ea-minus-3,1,90403,14000,1005.387,160,120,40,0,0,0,160,140,0,20,0,0,0,0
cation-desorption__ea-minus-3,1,90403,16000,1147.633,160,120,40,0,0,0,160,140,0,20,0,0,0,0
cation-desorption__ea-minus-3,1,90403,18000,1294.272,160,120,40,0,0,0,160,140,0,20,0,0,0,0
cation-desorption__ea-minus-3,1,90403,20000,1434.076,160,120,40,0,0,0,160,140,0,20,0,0,0,0
cation-desorption__ea-minus-3,2,90407,0,0.0,160,120,40,0,0,0,160,140,0,20,0,0,0,0
cation-desorption__ea-minus-3,2,90407,2000,144.4102,160,120,40,0,0,0,160,140,0,20,0,0,0,0
cation-desorption__ea-minus-3,2,90407,4000,292.1793,160,120,40,0,0,0,160,140,0,20,0,0,0,0
cation-desorption__ea-minus-3,2,90407,6000,441.9682,160,120,40,0,0,0,160,140,0,20,0,0,0,0
cation-desorption__ea-minus-3,2,90407,8000,577.6964,160,120,40,0,0,0,160,140,0,20,0,0,0,0
cation-desorption__ea-minus-3,2,90407,10000,717.1121,160,120,40,0,0,0,160,140,0,20,0,0,0,0
cation-desorption__ea-minus-3,2,90407,12000,855.5837,160,120,40,0,0,0,160,140,0,20,0,0,0,0
cation-desorption__ea-minus-3,2,90407,14000,1003.298,160,120,40,0,0,0,160,140,0,20,0,0,0,0
cation-desorption__ea-minus-3,2,90407,16000,1139.54,160,120,40,0,0,0,160,140,0,20,0,0,0,0
cation-desorption__ea-minus-3,2,90407,18000,1288.186,161,120,40,0,0,1,160,139,1,19,1,0,0,0
cation-desorption__ea-minus-3,2,90407,20000,1445.428,161,120,40,0,0,1,160,139,1,19,1,0,0,0
cation-desorption__ea-minus-3,3,90409,0,0.0,160,120,40,0,0,0,160,140,0,20,0,0,0,0
cation-desorption__ea-minus-3,3,90409,2000,147.6805,160,120,40,0,0,0,160,140,0,20,0,0,0,0
cation-desorption__ea-minus-3,3,90409,4000,294.6574,160,120,40,0,0,0,160,140,0,20,0,0,0,0
cation-desorption__ea-minus-3,3,90409,6000,455.1567,161,120,40,0,0,1,160,139,1,19,1,0,0,0
cation-desorption__ea-minus-3,3,90409,8000,610.0296,161,120,40,0,0,1,160,139,1,19,1,0,0,0
cation-desorption__ea-minus-3,3,90409,10000,766.6151,161,120,40,0,0,1,160,139,1,19,1,0,0,0
cation-desorption__ea-minus-3,3,90409,12000,911.602,161,120,40,0,0,1,160,139,1,19,1,0,0,0
cation-desorption__ea-minus-3,3,90409,14000,1069.171,161,120,40,0,0,1,160,139,1,19,1,0,0,0
cation-desorption__ea-minus-3,3,90409,16000,1219.983,161,120,40,0,0,1,160,139,1,19,1,0,0,0
cation-desorption__ea-minus-3,3,90409,18000,1374.608,162,120,40,0,0,2,160,140,0,20,0,0,0,0
cation-desorption__ea-minus-3,3,90409,20000,1539.301,163,120,40,0,0,3,160,139,1,19,1,0,0,0
cation-desorption__ea-minus-3,4,90413,0,0.0,160,120,40,0,0,0,160,140,0,20,0,0,0,0
cation-desorption__ea-minus-3,4,90413,2000,144.2787,160,120,40,0,0,0,160,140,0,20,0,0,0,0
cation-desorption__ea-minus-3,4,90413,4000,293.8795,160,120,40,0,0,0,160,140,0,20,0,0,0,0
cation-desorption__ea-minus-3,4,90413,6000,432.2299,160,120,40,0,0,0,160,140,0,20,0,0,0,0
cation-desorption__ea-minus-3,4,90413,8000,579.9652,160,120,40,0,0,0,160,140,0,20,0,0,0,0
cation-desorption__ea-minus-3,4,90413,10000,726.2198,160,120,40,0,0,0,160,140,0,20,0,0,0,0
cation-desorption__ea-minus-3,4,90413,12000,871.7934,160,120,40,0,0,0,160,140,0,20,0,0,0,0
cation-desorption__ea-minus-3,4,90413,14000,1017.125,160,120,40,0,0,0,160,140,0,20,0,0,0,0
cation-desorption__ea-minus-3,4,90413,16000,1162.618,160,120,40,0,0,0,160,140,0,20,0,0,0,0
cation-desorption__ea-minus-3,4,90413,18000,1305.205,161,120,40,0,0,1,160,139,1,19,1,0,0,0
cation-desorption__ea-minus-3,4,90413,20000,1456.543,161,120,40,0,0,1,160,139,1,19,1,0,0,0
cation-desorption__ea-minus-3,5,90419,0,0.0,160,120,40,0,0,0,160,140,0,20,0,0,0,0
cation-desorption__ea-minus-3,5,90419,2000,150.0076,161,120,40,0,0,1,160,139,1,19,1,0,0,0
cation-desorption__ea-minus-3,5,90419,4000,299.9473,161,120,40,0,0,1,160,139,1,19,1,0,0,0
cation-desorption__ea-minus-3,5,90419,6000,453.5396,161,120,40,0,0,1,160,139,1,19,1,0,0,0
cation-desorption__ea-minus-3,5,90419,8000,611.4099,161,120,40,0,0,1,160,139,1,19,1,0,0,0
cation-desorption__ea-minus-3,5,90419,10000,766.5827,161,120,40,0,0,1,160,139,1,19,1,0,0,0
cation-desorption__ea-minus-3,5,90419,12000,908.5637,161,120,40,0,0,1,160,139,1,19,1,0,0,0
cation-desorption__ea-minus-3,5,90419,14000,1061.609,161,120,40,0,0,1,160,139,1,19,1,0,0,0
cation-desorption__ea-minus-3,5,90419,16000,1208.838,161,120,40,0,0,1,160,139,1,19,1,0,0,0
cation-desorption__ea-minus-3,5,90419,18000,1356.063,162,120,40,0,0,2,160,140,0,20,0,0,0,0
cation-desorption__ea-minus-3,5,90419,20000,1513.534,162,120,40,0,0,2,160,140,0,20,0,0,0,0
cation-desorption__ea-minus-3,6,90421,0,0.0,160,120,40,0,0,0,160,140,0,20,0,0,0,0
cation-desorption__ea-minus-3,6,90421,2000,151.4684,160,120,40,0,0,0,160,140,0,20,0,0,0,0
cation-desorption__ea-minus-3,6,90421,4000,294.9625,160,120,40,0,0,0,160,140,0,20,0,0,0,0
cation-desorption__ea-minus-3,6,90421,6000,426.4785,160,120,40,0,0,0,160,140,0,20,0,0,0,0
cation-desorption__ea-minus-3,6,90421,8000,578.3517,160,120,40,0,0,0,160,140,0,20,0,0,0,0
cation-desorption__ea-minus-3,6,90421,10000,723.5039,160,120,40,0,0,0,160,140,0,20,0,0,0,0
cation-desorption__ea-minus-3,6,90421,12000,867.4897,160,120,40,0,0,0,160,140,0,20,0,0,0,0
cation-desorption__ea-minus-3,6,90421,14000,1020.746,162,120,40,0,0,2,160,140,0,20,0,0,0,0
cation-desorption__ea-minus-3,6,90421,16000,1175.487,162,120,40,0,0,2,160,140,0,20,0,0,0,0
cation-desorption__ea-minus-3,6,90421,18000,1329.142,162,120,40,0,0,2,160,140,0,20,0,0,0,0
cation-desorption__ea-minus-3,6,90421,20000,1496.714,162,120,40,0,0,2,160,140,0,20,0,0,0,0
cation-desorption__ea-minus-3,7,90427,0,0.0,160,120,40,0,0,0,160,140,0,20,0,0,0,0
cation-desorption__ea-minus-3,7,90427,2000,149.0075,161,120,40,0,0,1,160,139,1,19,1,0,0,0
cation-desorption__ea-minus-3,7,90427,4000,301.2516,161,120,40,0,0,1,160,139,1,19,1,0,0,0
cation-desorption__ea-minus-3,7,90427,6000,448.5353,161,120,40,0,0,1,160,139,1,19,1,0,0,0
cation-desorption__ea-minus-3,7,90427,8000,607.5869,161,120,40,0,0,1,160,139,1,19,1,0,0,0
cation-desorption__ea-minus-3,7,90427,10000,763.3309,161,120,40,0,0,1,160,139,1,19,1,0,0,0
cation-desorption__ea-minus-3,7,90427,12000,917.7792,161,120,40,0,0,1,160,139,1,19,1,0,0,0
cation-desorption__ea-minus-3,7,90427,14000,1067.453,162,120,40,0,0,2,160,140,0,20,0,0,0,0
cation-desorption__ea-minus-3,7,90427,16000,1235.342,162,120,40,0,0,2,160,140,0,20,0,0,0,0
cation-desorption__ea-minus-3,7,90427,18000,1394.044,162,120,40,0,0,2,160,140,0,20,0,0,0,0
cation-desorption__ea-minus-3,7,90427,20000,1549.304,162,120,40,0,0,2,160,140,0,20,0,0,0,0
cation-desorption__ea-plus-3,0,90401,0,0.0,160,120,40,0,0,0,160,140,0,20,0,0,0,0
cation-desorption__ea-plus-3,0,90401,2000,145.0588,160,120,40,0,0,0,160,140,0,20,0,0,0,0
cation-desorption__ea-plus-3,0,90401,4000,288.6243,160,120,40,0,0,0,160,140,0,20,0,0,0,0
cation-desorption__ea-plus-3,0,90401,6000,437.1405,160,120,40,0,0,0,160,140,0,20,0,0,0,0
cation-desorption__ea-plus-3,0,90401,8000,578.8338,160,120,40,0,0,0,160,140,0,20,0,0,0,0
cation-desorption__ea-plus-3,0,90401,10000,719.5576,160,120,40,0,0,0,160,140,0,20,0,0,0,0
cation-desorption__ea-plus-3,0,90401,12000,858.3491,160,120,40,0,0,0,160,140,0,20,0,0,0,0
cation-desorption__ea-plus-3,0,90401,14000,995.368,160,120,40,0,0,0,160,140,0,20,0,0,0,0
cation-desorption__ea-plus-3,0,90401,16000,1138.833,160,120,40,0,0,0,160,140,0,20,0,0,0,0
cation-desorption__ea-plus-3,0,90401,18000,1278.925,160,120,40,0,0,0,160,140,0,20,0,0,0,0
cation-desorption__ea-plus-3,0,90401,20000,1419.145,160,120,40,0,0,0,160,140,0,20,0,0,0,0
cation-desorption__ea-plus-3,1,90403,0,0.0,160,120,40,0,0,0,160,140,0,20,0,0,0,0
cation-desorption__ea-plus-3,1,90403,2000,142.9856,160,120,40,0,0,0,160,140,0,20,0,0,0,0
cation-desorption__ea-plus-3,1,90403,4000,286.5905,160,120,40,0,0,0,160,140,0,20,0,0,0,0
cation-desorption__ea-plus-3,1,90403,6000,424.6695,160,120,40,0,0,0,160,140,0,20,0,0,0,0
cation-desorption__ea-plus-3,1,90403,8000,574.4201,160,120,40,0,0,0,160,140,0,20,0,0,0,0
cation-desorption__ea-plus-3,1,90403,10000,712.9999,160,120,40,0,0,0,160,140,0,20,0,0,0,0
cation-desorption__ea-plus-3,1,90403,12000,860.3508,160,120,40,0,0,0,160,140,0,20,0,0,0,0
cation-desorption__ea-plus-3,1,90403,14000,1005.387,160,120,40,0,0,0,160,140,0,20,0,0,0,0
cation-desorption__ea-plus-3,1,90403,16000,1147.633,160,120,40,0,0,0,160,140,0,20,0,0,0,0
cation-desorption__ea-plus-3,1,90403,18000,1294.272,160,120,40,0,0,0,160,140,0,20,0,0,0,0
cation-desorption__ea-plus-3,1,90403,20000,1434.076,160,120,40,0,0,0,160,140,0,20,0,0,0,0
cation-desorption__ea-plus-3,2,90407,0,0.0,160,120,40,0,0,0,160,140,0,20,0,0,0,0
cation-desorption__ea-plus-3,2,90407,2000,144.4102,160,120,40,0,0,0,160,140,0,20,0,0,0,0
cation-desorption__ea-plus-3,2,90407,4000,292.1793,160,120,40,0,0,0,160,140,0,20,0,0,0,0
cation-desorption__ea-plus-3,2,90407,6000,441.9682,160,120,40,0,0,0,160,140,0,20,0,0,0,0
cation-desorption__ea-plus-3,2,90407,8000,577.6964,160,120,40,0,0,0,160,140,0,20,0,0,0,0
cation-desorption__ea-plus-3,2,90407,10000,717.1121,160,120,40,0,0,0,160,140,0,20,0,0,0,0
cation-desorption__ea-plus-3,2,90407,12000,855.5837,160,120,40,0,0,0,160,140,0,20,0,0,0,0
cation-desorption__ea-plus-3,2,90407,14000,1003.298,160,120,40,0,0,0,160,140,0,20,0,0,0,0
cation-desorption__ea-plus-3,2,90407,16000,1139.54,160,120,40,0,0,0,160,140,0,20,0,0,0,0
cation-desorption__ea-plus-3,2,90407,18000,1288.186,161,120,40,0,0,1,160,139,1,19,1,0,0,0
cation-desorption__ea-plus-3,2,90407,20000,1445.428,161,120,40,0,0,1,160,139,1,19,1,0,0,0
cation-desorption__ea-plus-3,3,90409,0,0.0,160,120,40,0,0,0,160,140,0,20,0,0,0,0
cation-desorption__ea-plus-3,3,90409,2000,147.6805,160,120,40,0,0,0,160,140,0,20,0,0,0,0
cation-desorption__ea-plus-3,3,90409,4000,294.6574,160,120,40,0,0,0,160,140,0,20,0,0,0,0
cation-desorption__ea-plus-3,3,90409,6000,455.1567,161,120,40,0,0,1,160,139,1,19,1,0,0,0
cation-desorption__ea-plus-3,3,90409,8000,610.0296,161,120,40,0,0,1,160,139,1,19,1,0,0,0
cation-desorption__ea-plus-3,3,90409,10000,766.6151,161,120,40,0,0,1,160,139,1,19,1,0,0,0
cation-desorption__ea-plus-3,3,90409,12000,911.602,161,120,40,0,0,1,160,139,1,19,1,0,0,0
cation-desorption__ea-plus-3,3,90409,14000,1069.171,161,120,40,0,0,1,160,139,1,19,1,0,0,0
cation-desorption__ea-plus-3,3,90409,16000,1219.983,161,120,40,0,0,1,160,139,1,19,1,0,0,0
cation-desorption__ea-plus-3,3,90409,18000,1374.608,162,120,40,0,0,2,160,140,0,20,0,0,0,0
cation-desorption__ea-plus-3,3,90409,20000,1539.301,163,120,40,0,0,3,160,139,1,19,1,0,0,0
cation-desorption__ea-plus-3,4,90413,0,0.0,160,120,40,0,0,0,160,140,0,20,0,0,0,0
cation-desorption__ea-plus-3,4,90413,2000,144.2787,160,120,40,0,0,0,160,140,0,20,0,0,0,0
cation-desorption__ea-plus-3,4,90413,4000,293.8795,160,120,40,0,0,0,160,140,0,20,0,0,0,0
cation-desorption__ea-plus-3,4,90413,6000,432.2299,160,120,40,0,0,0,160,140,0,20,0,0,0,0
cation-desorption__ea-plus-3,4,90413,8000,579.9652,160,120,40,0,0,0,160,140,0,20,0,0,0,0
cation-desorption__ea-plus-3,4,90413,10000,726.2198,160,120,40,0,0,0,160,140,0,20,0,0,0,0
cation-desorption__ea-plus-3,4,90413,12000,871.7934,160,120,40,0,0,0,160,140,0,20,0,0,0,0
cation-desorption__ea-plus-3,4,90413,14000,1017.125,160,120,40,0,0,0,160,140,0,20,0,0,0,0
cation-desorption__ea-plus-3,4,90413,16000,1162.618,160,120,40,0,0,0,160,140,0,20,0,0,0,0
cation-desorption__ea-plus-3,4,90413,18000,1305.205,161,120,40,0,0,1,160,139,1,19,1,0,0,0
cation-desorption__ea-plus-3,4,90413,20000,1456.543,161,120,40,0,0,1,160,139,1,19,1,0,0,0
cation-desorption__ea-plus-3,5,90419,0,0.0,160,120,40,0,0,0,160,140,0,20,0,0,0,0
cation-desorption__ea-plus-3,5,90419,2000,150.0076,161,120,40,0,0,1,160,139,1,19,1,0,0,0
cation-desorption__ea-plus-3,5,90419,4000,299.9473,161,120,40,0,0,1,160,139,1,19,1,0,0,0
cation-desorption__ea-plus-3,5,90419,6000,453.5396,161,120,40,0,0,1,160,139,1,19,1,0,0,0
cation-desorption__ea-plus-3,5,90419,8000,611.4099,161,120,40,0,0,1,160,139,1,19,1,0,0,0
cation-desorption__ea-plus-3,5,90419,10000,766.5827,161,120,40,0,0,1,160,139,1,19,1,0,0,0
cation-desorption__ea-plus-3,5,90419,12000,908.5637,161,120,40,0,0,1,160,139,1,19,1,0,0,0
cation-desorption__ea-plus-3,5,90419,14000,1061.609,161,120,40,0,0,1,160,139,1,19,1,0,0,0
cation-desorption__ea-plus-3,5,90419,16000,1208.838,161,120,40,0,0,1,160,139,1,19,1,0,0,0
cation-desorption__ea-plus-3,5,90419,18000,1356.063,162,120,40,0,0,2,160,140,0,20,0,0,0,0
cation-desorption__ea-plus-3,5,90419,20000,1513.534,162,120,40,0,0,2,160,140,0,20,0,0,0,0
cation-desorption__ea-plus-3,6,90421,0,0.0,160,120,40,0,0,0,160,140,0,20,0,0,0,0
cation-desorption__ea-plus-3,6,90421,2000,151.4684,160,120,40,0,0,0,160,140,0,20,0,0,0,0
cation-desorption__ea-plus-3,6,90421,4000,294.9625,160,120,40,0,0,0,160,140,0,20,0,0,0,0
cation-desorption__ea-plus-3,6,90421,6000,426.4785,160,120,40,0,0,0,160,140,0,20,0,0,0,0
cation-desorption__ea-plus-3,6,90421,8000,578.3517,160,120,40,0,0,0,160,140,0,20,0,0,0,0
cation-desorption__ea-plus-3,6,90421,10000,723.5039,160,120,40,0,0,0,160,140,0,20,0,0,0,0
cation-desorption__ea-plus-3,6,90421,12000,867.4897,160,120,40,0,0,0,160,140,0,20,0,0,0,0
cation-desorption__ea-plus-3,6,90421,14000,1020.746,162,120,40,0,0,2,160,140,0,20,0,0,0,0
cation-desorption__ea-plus-3,6,90421,16000,1175.487,162,120,40,0,0,2,160,140,0,20,0,0,0,0
cation-desorption__ea-plus-3,6,90421,18000,1329.142,162,120,40,0,0,2,160,140,0,20,0,0,0,0
cation-desorption__ea-plus-3,6,90421,20000,1496.714,162,120,40,0,0,2,160,140,0,20,0,0,0,0
cation-desorption__ea-plus-3,7,90427,0,0.0,160,120,40,0,0,0,160,140,0,20,0,0,0,0
cation-desorption__ea-plus-3,7,90427,2000,149.0075,161,120,40,0,0,1,160,139,1,19,1,0,0,0
cation-desorption__ea-plus-3,7,90427,4000,301.2516,161,120,40,0,0,1,160,139,1,19,1,0,0,0
cation-desorption__ea-plus-3,7,90427,6000,448.5353,161,120,40,0,0,1,160,139,1,19,1,0,0,0
cation-desorption__ea-plus-3,7,90427,8000,607.5869,161,120,40,0,0,1,160,139,1,19,1,0,0,0
cation-desorption__ea-plus-3,7,90427,10000,763.3309,161,120,40,0,0,1,160,139,1,19,1,0,0,0
cation-desorption__ea-plus-3,7,90427,12000,917.7792,161,120,40,0,0,1,160,139,1,19,1,0,0,0
cation-desorption__ea-plus-3,7,90427,14000,1067.453,162,120,40,0,0,2,160,140,0,20,0,0,0,0
cation-desorption__ea-plus-3,7,90427,16000,1235.342,162,120,40,0,0,2,160,140,0,20,0,0,0,0
cation-desorption__ea-plus-3,7,90427,18000,1394.044,162,120,40,0,0,2,160,140,0,20,0,0,0,0
cation-desorption__ea-plus-3,7,90427,20000,1549.304,162,120,40,0,0,2,160,140,0,20,0,0,0,0
cation-desorption__prefactor-x0.1,0,90401,0,0.0,160,120,40,0,0,0,160,140,0,20,0,0,0,0
cation-desorption__prefactor-x0.1,0,90401,2000,145.0588,160,120,40,0,0,0,160,140,0,20,0,0,0,0
cation-desorption__prefactor-x0.1,0,90401,4000,288.6243,160,120,40,0,0,0,160,140,0,20,0,0,0,0
cation-desorption__prefactor-x0.1,0,90401,6000,437.1405,160,120,40,0,0,0,160,140,0,20,0,0,0,0
cation-desorption__prefactor-x0.1,0,90401,8000,578.8338,160,120,40,0,0,0,160,140,0,20,0,0,0,0
cation-desorption__prefactor-x0.1,0,90401,10000,719.5576,160,120,40,0,0,0,160,140,0,20,0,0,0,0
cation-desorption__prefactor-x0.1,0,90401,12000,858.3491,160,120,40,0,0,0,160,140,0,20,0,0,0,0
cation-desorption__prefactor-x0.1,0,90401,14000,995.368,160,120,40,0,0,0,160,140,0,20,0,0,0,0
cation-desorption__prefactor-x0.1,0,90401,16000,1138.833,160,120,40,0,0,0,160,140,0,20,0,0,0,0
cation-desorption__prefactor-x0.1,0,90401,18000,1278.925,160,120,40,0,0,0,160,140,0,20,0,0,0,0
cation-desorption__prefactor-x0.1,0,90401,20000,1419.145,160,120,40,0,0,0,160,140,0,20,0,0,0,0
cation-desorption__prefactor-x0.1,1,90403,0,0.0,160,120,40,0,0,0,160,140,0,20,0,0,0,0
cation-desorption__prefactor-x0.1,1,90403,2000,142.9856,160,120,40,0,0,0,160,140,0,20,0,0,0,0
cation-desorption__prefactor-x0.1,1,90403,4000,286.5905,160,120,40,0,0,0,160,140,0,20,0,0,0,0
cation-desorption__prefactor-x0.1,1,90403,6000,424.6695,160,120,40,0,0,0,160,140,0,20,0,0,0,0
cation-desorption__prefactor-x0.1,1,90403,8000,574.4201,160,120,40,0,0,0,160,140,0,20,0,0,0,0
cation-desorption__prefactor-x0.1,1,90403,10000,712.9999,160,120,40,0,0,0,160,140,0,20,0,0,0,0
cation-desorption__prefactor-x0.1,1,90403,12000,860.3508,160,120,40,0,0,0,160,140,0,20,0,0,0,0
cation-desorption__prefactor-x0.1,1,90403,14000,1005.387,160,120,40,0,0,0,160,140,0,20,0,0,0,0
cation-desorption__prefactor-x0.1,1,90403,16000,1147.633,160,120,40,0,0,0,160,140,0,20,0,0,0,0
cation-desorption__prefactor-x0.1,1,90403,18000,1294.272,160,120,40,0,0,0,160,140,0,20,0,0,0,0
cation-desorption__prefactor-x0.1,1,90403,20000,1434.076,160,120,40,0,0,0,160,140,0,20,0,0,0,0
cation-desorption__prefactor-x0.1,2,90407,0,0.0,160,120,40,0,0,0,160,140,0,20,0,0,0,0
cation-desorption__prefactor-x0.1,2,90407,2000,144.4102,160,120,40,0,0,0,160,140,0,20,0,0,0,0
cation-desorption__prefactor-x0.1,2,90407,4000,292.1793,160,120,40,0,0,0,160,140,0,20,0,0,0,0
cation-desorption__prefactor-x0.1,2,90407,6000,441.9682,160,120,40,0,0,0,160,140,0,20,0,0,0,0
cation-desorption__prefactor-x0.1,2,90407,8000,577.6964,160,120,40,0,0,0,160,140,0,20,0,0,0,0
cation-desorption__prefactor-x0.1,2,90407,10000,717.1121,160,120,40,0,0,0,160,140,0,20,0,0,0,0
cation-desorption__prefactor-x0.1,2,90407,12000,855.5837,160,120,40,0,0,0,160,140,0,20,0,0,0,0
cation-desorption__prefactor-x0.1,2,90407,14000,1003.298,160,120,40,0,0,0,160,140,0,20,0,0,0,0
cation-desorption__prefactor-x0.1,2,90407,16000,1139.54,160,120,40,0,0,0,160,140,0,20,0,0,0,0
cation-desorption__prefactor-x0.1,2,90407,18000,1288.186,161,120,40,0,0,1,160,139,1,19,1,0,0,0
cation-desorption__prefactor-x0.1,2,90407,20000,1445.428,161,120,40,0,0,1,160,139,1,19,1,0,0,0
cation-desorption__prefactor-x0.1,3,90409,0,0.0,160,120,40,0,0,0,160,140,0,20,0,0,0,0
cation-desorption__prefactor-x0.1,3,90409,2000,147.6805,160,120,40,0,0,0,160,140,0,20,0,0,0,0
cation-desorption__prefactor-x0.1,3,90409,4000,294.6574,160,120,40,0,0,0,160,140,0,20,0,0,0,0
cation-desorption__prefactor-x0.1,3,90409,6000,455.1567,161,120,40,0,0,1,160,139,1,19,1,0,0,0
cation-desorption__prefactor-x0.1,3,90409,8000,610.0296,161,120,40,0,0,1,160,139,1,19,1,0,0,0
cation-desorption__prefactor-x0.1,3,90409,10000,766.6151,161,120,40,0,0,1,160,139,1,19,1,0,0,0
cation-desorption__prefactor-x0.1,3,90409,12000,911.602,161,120,40,0,0,1,160,139,1,19,1,0,0,0
cation-desorption__prefactor-x0.1,3,90409,14000,1069.171,161,120,40,0,0,1,160,139,1,19,1,0,0,0
cation-desorption__prefactor-x0.1,3,90409,16000,1219.983,161,120,40,0,0,1,160,139,1,19,1,0,0,0
cation-desorption__prefactor-x0.1,3,90409,18000,1374.608,162,120,40,0,0,2,160,140,0,20,0,0,0,0
cation-desorption__prefactor-x0.1,3,90409,20000,1539.301,163,120,40,0,0,3,160,139,1,19,1,0,0,0
cation-desorption__prefactor-x0.1,4,90413,0,0.0,160,120,40,0,0,0,160,140,0,20,0,0,0,0
cation-desorption__prefactor-x0.1,4,90413,2000,144.2787,160,120,40,0,0,0,160,140,0,20,0,0,0,0
cation-desorption__prefactor-x0.1,4,90413,4000,293.8795,160,120,40,0,0,0,160,140,0,20,0,0,0,0
cation-desorption__prefactor-x0.1,4,90413,6000,432.2299,160,120,40,0,0,0,160,140,0,20,0,0,0,0
cation-desorption__prefactor-x0.1,4,90413,8000,579.9652,160,120,40,0,0,0,160,140,0,20,0,0,0,0
cation-desorption__prefactor-x0.1,4,90413,10000,726.2198,160,120,40,0,0,0,160,140,0,20,0,0,0,0
cation-desorption__prefactor-x0.1,4,90413,12000,871.7934,160,120,40,0,0,0,160,140,0,20,0,0,0,0
cation-desorption__prefactor-x0.1,4,90413,14000,1017.125,160,120,40,0,0,0,160,140,0,20,0,0,0,0
cation-desorption__prefactor-x0.1,4,90413,16000,1162.618,160,120,40,0,0,0,160,140,0,20,0,0,0,0
cation-desorption__prefactor-x0.1,4,90413,18000,1305.205,161,120,40,0,0,1,160,139,1,19,1,0,0,0
cation-desorption__prefactor-x0.1,4,90413,20000,1456.543,161,120,40,0,0,1,160,139,1,19,1,0,0,0
cation-desorption__prefactor-x0.1,5,90419,0,0.0,160,120,40,0,0,0,160,140,0,20,0,0,0,0
cation-desorption__prefactor-x0.1,5,90419,2000,150.0076,161,120,40,0,0,1,160,139,1,19,1,0,0,0
cation-desorption__prefactor-x0.1,5,90419,4000,299.9473,161,120,40,0,0,1,160,139,1,19,1,0,0,0
cation-desorption__prefactor-x0.1,5,90419,6000,453.5396,161,120,40,0,0,1,160,139,1,19,1,0,0,0
cation-desorption__prefactor-x0.1,5,90419,8000,611.4099,161,120,40,0,0,1,160,139,1,19,1,0,0,0
cation-desorption__prefactor-x0.1,5,90419,10000,766.5827,161,120,40,0,0,1,160,139,1,19,1,0,0,0
cation-desorption__prefactor-x0.1,5,90419,12000,908.5637,161,120,40,0,0,1,160,139,1,19,1,0,0,0
cation-desorption__prefactor-x0.1,5,90419,14000,1061.609,161,120,40,0,0,1,160,139,1,19,1,0,0,0
cation-desorption__prefactor-x0.1,5,90419,16000,1208.838,161,120,40,0,0,1,160,139,1,19,1,0,0,0
cation-desorption__prefactor-x0.1,5,90419,18000,1356.063,162,120,40,0,0,2,160,140,0,20,0,0,0,0
cation-desorption__prefactor-x0.1,5,90419,20000,1513.534,162,120,40,0,0,2,160,140,0,20,0,0,0,0
cation-desorption__prefactor-x0.1,6,90421,0,0.0,160,120,40,0,0,0,160,140,0,20,0,0,0,0
cation-desorption__prefactor-x0.1,6,90421,2000,151.4684,160,120,40,0,0,0,160,140,0,20,0,0,0,0
cation-desorption__prefactor-x0.1,6,90421,4000,294.9625,160,120,40,0,0,0,160,140,0,20,0,0,0,0
cation-desorption__prefactor-x0.1,6,90421,6000,426.4785,160,120,40,0,0,0,160,140,0,20,0,0,0,0
cation-desorption__prefactor-x0.1,6,90421,8000,578.3517,160,120,40,0,0,0,160,140,0,20,0,0,0,0
cation-desorption__prefactor-x0.1,6,90421,10000,723.5039,160,120,40,0,0,0,160,140,0,20,0,0,0,0
cation-desorption__prefactor-x0.1,6,90421,12000,867.4897,160,120,40,0,0,0,160,140,0,20,0,0,0,0
cation-desorption__prefactor-x0.1,6,90421,14000,1020.746,162,120,40,0,0,2,160,140,0,20,0,0,0,0
cation-desorption__prefactor-x0.1,6,90421,16000,1175.487,162,120,40,0,0,2,160,140,0,20,0,0,0,0
cation-desorption__prefactor-x0.1,6,90421,18000,1329.142,162,120,40,0,0,2,160,140,0,20,0,0,0,0
cation-desorption__prefactor-x0.1,6,90421,20000,1496.714,162,120,40,0,0,2,160,140,0,20,0,0,0,0
cation-desorption__prefactor-x0.1,7,90427,0,0.0,160,120,40,0,0,0,160,140,0,20,0,0,0,0
cation-desorption__prefactor-x0.1,7,90427,2000,149.0075,161,120,40,0,0,1,160,139,1,19,1,0,0,0
cation-desorption__prefactor-x0.1,7,90427,4000,301.2516,161,120,40,0,0,1,160,139,1,19,1,0,0,0
cation-desorption__prefactor-x0.1,7,90427,6000,448.5353,161,120,40,0,0,1,160,139,1,19,1,0,0,0
cation-desorption__prefactor-x0.1,7,90427,8000,607.5869,161,120,40,0,0,1,160,139,1,19,1,0,0,0
cation-desorption__prefactor-x0.1,7,90427,10000,763.3309,161,120,40,0,0,1,160,139,1,19,1,0,0,0
cation-desorption__prefactor-x0.1,7,90427,12000,917.7792,161,120,40,0,0,1,160,139,1,19,1,0,0,0
cation-desorption__prefactor-x0.1,7,90427,14000,1067.453,162,120,40,0,0,2,160,140,0,20,0,0,0,0
cation-desorption__prefactor-x0.1,7,90427,16000,1235.342,162,120,40,0,0,2,160,140,0,20,0,0,0,0
cation-desorption__prefactor-x0.1,7,90427,18000,1394.044,162,120,40,0,0,2,160,140,0,20,0,0,0,0
cation-desorption__prefactor-x0.1,7,90427,20000,1549.304,162,120,40,0,0,2,160,140,0,20,0,0,0,0
cation-desorption__prefactor-x10,0,90401,0,0.0,160,120,40,0,0,0,160,140,0,20,0,0,0,0
cation-desorption__prefactor-x10,0,90401,2000,145.0588,160,120,40,0,0,0,160,140,0,20,0,0,0,0
cation-desorption__prefactor-x10,0,90401,4000,288.6243,160,120,40,0,0,0,160,140,0,20,0,0,0,0
cation-desorption__prefactor-x10,0,90401,6000,437.1405,160,120,40,0,0,0,160,140,0,20,0,0,0,0
cation-desorption__prefactor-x10,0,90401,8000,578.8338,160,120,40,0,0,0,160,140,0,20,0,0,0,0
cation-desorption__prefactor-x10,0,90401,10000,719.5576,160,120,40,0,0,0,160,140,0,20,0,0,0,0
cation-desorption__prefactor-x10,0,90401,12000,858.3491,160,120,40,0,0,0,160,140,0,20,0,0,0,0
cation-desorption__prefactor-x10,0,90401,14000,995.368,160,120,40,0,0,0,160,140,0,20,0,0,0,0
cation-desorption__prefactor-x10,0,90401,16000,1138.833,160,120,40,0,0,0,160,140,0,20,0,0,0,0
cation-desorption__prefactor-x10,0,90401,18000,1278.925,160,120,40,0,0,0,160,140,0,20,0,0,0,0
cation-desorption__prefactor-x10,0,90401,20000,1419.145,160,120,40,0,0,0,160,140,0,20,0,0,0,0
cation-desorption__prefactor-x10,1,90403,0,0.0,160,120,40,0,0,0,160,140,0,20,0,0,0,0
cation-desorption__prefactor-x10,1,90403,2000,142.9856,160,120,40,0,0,0,160,140,0,20,0,0,0,0
cation-desorption__prefactor-x10,1,90403,4000,286.5905,160,120,40,0,0,0,160,140,0,20,0,0,0,0
cation-desorption__prefactor-x10,1,90403,6000,424.6695,160,120,40,0,0,0,160,140,0,20,0,0,0,0
cation-desorption__prefactor-x10,1,90403,8000,574.4201,160,120,40,0,0,0,160,140,0,20,0,0,0,0
cation-desorption__prefactor-x10,1,90403,10000,712.9999,160,120,40,0,0,0,160,140,0,20,0,0,0,0
cation-desorption__prefactor-x10,1,90403,12000,860.3508,160,120,40,0,0,0,160,140,0,20,0,0,0,0
cation-desorption__prefactor-x10,1,90403,14000,1005.387,160,120,40,0,0,0,160,140,0,20,0,0,0,0
cation-desorption__prefactor-x10,1,90403,16000,1147.633,160,120,40,0,0,0,160,140,0,20,0,0,0,0
cation-desorption__prefactor-x10,1,90403,18000,1294.272,160,120,40,0,0,0,160,140,0,20,0,0,0,0
cation-desorption__prefactor-x10,1,90403,20000,1434.076,160,120,40,0,0,0,160,140,0,20,0,0,0,0
cation-desorption__prefactor-x10,2,90407,0,0.0,160,120,40,0,0,0,160,140,0,20,0,0,0,0
cation-desorption__prefactor-x10,2,90407,2000,144.4102,160,120,40,0,0,0,160,140,0,20,0,0,0,0
cation-desorption__prefactor-x10,2,90407,4000,292.1793,160,120,40,0,0,0,160,140,0,20,0,0,0,0
cation-desorption__prefactor-x10,2,90407,6000,441.9682,160,120,40,0,0,0,160,140,0,20,0,0,0,0
cation-desorption__prefactor-x10,2,90407,8000,577.6964,160,120,40,0,0,0,160,140,0,20,0,0,0,0
cation-desorption__prefactor-x10,2,90407,10000,717.1121,160,120,40,0,0,0,160,140,0,20,0,0,0,0
cation-desorption__prefactor-x10,2,90407,12000,855.5837,160,120,40,0,0,0,160,140,0,20,0,0,0,0
cation-desorption__prefactor-x10,2,90407,14000,1003.298,160,120,40,0,0,0,160,140,0,20,0,0,0,0
cation-desorption__prefactor-x10,2,90407,16000,1139.54,160,120,40,0,0,0,160,140,0,20,0,0,0,0
cation-desorption__prefactor-x10,2,90407,18000,1288.186,161,120,40,0,0,1,160,139,1,19,1,0,0,0
cation-desorption__prefactor-x10,2,90407,20000,1445.428,161,120,40,0,0,1,160,139,1,19,1,0,0,0
cation-desorption__prefactor-x10,3,90409,0,0.0,160,120,40,0,0,0,160,140,0,20,0,0,0,0
cation-desorption__prefactor-x10,3,90409,2000,147.6805,160,120,40,0,0,0,160,140,0,20,0,0,0,0
cation-desorption__prefactor-x10,3,90409,4000,294.6574,160,120,40,0,0,0,160,140,0,20,0,0,0,0
cation-desorption__prefactor-x10,3,90409,6000,455.1567,161,120,40,0,0,1,160,139,1,19,1,0,0,0
cation-desorption__prefactor-x10,3,90409,8000,610.0296,161,120,40,0,0,1,160,139,1,19,1,0,0,0
cation-desorption__prefactor-x10,3,90409,10000,766.6151,161,120,40,0,0,1,160,139,1,19,1,0,0,0
cation-desorption__prefactor-x10,3,90409,12000,911.602,161,120,40,0,0,1,160,139,1,19,1,0,0,0
cation-desorption__prefactor-x10,3,90409,14000,1069.171,161,120,40,0,0,1,160,139,1,19,1,0,0,0
cation-desorption__prefactor-x10,3,90409,16000,1219.983,161,120,40,0,0,1,160,139,1,19,1,0,0,0
cation-desorption__prefactor-x10,3,90409,18000,1374.608,162,120,40,0,0,2,160,140,0,20,0,0,0,0
cation-desorption__prefactor-x10,3,90409,20000,1539.301,163,120,40,0,0,3,160,139,1,19,1,0,0,0
cation-desorption__prefactor-x10,4,90413,0,0.0,160,120,40,0,0,0,160,140,0,20,0,0,0,0
cation-desorption__prefactor-x10,4,90413,2000,144.2787,160,120,40,0,0,0,160,140,0,20,0,0,0,0
cation-desorption__prefactor-x10,4,90413,4000,293.8795,160,120,40,0,0,0,160,140,0,20,0,0,0,0
cation-desorption__prefactor-x10,4,90413,6000,432.2299,160,120,40,0,0,0,160,140,0,20,0,0,0,0
cation-desorption__prefactor-x10,4,90413,8000,579.9652,160,120,40,0,0,0,160,140,0,20,0,0,0,0
cation-desorption__prefactor-x10,4,90413,10000,726.2198,160,120,40,0,0,0,160,140,0,20,0,0,0,0
cation-desorption__prefactor-x10,4,90413,12000,871.7934,160,120,40,0,0,0,160,140,0,20,0,0,0,0
cation-desorption__prefactor-x10,4,90413,14000,1017.125,160,120,40,0,0,0,160,140,0,20,0,0,0,0
cation-desorption__prefactor-x10,4,90413,16000,1162.618,160,120,40,0,0,0,160,140,0,20,0,0,0,0
cation-desorption__prefactor-x10,4,90413,18000,1305.205,161,120,40,0,0,1,160,139,1,19,1,0,0,0
cation-desorption__prefactor-x10,4,90413,20000,1456.543,161,120,40,0,0,1,160,139,1,19,1,0,0,0
cation-desorption__prefactor-x10,5,90419,0,0.0,160,120,40,0,0,0,160,140,0,20,0,0,0,0
cation-desorption__prefactor-x10,5,90419,2000,150.0076,161,120,40,0,0,1,160,139,1,19,1,0,0,0
cation-desorption__prefactor-x10,5,90419,4000,299.9473,161,120,40,0,0,1,160,139,1,19,1,0,0,0
cation-desorption__prefactor-x10,5,90419,6000,453.5396,161,120,40,0,0,1,160,139,1,19,1,0,0,0
cation-desorption__prefactor-x10,5,90419,8000,611.4099,161,120,40,0,0,1,160,139,1,19,1,0,0,0
cation-desorption__prefactor-x10,5,90419,10000,766.5827,161,120,40,0,0,1,160,139,1,19,1,0,0,0
cation-desorption__prefactor-x10,5,90419,12000,908.5637,161,120,40,0,0,1,160,139,1,19,1,0,0,0
cation-desorption__prefactor-x10,5,90419,14000,1061.609,161,120,40,0,0,1,160,139,1,19,1,0,0,0
cation-desorption__prefactor-x10,5,90419,16000,1208.838,161,120,40,0,0,1,160,139,1,19,1,0,0,0
cation-desorption__prefactor-x10,5,90419,18000,1356.063,162,120,40,0,0,2,160,140,0,20,0,0,0,0
cation-desorption__prefactor-x10,5,90419,20000,1513.534,162,120,40,0,0,2,160,140,0,20,0,0,0,0
cation-desorption__prefactor-x10,6,90421,0,0.0,160,120,40,0,0,0,160,140,0,20,0,0,0,0
cation-desorption__prefactor-x10,6,90421,2000,151.4684,160,120,40,0,0,0,160,140,0,20,0,0,0,0
cation-desorption__prefactor-x10,6,90421,4000,294.9625,160,120,40,0,0,0,160,140,0,20,0,0,0,0
cation-desorption__prefactor-x10,6,90421,6000,426.4785,160,120,40,0,0,0,160,140,0,20,0,0,0,0
cation-desorption__prefactor-x10,6,90421,8000,578.3517,160,120,40,0,0,0,160,140,0,20,0,0,0,0
cation-desorption__prefactor-x10,6,90421,10000,723.5039,160,120,40,0,0,0,160,140,0,20,0,0,0,0
cation-desorption__prefactor-x10,6,90421,12000,867.4897,160,120,40,0,0,0,160,140,0,20,0,0,0,0
cation-desorption__prefactor-x10,6,90421,14000,1020.746,162,120,40,0,0,2,160,140,0,20,0,0,0,0
cation-desorption__prefactor-x10,6,90421,16000,1175.487,162,120,40,0,0,2,160,140,0,20,0,0,0,0
cation-desorption__prefactor-x10,6,90421,18000,1329.142,162,120,40,0,0,2,160,140,0,20,0,0,0,0
cation-desorption__prefactor-x10,6,90421,20000,1496.714,162,120,40,0,0,2,160,140,0,20,0,0,0,0
cation-desorption__prefactor-x10,7,90427,0,0.0,160,120,40,0,0,0,160,140,0,20,0,0,0,0
cation-desorption__prefactor-x10,7,90427,2000,149.0075,161,120,40,0,0,1,160,139,1,19,1,0,0,0
cation-desorption__prefactor-x10,7,90427,4000,301.2516,161,120,40,0,0,1,160,139,1,19,1,0,0,0
cation-desorption__prefactor-x10,7,90427,6000,448.5353,161,120,40,0,0,1,160,139,1,19,1,0,0,0
cation-desorption__prefactor-x10,7,90427,8000,607.5869,161,120,40,0,0,1,160,139,1,19,1,0,0,0
cation-desorption__prefactor-x10,7,90427,10000,763.3309,161,120,40,0,0,1,160,139,1,19,1,0,0,0
cation-desorption__prefactor-x10,7,90427,12000,917.7792,161,120,40,0,0,1,160,139,1,19,1,0,0,0
cation-desorption__prefactor-x10,7,90427,14000,1067.453,162,120,40,0,0,2,160,140,0,20,0,0,0,0
cation-desorption__prefactor-x10,7,90427,16000,1235.342,162,120,40,0,0,2,160,140,0,20,0,0,0,0
cation-desorption__prefactor-x10,7,90427,18000,1394.044,162,120,40,0,0,2,160,140,0,20,0,0,0,0
cation-desorption__prefactor-x10,7,90427,20000,1549.304,162,120,40,0,0,2,160,140,0,20,0,0,0,0
