scenario,replica,seed,step,time_s,Al.empty,Al.l0,Al.l1,Al.l2,Al.l3,Al.l4,Al.l5,Al.l6,Si.empty,Si.oh0,Si.oh1,Si.oh2,Si.oh3,Si.oh4,Oss.empty,Oss.br,Oss.hy,Oss.si1,Osa.empty,Osa.br,Osa.sih,Osa.full,Osa.albr,Osa.alhy,Osa.sial,Osa.sialh,Osa.si1,Osa.al1,Osa.pr1,Osa.pr2,Oaa.empty,Oaa.br,Oaa.hy,Oaa.al1
nominal,0,90401,0,0.0,80,140,0,20,0,0,0,0,80,120,40,0,0,0,140,180,0,40,60,160,0,0,0,0,0,0,0,20,0,0,140,320,0,20
nominal,0,90401,2000,145.0588,80,140,0,20,0,0,0,0,80,120,40,0,0,0,140,180,0,40,60,160,0,0,0,0,0,0,0,20,0,0,140,320,0,20
nominal,0,90401,4000,288.6243,80,140,0,20,0,0,0,0,80,120,40,0,0,0,140,180,0,40,60,160,0,0,0,0,0,0,0,20,0,0,140,320,0,20
nominal,0,90401,6000,437.1405,80,140,0,20,0,0,0,0,80,120,40,0,0,0,140,180,0,40,60,160,0,0,0,0,0,0,0,20,0,0,140,320,0,20
nominal,0,90401,8000,578.8338,80,140,0,20,0,0,0,0,80,120,40,0,0,0,140,180,0,40,60,160,0,0,0,0,0,0,0,20,0,0,140,320,0,20
nominal,0,90401,10000,719.5576,80,140,0,20,0,0,0,0,80,120,40,0,0,0,140,180,0,40,60,160,0,0,0,0,0,0,0,20,0,0,140,320,0,20
nominal,0,90401,12000,858.3491,80,140,0,20,0,0,0,0,80,120,40,0,0,0,140,180,0,40,60,160,0,0,0,0,0,0,0,20,0,0,140,320,0,20
nominal,0,90401,14000,995.368,80,140,0,20,0,0,0,0,80,120,40,0,0,0,140,180,0,40,60,160,0,0,0,0,0,0,0,20,0,0,140,320,0,20
nominal,0,90401,16000,1138.833,80,140,0,20,0,0,0,0,80,120,40,0,0,0,140,180,0,40,60,160,0,0,0,0,0,0,0,20,0,0,140,320,0,20
nominal,0,90401,18000,1278.925,80,140,0,20,0,0,0,0,80,120,40,0,0,0,140,180,0,40,60,160,0,0,0,0,0,0,0,20,0,0,140,320,0,20
nominal,0,90401,20000,1419.145,80,140,0,20,0,0,0,0,80,120,40,0,0,0,140,180,0,40,60,160,0,0,0,0,0,0,0,20,0,0,140,320,0,20
nominal,1,90403,0,0.0,80,140,0,20,0,0,0,0,80,120,40,0,0,0,140,180,0,40,60,160,0,0,0,0,0,0,0,20,0,0,140,320,0,20
nominal,1,90403,2000,142.9856,80,140,0,20,0,0,0,0,80,120,40,0,0,0,140,180,0,40,60,160,0,0,0,0,0,0,0,20,0,0,140,320,0,20
nominal,1,90403,4000,286.5905,80,140,0,20,0,0,0,0,80,120,40,0,0,0,140,180,0,40,60,160,0,0,0,0,0,0,0,20,0,0,140,320,0,20
nominal,1,90403,6000,424.6695,80,140,0,20,0,0,0,0,80,120,40,0,0,0,140,180,0,40,60,160,0,0,0,0,0,0,0,20,0,0,140,320,0,20
nominal,1,90403,8000,574.4201,80,140,0,20,0,0,0,0,80,120,40,0,0,0,140,180,0,40,60,160,0,0,0,0,0,0,0,20,0,0,140,320,0,20
nominal,1,90403,10000,712.9999,80,140,0,20,0,0,0,0,80,120,40,0,0,0,140,180,0,40,60,160,0,0,0,0,0,0,0,20,0,0,140,320,0,20
nominal,1,90403,12000,860.3508,80,140,0,20,0,0,0,0,80,120,40,0,0,0,140,180,0,40,60,160,0,0,0,0,0,0,0,20,0,0,140,320,0,20
nominal,1,90403,14000,1005.387,80,140,0,20,0,0,0,0,80,120,40,0,0,0,140,180,0,40,60,160,0,0,0,0,0,0,0,20,0,0,140,320,0,20
nominal,1,90403,16000,1147.633,80,140,0,20,0,0,0,0,80,120,40,0,0,0,140,180,0,40,60,160,0,0,0,0,0,0,0,20,0,0,140,320,0,20
nominal,1,90403,18000,1294.272,80,140,0,20,0,0,0,0,80,120,40,0,0,0,140,180,0,40,60,160,0,0,0,0,0,0,0,20,0,0,140,320,0,20
nominal,1,90403,20000,1434.076,80,140,0,20,0,0,0,0,80,120,40,0,0,0,140,180,0,40,60,160,0,0,0,0,0,0,0,20,0,0,140,320,0,20
nominal,2,90407,0,0.0,80,140,0,20,0,0,0,0,80,120,40,0,0,0,140,180,0,40,60,160,0,0,0,0,0,0,0,20,0,0,140,320,0,20
nominal,2,90407,2000,144.4102,80,140,0,20,0,0,0,0,80,120,40,0,0,0,140,180,0,40,60,160,0,0,0,0,0,0,0,20,0,0,140,320,0,20
nominal,2,90407,4000,292.1793,80,140,0,20,0,0,0,0,80,120,40,0,0,0,140,180,0,40,60,160,0,0,0,0,0,0,0,20,0,0,140,320,0,20
nominal,2,90407,6000,441.9682,80,140,0,20,0,0,0,0,80,120,40,0,0,0,140,180,0,40,60,160,0,0,0,0,0,0,0,20,0,0,140,320,0,20
nominal,2,90407,8000,577.6964,80,140,0,20,0,0,0,0,80,120,40,0,0,0,140,180,0,40,60,160,0,0,0,0,0,0,0,20,0,0,140,320,0,20
nominal,2,90407,10000,717.1121,80,140,0,20,0,0,0,0,80,120,40,0,0,0,140,180,0,40,60,160,0,0,0,0,0,0,0,20,0,0,140,320,0,20
nominal,2,90407,12000,855.5837,80,140,0,20,0,0,0,0,80,120,40,0,0,0,140,180,0,40,60,160,0,0,0,0,0,0,0,20,0,0,140,320,0,20
nominal,2,90407,14000,1003.298,80,140,0,20,0,0,0,0,80,120,40,0,0,0,140,180,0,40,60,160,0,0,0,0,0,0,0,20,0,0,140,320,0,20
nominal,2,90407,16000,1139.54,80,140,0,20,0,0,0,0,80,120,40,0,0,0,140,180,0,40,60,160,0,0,0,0,0,0,0,20,0,0,140,320,0,20
nominal,2,90407,18000,1288.186,80,139,1,19,1,0,0,0,79,120,40,0,0,1,138,180,1,41,60,160,0,0,0,0,0,1,0,19,0,0,140,319,1,20
nominal,2,90407,20000,1445.428,80,139,1,19,1,0,0,0,79,120,40,0,0,1,138,180,1,41,60,160,0,0,0,0,0,1,0,19,0,0,140,319,1,20
nominal,3,90409,0,0.0,80,140,0,20,0,0,0,0,80,120,40,0,0,0,140,180,0,40,60,160,0,0,0,0,0,0,0,20,0,0,140,320,0,20
nominal,3,90409,2000,147.6805,80,140,0,20,0,0,0,0,80,120,40,0,0,0,140,180,0,40,60,160,0,0,0,0,0,0,0,20,0,0,140,320,0,20
nominal,3,90409,4000,294.6574,80,140,0,20,0,0,0,0,80,120,40,0,0,0,140,180,0,40,60,160,0,0,0,0,0,0,0,20,0,0,140,320,0,20
nominal,3,90409,6000,455.1567,80,139,1,19,1,0,0,0,79,120,40,0,0,1,138,180,1,41,60,160,0,0,0,0,0,1,0,19,0,0,140,319,1,20
nominal,3,90409,8000,610.0296,80,139,1,19,1,0,0,0,79,120,40,0,0,1,138,180,1,41,60,160,0,0,0,0,0,1,0,19,0,0,140,319,1,20
nominal,3,90409,10000,766.6151,80,139,1,19,1,0,0,0,79,120,40,0,0,1,138,180,1,41,60,160,0,0,0,0,0,1,0,19,0,0,140,319,1,20
nominal,3,90409,12000,911.602,80,139,1,19,1,0,0,0,79,120,40,0,0,1,138,180,1,41,60,160,0,0,0,0,0,1,0,19,0,0,140,319,1,20
nominal,3,90409,14000,1069.171,80,139,1,19,1,0,0,0,79,120,40,0,0,1,138,180,1,41,60,160,0,0,0,0,0,1,0,19,0,0,140,319,1,20
nominal,3,90409,16000,1219.983,80,139,1,19,1,0,0,0,79,120,40,0,0,1,138,180,1,41,60,160,0,0,0,0,0,1,0,19,0,0,140,319,1,20
nominal,3,90409,18000,1374.608,80,140,0,20,0,0,0,0,78,120,40,0,0,2,136,180,2,42,60,160,0,0,0,0,0,2,0,18,0,0,140,320,0,20
nominal,3,90409,20000,1539.301,80,139,1,19,1,0,0,0,77,120,40,0,0,3,134,180,3,43,60,160,0,0,0,0,0,3,0,17,0,0,140,319,1,20
nominal,4,90413,0,0.0,80,140,0,20,0,0,0,0,80,120,40,0,0,0,140,180,0,40,60,160,0,0,0,0,0,0,0,20,0,0,140,320,0,20
nominal,4,90413,2000,144.2787,80,140,0,20,0,0,0,0,80,120,40,0,0,0,140,180,0,40,60,160,0,0,0,0,0,0,0,20,0,0,140,320,0,20
nominal,4,90413,4000,293.8795,80,140,0,20,0,0,0,0,80,120,40,0,0,0,140,180,0,40,60,160,0,0,0,0,0,0,0,20,0,0,140,320,0,20
nominal,4,90413,6000,432.2299,80,140,0,20,0,0,0,0,80,120,40,0,0,0,140,180,0,40,60,160,0,0,0,0,0,0,0,20,0,0,140,320,0,20
nominal,4,90413,8000,579.9652,80,140,0,20,0,0,0,0,80,120,40,0,0,0,140,180,0,40,60,160,0,0,0,0,0,0,0,20,0,0,140,320,0,20
nominal,4,90413,10000,726.2198,80,140,0,20,0,0,0,0,80,120,40,0,0,0,140,180,0,40,60,160,0,0,0,0,0,0,0,20,0,0,140,320,0,20
nominal,4,90413,12000,871.7934,80,140,0,20,0,0,0,0,80,120,40,0,0,0,140,180,0,40,60,160,0,0,0,0,0,0,0,20,0,0,140,320,0,20
nominal,4,90413,14000,1017.125,80,140,0,20,0,0,0,0,80,120,40,0,0,0,140,180,0,40,60,160,0,0,0,0,0,0,0,20,0,0,140,320,0,20
nominal,4,90413,16000,1162.618,80,140,0,20,0,0,0,0,80,120,40,0,0,0,140,180,0,40,60,160,0,0,0,0,0,0,0,20,0,0,140,320,0,20
nominal,4,90413,18000,1305.205,80,139,1,19,1,0,0,0,79,120,40,0,0,1,138,180,1,41,60,160,0,0,0,0,0,1,0,19,0,0,140,319,1,20
nominal,4,90413,20000,1456.543,80,139,1,19,1,0,0,0,79,120,40,0,0,1,138,180,1,41,60,160,0,0,0,0,0,1,0,19,0,0,140,319,1,20
nominal,5,90419,0,0.0,80,140,0,20,0,0,0,0,80,120,40,0,0,0,140,180,0,40,60,160,0,0,0,0,0,0,0,20,0,0,140,320,0,20
nominal,5,90419,2000,150.0076,80,139,1,19,1,0,0,0,79,120,40,0,0,1,138,180,1,41,60,160,0,0,0,0,0,1,0,19,0,0,140,319,1,20
nominal,5,90419,4000,299.9473,80,139,1,19,1,0,0,0,79,120,40,0,0,1,138,180,1,41,60,160,0,0,0,0,0,1,0,19,0,0,140,319,1,20
nominal,5,90419,6000,453.5396,80,139,1,19,1,0,0,0,79,120,40,0,0,1,138,180,1,41,60,160,0,0,0,0,0,1,0,19,0,0,140,319,1,20
nominal,5,90419,8000,611.4099,80,139,1,19,1,0,0,0,79,120,40,0,0,1,138,180,1,41,60,160,0,0,0,0,0,1,0,19,0,0,140,319,1,20
nominal,5,90419,10000,766.5827,80,139,1,19,1,0,0,0,79,120,40,0,0,1,138,180,1,41,60,160,0,0,0,0,0,1,0,19,0,0,140,319,1,20
nominal,5,90419,12000,908.5637,80,139,1,19,1,0,0,0,79,120,40,0,0,1,138,180,1,41,60,160,0,0,0,0,0,1,0,19,0,0,140,319,1,20
nominal,5,90419,14000,1061.609,80,139,1,19,1,0,0,0,79,120,40,0,0,1,138,180,1,41,60,160,0,0,0,0,0,1,0,19,0,0,140,319,1,20
nominal,5,90419,16000,1208.838,80,139,1,19,1,0,0,0,79,120,40,0,0,1,138,180,1,41,60,160,0,0,0,0,0,1,0,19,0,0,140,319,1,20
nominal,5,90419,18000,1356.063,80,140,0,20,0,0,0,0,78,120,40,0,0,2,136,180,2,42,60,160,0,0,0,0,0,2,0,18,0,0,140,320,0,20
nominal,5,90419,20000,1513.534,80,140,0,20,0,0,0,0,78,120,40,0,0,2,136,180,2,42,60,160,0,0,0,0,0,2,0,18,0,0,140,320,0,20
nominal,6,90421,0,0.0,80,140,0,20,0,0,0,0,80,120,40,0,0,0,140,180,0,40,60,160,0,0,0,0,0,0,0,20,0,0,140,320,0,20
nominal,6,90421,2000,151.4684,80,140,0,20,0,0,0,0,80,120,40,0,0,0,140,180,0,40,60,160,0,0,0,0,0,0,0,20,0,0,140,320,0,20
nominal,6,90421,4000,294.9625,80,140,0,20,0,0,0,0,80,120,40,0,0,0,140,180,0,40,60,160,0,0,0,0,0,0,0,20,0,0,140,320,0,20
nominal,6,90421,6000,426.4785,80,140,0,20,0,0,0,0,80,120,40,0,0,0,140,180,0,40,60,160,0,0,0,0,0,0,0,20,0,0,140,320,0,20
nominal,6,90421,8000,578.3517,80,140,0,20,0,0,0,0,80,120,40,0,0,0,140,180,0,40,60,160,0,0,0,0,0,0,0,20,0,0,140,320,0,20
nominal,6,90421,10000,723.5039,80,140,0,20,0,0,0,0,80,120,40,0,0,0,140,180,0,40,60,160,0,0,0,0,0,0,0,20,0,0,140,320,0,20
nominal,6,90421,12000,867.4897,80,140,0,20,0,0,0,0,80,120,40,0,0,0,140,180,0,40,60,160,0,0,0,0,0,0,0,20,0,0,140,320,0,20
nominal,6,90421,14000,1020.746,80,140,0,20,0,0,0,0,78,120,40,0,0,2,136,180,2,42,60,160,0,0,0,0,0,2,0,18,0,0,140,320,0,20
nominal,6,90421,16000,1175.487,80,140,0,20,0,0,0,0,78,120,40,0,0,2,136,180,2,42,60,160,0,0,0,0,0,2,0,18,0,0,140,320,0,20
nominal,6,90421,18000,1329.142,80,140,0,20,0,0,0,0,78,120,40,0,0,2,136,180,2,42,60,160,0,0,0,0,0,2,0,18,0,0,140,320,0,20
nominal,6,90421,20000,1496.714,80,140,0,20,0,0,0,0,78,120,40,0,0,2,136,180,2,42,60,160,0,0,0,0,0,2,0,18,0,0,140,320,0,20
nominal,7,90427,0,0.0,80,140,0,20,0,0,0,0,80,120,40,0,0,0,140,180,0,40,60,160,0,0,0,0,0,0,0,20,0,0,140,320,0,20
nominal,7,90427,2000,149.0075,80,139,1,19,1,0,0,0,79,120,40,0,0,1,138,180,1,41,60,160,0,0,0,0,0,1,0,19,0,0,140,319,1,20
nominal,7,90427,4000,301.2516,80,139,1,19,1,0,0,0,79,120,40,0,0,1,138,180,1,41,60,160,0,0,0,0,0,1,0,19,0,0,140,319,1,20
nominal,7,90427,6000,448.5353,80,139,1,19,1,0,0,0,79,120,40,0,0,1,138,180,1,41,60,160,0,0,0,0,0,1,0,19,0,0,140,319,1,20
nominal,7,90427,8000,607.5869,80,139,1,19,1,0,0,0,79,120,40,0,0,1,138,180,1,41,60,160,0,0,0,0,0,1,0,19,0,0,140,319,1,20
nominal,7,90427,10000,763.3309,80,139,1,19,1,0,0,0,79,120,40,0,0,1,138,180,1,41,60,160,0,0,0,0,0,1,0,19,0,0,140,319,1,20
nominal,7,90427,12000,917.7792,80,139,1,19,1,0,0,0,79,120,40,0,0,1,138,180,1,41,60,160,0,0,0,0,0,1,0,19,0,0,140,319,1,20
nominal,7,90427,14000,1067.453,80,140,0,20,0,0,0,0,78,120,40,0,0,2,136,180,2,42,60,160,0,0,0,0,0,2,0,18,0,0,140,320,0,20
nominal,7,90427,16000,1235.342,80,140,0,20,0,0,0,0,78,120,40,0,0,2,136,180,2,42,60,160,0,0,0,0,0,2,0,18,0,0,140,320,0,20
nominal,7,90427,18000,1394.044,80,140,0,20,0,0,0,0,78,120,40,0,0,2,136,180,2,42,60,160,0,0,0,0,0,2,0,18,0,0,140,320,0,20
nominal,7,90427,20000,1549.304,80,140,0,20,0,0,0,0,78,120,40,0,0,2,136,180,2,42,60,160,0,0,0,0,0,2,0,18,0,0,140,320,0,20
siloxane-neutral__ea-minus-3,0,90401,0,0.0,80,140,0,20,0,0,0,0,80,120,40,0,0,0,140,180,0,40,60,160,0,0,0,0,0,0,0,20,0,0,140,320,0,20
siloxane-neutral__ea-minus-3,0,90401,2000,145.0391,80,140,0,20,0,0,0,0,80,120,40,0,0,0,140,180,0,40,60,160,0,0,0,0,0,0,0,20,0,0,140,320,0,20
siloxane-neutral__ea-minus-3,0,90401,4000,288.5852,80,140,0,20,0,0,0,0,80,120,40,0,0,0,140,180,0,40,60,160,0,0,0,0,0,0,0,20,0,0,140,320,0,20
siloxane-neutral__ea-minus-3,0,90401,6000,437.0812,80,140,0,20,0,0,0,0,80,120,40,0,0,0,140,180,0,40,60,160,0,0,0,0,0,0,0,20,0,0,140,320,0,20
siloxane-neutral__ea-minus-3,0,90401,8000,578.7553,80,140,0,20,0,0,0,0,80,120,40,0,0,0,140,180,0,40,60,160,0,0,0,0,0,0,0,20,0,0,140,320,0,20
siloxane-neutral__ea-minus-3,0,90401,10000,719.46,80,140,0,20,0,0,0,0,80,120,40,0,0,0,140,180,0,40,60,160,0,0,0,0,0,0,0,20,0,0,140,320,0,20
siloxane-neutral__ea-minus-3,0,90401,12000,858.2327,80,140,0,20,0,0,0,0,80,120,40,0,0,0,140,180,0,40,60,160,0,0,0,0,0,0,0,20,0,0,140,320,0,20
siloxane-neutral__ea-minus-3,0,90401,14000,995.233,80,140,0,20,0,0,0,0,80,120,40,0,0,0,140,180,0,40,60,160,0,0,0,0,0,0,0,20,0,0,140,320,0,20
siloxane-neutral__ea-minus-3,0,90401,16000,1138.678,80,140,0,20,0,0,0,0,80,120,40,0,0,0,140,180,0,40,60,160,0,0,0,0,0,0,0,20,0,0,140,320,0,20
siloxane-neutral__ea-minus-3,0,90401,18000,1278.751,80,140,0,20,0,0,0,0,80,120,40,0,0,0,140,180,0,40,60,160,0,0,0,0,0,0,0,20,0,0,140,320,0,20
siloxane-neutral__ea-minus-3,0,90401,20000,1420.095,80,140,0,20,0,0,0,0,80,120,40,0,0,0,140,180,0,40,60,160,0,0,0,0,0,0,0,20,0,0,140,320,0,20
siloxane-neutral__ea-minus-3,1,90403,0,0.0,80,140,0,20,0,0,0,0,80,120,40,0,0,0,140,180,0,40,60,160,0,0,0,0,0,0,0,20,0,0,140,320,0,20
siloxane-neutral__ea-minus-3,1,90403,2000,142.9662,80,140,0,20,0,0,0,0,80,120,40,0,0,0,140,180,0,40,60,160,0,0,0,0,0,0,0,20,0,0,140,320,0,20
siloxane-neutral__ea-minus-3,1,90403,4000,286.5517,80,140,0,20,0,0,0,0,80,120,40,0,0,0,140,180,0,40,60,160,0,0,0,0,0,0,0,20,0,0,140,320,0,20
siloxane-neutral__ea-minus-3,1,90403,6000,424.7415,80,139,1,19,1,0,0,0,80,119,40,1,0,0,140,179,1,40,60,160,0,0,0,0,0,0,0,20,0,0,140,319,1,20
siloxane-neutral__ea-minus-3,1,90403,8000,575.2675,80,139,1,19,1,0,0,0,80,119,40,1,0,0,140,179,1,40,60,160,0,0,0,0,0,0,0,20,0,0,140,319,1,20
siloxane-neutral__ea-minus-3,1,90403,10000,714.4246,80,139,1,19,1,0,0,0,80,119,40,1,0,0,140,179,1,40,60,160,0,0,0,0,0,0,0,20,0,0,140,319,1,20
siloxane-neutral__ea-minus-3,1,90403,12000,858.0708,80,139,1,19,1,0,0,0,80,119,40,1,0,0,140,179,1,40,60,160,0,0,0,0,0,0,0,20,0,0,140,319,1,20
siloxane-neutral__ea-minus-3,1,90403,14000,999.9754,80,139,1,19,1,0,0,0,80,119,40,1,0,0,140,179,1,40,60,160,0,0,0,0,0,0,0,20,0,0,140,319,1,20
siloxane-neutral__ea-minus-3,1,90403,16000,1146.672,80,139,1,19,1,0,0,0,80,119,40,1,0,0,140,179,1,40,60,160,0,0,0,0,0,0,0,20,0,0,140,319,1,20
siloxane-neutral__ea-minus-3,1,90403,18000,1295.28,80,140,0,20,0,0,0,0,80,120,40,0,0,0,140,180,0,40,60,160,0,0,0,0,0,0,0,20,0,0,140,320,0,20
siloxane-neutral__ea-minus-3,1,90403,20000,1435.066,80,140,0,20,0,0,0,0,80,120,40,0,0,0,140,180,0,40,60,160,0,0,0,0,0,0,0,20,0,0,140,320,0,20
siloxane-neutral__ea-minus-3,2,90407,0,0.0,80,140,0,20,0,0,0,0,80,120,40,0,0,0,140,180,0,40,60,160,0,0,0,0,0,0,0,20,0,0,140,320,0,20
siloxane-neutral__ea-minus-3,2,90407,2000,144.3907,80,140,0,20,0,0,0,0,80,120,40,0,0,0,140,180,0,40,60,160,0,0,0,0,0,0,0,20,0,0,140,320,0,20
siloxane-neutral__ea-minus-3,2,90407,4000,292.1397,80,140,0,20,0,0,0,0,80,120,40,0,0,0,140,180,0,40,60,160,0,0,0,0,0,0,0,20,0,0,140,320,0,20
siloxane-neutral__ea-minus-3,2,90407,6000,441.9082,80,140,0,20,0,0,0,0,80,120,40,0,0,0,140,180,0,40,60,160,0,0,0,0,0,0,0,20,0,0,140,320,0,20
siloxane-neutral__ea-minus-3,2,90407,8000,577.6181,80,140,0,20,0,0,0,0,80,120,40,0,0,0,140,180,0,40,60,160,0,0,0,0,0,0,0,20,0,0,140,320,0,20
siloxane-neutral__ea-minus-3,2,90407,10000,717.0149,80,140,0,20,0,0,0,0,80,120,40,0,0,0,140,180,0,40,60,160,0,0,0,0,0,0,0,20,0,0,140,320,0,20
siloxane-neutral__ea-minus-3,2,90407,12000,855.4677,80,140,0,20,0,0,0,0,80,120,40,0,0,0,140,180,0,40,60,160,0,0,0,0,0,0,0,20,0,0,140,320,0,20
siloxane-neutral__ea-minus-3,2,90407,14000,1003.162,80,140,0,20,0,0,0,0,80,120,40,0,0,0,140,180,0,40,60,160,0,0,0,0,0,0,0,20,0,0,140,320,0,20
siloxane-neutral__ea-minus-3,2,90407,16000,1139.386,80,140,0,20,0,0,0,0,80,120,40,0,0,0,140,180,0,40,60,160,0,0,0,0,0,0,0,20,0,0,140,320,0,20
siloxane-neutral__ea-minus-3,2,90407,18000,1287.99,80,139,1,19,1,0,0,0,79,120,40,0,0,1,138,180,1,41,60,160,0,0,0,0,0,1,0,19,0,0,140,319,1,20
siloxane-neutral__ea-minus-3,2,90407,20000,1445.165,80,139,1,19,1,0,0,0,79,120,40,0,0,1,138,180,1,41,60,160,0,0,0,0,0,1,0,19,0,0,140,319,1,20
siloxane-neutral__ea-minus-3,3,90409,0,0.0,80,140,0,20,0,0,0,0,80,120,40,0,0,0,140,180,0,40,60,160,0,0,0,0,0,0,0,20,0,0,140,320,0,20
siloxane-neutral__ea-minus-3,3,90409,2000,147.5347,80,140,0,20,0,0,0,0,80,120,40,0,0,0,140,180,0,40,60,160,0,0,0,0,0,0,0,20,0,0,140,320,0,20
siloxane-neutral__ea-minus-3,3,90409,4000,294.4917,80,140,0,20,0,0,0,0,80,120,40,0,0,0,140,180,0,40,60,160,0,0,0,0,0,0,0,20,0,0,140,320,0,20
siloxane-neutral__ea-minus-3,3,90409,6000,454.9242,80,139,1,19,1,0,0,0,79,120,40,0,0,1,138,180,1,41,60,160,0,0,0,0,0,1,0,19,0,0,140,319,1,20
siloxane-neutral__ea-minus-3,3,90409,8000,609.7314,80,139,1,19,1,0,0,0,79,120,40,0,0,1,138,180,1,41,60,160,0,0,0,0,0,1,0,19,0,0,140,319,1,20
siloxane-neutral__ea-minus-3,3,90409,10000,766.1079,80,140,0,20,0,0,0,0,79,121,39,0,1,0,138,181,0,41,60,160,0,0,0,0,0,1,0,19,0,0,140,320,0,20
siloxane-neutral__ea-minus-3,3,90409,12000,917.3092,80,140,0,20,0,0,0,0,79,121,39,0,1,0,138,181,0,41,60,160,0,0,0,0,0,1,0,19,0,0,140,320,0,20
siloxane-neutral__ea-minus-3,3,90409,14000,1071.216,80,140,0,20,0,0,0,0,78,120,39,1,1,1,136,180,2,42,60,160,0,0,0,0,0,2,0,18,0,0,140,320,0,20
siloxane-neutral__ea-minus-3,3,90409,16000,1231.932,80,139,1,19,1,0,0,0,78,121,39,0,1,1,136,181,1,42,60,160,0,0,0,0,0,2,0,18,0,0,140,319,1,20
siloxane-neutral__ea-minus-3,3,90409,18000,1389.766,80,140,0,20,0,0,0,0,78,122,38,0,2,0,136,182,0,42,60,160,0,0,0,0,0,2,0,18,0,0,140,320,0,20
siloxane-neutral__ea-minus-3,3,90409,20000,1554.415,80,139,1,19,1,0,0,0,77,122,38,0,2,1,134,182,1,43,60,160,0,0,0,0,0,3,0,17,0,0,140,319,1,20
siloxane-neutral__ea-minus-3,4,90413,0,0.0,80,140,0,20,0,0,0,0,80,120,40,0,0,0,140,180,0,40,60,160,0,0,0,0,0,0,0,20,0,0,140,320,0,20
siloxane-neutral__ea-minus-3,4,90413,2000,145.3778,80,139,1,19,1,0,0,0,80,119,40,1,0,0,140,179,1,40,60,160,0,0,0,0,0,0,0,20,0,0,140,319,1,20
siloxane-neutral__ea-minus-3,4,90413,4000,292.8563,80,139,1,19,1,0,0,0,80,119,40,1,0,0,140,179,1,40,60,160,0,0,0,0,0,0,0,20,0,0,140,319,1,20
siloxane-neutral__ea-minus-3,4,90413,6000,430.1641,80,139,1,19,1,0,0,0,80,119,40,1,0,0,140,179,1,40,60,160,0,0,0,0,0,0,0,20,0,0,140,319,1,20
siloxane-neutral__ea-minus-3,4,90413,8000,574.922,80,139,1,19,1,0,0,0,80,119,40,1,0,0,140,179,1,40,60,160,0,0,0,0,0,0,0,20,0,0,140,319,1,20
siloxane-neutral__ea-minus-3,4,90413,10000,718.5491,80,139,1,19,1,0,0,0,80,119,40,1,0,0,140,179,1,40,60,160,0,0,0,0,0,0,0,20,0,0,140,319,1,20
siloxane-neutral__ea-minus-3,4,90413,12000,859.2582,80,140,0,20,0,0,0,0,80,120,40,0,0,0,140,180,0,40,60,160,0,0,0,0,0,0,0,20,0,0,140,320,0,20
siloxane-neutral__ea-minus-3,4,90413,14000,1004.57,80,140,0,20,0,0,0,0,80,120,40,0,0,0,140,180,0,40,60,160,0,0,0,0,0,0,0,20,0,0,140,320,0,20
siloxane-neutral__ea-minus-3,4,90413,16000,1146.846,80,139,1,19,1,0,0,0,80,119,40,1,0,0,140,179,1,40,60,160,0,0,0,0,0,0,0,20,0,0,140,319,1,20
siloxane-neutral__ea-minus-3,4,90413,18000,1296.22,80,139,1,19,1,0,0,0,80,119,40,1,0,0,140,179,1,40,60,160,0,0,0,0,0,0,0,20,0,0,140,319,1,20
siloxane-neutral__ea-minus-3,4,90413,20000,1440.06,80,139,1,19,1,0,0,0,80,119,40,1,0,0,140,179,1,40,60,160,0,0,0,0,0,0,0,20,0,0,140,319,1,20
siloxane-neutral__ea-minus-3,5,90419,0,0.0,80,140,0,20,0,0,0,0,80,120,40,0,0,0,140,180,0,40,60,160,0,0,0,0,0,0,0,20,0,0,140,320,0,20
siloxane-neutral__ea-minus-3,5,90419,2000,149.9484,80,139,1,19,1,0,0,0,79,120,40,0,0,1,138,180,1,41,60,160,0,0,0,0,0,1,0,19,0,0,140,319,1,20
siloxane-neutral__ea-minus-3,5,90419,4000,299.8245,80,139,1,19,1,0,0,0,79,120,40,0,0,1,138,180,1,41,60,160,0,0,0,0,0,1,0,19,0,0,140,319,1,20
siloxane-neutral__ea-minus-3,5,90419,6000,453.3517,80,139,1,19,1,0,0,0,79,120,40,0,0,1,138,180,1,41,60,160,0,0,0,0,0,1,0,19,0,0,140,319,1,20
siloxane-neutral__ea-minus-3,5,90419,8000,611.1552,80,139,1,19,1,0,0,0,79,120,40,0,0,1,138,180,1,41,60,160,0,0,0,0,0,1,0,19,0,0,140,319,1,20
siloxane-neutral__ea-minus-3,5,90419,10000,766.2621,80,139,1,19,1,0,0,0,79,120,40,0,0,1,138,180,1,41,60,160,0,0,0,0,0,1,0,19,0,0,140,319,1,20
siloxane-neutral__ea-minus-3,5,90419,12000,908.4936,80,140,0,20,0,0,0,0,79,121,39,0,1,0,138,181,0,41,60,160,0,0,0,0,0,1,0,19,0,0,140,320,0,20
siloxane-neutral__ea-minus-3,5,90419,14000,1057.582,80,140,0,20,0,0,0,0,79,121,39,0,1,0,138,181,0,41,60,160,0,0,0,0,0,1,0,19,0,0,140,320,0,20
siloxane-neutral__ea-minus-3,5,90419,16000,1201.197,80,140,0,20,0,0,0,0,79,121,39,0,1,0,138,181,0,41,60,160,0,0,0,0,0,1,0,19,0,0,140,320,0,20
siloxane-neutral__ea-minus-3,5,90419,18000,1353.911,80,139,1,19,1,0,0,0,78,121,39,0,1,1,136,181,1,42,60,160,0,0,0,0,0,2,0,18,0,0,140,319,1,20
siloxane-neutral__ea-minus-3,5,90419,20000,1504.1,80,139,1,19,1,0,0,0,78,121,39,0,1,1,136,181,1,42,60,160,0,0,0,0,0,2,0,18,0,0,140,319,1,20
siloxane-neutral__ea-minus-3,6,90421,0,0.0,80,140,0,20,0,0,0,0,80,120,40,0,0,0,140,180,0,40,60,160,0,0,0,0,0,0,0,20,0,0,140,320,0,20
siloxane-neutral__ea-minus-3,6,90421,2000,151.4479,80,140,0,20,0,0,0,0,80,120,40,0,0,0,140,180,0,40,60,160,0,0,0,0,0,0,0,20,0,0,140,320,0,20
siloxane-neutral__ea-minus-3,6,90421,4000,294.9225,80,140,0,20,0,0,0,0,80,120,40,0,0,0,140,180,0,40,60,160,0,0,0,0,0,0,0,20,0,0,140,320,0,20
siloxane-neutral__ea-minus-3,6,90421,6000,426.4207,80,140,0,20,0,0,0,0,80,120,40,0,0,0,140,180,0,40,60,160,0,0,0,0,0,0,0,20,0,0,140,320,0,20
siloxane-neutral__ea-minus-3,6,90421,8000,578.2733,80,140,0,20,0,0,0,0,80,120,40,0,0,0,140,180,0,40,60,160,0,0,0,0,0,0,0,20,0,0,140,320,0,20
siloxane-neutral__ea-minus-3,6,90421,10000,723.4059,80,140,0,20,0,0,0,0,80,120,40,0,0,0,140,180,0,40,60,160,0,0,0,0,0,0,0,20,0,0,140,320,0,20
siloxane-neutral__ea-minus-3,6,90421,12000,867.3721,80,140,0,20,0,0,0,0,80,120,40,0,0,0,140,180,0,40,60,160,0,0,0,0,0,0,0,20,0,0,140,320,0,20
siloxane-neutral__ea-minus-3,6,90421,14000,1013.929,80,139,1,19,1,0,0,0,79,120,40,0,0,1,138,180,1,41,60,160,0,0,0,0,0,1,0,19,0,0,140,319,1,20
siloxane-neutral__ea-minus-3,6,90421,16000,1161.461,80,140,0,20,0,0,0,0,79,121,39,0,1,0,138,181,0,41,60,160,0,0,0,0,0,1,0,19,0,0,140,320,0,20
siloxane-neutral__ea-minus-3,6,90421,18000,1313.095,80,140,0,20,0,0,0,0,78,120,39,1,1,1,136,180,2,42,60,160,0,0,0,0,0,2,0,18,0,0,140,320,0,20
siloxane-neutral__ea-minus-3,6,90421,20000,1480.542,80,140,0,20,0,0,0,0,78,120,39,1,1,1,136,180,2,42,60,160,0,0,0,0,0,2,0,18,0,0,140,320,0,20
siloxane-neutral__ea-minus-3,7,90427,0,0.0,80,140,0,20,0,0,0,0,80,120,40,0,0,0,140,180,0,40,60,160,0,0,0,0,0,0,0,20,0,0,140,320,0,20
siloxane-neutral__ea-minus-3,7,90427,2000,148.9498,80,139,1,19,1,0,0,0,79,120,40,0,0,1,138,180,1,41,60,160,0,0,0,0,0,1,0,19,0,0,140,319,1,20
siloxane-neutral__ea-minus-3,7,90427,4000,301.1294,80,139,1,19,1,0,0,0,79,120,40,0,0,1,138,180,1,41,60,160,0,0,0,0,0,1,0,19,0,0,140,319,1,20
siloxane-neutral__ea-minus-3,7,90427,6000,448.3506,80,139,1,19,1,0,0,0,79,120,40,0,0,1,138,180,1,41,60,160,0,0,0,0,0,1,0,19,0,0,140,319,1,20
siloxane-neutral__ea-minus-3,7,90427,8000,605.5929,80,139,1,19,1,0,0,0,79,118,40,2,0,1,138,178,3,41,60,160,0,0,0,0,0,1,0,19,0,0,140,319,1,20
siloxane-neutral__ea-minus-3,7,90427,10000,761.1819,80,139,1,19,1,0,0,0,79,118,40,2,0,1,138,178,3,41,60,160,0,0,0,0,0,1,0,19,0,0,140,319,1,20
siloxane-neutral__ea-minus-3,7,90427,12000,915.2372,80,139,1,19,1,0,0,0,79,118,40,2,0,1,138,178,3,41,60,160,0,0,0,0,0,1,0,19,0,0,140,319,1,20
siloxane-neutral__ea-minus-3,7,90427,14000,1065.663,80,140,0,20,0,0,0,0,79,119,40,1,0,1,138,179,2,41,60,160,0,0,0,0,0,1,0,19,0,0,140,320,0,20
siloxane-neutral__ea-minus-3,7,90427,16000,1220.754,80,139,1,19,1,0,0,0,79,120,39,1,1,0,138,180,1,41,60,160,0,0,0,0,0,1,0,19,0,0,140,319,1,20
siloxane-neutral__ea-minus-3,7,90427,18000,1368.836,80,140,0,20,0,0,0,0,79,121,39,0,1,0,138,181,0,41,60,160,0,0,0,0,0,1,0,19,0,0,140,320,0,20
siloxane-neutral__ea-minus-3,7,90427,20000,1516.035,80,140,0,20,0,0,0,0,79,121,39,0,1,0,138,181,0,41,60,160,0,0,0,0,0,1,0,19,0,0,140,320,0,20
siloxane-neutral__ea-plus-3,0,90401,0,0.0,80,140,0,20,0,0,0,0,80,120,40,0,0,0,140,180,0,40,60,160,0,0,0,0,0,0,0,20,0,0,140,320,0,20
siloxane-neutral__ea-plus-3,0,90401,2000,145.0589,80,140,0,20,0,0,0,0,80,120,40,0,0,0,140,180,0,40,60,160,0,0,0,0,0,0,0,20,0,0,140,320,0,20
siloxane-neutral__ea-plus-3,0,90401,4000,288.6246,80,140,0,20,0,0,0,0,80,120,40,0,0,0,140,180,0,40,60,160,0,0,0,0,0,0,0,20,0,0,140,320,0,20
siloxane-neutral__ea-plus-3,0,90401,6000,437.1408,80,140,0,20,0,0,0,0,80,120,40,0,0,0,140,180,0,40,60,160,0,0,0,0,0,0,0,20,0,0,140,320,0,20
siloxane-neutral__ea-plus-3,0,90401,8000,578.8343,80,140,0,20,0,0,0,0,80,120,40,0,0,0,140,180,0,40,60,160,0,0,0,0,0,0,0,20,0,0,140,320,0,20
siloxane-neutral__ea-plus-3,0,90401,10000,719.5582,80,140,0,20,0,0,0,0,80,120,40,0,0,0,140,180,0,40,60,160,0,0,0,0,0,0,0,20,0,0,140,320,0,20
siloxane-neutral__ea-plus-3,0,90401,12000,858.3498,80,140,0,20,0,0,0,0,80,120,40,0,0,0,140,180,0,40,60,160,0,0,0,0,0,0,0,20,0,0,140,320,0,20
siloxane-neutral__ea-plus-3,0,90401,14000,995.3689,80,140,0,20,0,0,0,0,80,120,40,0,0,0,140,180,0,40,60,160,0,0,0,0,0,0,0,20,0,0,140,320,0,20
siloxane-neutral__ea-plus-3,0,90401,16000,1138.834,80,140,0,20,0,0,0,0,80,120,40,0,0,0,140,180,0,40,60,160,0,0,0,0,0,0,0,20,0,0,140,320,0,20
siloxane-neutral__ea-plus-3,0,90401,18000,1278.926,80,140,0,20,0,0,0,0,80,120,40,0,0,0,140,180,0,40,60,160,0,0,0,0,0,0,0,20,0,0,140,320,0,20
siloxane-neutral__ea-plus-3,0,90401,20000,1419.146,80,140,0,20,0,0,0,0,80,120,40,0,0,0,140,180,0,40,60,160,0,0,0,0,0,0,0,20,0,0,140,320,0,20
siloxane-neutral__ea-plus-3,1,90403,0,0.0,80,140,0,20,0,0,0,0,80,120,40,0,0,0,140,180,0,40,60,160,0,0,0,0,0,0,0,20,0,0,140,320,0,20
siloxane-neutral__ea-plus-3,1,90403,2000,142.9857,80,140,0,20,0,0,0,0,80,120,40,0,0,0,140,180,0,40,60,160,0,0,0,0,0,0,0,20,0,0,140,320,0,20
siloxane-neutral__ea-plus-3,1,90403,4000,286.5908,80,140,0,20,0,0,0,0,80,120,40,0,0,0,140,180,0,40,60,160,0,0,0,0,0,0,0,20,0,0,140,320,0,20
siloxane-neutral__ea-plus-3,1,90403,6000,424.6699,80,140,0,20,0,0,0,0,80,120,40,0,0,0,140,180,0,40,60,160,0,0,0,0,0,0,0,20,0,0,140,320,0,20
siloxane-neutral__ea-plus-3,1,90403,8000,574.4206,80,140,0,20,0,0,0,0,80,120,40,0,0,0,140,180,0,40,60,160,0,0,0,0,0,0,0,20,0,0,140,320,0,20
siloxane-neutral__ea-plus-3,1,90403,10000,713.0005,80,140,0,20,0,0,0,0,80,120,40,0,0,0,140,180,0,40,60,160,0,0,0,0,0,0,0,20,0,0,140,320,0,20
siloxane-neutral__ea-plus-3,1,90403,12000,860.3515,80,140,0,20,0,0,0,0,80,120,40,0,0,0,140,180,0,40,60,160,0,0,0,0,0,0,0,20,0,0,140,320,0,20
siloxane-neutral__ea-plus-3,1,90403,14000,1005.388,80,140,0,20,0,0,0,0,80,120,40,0,0,0,140,180,0,40,60,160,0,0,0,0,0,0,0,20,0,0,140,320,0,20
siloxane-neutral__ea-plus-3,1,90403,16000,1147.634,80,140,0,20,0,0,0,0,80,120,40,0,0,0,140,180,0,40,60,160,0,0,0,0,0,0,0,20,0,0,140,320,0,20
siloxane-neutral__ea-plus-3,1,90403,18000,1294.273,80,140,0,20,0,0,0,0,80,120,40,0,0,0,140,180,0,40,60,160,0,0,0,0,0,0,0,20,0,0,140,320,0,20
siloxane-neutral__ea-plus-3,1,90403,20000,1434.078,80,140,0,20,0,0,0,0,80,120,40,0,0,0,140,180,0,40,60,160,0,0,0,0,0,0,0,20,0,0,140,320,0,20
siloxane-neutral__ea-plus-3,2,90407,0,0.0,80,140,0,20,0,0,0,0,80,120,40,0,0,0,140,180,0,40,60,160,0,0,0,0,0,0,0,20,0,0,140,320,0,20
siloxane-neutral__ea-plus-3,2,90407,2000,144.4104,80,140,0,20,0,0,0,0,80,120,40,0,0,0,140,180,0,40,60,160,0,0,0,0,0,0,0,20,0,0,140,320,0,20
siloxane-neutral__ea-plus-3,2,90407,4000,292.1796,80,140,0,20,0,0,0,0,80,120,40,0,0,0,140,180,0,40,60,160,0,0,0,0,0,0,0,20,0,0,140,320,0,20
siloxane-neutral__ea-plus-3,2,90407,6000,441.9685,80,140,0,20,0,0,0,0,80,120,40,0,0,0,140,180,0,40,60,160,0,0,0,0,0,0,0,20,0,0,140,320,0,20
siloxane-neutral__ea-plus-3,2,90407,8000,577.6969,80,140,0,20,0,0,0,0,80,120,40,0,0,0,140,180,0,40,60,160,0,0,0,0,0,0,0,20,0,0,140,320,0,20
siloxane-neutral__ea-plus-3,2,90407,10000,717.1127,80,140,0,20,0,0,0,0,80,120,40,0,0,0,140,180,0,40,60,160,0,0,0,0,0,0,0,20,0,0,140,320,0,20
siloxane-neutral__ea-plus-3,2,90407,12000,855.5844,80,140,0,20,0,0,0,0,80,120,40,0,0,0,140,180,0,40,60,160,0,0,0,0,0,0,0,20,0,0,140,320,0,20
siloxane-neutral__ea-plus-3,2,90407,14000,1003.299,80,140,0,20,0,0,0,0,80,120,40,0,0,0,140,180,0,40,60,160,0,0,0,0,0,0,0,20,0,0,140,320,0,20
siloxane-neutral__ea-plus-3,2,90407,16000,1139.541,80,140,0,20,0,0,0,0,80,120,40,0,0,0,140,180,0,40,60,160,0,0,0,0,0,0,0,20,0,0,140,320,0,20
siloxane-neutral__ea-plus-3,2,90407,18000,1288.187,80,139,1,19,1,0,0,0,79,120,40,0,0,1,138,180,1,41,60,160,0,0,0,0,0,1,0,19,0,0,140,319,1,20
siloxane-neutral__ea-plus-3,2,90407,20000,1445.43,80,139,1,19,1,0,0,0,79,120,40,0,0,1,138,180,1,41,60,160,0,0,0,0,0,1,0,19,0,0,140,319,1,20
siloxane-neutral__ea-plus-3,3,90409,0,0.0,80,140,0,20,0,0,0,0,80,120,40,0,0,0,140,180,0,40,60,160,0,0,0,0,0,0,0,20,0,0,140,320,0,20
siloxane-neutral__ea-plus-3,3,90409,2000,147.6807,80,140,0,20,0,0,0,0,80,120,40,0,0,0,140,180,0,40,60,160,0,0,0,0,0,0,0,20,0,0,140,320,0,20
siloxane-neutral__ea-plus-3,3,90409,4000,294.6577,80,140,0,20,0,0,0,0,80,120,40,0,0,0,140,180,0,40,60,160,0,0,0,0,0,0,0,20,0,0,140,320,0,20
siloxane-neutral__ea-plus-3,3,90409,6000,455.1574,80,139,1,19,1,0,0,0,79,120,40,0,0,1,138,180,1,41,60,160,0,0,0,0,0,1,0,19,0,0,140,319,1,20
siloxane-neutral__ea-plus-3,3,90409,8000,610.0307,80,139,1,19,1,0,0,0,79,120,40,0,0,1,138,180,1,41,60,160,0,0,0,0,0,1,0,19,0,0,140,319,1,20
siloxane-neutral__ea-plus-3,3,90409,10000,766.6166,80,139,1,19,1,0,0,0,79,120,40,0,0,1,138,180,1,41,60,160,0,0,0,0,0,1,0,19,0,0,140,319,1,20
siloxane-neutral__ea-plus-3,3,90409,12000,911.6039,80,139,1,19,1,0,0,0,79,120,40,0,0,1,138,180,1,41,60,160,0,0,0,0,0,1,0,19,0,0,140,319,1,20
siloxane-neutral__ea-plus-3,3,90409,14000,1069.174,80,139,1,19,1,0,0,0,79,120,40,0,0,1,138,180,1,41,60,160,0,0,0,0,0,1,0,19,0,0,140,319,1,20
siloxane-neutral__ea-plus-3,3,90409,16000,1219.986,80,139,1,19,1,0,0,0,79,120,40,0,0,1,138,180,1,41,60,160,0,0,0,0,0,1,0,19,0,0,140,319,1,20
siloxane-neutral__ea-plus-3,3,90409,18000,1374.612,80,140,0,20,0,0,0,0,78,120,40,0,0,2,136,180,2,42,60,160,0,0,0,0,0,2,0,18,0,0,140,320,0,20
siloxane-neutral__ea-plus-3,3,90409,20000,1539.305,80,139,1,19,1,0,0,0,77,120,40,0,0,3,134,180,3,43,60,160,0,0,0,0,0,3,0,17,0,0,140,319,1,20
siloxane-neutral__ea-plus-3,4,90413,0,0.0,80,140,0,20,0,0,0,0,80,120,40,0,0,0,140,180,0,40,60,160,0,0,0,0,0,0,0,20,0,0,140,320,0,20
siloxane-neutral__ea-plus-3,4,90413,2000,144.2788,80,140,0,20,0,0,0,0,80,120,40,0,0,0,140,180,0,40,60,160,0,0,0,0,0,0,0,20,0,0,140,320,0,20
siloxane-neutral__ea-plus-3,4,90413,4000,293.8797,80,140,0,20,0,0,0,0,80,120,40,0,0,0,140,180,0,40,60,160,0,0,0,0,0,0,0,20,0,0,140,320,0,20
siloxane-neutral__ea-plus-3,4,90413,6000,432.2303,80,140,0,20,0,0,0,0,80,120,40,0,0,0,140,180,0,40,60,160,0,0,0,0,0,0,0,20,0,0,140,320,0,20
siloxane-neutral__ea-plus-3,4,90413,8000,579.9657,80,140,0,20,0,0,0,0,80,120,40,0,0,0,140,180,0,40,60,160,0,0,0,0,0,0,0,20,0,0,140,320,0,20
siloxane-neutral__ea-plus-3,4,90413,10000,726.2205,80,140,0,20,0,0,0,0,80,120,40,0,0,0,140,180,0,40,60,160,0,0,0,0,0,0,0,20,0,0,140,320,0,20
siloxane-neutral__ea-plus-3,4,90413,12000,871.7941,80,140,0,20,0,0,0,0,80,120,40,0,0,0,140,180,0,40,60,160,0,0,0,0,0,0,0,20,0,0,140,320,0,20
siloxane-neutral__ea-plus-3,4,90413,14000,1017.126,80,140,0,20,0,0,0,0,80,120,40,0,0,0,140,180,0,40,60,160,0,0,0,0,0,0,0,20,0,0,140,320,0,20
siloxane-neutral__ea-plus-3,4,90413,16000,1162.619,80,140,0,20,0,0,0,0,80,120,40,0,0,0,140,180,0,40,60,160,0,0,0,0,0,0,0,20,0,0,140,320,0,20
siloxane-neutral__ea-plus-3,4,90413,18000,1305.206,80,139,1,19,1,0,0,0,79,120,40,0,0,1,138,180,1,41,60,160,0,0,0,0,0,1,0,19,0,0,140,319,1,20
siloxane-neutral__ea-plus-3,4,90413,20000,1456.545,80,139,1,19,1,0,0,0,79,120,40,0,0,1,138,180,1,41,60,160,0,0,0,0,0,1,0,19,0,0,140,319,1,20
siloxane-neutral__ea-plus-3,5,90419,0,0.0,80,140,0,20,0,0,0,0,80,120,40,0,0,0,140,180,0,40,60,160,0,0,0,0,0,0,0,20,0,0,140,320,0,20
siloxane-neutral__ea-plus-3,5,90419,2000,150.008,80,139,1,19,1,0,0,0,79,120,40,0,0,1,138,180,1,41,60,160,0,0,0,0,0,1,0,19,0,0,140,319,1,20
siloxane-neutral__ea-plus-3,5,90419,4000,299.9481,80,139,1,19,1,0,0,0,79,120,40,0,0,1,138,180,1,41,60,160,0,0,0,0,0,1,0,19,0,0,140,319,1,20
siloxane-neutral__ea-plus-3,5,90419,6000,453.5408,80,139,1,19,1,0,0,0,79,120,40,0,0,1,138,180,1,41,60,160,0,0,0,0,0,1,0,19,0,0,140,319,1,20
siloxane-neutral__ea-plus-3,5,90419,8000,611.4115,80,139,1,19,1,0,0,0,79,120,40,0,0,1,138,180,1,41,60,160,0,0,0,0,0,1,0,19,0,0,140,319,1,20
siloxane-neutral__ea-plus-3,5,90419,10000,766.5847,80,139,1,19,1,0,0,0,79,120,40,0,0,1,138,180,1,41,60,160,0,0,0,0,0,1,0,19,0,0,140,319,1,20
siloxane-neutral__ea-plus-3,5,90419,12000,908.5661,80,139,1,19,1,0,0,0,79,120,40,0,0,1,138,180,1,41,60,160,0,0,0,0,0,1,0,19,0,0,140,319,1,20
siloxane-neutral__ea-plus-3,5,90419,14000,1061.612,80,139,1,19,1,0,0,0,79,120,40,0,0,1,138,180,1,41,60,160,0,0,0,0,0,1,0,19,0,0,140,319,1,20
siloxane-neutral__ea-plus-3,5,90419,16000,1208.841,80,139,1,19,1,0,0,0,79,120,40,0,0,1,138,180,1,41,60,160,0,0,0,0,0,1,0,19,0,0,140,319,1,20
siloxane-neutral__ea-plus-3,5,90419,18000,1356.067,80,140,0,20,0,0,0,0,78,120,40,0,0,2,136,180,2,42,60,160,0,0,0,0,0,2,0,18,0,0,140,320,0,20
siloxane-neutral__ea-plus-3,5,90419,20000,1513.539,80,140,0,20,0,0,0,0,78,120,40,0,0,2,136,180,2,42,60,160,0,0,0,0,0,2,0,18,0,0,140,320,0,20
siloxane-neutral__ea-plus-3,6,90421,0,0.0,80,140,0,20,0,0,0,0,80,120,40,0,0,0,140,180,0,40,60,160,0,0,0,0,0,0,0,20,0,0,140,320,0,20
siloxane-neutral__ea-plus-3,6,90421,2000,151.4686,80,140,0,20,0,0,0,0,80,120,40,0,0,0,140,180,0,40,60,160,0,0,0,0,0,0,0,20,0,0,140,320,0,20
siloxane-neutral__ea-plus-3,6,90421,4000,294.9628,80,140,0,20,0,0,0,0,80,120,40,0,0,0,140,180,0,40,60,160,0,0,0,0,0,0,0,20,0,0,140,320,0,20
siloxane-neutral__ea-plus-3,6,90421,6000,426.4789,80,140,0,20,0,0,0,0,80,120,40,0,0,0,140,180,0,40,60,160,0,0,0,0,0,0,0,20,0,0,140,320,0,20
siloxane-neutral__ea-plus-3,6,90421,8000,578.3522,80,140,0,20,0,0,0,0,80,120,40,0,0,0,140,180,0,40,60,160,0,0,0,0,0,0,0,20,0,0,140,320,0,20
siloxane-neutral__ea-plus-3,6,90421,10000,723.5046,80,140,0,20,0,0,0,0,80,120,40,0,0,0,140,180,0,40,60,160,0,0,0,0,0,0,0,20,0,0,140,320,0,20
siloxane-neutral__ea-plus-3,6,90421,12000,867.4905,80,140,0,20,0,0,0,0,80,120,40,0,0,0,140,180,0,40,60,160,0,0,0,0,0,0,0,20,0,0,140,320,0,20
siloxane-neutral__ea-plus-3,6,90421,14000,1020.747,80,140,0,20,0,0,0,0,78,120,40,0,0,2,136,180,2,42,60,160,0,0,0,0,0,2,0,18,0,0,140,320,0,20
siloxane-neutral__ea-plus-3,6,90421,16000,1175.489,80,140,0,20,0,0,0,0,78,120,40,0,0,2,136,180,2,42,60,160,0,0,0,0,0,2,0,18,0,0,140,320,0,20
siloxane-neutral__ea-plus-3,6,90421,18000,1329.145,80,140,0,20,0,0,0,0,78,120,40,0,0,2,136,180,2,42,60,160,0,0,0,0,0,2,0,18,0,0,140,320,0,20
siloxane-neutral__ea-plus-3,6,90421,20000,1496.718,80,140,0,20,0,0,0,0,78,120,40,0,0,2,136,180,2,42,60,160,0,0,0,0,0,2,0,18,0,0,140,320,0,20
siloxane-neutral__ea-plus-3,7,90427,0,0.0,80,140,0,20,0,0,0,0,80,120,40,0,0,0,140,180,0,40,60,160,0,0,0,0,0,0,0,20,0,0,140,320,0,20
siloxane-neutral__ea-plus-3,7,90427,2000,149.0079,80,139,1,19,1,0,0,0,79,120,40,0,0,1,138,180,1,41,60,160,0,0,0,0,0,1,0,19,0,0,140,319,1,20
siloxane-neutral__ea-plus-3,7,90427,4000,301.2524,80,139,1,19,1,0,0,0,79,120,40,0,0,1,138,180,1,41,60,160,0,0,0,0,0,1,0,19,0,0,140,319,1,20
siloxane-neutral__ea-plus-3,7,90427,6000,448.5364,80,139,1,19,1,0,0,0,79,120,40,0,0,1,138,180,1,41,60,160,0,0,0,0,0,1,0,19,0,0,140,319,1,20
siloxane-neutral__ea-plus-3,7,90427,8000,607.5885,80,139,1,19,1,0,0,0,79,120,40,0,0,1,138,180,1,41,60,160,0,0,0,0,0,1,0,19,0,0,140,319,1,20
siloxane-neutral__ea-plus-3,7,90427,10000,763.3329,80,139,1,19,1,0,0,0,79,120,40,0,0,1,138,180,1,41,60,160,0,0,0,0,0,1,0,19,0,0,140,319,1,20
siloxane-neutral__ea-plus-3,7,90427,12000,917.7817,80,139,1,19,1,0,0,0,79,120,40,0,0,1,138,180,1,41,60,160,0,0,0,0,0,1,0,19,0,0,140,319,1,20
siloxane-neutral__ea-plus-3,7,90427,14000,1067.456,80,140,0,20,0,0,0,0,78,120,40,0,0,2,136,180,2,42,60,160,0,0,0,0,0,2,0,18,0,0,140,320,0,20
siloxane-neutral__ea-plus-3,7,90427,16000,1235.346,80,140,0,20,0,0,0,0,78,120,40,0,0,2,136,180,2,42,60,160,0,0,0,0,0,2,0,18,0,0,140,320,0,20
siloxane-neutral__ea-plus-3,7,90427,18000,1394.048,80,140,0,20,0,0,0,0,78,120,40,0,0,2,136,180,2,42,60,160,0,0,0,0,0,2,0,18,0,0,140,320,0,20
siloxane-neutral__ea-plus-3,7,90427,20000,1549.309,80,140,0,20,0,0,0,0,78,120,40,0,0,2,136,180,2,42,60,160,0,0,0,0,0,2,0,18,0,0,140,320,0,20
siloxane-neutral__prefactor-x0.1,0,90401,0,0.0,80,140,0,20,0,0,0,0,80,120,40,0,0,0,140,180,0,40,60,160,0,0,0,0,0,0,0,20,0,0,140,320,0,20
siloxane-neutral__prefactor-x0.1,0,90401,2000,145.0589,80,140,0,20,0,0,0,0,80,120,40,0,0,0,140,180,0,40,60,160,0,0,0,0,0,0,0,20,0,0,140,320,0,20
siloxane-neutral__prefactor-x0.1,0,90401,4000,288.6245,80,140,0,20,0,0,0,0,80,120,40,0,0,0,140,180,0,40,60,160,0,0,0,0,0,0,0,20,0,0,140,320,0,20
siloxane-neutral__prefactor-x0.1,0,90401,6000,437.1408,80,140,0,20,0,0,0,0,80,120,40,0,0,0,140,180,0,40,60,160,0,0,0,0,0,0,0,20,0,0,140,320,0,20
siloxane-neutral__prefactor-x0.1,0,90401,8000,578.8343,80,140,0,20,0,0,0,0,80,120,40,0,0,0,140,180,0,40,60,160,0,0,0,0,0,0,0,20,0,0,140,320,0,20
siloxane-neutral__prefactor-x0.1,0,90401,10000,719.5582,80,140,0,20,0,0,0,0,80,120,40,0,0,0,140,180,0,40,60,160,0,0,0,0,0,0,0,20,0,0,140,320,0,20
siloxane-neutral__prefactor-x0.1,0,90401,12000,858.3498,80,140,0,20,0,0,0,0,80,120,40,0,0,0,140,180,0,40,60,160,0,0,0,0,0,0,0,20,0,0,140,320,0,20
siloxane-neutral__prefactor-x0.1,0,90401,14000,995.3688,80,140,0,20,0,0,0,0,80,120,40,0,0,0,140,180,0,40,60,160,0,0,0,0,0,0,0,20,0,0,140,320,0,20
siloxane-neutral__prefactor-x0.1,0,90401,16000,1138.834,80,140,0,20,0,0,0,0,80,120,40,0,0,0,140,180,0,40,60,160,0,0,0,0,0,0,0,20,0,0,140,320,0,20
siloxane-neutral__prefactor-x0.1,0,90401,18000,1278.926,80,140,0,20,0,0,0,0,80,120,40,0,0,0,140,180,0,40,60,160,0,0,0,0,0,0,0,20,0,0,140,320,0,20
siloxane-neutral__prefactor-x0.1,0,90401,20000,1419.146,80,140,0,20,0,0,0,0,80,120,40,0,0,0,140,180,0,40,60,160,0,0,0,0,0,0,0,20,0,0,140,320,0,20
siloxane-neutral__prefactor-x0.1,1,90403,0,0.0,80,140,0,20,0,0,0,0,80,120,40,0,0,0,140,180,0,40,60,160,0,0,0,0,0,0,0,20,0,0,140,320,0,20
siloxane-neutral__prefactor-x0.1,1,90403,2000,142.9857,80,140,0,20,0,0,0,0,80,120,40,0,0,0,140,180,0,40,60,160,0,0,0,0,0,0,0,20,0,0,140,320,0,20
siloxane-neutral__prefactor-x0.1,1,90403,4000,286.5907,80,140,0,20,0,0,0,0,80,120,40,0,0,0,140,180,0,40,60,160,0,0,0,0,0,0,0,20,0,0,140,320,0,20
siloxane-neutral__prefactor-x0.1,1,90403,6000,424.6699,80,140,0,20,0,0,0,0,80,120,40,0,0,0,140,180,0,40,60,160,0,0,0,0,0,0,0,20,0,0,140,320,0,20
siloxane-neutral__prefactor-x0.1,1,90403,8000,574.4206,80,140,0,20,0,0,0,0,80,120,40,0,0,0,140,180,0,40,60,160,0,0,0,0,0,0,0,20,0,0,140,320,0,20
siloxane-neutral__prefactor-x0.1,1,90403,10000,713.0004,80,140,0,20,0,0,0,0,80,120,40,0,0,0,140,180,0,40,60,160,0,0,0,0,0,0,0,20,0,0,140,320,0,20
siloxane-neutral__prefactor-x0.1,1,90403,12000,860.3515,80,140,0,20,0,0,0,0,80,120,40,0,0,0,140,180,0,40,60,160,0,0,0,0,0,0,0,20,0,0,140,320,0,20
siloxane-neutral__prefactor-x0.1,1,90403,14000,1005.387,80,140,0,20,0,0,0,0,80,120,40,0,0,0,140,180,0,40,60,160,0,0,0,0,0,0,0,20,0,0,140,320,0,20
siloxane-neutral__prefactor-x0.1,1,90403,16000,1147.634,80,140,0,20,0,0,0,0,80,120,40,0,0,0,140,180,0,40,60,160,0,0,0,0,0,0,0,20,0,0,140,320,0,20
siloxane-neutral__prefactor-x0.1,1,90403,18000,1294.273,80,140,0,20,0,0,0,0,80,120,40,0,0,0,140,180,0,40,60,160,0,0,0,0,0,0,0,20,0,0,140,320,0,20
siloxane-neutral__prefactor-x0.1,1,90403,20000,1434.078,80,140,0,20,0,0,0,0,80,120,40,0,0,0,140,180,0,40,60,160,0,0,0,0,0,0,0,20,0,0,140,320,0,20
siloxane-neutral__prefactor-x0.1,2,90407,0,0.0,80,140,0,20,0,0,0,0,80,120,40,0,0,0,140,180,0,40,60,160,0,0,0,0,0,0,0,20,0,0,140,320,0,20
siloxane-neutral__prefactor-x0.1,2,90407,2000,144.4104,80,140,0,20,0,0,0,0,80,120,40,0,0,0,140,180,0,40,60,160,0,0,0,0,0,0,0,20,0,0,140,320,0,20
siloxane-neutral__prefactor-x0.1,2,90407,4000,292.1795,80,140,0,20,0,0,0,0,80,120,40,0,0,0,140,180,0,40,60,160,0,0,0,0,0,0,0,20,0,0,140,320,0,20
siloxane-neutral__prefactor-x0.1,2,90407,6000,441.9685,80,140,0,20,0,0,0,0,80,120,40,0,0,0,140,180,0,40,60,160,0,0,0,0,0,0,0,20,0,0,140,320,0,20
siloxane-neutral__prefactor-x0.1,2,90407,8000,577.6969,80,140,0,20,0,0,0,0,80,120,40,0,0,0,140,180,0,40,60,160,0,0,0,0,0,0,0,20,0,0,140,320,0,20
siloxane-neutral__prefactor-x0.1,2,90407,10000,717.1127,80,140,0,20,0,0,0,0,80,120,40,0,0,0,140,180,0,40,60,160,0,0,0,0,0,0,0,20,0,0,140,320,0,20
siloxane-neutral__prefactor-x0.1,2,90407,12000,855.5844,80,140,0,20,0,0,0,0,80,120,40,0,0,0,140,180,0,40,60,160,0,0,0,0,0,0,0,20,0,0,140,320,0,20
siloxane-neutral__prefactor-x0.1,2,90407,14000,1003.299,80,140,0,20,0,0,0,0,80,120,40,0,0,0,140,180,0,40,60,160,0,0,0,0,0,0,0,20,0,0,140,320,0,20
siloxane-neutral__prefactor-x0.1,2,90407,16000,1139.541,80,140,0,20,0,0,0,0,80,120,40,0,0,0,140,180,0,40,60,160,0,0,0,0,0,0,0,20,0,0,140,320,0,20
siloxane-neutral__prefactor-x0.1,2,90407,18000,1288.187,80,139,1,19,1,0,0,0,79,120,40,0,0,1,138,180,1,41,60,160,0,0,0,0,0,1,0,19,0,0,140,319,1,20
siloxane-neutral__prefactor-x0.1,2,90407,20000,1445.43,80,139,1,19,1,0,0,0,79,120,40,0,0,1,138,180,1,41,60,160,0,0,0,0,0,1,0,19,0,0,140,319,1,20
siloxane-neutral__prefactor-x0.1,3,90409,0,0.0,80,140,0,20,0,0,0,0,80,120,40,0,0,0,140,180,0,40,60,160,0,0,0,0,0,0,0,20,0,0,140,320,0,20
siloxane-neutral__prefactor-x0.1,3,90409,2000,147.6806,80,140,0,20,0,0,0,0,80,120,40,0,0,0,140,180,0,40,60,160,0,0,0,0,0,0,0,20,0,0,140,320,0,20
siloxane-neutral__prefactor-x0.1,3,90409,4000,294.6576,80,140,0,20,0,0,0,0,80,120,40,0,0,0,140,180,0,40,60,160,0,0,0,0,0,0,0,20,0,0,140,320,0,20
siloxane-neutral__prefactor-x0.1,3,90409,6000,455.1573,80,139,1,19,1,0,0,0,79,120,40,0,0,1,138,180,1,41,60,160,0,0,0,0,0,1,0,19,0,0,140,319,1,20
siloxane-neutral__prefactor-x0.1,3,90409,8000,610.0306,80,139,1,19,1,0,0,0,79,120,40,0,0,1,138,180,1,41,60,160,0,0,0,0,0,1,0,19,0,0,140,319,1,20
siloxane-neutral__prefactor-x0.1,3,90409,10000,766.6165,80,139,1,19,1,0,0,0,79,120,40,0,0,1,138,180,1,41,60,160,0,0,0,0,0,1,0,19,0,0,140,319,1,20
siloxane-neutral__prefactor-x0.1,3,90409,12000,911.6037,80,139,1,19,1,0,0,0,79,120,40,0,0,1,138,180,1,41,60,160,0,0,0,0,0,1,0,19,0,0,140,319,1,20
siloxane-neutral__prefactor-x0.1,3,90409,14000,1069.173,80,139,1,19,1,0,0,0,79,120,40,0,0,1,138,180,1,41,60,160,0,0,0,0,0,1,0,19,0,0,140,319,1,20
siloxane-neutral__prefactor-x0.1,3,90409,16000,1219.986,80,139,1,19,1,0,0,0,79,120,40,0,0,1,138,180,1,41,60,160,0,0,0,0,0,1,0,19,0,0,140,319,1,20
siloxane-neutral__prefactor-x0.1,3,90409,18000,1374.611,80,140,0,20,0,0,0,0,78,120,40,0,0,2,136,180,2,42,60,160,0,0,0,0,0,2,0,18,0,0,140,320,0,20
siloxane-neutral__prefactor-x0.1,3,90409,20000,1539.305,80,139,1,19,1,0,0,0,77,120,40,0,0,3,134,180,3,43,60,160,0,0,0,0,0,3,0,17,0,0,140,319,1,20
siloxane-neutral__prefactor-x0.1,4,90413,0,0.0,80,140,0,20,0,0,0,0,80,120,40,0,0,0,140,180,0,40,60,160,0,0,0,0,0,0,0,20,0,0,140,320,0,20
siloxane-neutral__prefactor-x0.1,4,90413,2000,144.2788,80,140,0,20,0,0,0,0,80,120,40,0,0,0,140,180,0,40,60,160,0,0,0,0,0,0,0,20,0,0,140,320,0,20
siloxane-neutral__prefactor-x0.1,4,90413,4000,293.8797,80,140,0,20,0,0,0,0,80,120,40,0,0,0,140,180,0,40,60,160,0,0,0,0,0,0,0,20,0,0,140,320,0,20
siloxane-neutral__prefactor-x0.1,4,90413,6000,432.2303,80,140,0,20,0,0,0,0,80,120,40,0,0,0,140,180,0,40,60,160,0,0,0,0,0,0,0,20,0,0,140,320,0,20
siloxane-neutral__prefactor-x0.1,4,90413,8000,579.9657,80,140,0,20,0,0,0,0,80,120,40,0,0,0,140,180,0,40,60,160,0,0,0,0,0,0,0,20,0,0,140,320,0,20
siloxane-neutral__prefactor-x0.1,4,90413,10000,726.2204,80,140,0,20,0,0,0,0,80,120,40,0,0,0,140,180,0,40,60,160,0,0,0,0,0,0,0,20,0,0,140,320,0,20
siloxane-neutral__prefactor-x0.1,4,90413,12000,871.794,80,140,0,20,0,0,0,0,80,120,40,0,0,0,140,180,0,40,60,160,0,0,0,0,0,0,0,20,0,0,140,320,0,20
siloxane-neutral__prefactor-x0.1,4,90413,14000,1017.126,80,140,0,20,0,0,0,0,80,120,40,0,0,0,140,180,0,40,60,160,0,0,0,0,0,0,0,20,0,0,140,320,0,20
siloxane-neutral__prefactor-x0.1,4,90413,16000,1162.619,80,140,0,20,0,0,0,0,80,120,40,0,0,0,140,180,0,40,60,160,0,0,0,0,0,0,0,20,0,0,140,320,0,20
siloxane-neutral__prefactor-x0.1,4,90413,18000,1305.206,80,139,1,19,1,0,0,0,79,120,40,0,0,1,138,180,1,41,60,160,0,0,0,0,0,1,0,19,0,0,140,319,1,20
siloxane-neutral__prefactor-x0.1,4,90413,20000,1456.545,80,139,1,19,1,0,0,0,79,120,40,0,0,1,138,180,1,41,60,160,0,0,0,0,0,1,0,19,0,0,140,319,1,20
siloxane-neutral__prefactor-x0.1,5,90419,0,0.0,80,140,0,20,0,0,0,0,80,120,40,0,0,0,140,180,0,40,60,160,0,0,0,0,0,0,0,20,0,0,140,320,0,20
siloxane-neutral__prefactor-x0.1,5,90419,2000,150.008,80,139,1,19,1,0,0,0,79,120,40,0,0,1,138,180,1,41,60,160,0,0,0,0,0,1,0,19,0,0,140,319,1,20
siloxane-neutral__prefactor-x0.1,5,90419,4000,299.948,80,139,1,19,1,0,0,0,79,120,40,0,0,1,138,180,1,41,60,160,0,0,0,0,0,1,0,19,0,0,140,319,1,20
siloxane-neutral__prefactor-x0.1,5,90419,6000,453.5406,80,139,1,19,1,0,0,0,79,120,40,0,0,1,138,180,1,41,60,160,0,0,0,0,0,1,0,19,0,0,140,319,1,20
siloxane-neutral__prefactor-x0.1,5,90419,8000,611.4114,80,139,1,19,1,0,0,0,79,120,40,0,0,1,138,180,1,41,60,160,0,0,0,0,0,1,0,19,0,0,140,319,1,20
siloxane-neutral__prefactor-x0.1,5,90419,10000,766.5845,80,139,1,19,1,0,0,0,79,120,40,0,0,1,138,180,1,41,60,160,0,0,0,0,0,1,0,19,0,0,140,319,1,20
siloxane-neutral__prefactor-x0.1,5,90419,12000,908.5659,80,139,1,19,1,0,0,0,79,120,40,0,0,1,138,180,1,41,60,160,0,0,0,0,0,1,0,19,0,0,140,319,1,20
siloxane-neutral__prefactor-x0.1,5,90419,14000,1061.612,80,139,1,19,1,0,0,0,79,120,40,0,0,1,138,180,1,41,60,160,0,0,0,0,0,1,0,19,0,0,140,319,1,20
siloxane-neutral__prefactor-x0.1,5,90419,16000,1208.841,80,139,1,19,1,0,0,0,79,120,40,0,0,1,138,180,1,41,60,160,0,0,0,0,0,1,0,19,0,0,140,319,1,20
siloxane-neutral__prefactor-x0.1,5,90419,18000,1356.066,80,140,0,20,0,0,0,0,78,120,40,0,0,2,136,180,2,42,60,160,0,0,0,0,0,2,0,18,0,0,140,320,0,20
siloxane-neutral__prefactor-x0.1,5,90419,20000,1513.538,80,140,0,20,0,0,0,0,78,120,40,0,0,2,136,180,2,42,60,160,0,0,0,0,0,2,0,18,0,0,140,320,0,20
siloxane-neutral__prefactor-x0.1,6,90421,0,0.0,80,140,0,20,0,0,0,0,80,120,40,0,0,0,140,180,0,40,60,160,0,0,0,0,0,0,0,20,0,0,140,320,0,20
siloxane-neutral__prefactor-x0.1,6,90421,2000,151.4686,80,140,0,20,0,0,0,0,80,120,40,0,0,0,140,180,0,40,60,160,0,0,0,0,0,0,0,20,0,0,140,320,0,20
siloxane-neutral__prefactor-x0.1,6,90421,4000,294.9628,80,140,0,20,0,0,0,0,80,120,40,0,0,0,140,180,0,40,60,160,0,0,0,0,0,0,0,20,0,0,140,320,0,20
siloxane-neutral__prefactor-x0.1,6,90421,6000,426.4788,80,140,0,20,0,0,0,0,80,120,40,0,0,0,140,180,0,40,60,160,0,0,0,0,0,0,0,20,0,0,140,320,0,20
siloxane-neutral__prefactor-x0.1,6,90421,8000,578.3521,80,140,0,20,0,0,0,0,80,120,40,0,0,0,140,180,0,40,60,160,0,0,0,0,0,0,0,20,0,0,140,320,0,20
siloxane-neutral__prefactor-x0.1,6,90421,10000,723.5045,80,140,0,20,0,0,0,0,80,120,40,0,0,0,140,180,0,40,60,160,0,0,0,0,0,0,0,20,0,0,140,320,0,20
siloxane-neutral__prefactor-x0.1,6,90421,12000,867.4904,80,140,0,20,0,0,0,0,80,120,40,0,0,0,140,180,0,40,60,160,0,0,0,0,0,0,0,20,0,0,140,320,0,20
siloxane-neutral__prefactor-x0.1,6,90421,14000,1020.747,80,140,0,20,0,0,0,0,78,120,40,0,0,2,136,180,2,42,60,160,0,0,0,0,0,2,0,18,0,0,140,320,0,20
siloxane-neutral__prefactor-x0.1,6,90421,16000,1175.489,80,140,0,20,0,0,0,0,78,120,40,0,0,2,136,180,2,42,60,160,0,0,0,0,0,2,0,18,0,0,140,320,0,20
siloxane-neutral__prefactor-x0.1,6,90421,18000,1329.144,80,140,0,20,0,0,0,0,78,120,40,0,0,2,136,180,2,42,60,160,0,0,0,0,0,2,0,18,0,0,140,320,0,20
siloxane-neutral__prefactor-x0.1,6,90421,20000,1496.717,80,140,0,20,0,0,0,0,78,120,40,0,0,2,136,180,2,42,60,160,0,0,0,0,0,2,0,18,0,0,140,320,0,20
siloxane-neutral__prefactor-x0.1,7,90427,0,0.0,80,140,0,20,0,0,0,0,80,120,40,0,0,0,140,180,0,40,60,160,0,0,0,0,0,0,0,20,0,0,140,320,0,20
siloxane-neutral__prefactor-x0.1,7,90427,2000,149.0079,80,139,1,19,1,0,0,0,79,120,40,0,0,1,138,180,1,41,60,160,0,0,0,0,0,1,0,19,0,0,140,319,1,20
siloxane-neutral__prefactor-x0.1,7,90427,4000,301.2523,80,139,1,19,1,0,0,0,79,120,40,0,0,1,138,180,1,41,60,160,0,0,0,0,0,1,0,19,0,0,140,319,1,20
siloxane-neutral__prefactor-x0.1,7,90427,6000,448.5363,80,139,1,19,1,0,0,0,79,120,40,0,0,1,138,180,1,41,60,160,0,0,0,0,0,1,0,19,0,0,140,319,1,20
siloxane-neutral__prefactor-x0.1,7,90427,8000,607.5884,80,139,1,19,1,0,0,0,79,120,40,0,0,1,138,180,1,41,60,160,0,0,0,0,0,1,0,19,0,0,140,319,1,20
siloxane-neutral__prefactor-x0.1,7,90427,10000,763.3328,80,139,1,19,1,0,0,0,79,120,40,0,0,1,138,180,1,41,60,160,0,0,0,0,0,1,0,19,0,0,140,319,1,20
siloxane-neutral__prefactor-x0.1,7,90427,12000,917.7814,80,139,1,19,1,0,0,0,79,120,40,0,0,1,138,180,1,41,60,160,0,0,0,0,0,1,0,19,0,0,140,319,1,20
siloxane-neutral__prefactor-x0.1,7,90427,14000,1067.456,80,140,0,20,0,0,0,0,78,120,40,0,0,2,136,180,2,42,60,160,0,0,0,0,0,2,0,18,0,0,140,320,0,20
siloxane-neutral__prefactor-x0.1,7,90427,16000,1235.346,80,140,0,20,0,0,0,0,78,120,40,0,0,2,136,180,2,42,60,160,0,0,0,0,0,2,0,18,0,0,140,320,0,20
siloxane-neutral__prefactor-x0.1,7,90427,18000,1394.048,80,140,0,20,0,0,0,0,78,120,40,0,0,2,136,180,2,42,60,160,0,0,0,0,0,2,0,18,0,0,140,320,0,20
siloxane-neutral__prefactor-x0.1,7,90427,20000,1549.309,80,140,0,20,0,0,0,0,78,120,40,0,0,2,136,180,2,42,60,160,0,0,0,0,0,2,0,18,0,0,140,320,0,20
siloxane-neutral__prefactor-x10,0,90401,0,0.0,80,140,0,20,0,0,0,0,80,120,40,0,0,0,140,180,0,40,60,160,0,0,0,0,0,0,0,20,0,0,140,320,0,20
siloxane-neutral__prefactor-x10,0,90401,2000,145.0577,80,140,0,20,0,0,0,0,80,120,40,0,0,0,140,180,0,40,60,160,0,0,0,0,0,0,0,20,0,0,140,320,0,20
siloxane-neutral__prefactor-x10,0,90401,4000,288.6221,80,140,0,20,0,0,0,0,80,120,40,0,0,0,140,180,0,40,60,160,0,0,0,0,0,0,0,20,0,0,140,320,0,20
siloxane-neutral__prefactor-x10,0,90401,6000,437.1371,80,140,0,20,0,0,0,0,80,120,40,0,0,0,140,180,0,40,60,160,0,0,0,0,0,0,0,20,0,0,140,320,0,20
siloxane-neutral__prefactor-x10,0,90401,8000,578.8293,80,140,0,20,0,0,0,0,80,120,40,0,0,0,140,180,0,40,60,160,0,0,0,0,0,0,0,20,0,0,140,320,0,20
siloxane-neutral__prefactor-x10,0,90401,10000,719.552,80,140,0,20,0,0,0,0,80,120,40,0,0,0,140,180,0,40,60,160,0,0,0,0,0,0,0,20,0,0,140,320,0,20
siloxane-neutral__prefactor-x10,0,90401,12000,858.3425,80,140,0,20,0,0,0,0,80,120,40,0,0,0,140,180,0,40,60,160,0,0,0,0,0,0,0,20,0,0,140,320,0,20
siloxane-neutral__prefactor-x10,0,90401,14000,995.3603,80,140,0,20,0,0,0,0,80,120,40,0,0,0,140,180,0,40,60,160,0,0,0,0,0,0,0,20,0,0,140,320,0,20
siloxane-neutral__prefactor-x10,0,90401,16000,1138.824,80,140,0,20,0,0,0,0,80,120,40,0,0,0,140,180,0,40,60,160,0,0,0,0,0,0,0,20,0,0,140,320,0,20
siloxane-neutral__prefactor-x10,0,90401,18000,1278.915,80,140,0,20,0,0,0,0,80,120,40,0,0,0,140,180,0,40,60,160,0,0,0,0,0,0,0,20,0,0,140,320,0,20
siloxane-neutral__prefactor-x10,0,90401,20000,1419.134,80,140,0,20,0,0,0,0,80,120,40,0,0,0,140,180,0,40,60,160,0,0,0,0,0,0,0,20,0,0,140,320,0,20
siloxane-neutral__prefactor-x10,1,90403,0,0.0,80,140,0,20,0,0,0,0,80,120,40,0,0,0,140,180,0,40,60,160,0,0,0,0,0,0,0,20,0,0,140,320,0,20
siloxane-neutral__prefactor-x10,1,90403,2000,142.9845,80,140,0,20,0,0,0,0,80,120,40,0,0,0,140,180,0,40,60,160,0,0,0,0,0,0,0,20,0,0,140,320,0,20
siloxane-neutral__prefactor-x10,1,90403,4000,286.5883,80,140,0,20,0,0,0,0,80,120,40,0,0,0,140,180,0,40,60,160,0,0,0,0,0,0,0,20,0,0,140,320,0,20
siloxane-neutral__prefactor-x10,1,90403,6000,424.6663,80,140,0,20,0,0,0,0,80,120,40,0,0,0,140,180,0,40,60,160,0,0,0,0,0,0,0,20,0,0,140,320,0,20
siloxane-neutral__prefactor-x10,1,90403,8000,574.4157,80,140,0,20,0,0,0,0,80,120,40,0,0,0,140,180,0,40,60,160,0,0,0,0,0,0,0,20,0,0,140,320,0,20
siloxane-neutral__prefactor-x10,1,90403,10000,712.9943,80,140,0,20,0,0,0,0,80,120,40,0,0,0,140,180,0,40,60,160,0,0,0,0,0,0,0,20,0,0,140,320,0,20
siloxane-neutral__prefactor-x10,1,90403,12000,860.3441,80,140,0,20,0,0,0,0,80,120,40,0,0,0,140,180,0,40,60,160,0,0,0,0,0,0,0,20,0,0,140,320,0,20
siloxane-neutral__prefactor-x10,1,90403,14000,1005.379,80,140,0,20,0,0,0,0,80,120,40,0,0,0,140,180,0,40,60,160,0,0,0,0,0,0,0,20,0,0,140,320,0,20
siloxane-neutral__prefactor-x10,1,90403,16000,1147.624,80,140,0,20,0,0,0,0,80,120,40,0,0,0,140,180,0,40,60,160,0,0,0,0,0,0,0,20,0,0,140,320,0,20
siloxane-neutral__prefactor-x10,1,90403,18000,1294.262,80,140,0,20,0,0,0,0,80,120,40,0,0,0,140,180,0,40,60,160,0,0,0,0,0,0,0,20,0,0,140,320,0,20
siloxane-neutral__prefactor-x10,1,90403,20000,1434.065,80,140,0,20,0,0,0,0,80,120,40,0,0,0,140,180,0,40,60,160,0,0,0,0,0,0,0,20,0,0,140,320,0,20
siloxane-neutral__prefactor-x10,2,90407,0,0.0,80,140,0,20,0,0,0,0,80,120,40,0,0,0,140,180,0,40,60,160,0,0,0,0,0,0,0,20,0,0,140,320,0,20
siloxane-neutral__prefactor-x10,2,90407,2000,144.4091,80,140,0,20,0,0,0,0,80,120,40,0,0,0,140,180,0,40,60,160,0,0,0,0,0,0,0,20,0,0,140,320,0,20
siloxane-neutral__prefactor-x10,2,90407,4000,292.177,80,140,0,20,0,0,0,0,80,120,40,0,0,0,140,180,0,40,60,160,0,0,0,0,0,0,0,20,0,0,140,320,0,20
siloxane-neutral__prefactor-x10,2,90407,6000,441.9647,80,140,0,20,0,0,0,0,80,120,40,0,0,0,140,180,0,40,60,160,0,0,0,0,0,0,0,20,0,0,140,320,0,20
siloxane-neutral__prefactor-x10,2,90407,8000,577.6919,80,140,0,20,0,0,0,0,80,120,40,0,0,0,140,180,0,40,60,160,0,0,0,0,0,0,0,20,0,0,140,320,0,20
siloxane-neutral__prefactor-x10,2,90407,10000,717.1066,80,140,0,20,0,0,0,0,80,120,40,0,0,0,140,180,0,40,60,160,0,0,0,0,0,0,0,20,0,0,140,320,0,20
siloxane-neutral__prefactor-x10,2,90407,12000,855.5771,80,140,0,20,0,0,0,0,80,120,40,0,0,0,140,180,0,40,60,160,0,0,0,0,0,0,0,20,0,0,140,320,0,20
siloxane-neutral__prefactor-x10,2,90407,14000,1003.29,80,140,0,20,0,0,0,0,80,120,40,0,0,0,140,180,0,40,60,160,0,0,0,0,0,0,0,20,0,0,140,320,0,20
siloxane-neutral__prefactor-x10,2,90407,16000,1139.531,80,140,0,20,0,0,0,0,80,120,40,0,0,0,140,180,0,40,60,160,0,0,0,0,0,0,0,20,0,0,140,320,0,20
siloxane-neutral__prefactor-x10,2,90407,18000,1288.175,80,139,1,19,1,0,0,0,79,120,40,0,0,1,138,180,1,41,60,160,0,0,0,0,0,1,0,19,0,0,140,319,1,20
siloxane-neutral__prefactor-x10,2,90407,20000,1445.413,80,139,1,19,1,0,0,0,79,120,40,0,0,1,138,180,1,41,60,160,0,0,0,0,0,1,0,19,0,0,140,319,1,20
siloxane-neutral__prefactor-x10,3,90409,0,0.0,80,140,0,20,0,0,0,0,80,120,40,0,0,0,140,180,0,40,60,160,0,0,0,0,0,0,0,20,0,0,140,320,0,20
siloxane-neutral__prefactor-x10,3,90409,2000,147.6794,80,140,0,20,0,0,0,0,80,120,40,0,0,0,140,180,0,40,60,160,0,0,0,0,0,0,0,20,0,0,140,320,0,20
siloxane-neutral__prefactor-x10,3,90409,4000,294.6551,80,140,0,20,0,0,0,0,80,120,40,0,0,0,140,180,0,40,60,160,0,0,0,0,0,0,0,20,0,0,140,320,0,20
siloxane-neutral__prefactor-x10,3,90409,6000,455.1506,80,139,1,19,1,0,0,0,79,120,40,0,0,1,138,180,1,41,60,160,0,0,0,0,0,1,0,19,0,0,140,319,1,20
siloxane-neutral__prefactor-x10,3,90409,8000,610.0198,80,139,1,19,1,0,0,0,79,120,40,0,0,1,138,180,1,41,60,160,0,0,0,0,0,1,0,19,0,0,140,319,1,20
siloxane-neutral__prefactor-x10,3,90409,10000,768.5724,80,140,0,20,0,0,0,0,78,120,40,0,0,2,136,180,2,42,60,160,0,0,0,0,0,2,0,18,0,0,140,320,0,20
siloxane-neutral__prefactor-x10,3,90409,12000,928.134,80,140,0,20,0,0,0,0,78,120,40,0,0,2,136,180,2,42,60,160,0,0,0,0,0,2,0,18,0,0,140,320,0,20
siloxane-neutral__prefactor-x10,3,90409,14000,1085.191,80,140,0,20,0,0,0,0,78,120,40,0,0,2,136,180,2,42,60,160,0,0,0,0,0,2,0,18,0,0,140,320,0,20
siloxane-neutral__prefactor-x10,3,90409,16000,1242.826,80,140,0,20,0,0,0,0,78,120,40,0,0,2,136,180,2,42,60,160,0,0,0,0,0,2,0,18,0,0,140,320,0,20
siloxane-neutral__prefactor-x10,3,90409,18000,1400.668,80,140,0,20,0,0,0,0,78,120,40,0,0,2,136,180,2,42,60,160,0,0,0,0,0,2,0,18,0,0,140,320,0,20
siloxane-neutral__prefactor-x10,3,90409,20000,1565.352,80,139,1,19,1,0,0,0,77,120,40,0,0,3,134,180,3,43,60,160,0,0,0,0,0,3,0,17,0,0,140,319,1,20
siloxane-neutral__prefactor-x10,4,90413,0,0.0,80,140,0,20,0,0,0,0,80,120,40,0,0,0,140,180,0,40,60,160,0,0,0,0,0,0,0,20,0,0,140,320,0,20
siloxane-neutral__prefactor-x10,4,90413,2000,144.2776,80,140,0,20,0,0,0,0,80,120,40,0,0,0,140,180,0,40,60,160,0,0,0,0,0,0,0,20,0,0,140,320,0,20
siloxane-neutral__prefactor-x10,4,90413,4000,293.8772,80,140,0,20,0,0,0,0,80,120,40,0,0,0,140,180,0,40,60,160,0,0,0,0,0,0,0,20,0,0,140,320,0,20
siloxane-neutral__prefactor-x10,4,90413,6000,432.2266,80,140,0,20,0,0,0,0,80,120,40,0,0,0,140,180,0,40,60,160,0,0,0,0,0,0,0,20,0,0,140,320,0,20
siloxane-neutral__prefactor-x10,4,90413,8000,579.9607,80,140,0,20,0,0,0,0,80,120,40,0,0,0,140,180,0,40,60,160,0,0,0,0,0,0,0,20,0,0,140,320,0,20
siloxane-neutral__prefactor-x10,4,90413,10000,726.2142,80,140,0,20,0,0,0,0,80,120,40,0,0,0,140,180,0,40,60,160,0,0,0,0,0,0,0,20,0,0,140,320,0,20
siloxane-neutral__prefactor-x10,4,90413,12000,871.7866,80,140,0,20,0,0,0,0,80,120,40,0,0,0,140,180,0,40,60,160,0,0,0,0,0,0,0,20,0,0,140,320,0,20
siloxane-neutral__prefactor-x10,4,90413,14000,1017.117,80,140,0,20,0,0,0,0,80,120,40,0,0,0,140,180,0,40,60,160,0,0,0,0,0,0,0,20,0,0,140,320,0,20
siloxane-neutral__prefactor-x10,4,90413,16000,1162.609,80,140,0,20,0,0,0,0,80,120,40,0,0,0,140,180,0,40,60,160,0,0,0,0,0,0,0,20,0,0,140,320,0,20
siloxane-neutral__prefactor-x10,4,90413,18000,1305.194,80,139,1,19,1,0,0,0,79,120,40,0,0,1,138,180,1,41,60,160,0,0,0,0,0,1,0,19,0,0,140,319,1,20
siloxane-neutral__prefactor-x10,4,90413,20000,1456.529,80,139,1,19,1,0,0,0,79,120,40,0,0,1,138,180,1,41,60,160,0,0,0,0,0,1,0,19,0,0,140,319,1,20
siloxane-neutral__prefactor-x10,5,90419,0,0.0,80,140,0,20,0,0,0,0,80,120,40,0,0,0,140,180,0,40,60,160,0,0,0,0,0,0,0,20,0,0,140,320,0,20
siloxane-neutral__prefactor-x10,5,90419,2000,150.0043,80,139,1,19,1,0,0,0,79,120,40,0,0,1,138,180,1,41,60,160,0,0,0,0,0,1,0,19,0,0,140,319,1,20
siloxane-neutral__prefactor-x10,5,90419,4000,299.9403,80,139,1,19,1,0,0,0,79,120,40,0,0,1,138,180,1,41,60,160,0,0,0,0,0,1,0,19,0,0,140,319,1,20
siloxane-neutral__prefactor-x10,5,90419,6000,453.5288,80,139,1,19,1,0,0,0,79,120,40,0,0,1,138,180,1,41,60,160,0,0,0,0,0,1,0,19,0,0,140,319,1,20
siloxane-neutral__prefactor-x10,5,90419,8000,611.3954,80,139,1,19,1,0,0,0,79,120,40,0,0,1,138,180,1,41,60,160,0,0,0,0,0,1,0,19,0,0,140,319,1,20
siloxane-neutral__prefactor-x10,5,90419,10000,766.5644,80,139,1,19,1,0,0,0,79,120,40,0,0,1,138,180,1,41,60,160,0,0,0,0,0,1,0,19,0,0,140,319,1,20
siloxane-neutral__prefactor-x10,5,90419,12000,908.5419,80,139,1,19,1,0,0,0,79,120,40,0,0,1,138,180,1,41,60,160,0,0,0,0,0,1,0,19,0,0,140,319,1,20
siloxane-neutral__prefactor-x10,5,90419,14000,1061.584,80,139,1,19,1,0,0,0,79,120,40,0,0,1,138,180,1,41,60,160,0,0,0,0,0,1,0,19,0,0,140,319,1,20
siloxane-neutral__prefactor-x10,5,90419,16000,1208.809,80,139,1,19,1,0,0,0,79,120,40,0,0,1,138,180,1,41,60,160,0,0,0,0,0,1,0,19,0,0,140,319,1,20
siloxane-neutral__prefactor-x10,5,90419,18000,1359.992,80,139,1,19,1,0,0,0,79,120,40,0,0,1,138,180,1,41,60,160,0,0,0,0,0,1,0,19,0,0,140,319,1,20
siloxane-neutral__prefactor-x10,5,90419,20000,1514.191,80,140,0,20,0,0,0,0,78,120,40,0,0,2,136,180,2,42,60,160,0,0,0,0,0,2,0,18,0,0,140,320,0,20
siloxane-neutral__prefactor-x10,6,90421,0,0.0,80,140,0,20,0,0,0,0,80,120,40,0,0,0,140,180,0,40,60,160,0,0,0,0,0,0,0,20,0,0,140,320,0,20
siloxane-neutral__prefactor-x10,6,90421,2000,151.4673,80,140,0,20,0,0,0,0,80,120,40,0,0,0,140,180,0,40,60,160,0,0,0,0,0,0,0,20,0,0,140,320,0,20
siloxane-neutral__prefactor-x10,6,90421,4000,294.9602,80,140,0,20,0,0,0,0,80,120,40,0,0,0,140,180,0,40,60,160,0,0,0,0,0,0,0,20,0,0,140,320,0,20
siloxane-neutral__prefactor-x10,6,90421,6000,426.4752,80,140,0,20,0,0,0,0,80,120,40,0,0,0,140,180,0,40,60,160,0,0,0,0,0,0,0,20,0,0,140,320,0,20
siloxane-neutral__prefactor-x10,6,90421,8000,578.3472,80,140,0,20,0,0,0,0,80,120,40,0,0,0,140,180,0,40,60,160,0,0,0,0,0,0,0,20,0,0,140,320,0,20
siloxane-neutral__prefactor-x10,6,90421,10000,723.4983,80,140,0,20,0,0,0,0,80,120,40,0,0,0,140,180,0,40,60,160,0,0,0,0,0,0,0,20,0,0,140,320,0,20
siloxane-neutral__prefactor-x10,6,90421,12000,867.483,80,140,0,20,0,0,0,0,80,120,40,0,0,0,140,180,0,40,60,160,0,0,0,0,0,0,0,20,0,0,140,320,0,20
siloxane-neutral__prefactor-x10,6,90421,14000,1020.736,80,140,0,20,0,0,0,0,78,120,40,0,0,2,136,180,2,42,60,160,0,0,0,0,0,2,0,18,0,0,140,320,0,20
siloxane-neutral__prefactor-x10,6,90421,16000,1175.47,80,140,0,20,0,0,0,0,78,120,40,0,0,2,136,180,2,42,60,160,0,0,0,0,0,2,0,18,0,0,140,320,0,20
siloxane-neutral__prefactor-x10,6,90421,18000,1329.119,80,140,0,20,0,0,0,0,78,120,40,0,0,2,136,180,2,42,60,160,0,0,0,0,0,2,0,18,0,0,140,320,0,20
siloxane-neutral__prefactor-x10,6,90421,20000,1493.937,80,139,1,19,1,0,0,0,77,120,40,0,0,3,134,180,3,43,60,160,0,0,0,0,0,3,0,17,0,0,140,319,1,20
siloxane-neutral__prefactor-x10,7,90427,0,0.0,80,140,0,20,0,0,0,0,80,120,40,0,0,0,140,180,0,40,60,160,0,0,0,0,0,0,0,20,0,0,140,320,0,20
siloxane-neutral__prefactor-x10,7,90427,2000,145.7718,80,140,0,20,0,0,0,0,78,120,40,0,0,2,136,180,2,42,60,160,0,0,0,0,0,2,0,18,0,0,140,320,0,20
siloxane-neutral__prefactor-x10,7,90427,4000,303.6472,80,140,0,20,0,0,0,0,78,120,40,0,0,2,136,180,2,42,60,160,0,0,0,0,0,2,0,18,0,0,140,320,0,20
siloxane-neutral__prefactor-x10,7,90427,6000,460.2133,80,140,0,20,0,0,0,0,78,120,40,0,0,2,136,180,2,42,60,160,0,0,0,0,0,2,0,18,0,0,140,320,0,20
siloxane-neutral__prefactor-x10,7,90427,8000,618.6297,80,139,1,19,1,0,0,0,77,120,40,0,0,3,134,180,3,43,60,160,0,0,0,0,0,3,0,17,0,0,140,319,1,20
siloxane-neutral__prefactor-x10,7,90427,10000,792.4224,80,139,1,19,1,0,0,0,77,120,40,0,0,3,134,180,3,43,60,160,0,0,0,0,0,3,0,17,0,0,140,319,1,20
siloxane-neutral__prefactor-x10,7,90427,12000,965.0541,80,139,1,19,1,0,0,0,77,120,40,0,0,3,134,180,3,43,60,160,0,0,0,0,0,3,0,17,0,0,140,319,1,20
siloxane-neutral__prefactor-x10,7,90427,14000,1127.683,80,140,0,20,0,0,0,0,77,121,39,0,1,2,134,181,2,43,60,160,0,0,0,0,0,3,0,17,0,0,140,320,0,20
siloxane-neutral__prefactor-x10,7,90427,16000,1305.289,80,140,0,20,0,0,0,0,77,121,39,0,1,2,134,181,2,43,60,160,0,0,0,0,0,3,0,17,0,0,140,320,0,20
siloxane-neutral__prefactor-x10,7,90427,18000,1473.169,80,140,0,20,0,0,0,0,77,121,39,0,1,2,134,181,2,43,60,160,0,0,0,0,0,3,0,17,0,0,140,320,0,20
siloxane-neutral__prefactor-x10,7,90427,20000,1637.398,80,140,0,20,0,0,0,0,77,121,39,0,1,2,134,181,2,43,60,160,0,0,0,0,0,3,0,17,0,0,140,320,0,20
sioal-si-neutral__ea-minus-3,0,90401,0,0.0,80,140,0,20,0,0,0,0,80,120,40,0,0,0,140,180,0,40,60,160,0,0,0,0,0,0,0,20,0,0,140,320,0,20
sioal-si-neutral__ea-minus-3,0,90401,2000,145.049,80,140,0,20,0,0,0,0,80,120,40,0,0,0,140,180,0,40,60,160,0,0,0,0,0,0,0,20,0,0,140,320,0,20
sioal-si-neutral__ea-minus-3,0,90401,4000,288.6048,80,140,0,20,0,0,0,0,80,120,40,0,0,0,140,180,0,40,60,160,0,0,0,0,0,0,0,20,0,0,140,320,0,20
sioal-si-neutral__ea-minus-3,0,90401,6000,437.1108,80,140,0,20,0,0,0,0,80,120,40,0,0,0,140,180,0,40,60,160,0,0,0,0,0,0,0,20,0,0,140,320,0,20
sioal-si-neutral__ea-minus-3,0,90401,8000,578.7946,80,140,0,20,0,0,0,0,80,120,40,0,0,0,140,180,0,40,60,160,0,0,0,0,0,0,0,20,0,0,140,320,0,20
sioal-si-neutral__ea-minus-3,0,90401,10000,719.5088,80,140,0,20,0,0,0,0,80,120,40,0,0,0,140,180,0,40,60,160,0,0,0,0,0,0,0,20,0,0,140,320,0,20
sioal-si-neutral__ea-minus-3,0,90401,12000,858.2909,80,140,0,20,0,0,0,0,80,120,40,0,0,0,140,180,0,40,60,160,0,0,0,0,0,0,0,20,0,0,140,320,0,20
sioal-si-neutral__ea-minus-3,0,90401,14000,995.3005,80,140,0,20,0,0,0,0,80,120,40,0,0,0,140,180,0,40,60,160,0,0,0,0,0,0,0,20,0,0,140,320,0,20
sioal-si-neutral__ea-minus-3,0,90401,16000,1138.756,80,140,0,20,0,0,0,0,80,120,40,0,0,0,140,180,0,40,60,160,0,0,0,0,0,0,0,20,0,0,140,320,0,20
sioal-si-neutral__ea-minus-3,0,90401,18000,1278.838,80,140,0,20,0,0,0,0,80,120,40,0,0,0,140,180,0,40,60,160,0,0,0,0,0,0,0,20,0,0,140,320,0,20
sioal-si-neutral__ea-minus-3,0,90401,20000,1419.048,80,140,0,20,0,0,0,0,80,120,40,0,0,0,140,180,0,40,60,160,0,0,0,0,0,0,0,20,0,0,140,320,0,20
sioal-si-neutral__ea-minus-3,1,90403,0,0.0,80,140,0,20,0,0,0,0,80,120,40,0,0,0,140,180,0,40,60,160,0,0,0,0,0,0,0,20,0,0,140,320,0,20
sioal-si-neutral__ea-minus-3,1,90403,2000,142.9759,80,140,0,20,0,0,0,0,80,120,40,0,0,0,140,180,0,40,60,160,0,0,0,0,0,0,0,20,0,0,140,320,0,20
sioal-si-neutral__ea-minus-3,1,90403,4000,286.5711,80,140,0,20,0,0,0,0,80,120,40,0,0,0,140,180,0,40,60,160,0,0,0,0,0,0,0,20,0,0,140,320,0,20
sioal-si-neutral__ea-minus-3,1,90403,6000,399.2995,80,139,1,19,1,0,0,0,80,120,39,1,0,0,140,180,0,40,60,159,0,1,0,0,0,0,0,20,0,0,140,320,0,20
sioal-si-neutral__ea-minus-3,1,90403,8000,542.3957,80,140,0,20,0,0,0,0,80,120,40,0,0,0,140,180,0,40,60,160,0,0,0,0,0,0,0,20,0,0,140,320,0,20
sioal-si-neutral__ea-minus-3,1,90403,10000,680.966,80,140,0,20,0,0,0,0,80,120,40,0,0,0,140,180,0,40,60,160,0,0,0,0,0,0,0,20,0,0,140,320,0,20
sioal-si-neutral__ea-minus-3,1,90403,12000,828.307,80,140,0,20,0,0,0,0,80,120,40,0,0,0,140,180,0,40,60,160,0,0,0,0,0,0,0,20,0,0,140,320,0,20
sioal-si-neutral__ea-minus-3,1,90403,14000,973.333,80,140,0,20,0,0,0,0,80,120,40,0,0,0,140,180,0,40,60,160,0,0,0,0,0,0,0,20,0,0,140,320,0,20
sioal-si-neutral__ea-minus-3,1,90403,16000,1115.569,80,140,0,20,0,0,0,0,80,120,40,0,0,0,140,180,0,40,60,160,0,0,0,0,0,0,0,20,0,0,140,320,0,20
sioal-si-neutral__ea-minus-3,1,90403,18000,1262.199,80,140,0,20,0,0,0,0,80,120,40,0,0,0,140,180,0,40,60,160,0,0,0,0,0,0,0,20,0,0,140,320,0,20
sioal-si-neutral__ea-minus-3,1,90403,20000,1401.994,80,140,0,20,0,0,0,0,80,120,40,0,0,0,140,180,0,40,60,160,0,0,0,0,0,0,0,20,0,0,140,320,0,20
sioal-si-neutral__ea-minus-3,2,90407,0,0.0,80,140,0,20,0,0,0,0,80,120,40,0,0,0,140,180,0,40,60,160,0,0,0,0,0,0,0,20,0,0,140,320,0,20
sioal-si-neutral__ea-minus-3,2,90407,2000,144.4005,80,140,0,20,0,0,0,0,80,120,40,0,0,0,140,180,0,40,60,160,0,0,0,0,0,0,0,20,0,0,140,320,0,20
sioal-si-neutral__ea-minus-3,2,90407,4000,292.1595,80,140,0,20,0,0,0,0,80,120,40,0,0,0,140,180,0,40,60,160,0,0,0,0,0,0,0,20,0,0,140,320,0,20
sioal-si-neutral__ea-minus-3,2,90407,6000,441.9382,80,140,0,20,0,0,0,0,80,120,40,0,0,0,140,180,0,40,60,160,0,0,0,0,0,0,0,20,0,0,140,320,0,20
sioal-si-neutral__ea-minus-3,2,90407,8000,577.6572,80,140,0,20,0,0,0,0,80,120,40,0,0,0,140,180,0,40,60,160,0,0,0,0,0,0,0,20,0,0,140,320,0,20
sioal-si-neutral__ea-minus-3,2,90407,10000,717.0635,80,140,0,20,0,0,0,0,80,120,40,0,0,0,140,180,0,40,60,160,0,0,0,0,0,0,0,20,0,0,140,320,0,20
sioal-si-neutral__ea-minus-3,2,90407,12000,855.5257,80,140,0,20,0,0,0,0,80,120,40,0,0,0,140,180,0,40,60,160,0,0,0,0,0,0,0,20,0,0,140,320,0,20
sioal-si-neutral__ea-minus-3,2,90407,14000,1003.23,80,140,0,20,0,0,0,0,80,120,40,0,0,0,140,180,0,40,60,160,0,0,0,0,0,0,0,20,0,0,140,320,0,20
sioal-si-neutral__ea-minus-3,2,90407,16000,1139.463,80,140,0,20,0,0,0,0,80,120,40,0,0,0,140,180,0,40,60,160,0,0,0,0,0,0,0,20,0,0,140,320,0,20
sioal-si-neutral__ea-minus-3,2,90407,18000,1288.077,80,139,1,19,1,0,0,0,79,120,40,0,0,1,138,180,1,41,60,160,0,0,0,0,0,1,0,19,0,0,140,319,1,20
sioal-si-neutral__ea-minus-3,2,90407,20000,1445.263,80,139,1,19,1,0,0,0,79,120,40,0,0,1,138,180,1,41,60,160,0,0,0,0,0,1,0,19,0,0,140,319,1,20
sioal-si-neutral__ea-minus-3,3,90409,0,0.0,80,140,0,20,0,0,0,0,80,120,40,0,0,0,140,180,0,40,60,160,0,0,0,0,0,0,0,20,0,0,140,320,0,20
sioal-si-neutral__ea-minus-3,3,90409,2000,147.5447,80,140,0,20,0,0,0,0,80,120,40,0,0,0,140,180,0,40,60,160,0,0,0,0,0,0,0,20,0,0,140,320,0,20
sioal-si-neutral__ea-minus-3,3,90409,4000,294.5116,80,140,0,20,0,0,0,0,80,120,40,0,0,0,140,180,0,40,60,160,0,0,0,0,0,0,0,20,0,0,140,320,0,20
sioal-si-neutral__ea-minus-3,3,90409,6000,454.955,80,139,1,19,1,0,0,0,79,120,40,0,0,1,138,180,1,41,60,160,0,0,0,0,0,1,0,19,0,0,140,319,1,20
sioal-si-neutral__ea-minus-3,3,90409,8000,609.7728,80,139,1,19,1,0,0,0,79,120,40,0,0,1,138,180,1,41,60,160,0,0,0,0,0,1,0,19,0,0,140,319,1,20
sioal-si-neutral__ea-minus-3,3,90409,10000,758.5457,80,140,1,19,0,0,0,0,79,120,40,0,1,0,138,180,1,41,60,160,0,0,0,0,1,0,0,19,0,0,140,320,0,20
sioal-si-neutral__ea-minus-3,3,90409,12000,906.765,80,140,1,19,0,0,0,0,77,120,40,0,1,2,134,180,3,43,60,160,0,0,0,0,1,2,0,17,0,0,140,320,0,20
sioal-si-neutral__ea-minus-3,3,90409,14000,1063.72,80,140,1,19,0,0,0,0,77,120,40,0,1,2,134,180,3,43,60,160,0,0,0,0,1,2,0,17,0,0,140,320,0,20
sioal-si-neutral__ea-minus-3,3,90409,16000,1219.206,80,139,3,17,1,0,0,0,77,120,40,0,2,1,134,180,3,43,60,160,0,0,0,0,2,1,0,17,0,0,140,319,1,20
sioal-si-neutral__ea-minus-3,3,90409,18000,1369.785,80,139,3,17,1,0,0,0,77,120,40,0,2,1,134,180,3,43,60,160,0,0,0,0,2,1,0,17,0,0,140,319,1,20
sioal-si-neutral__ea-minus-3,3,90409,20000,1522.133,80,140,3,17,0,0,0,0,77,120,40,0,3,0,134,180,3,43,60,160,0,0,0,0,3,0,0,17,0,0,140,320,0,20
sioal-si-neutral__ea-minus-3,4,90413,0,0.0,80,140,0,20,0,0,0,0,80,120,40,0,0,0,140,180,0,40,60,160,0,0,0,0,0,0,0,20,0,0,140,320,0,20
sioal-si-neutral__ea-minus-3,4,90413,2000,138.9007,80,140,0,20,0,0,0,0,80,120,40,0,0,0,140,180,0,40,60,160,0,0,0,0,0,0,0,20,0,0,140,320,0,20
sioal-si-neutral__ea-minus-3,4,90413,4000,283.9536,80,140,0,20,0,0,0,0,80,120,40,0,0,0,140,180,0,40,60,160,0,0,0,0,0,0,0,20,0,0,140,320,0,20
sioal-si-neutral__ea-minus-3,4,90413,6000,422.2946,80,140,0,20,0,0,0,0,80,120,40,0,0,0,140,180,0,40,60,160,0,0,0,0,0,0,0,20,0,0,140,320,0,20
sioal-si-neutral__ea-minus-3,4,90413,8000,570.0199,80,140,0,20,0,0,0,0,80,120,40,0,0,0,140,180,0,40,60,160,0,0,0,0,0,0,0,20,0,0,140,320,0,20
sioal-si-neutral__ea-minus-3,4,90413,10000,716.2646,80,140,0,20,0,0,0,0,80,120,40,0,0,0,140,180,0,40,60,160,0,0,0,0,0,0,0,20,0,0,140,320,0,20
sioal-si-neutral__ea-minus-3,4,90413,12000,861.8283,80,140,0,20,0,0,0,0,80,120,40,0,0,0,140,180,0,40,60,160,0,0,0,0,0,0,0,20,0,0,140,320,0,20
sioal-si-neutral__ea-minus-3,4,90413,14000,1007.15,80,140,0,20,0,0,0,0,80,120,40,0,0,0,140,180,0,40,60,160,0,0,0,0,0,0,0,20,0,0,140,320,0,20
sioal-si-neutral__ea-minus-3,4,90413,16000,1152.633,80,140,0,20,0,0,0,0,80,120,40,0,0,0,140,180,0,40,60,160,0,0,0,0,0,0,0,20,0,0,140,320,0,20
sioal-si-neutral__ea-minus-3,4,90413,18000,1295.204,80,139,1,19,1,0,0,0,79,120,40,0,0,1,138,180,1,41,60,160,0,0,0,0,0,1,0,19,0,0,140,319,1,20
sioal-si-neutral__ea-minus-3,4,90413,20000,1446.489,80,139,1,19,1,0,0,0,79,120,40,0,0,1,138,180,1,41,60,160,0,0,0,0,0,1,0,19,0,0,140,319,1,20
sioal-si-neutral__ea-minus-3,5,90419,0,0.0,80,140,0,20,0,0,0,0,80,120,40,0,0,0,140,180,0,40,60,160,0,0,0,0,0,0,0,20,0,0,140,320,0,20
sioal-si-neutral__ea-minus-3,5,90419,2000,149.9585,80,139,1,19,1,0,0,0,79,120,40,0,0,1,138,180,1,41,60,160,0,0,0,0,0,1,0,19,0,0,140,319,1,20
sioal-si-neutral__ea-minus-3,5,90419,4000,299.8448,80,139,1,19,1,0,0,0,79,120,40,0,0,1,138,180,1,41,60,160,0,0,0,0,0,1,0,19,0,0,140,319,1,20
sioal-si-neutral__ea-minus-3,5,90419,6000,453.3824,80,139,1,19,1,0,0,0,79,120,40,0,0,1,138,180,1,41,60,160,0,0,0,0,0,1,0,19,0,0,140,319,1,20
sioal-si-neutral__ea-minus-3,5,90419,8000,611.1966,80,139,1,19,1,0,0,0,79,120,40,0,0,1,138,180,1,41,60,160,0,0,0,0,0,1,0,19,0,0,140,319,1,20
sioal-si-neutral__ea-minus-3,5,90419,10000,766.314,80,139,1,19,1,0,0,0,79,120,40,0,0,1,138,180,1,41,60,160,0,0,0,0,0,1,0,19,0,0,140,319,1,20
sioal-si-neutral__ea-minus-3,5,90419,12000,913.9475,80,140,0,20,0,0,0,0,78,120,40,0,0,2,136,180,2,42,60,160,0,0,0,0,0,2,0,18,0,0,140,320,0,20
sioal-si-neutral__ea-minus-3,5,90419,14000,1070.994,80,139,2,18,1,0,0,0,78,120,40,0,1,1,136,180,2,42,60,160,0,0,0,0,1,1,0,18,0,0,140,319,1,20
sioal-si-neutral__ea-minus-3,5,90419,16000,1218.168,80,139,2,18,1,0,0,0,78,120,40,0,1,1,136,180,2,42,60,160,0,0,0,0,1,1,0,18,0,0,140,319,1,20
sioal-si-neutral__ea-minus-3,5,90419,18000,1309.624,80,140,1,19,0,0,0,0,78,120,39,1,1,1,136,180,2,42,60,159,1,0,0,0,1,1,0,18,0,0,140,320,0,20
sioal-si-neutral__ea-minus-3,5,90419,20000,1406.341,80,140,1,19,0,0,0,0,78,120,39,1,1,1,136,180,2,42,60,159,1,0,0,0,1,1,0,18,0,0,140,320,0,20
sioal-si-neutral__ea-minus-3,6,90421,0,0.0,80,140,0,20,0,0,0,0,80,120,40,0,0,0,140,180,0,40,60,160,0,0,0,0,0,0,0,20,0,0,140,320,0,20
sioal-si-neutral__ea-minus-3,6,90421,2000,151.4582,80,140,0,20,0,0,0,0,80,120,40,0,0,0,140,180,0,40,60,160,0,0,0,0,0,0,0,20,0,0,140,320,0,20
sioal-si-neutral__ea-minus-3,6,90421,4000,294.9425,80,140,0,20,0,0,0,0,80,120,40,0,0,0,140,180,0,40,60,160,0,0,0,0,0,0,0,20,0,0,140,320,0,20
sioal-si-neutral__ea-minus-3,6,90421,6000,426.4496,80,140,0,20,0,0,0,0,80,120,40,0,0,0,140,180,0,40,60,160,0,0,0,0,0,0,0,20,0,0,140,320,0,20
sioal-si-neutral__ea-minus-3,6,90421,8000,578.3125,80,140,0,20,0,0,0,0,80,120,40,0,0,0,140,180,0,40,60,160,0,0,0,0,0,0,0,20,0,0,140,320,0,20
sioal-si-neutral__ea-minus-3,6,90421,10000,723.4549,80,140,0,20,0,0,0,0,80,120,40,0,0,0,140,180,0,40,60,160,0,0,0,0,0,0,0,20,0,0,140,320,0,20
sioal-si-neutral__ea-minus-3,6,90421,12000,867.4309,80,140,0,20,0,0,0,0,80,120,40,0,0,0,140,180,0,40,60,160,0,0,0,0,0,0,0,20,0,0,140,320,0,20
sioal-si-neutral__ea-minus-3,6,90421,14000,1013.998,80,139,1,19,1,0,0,0,79,120,40,0,0,1,138,180,1,41,60,160,0,0,0,0,0,1,0,19,0,0,140,319,1,20
sioal-si-neutral__ea-minus-3,6,90421,16000,1138.387,80,140,1,19,0,0,0,0,79,120,40,0,1,0,138,180,1,41,60,160,0,0,0,0,1,0,0,19,0,0,140,320,0,20
sioal-si-neutral__ea-minus-3,6,90421,18000,1276.796,80,140,1,19,0,0,0,0,79,120,40,0,1,0,138,180,1,41,60,160,0,0,0,0,1,0,0,19,0,0,140,320,0,20
sioal-si-neutral__ea-minus-3,6,90421,20000,1427.384,80,140,1,19,0,0,0,0,79,120,40,0,1,0,138,180,1,41,60,160,0,0,0,0,1,0,0,19,0,0,140,320,0,20
sioal-si-neutral__ea-minus-3,7,90427,0,0.0,80,140,0,20,0,0,0,0,80,120,40,0,0,0,140,180,0,40,60,160,0,0,0,0,0,0,0,20,0,0,140,320,0,20
sioal-si-neutral__ea-minus-3,7,90427,2000,148.9599,80,139,1,19,1,0,0,0,79,120,40,0,0,1,138,180,1,41,60,160,0,0,0,0,0,1,0,19,0,0,140,319,1,20
sioal-si-neutral__ea-minus-3,7,90427,4000,301.1498,80,139,1,19,1,0,0,0,79,120,40,0,0,1,138,180,1,41,60,160,0,0,0,0,0,1,0,19,0,0,140,319,1,20
sioal-si-neutral__ea-minus-3,7,90427,6000,448.381,80,139,1,19,1,0,0,0,79,120,40,0,0,1,138,180,1,41,60,160,0,0,0,0,0,1,0,19,0,0,140,319,1,20
sioal-si-neutral__ea-minus-3,7,90427,8000,555.2937,80,139,2,18,1,0,0,0,79,120,39,1,1,0,138,180,1,41,60,159,0,1,0,0,1,0,0,19,0,0,140,320,0,20
sioal-si-neutral__ea-minus-3,7,90427,10000,660.9406,80,140,1,19,0,0,0,0,78,120,39,1,1,1,136,180,2,42,60,159,1,0,0,0,1,1,0,18,0,0,140,320,0,20
sioal-si-neutral__ea-minus-3,7,90427,12000,813.495,80,139,2,18,1,0,0,0,78,120,40,0,1,1,136,180,2,42,60,160,0,0,0,0,1,1,0,18,0,0,140,319,1,20
sioal-si-neutral__ea-minus-3,7,90427,14000,969.3686,80,139,2,18,1,0,0,0,78,120,40,0,1,1,136,180,2,42,60,160,0,0,0,0,1,1,0,18,0,0,140,319,1,20
sioal-si-neutral__ea-minus-3,7,90427,16000,1121.94,80,139,2,18,1,0,0,0,78,120,40,0,1,1,136,180,2,42,60,160,0,0,0,0,1,1,0,18,0,0,140,319,1,20
sioal-si-neutral__ea-minus-3,7,90427,18000,1266.234,80,140,2,18,0,0,0,0,78,120,40,0,2,0,136,180,2,42,60,160,0,0,0,0,2,0,0,18,0,0,140,320,0,20
sioal-si-neutral__ea-minus-3,7,90427,20000,1405.772,80,140,2,18,0,0,0,0,78,120,40,0,2,0,136,180,2,42,60,160,0,0,0,0,2,0,0,18,0,0,140,320,0,20
sioal-si-neutral__ea-plus-3,0,90401,0,0.0,80,140,0,20,0,0,0,0,80,120,40,0,0,0,140,180,0,40,60,160,0,0,0,0,0,0,0,20,0,0,140,320,0,20
sioal-si-neutral__ea-plus-3,0,90401,2000,145.0589,80,140,0,20,0,0,0,0,80,120,40,0,0,0,140,180,0,40,60,160,0,0,0,0,0,0,0,20,0,0,140,320,0,20
sioal-si-neutral__ea-plus-3,0,90401,4000,288.6244,80,140,0,20,0,0,0,0,80,120,40,0,0,0,140,180,0,40,60,160,0,0,0,0,0,0,0,20,0,0,140,320,0,20
sioal-si-neutral__ea-plus-3,0,90401,6000,437.1407,80,140,0,20,0,0,0,0,80,120,40,0,0,0,140,180,0,40,60,160,0,0,0,0,0,0,0,20,0,0,140,320,0,20
sioal-si-neutral__ea-plus-3,0,90401,8000,578.8341,80,140,0,20,0,0,0,0,80,120,40,0,0,0,140,180,0,40,60,160,0,0,0,0,0,0,0,20,0,0,140,320,0,20
sioal-si-neutral__ea-plus-3,0,90401,10000,719.5579,80,140,0,20,0,0,0,0,80,120,40,0,0,0,140,180,0,40,60,160,0,0,0,0,0,0,0,20,0,0,140,320,0,20
sioal-si-neutral__ea-plus-3,0,90401,12000,858.3495,80,140,0,20,0,0,0,0,80,120,40,0,0,0,140,180,0,40,60,160,0,0,0,0,0,0,0,20,0,0,140,320,0,20
sioal-si-neutral__ea-plus-3,0,90401,14000,995.3684,80,140,0,20,0,0,0,0,80,120,40,0,0,0,140,180,0,40,60,160,0,0,0,0,0,0,0,20,0,0,140,320,0,20
sioal-si-neutral__ea-plus-3,0,90401,16000,1138.833,80,140,0,20,0,0,0,0,80,120,40,0,0,0,140,180,0,40,60,160,0,0,0,0,0,0,0,20,0,0,140,320,0,20
sioal-si-neutral__ea-plus-3,0,90401,18000,1278.925,80,140,0,20,0,0,0,0,80,120,40,0,0,0,140,180,0,40,60,160,0,0,0,0,0,0,0,20,0,0,140,320,0,20
sioal-si-neutral__ea-plus-3,0,90401,20000,1419.145,80,140,0,20,0,0,0,0,80,120,40,0,0,0,140,180,0,40,60,160,0,0,0,0,0,0,0,20,0,0,140,320,0,20
sioal-si-neutral__ea-plus-3,1,90403,0,0.0,80,140,0,20,0,0,0,0,80,120,40,0,0,0,140,180,0,40,60,160,0,0,0,0,0,0,0,20,0,0,140,320,0,20
sioal-si-neutral__ea-plus-3,1,90403,2000,142.9857,80,140,0,20,0,0,0,0,80,120,40,0,0,0,140,180,0,40,60,160,0,0,0,0,0,0,0,20,0,0,140,320,0,20
sioal-si-neutral__ea-plus-3,1,90403,4000,286.5906,80,140,0,20,0,0,0,0,80,120,40,0,0,0,140,180,0,40,60,160,0,0,0,0,0,0,0,20,0,0,140,320,0,20
sioal-si-neutral__ea-plus-3,1,90403,6000,424.6697,80,140,0,20,0,0,0,0,80,120,40,0,0,0,140,180,0,40,60,160,0,0,0,0,0,0,0,20,0,0,140,320,0,20
sioal-si-neutral__ea-plus-3,1,90403,8000,574.4204,80,140,0,20,0,0,0,0,80,120,40,0,0,0,140,180,0,40,60,160,0,0,0,0,0,0,0,20,0,0,140,320,0,20
sioal-si-neutral__ea-plus-3,1,90403,10000,713.0002,80,140,0,20,0,0,0,0,80,120,40,0,0,0,140,180,0,40,60,160,0,0,0,0,0,0,0,20,0,0,140,320,0,20
sioal-si-neutral__ea-plus-3,1,90403,12000,860.3512,80,140,0,20,0,0,0,0,80,120,40,0,0,0,140,180,0,40,60,160,0,0,0,0,0,0,0,20,0,0,140,320,0,20
sioal-si-neutral__ea-plus-3,1,90403,14000,1005.387,80,140,0,20,0,0,0,0,80,120,40,0,0,0,140,180,0,40,60,160,0,0,0,0,0,0,0,20,0,0,140,320,0,20
sioal-si-neutral__ea-plus-3,1,90403,16000,1147.633,80,140,0,20,0,0,0,0,80,120,40,0,0,0,140,180,0,40,60,160,0,0,0,0,0,0,0,20,0,0,140,320,0,20
sioal-si-neutral__ea-plus-3,1,90403,18000,1294.272,80,140,0,20,0,0,0,0,80,120,40,0,0,0,140,180,0,40,60,160,0,0,0,0,0,0,0,20,0,0,140,320,0,20
sioal-si-neutral__ea-plus-3,1,90403,20000,1434.077,80,140,0,20,0,0,0,0,80,120,40,0,0,0,140,180,0,40,60,160,0,0,0,0,0,0,0,20,0,0,140,320,0,20
sioal-si-neutral__ea-plus-3,2,90407,0,0.0,80,140,0,20,0,0,0,0,80,120,40,0,0,0,140,180,0,40,60,160,0,0,0,0,0,0,0,20,0,0,140,320,0,20
sioal-si-neutral__ea-plus-3,2,90407,2000,144.4103,80,140,0,20,0,0,0,0,80,120,40,0,0,0,140,180,0,40,60,160,0,0,0,0,0,0,0,20,0,0,140,320,0,20
sioal-si-neutral__ea-plus-3,2,90407,4000,292.1794,80,140,0,20,0,0,0,0,80,120,40,0,0,0,140,180,0,40,60,160,0,0,0,0,0,0,0,20,0,0,140,320,0,20
sioal-si-neutral__ea-plus-3,2,90407,6000,441.9684,80,140,0,20,0,0,0,0,80,120,40,0,0,0,140,180,0,40,60,160,0,0,0,0,0,0,0,20,0,0,140,320,0,20
sioal-si-neutral__ea-plus-3,2,90407,8000,577.6967,80,140,0,20,0,0,0,0,80,120,40,0,0,0,140,180,0,40,60,160,0,0,0,0,0,0,0,20,0,0,140,320,0,20
sioal-si-neutral__ea-plus-3,2,90407,10000,717.1124,80,140,0,20,0,0,0,0,80,120,40,0,0,0,140,180,0,40,60,160,0,0,0,0,0,0,0,20,0,0,140,320,0,20
sioal-si-neutral__ea-plus-3,2,90407,12000,855.5841,80,140,0,20,0,0,0,0,80,120,40,0,0,0,140,180,0,40,60,160,0,0,0,0,0,0,0,20,0,0,140,320,0,20
sioal-si-neutral__ea-plus-3,2,90407,14000,1003.299,80,140,0,20,0,0,0,0,80,120,40,0,0,0,140,180,0,40,60,160,0,0,0,0,0,0,0,20,0,0,140,320,0,20
sioal-si-neutral__ea-plus-3,2,90407,16000,1139.54,80,140,0,20,0,0,0,0,80,120,40,0,0,0,140,180,0,40,60,160,0,0,0,0,0,0,0,20,0,0,140,320,0,20
sioal-si-neutral__ea-plus-3,2,90407,18000,1288.187,80,139,1,19,1,0,0,0,79,120,40,0,0,1,138,180,1,41,60,160,0,0,0,0,0,1,0,19,0,0,140,319,1,20
sioal-si-neutral__ea-plus-3,2,90407,20000,1445.429,80,139,1,19,1,0,0,0,79,120,40,0,0,1,138,180,1,41,60,160,0,0,0,0,0,1,0,19,0,0,140,319,1,20
sioal-si-neutral__ea-plus-3,3,90409,0,0.0,80,140,0,20,0,0,0,0,80,120,40,0,0,0,140,180,0,40,60,160,0,0,0,0,0,0,0,20,0,0,140,320,0,20
sioal-si-neutral__ea-plus-3,3,90409,2000,147.6806,80,140,0,20,0,0,0,0,80,120,40,0,0,0,140,180,0,40,60,160,0,0,0,0,0,0,0,20,0,0,140,320,0,20
sioal-si-neutral__ea-plus-3,3,90409,4000,294.6575,80,140,0,20,0,0,0,0,80,120,40,0,0,0,140,180,0,40,60,160,0,0,0,0,0,0,0,20,0,0,140,320,0,20
sioal-si-neutral__ea-plus-3,3,90409,6000,455.1572,80,139,1,19,1,0,0,0,79,120,40,0,0,1,138,180,1,41,60,160,0,0,0,0,0,1,0,19,0,0,140,319,1,20
sioal-si-neutral__ea-plus-3,3,90409,8000,610.0304,80,139,1,19,1,0,0,0,79,120,40,0,0,1,138,180,1,41,60,160,0,0,0,0,0,1,0,19,0,0,140,319,1,20
sioal-si-neutral__ea-plus-3,3,90409,10000,766.6163,80,139,1,19,1,0,0,0,79,120,40,0,0,1,138,180,1,41,60,160,0,0,0,0,0,1,0,19,0,0,140,319,1,20
sioal-si-neutral__ea-plus-3,3,90409,12000,911.6035,80,139,1,19,1,0,0,0,79,120,40,0,0,1,138,180,1,41,60,160,0,0,0,0,0,1,0,19,0,0,140,319,1,20
sioal-si-neutral__ea-plus-3,3,90409,14000,1069.173,80,139,1,19,1,0,0,0,79,120,40,0,0,1,138,180,1,41,60,160,0,0,0,0,0,1,0,19,0,0,140,319,1,20
sioal-si-neutral__ea-plus-3,3,90409,16000,1219.985,80,139,1,19,1,0,0,0,79,120,40,0,0,1,138,180,1,41,60,160,0,0,0,0,0,1,0,19,0,0,140,319,1,20
sioal-si-neutral__ea-plus-3,3,90409,18000,1374.611,80,140,0,20,0,0,0,0,78,120,40,0,0,2,136,180,2,42,60,160,0,0,0,0,0,2,0,18,0,0,140,320,0,20
sioal-si-neutral__ea-plus-3,3,90409,20000,1539.304,80,139,1,19,1,0,0,0,77,120,40,0,0,3,134,180,3,43,60,160,0,0,0,0,0,3,0,17,0,0,140,319,1,20
sioal-si-neutral__ea-plus-3,4,90413,0,0.0,80,140,0,20,0,0,0,0,80,120,40,0,0,0,140,180,0,40,60,160,0,0,0,0,0,0,0,20,0,0,140,320,0,20
sioal-si-neutral__ea-plus-3,4,90413,2000,144.2787,80,140,0,20,0,0,0,0,80,120,40,0,0,0,140,180,0,40,60,160,0,0,0,0,0,0,0,20,0,0,140,320,0,20
sioal-si-neutral__ea-plus-3,4,90413,4000,293.8796,80,140,0,20,0,0,0,0,80,120,40,0,0,0,140,180,0,40,60,160,0,0,0,0,0,0,0,20,0,0,140,320,0,20
sioal-si-neutral__ea-plus-3,4,90413,6000,432.2301,80,140,0,20,0,0,0,0,80,120,40,0,0,0,140,180,0,40,60,160,0,0,0,0,0,0,0,20,0,0,140,320,0,20
sioal-si-neutral__ea-plus-3,4,90413,8000,579.9655,80,140,0,20,0,0,0,0,80,120,40,0,0,0,140,180,0,40,60,160,0,0,0,0,0,0,0,20,0,0,140,320,0,20
sioal-si-neutral__ea-plus-3,4,90413,10000,726.2201,80,140,0,20,0,0,0,0,80,120,40,0,0,0,140,180,0,40,60,160,0,0,0,0,0,0,0,20,0,0,140,320,0,20
sioal-si-neutral__ea-plus-3,4,90413,12000,871.7937,80,140,0,20,0,0,0,0,80,120,40,0,0,0,140,180,0,40,60,160,0,0,0,0,0,0,0,20,0,0,140,320,0,20
sioal-si-neutral__ea-plus-3,4,90413,14000,1017.125,80,140,0,20,0,0,0,0,80,120,40,0,0,0,140,180,0,40,60,160,0,0,0,0,0,0,0,20,0,0,140,320,0,20
sioal-si-neutral__ea-plus-3,4,90413,16000,1162.618,80,140,0,20,0,0,0,0,80,120,40,0,0,0,140,180,0,40,60,160,0,0,0,0,0,0,0,20,0,0,140,320,0,20
sioal-si-neutral__ea-plus-3,4,90413,18000,1305.205,80,139,1,19,1,0,0,0,79,120,40,0,0,1,138,180,1,41,60,160,0,0,0,0,0,1,0,19,0,0,140,319,1,20
sioal-si-neutral__ea-plus-3,4,90413,20000,1456.544,80,139,1,19,1,0,0,0,79,120,40,0,0,1,138,180,1,41,60,160,0,0,0,0,0,1,0,19,0,0,140,319,1,20
sioal-si-neutral__ea-plus-3,5,90419,0,0.0,80,140,0,20,0,0,0,0,80,120,40,0,0,0,140,180,0,40,60,160,0,0,0,0,0,0,0,20,0,0,140,320,0,20
sioal-si-neutral__ea-plus-3,5,90419,2000,150.008,80,139,1,19,1,0,0,0,79,120,40,0,0,1,138,180,1,41,60,160,0,0,0,0,0,1,0,19,0,0,140,319,1,20
sioal-si-neutral__ea-plus-3,5,90419,4000,299.9479,80,139,1,19,1,0,0,0,79,120,40,0,0,1,138,180,1,41,60,160,0,0,0,0,0,1,0,19,0,0,140,319,1,20
sioal-si-neutral__ea-plus-3,5,90419,6000,453.5406,80,139,1,19,1,0,0,0,79,120,40,0,0,1,138,180,1,41,60,160,0,0,0,0,0,1,0,19,0,0,140,319,1,20
sioal-si-neutral__ea-plus-3,5,90419,8000,611.4113,80,139,1,19,1,0,0,0,79,120,40,0,0,1,138,180,1,41,60,160,0,0,0,0,0,1,0,19,0,0,140,319,1,20
sioal-si-neutral__ea-plus-3,5,90419,10000,766.5844,80,139,1,19,1,0,0,0,79,120,40,0,0,1,138,180,1,41,60,160,0,0,0,0,0,1,0,19,0,0,140,319,1,20
sioal-si-neutral__ea-plus-3,5,90419,12000,908.5657,80,139,1,19,1,0,0,0,79,120,40,0,0,1,138,180,1,41,60,160,0,0,0,0,0,1,0,19,0,0,140,319,1,20
sioal-si-neutral__ea-plus-3,5,90419,14000,1061.612,80,139,1,19,1,0,0,0,79,120,40,0,0,1,138,180,1,41,60,160,0,0,0,0,0,1,0,19,0,0,140,319,1,20
sioal-si-neutral__ea-plus-3,5,90419,16000,1208.841,80,139,1,19,1,0,0,0,79,120,40,0,0,1,138,180,1,41,60,160,0,0,0,0,0,1,0,19,0,0,140,319,1,20
sioal-si-neutral__ea-plus-3,5,90419,18000,1356.066,80,140,0,20,0,0,0,0,78,120,40,0,0,2,136,180,2,42,60,160,0,0,0,0,0,2,0,18,0,0,140,320,0,20
sioal-si-neutral__ea-plus-3,5,90419,20000,1513.538,80,140,0,20,0,0,0,0,78,120,40,0,0,2,136,180,2,42,60,160,0,0,0,0,0,2,0,18,0,0,140,320,0,20
sioal-si-neutral__ea-plus-3,6,90421,0,0.0,80,140,0,20,0,0,0,0,80,120,40,0,0,0,140,180,0,40,60,160,0,0,0,0,0,0,0,20,0,0,140,320,0,20
sioal-si-neutral__ea-plus-3,6,90421,2000,151.4685,80,140,0,20,0,0,0,0,80,120,40,0,0,0,140,180,0,40,60,160,0,0,0,0,0,0,0,20,0,0,140,320,0,20
sioal-si-neutral__ea-plus-3,6,90421,4000,294.9627,80,140,0,20,0,0,0,0,80,120,40,0,0,0,140,180,0,40,60,160,0,0,0,0,0,0,0,20,0,0,140,320,0,20
sioal-si-neutral__ea-plus-3,6,90421,6000,426.4787,80,140,0,20,0,0,0,0,80,120,40,0,0,0,140,180,0,40,60,160,0,0,0,0,0,0,0,20,0,0,140,320,0,20
sioal-si-neutral__ea-plus-3,6,90421,8000,578.3519,80,140,0,20,0,0,0,0,80,120,40,0,0,0,140,180,0,40,60,160,0,0,0,0,0,0,0,20,0,0,140,320,0,20
sioal-si-neutral__ea-plus-3,6,90421,10000,723.5043,80,140,0,20,0,0,0,0,80,120,40,0,0,0,140,180,0,40,60,160,0,0,0,0,0,0,0,20,0,0,140,320,0,20
sioal-si-neutral__ea-plus-3,6,90421,12000,867.4901,80,140,0,20,0,0,0,0,80,120,40,0,0,0,140,180,0,40,60,160,0,0,0,0,0,0,0,20,0,0,140,320,0,20
sioal-si-neutral__ea-plus-3,6,90421,14000,1020.747,80,140,0,20,0,0,0,0,78,120,40,0,0,2,136,180,2,42,60,160,0,0,0,0,0,2,0,18,0,0,140,320,0,20
sioal-si-neutral__ea-plus-3,6,90421,16000,1175.488,80,140,0,20,0,0,0,0,78,120,40,0,0,2,136,180,2,42,60,160,0,0,0,0,0,2,0,18,0,0,140,320,0,20
sioal-si-neutral__ea-plus-3,6,90421,18000,1329.144,80,140,0,20,0,0,0,0,78,120,40,0,0,2,136,180,2,42,60,160,0,0,0,0,0,2,0,18,0,0,140,320,0,20
sioal-si-neutral__ea-plus-3,6,90421,20000,1496.717,80,140,0,20,0,0,0,0,78,120,40,0,0,2,136,180,2,42,60,160,0,0,0,0,0,2,0,18,0,0,140,320,0,20
sioal-si-neutral__ea-plus-3,7,90427,0,0.0,80,140,0,20,0,0,0,0,80,120,40,0,0,0,140,180,0,40,60,160,0,0,0,0,0,0,0,20,0,0,140,320,0,20
sioal-si-neutral__ea-plus-3,7,90427,2000,149.0078,80,139,1,19,1,0,0,0,79,120,40,0,0,1,138,180,1,41,60,160,0,0,0,0,0,1,0,19,0,0,140,319,1,20
sioal-si-neutral__ea-plus-3,7,90427,4000,301.2522,80,139,1,19,1,0,0,0,79,120,40,0,0,1,138,180,1,41,60,160,0,0,0,0,0,1,0,19,0,0,140,319,1,20
sioal-si-neutral__ea-plus-3,7,90427,6000,448.5362,80,139,1,19,1,0,0,0,79,120,40,0,0,1,138,180,1,41,60,160,0,0,0,0,0,1,0,19,0,0,140,319,1,20
sioal-si-neutral__ea-plus-3,7,90427,8000,607.5883,80,139,1,19,1,0,0,0,79,120,40,0,0,1,138,180,1,41,60,160,0,0,0,0,0,1,0,19,0,0,140,319,1,20
sioal-si-neutral__ea-plus-3,7,90427,10000,763.3326,80,139,1,19,1,0,0,0,79,120,40,0,0,1,138,180,1,41,60,160,0,0,0,0,0,1,0,19,0,0,140,319,1,20
sioal-si-neutral__ea-plus-3,7,90427,12000,917.7813,80,139,1,19,1,0,0,0,79,120,40,0,0,1,138,180,1,41,60,160,0,0,0,0,0,1,0,19,0,0,140,319,1,20
sioal-si-neutral__ea-plus-3,7,90427,14000,1067.456,80,140,0,20,0,0,0,0,78,120,40,0,0,2,136,180,2,42,60,160,0,0,0,0,0,2,0,18,0,0,140,320,0,20
sioal-si-neutral__ea-plus-3,7,90427,16000,1235.346,80,140,0,20,0,0,0,0,78,120,40,0,0,2,136,180,2,42,60,160,0,0,0,0,0,2,0,18,0,0,140,320,0,20
sioal-si-neutral__ea-plus-3,7,90427,18000,1394.048,80,140,0,20,0,0,0,0,78,120,40,0,0,2,136,180,2,42,60,160,0,0,0,0,0,2,0,18,0,0,140,320,0,20
sioal-si-neutral__ea-plus-3,7,90427,20000,1549.309,80,140,0,20,0,0,0,0,78,120,40,0,0,2,136,180,2,42,60,160,0,0,0,0,0,2,0,18,0,0,140,320,0,20
sioal-si-neutral__prefactor-x0.1,0,90401,0,0.0,80,140,0,20,0,0,0,0,80,120,40,0,0,0,140,180,0,40,60,160,0,0,0,0,0,0,0,20,0,0,140,320,0,20
sioal-si-neutral__prefactor-x0.1,0,90401,2000,145.0589,80,140,0,20,0,0,0,0,80,120,40,0,0,0,140,180,0,40,60,160,0,0,0,0,0,0,0,20,0,0,140,320,0,20
sioal-si-neutral__prefactor-x0.1,0,90401,4000,288.6244,80,140,0,20,0,0,0,0,80,120,40,0,0,0,140,180,0,40,60,160,0,0,0,0,0,0,0,20,0,0,140,320,0,20
sioal-si-neutral__prefactor-x0.1,0,90401,6000,437.1406,80,140,0,20,0,0,0,0,80,120,40,0,0,0,140,180,0,40,60,160,0,0,0,0,0,0,0,20,0,0,140,320,0,20
sioal-si-neutral__prefactor-x0.1,0,90401,8000,578.834,80,140,0,20,0,0,0,0,80,120,40,0,0,0,140,180,0,40,60,160,0,0,0,0,0,0,0,20,0,0,140,320,0,20
sioal-si-neutral__prefactor-x0.1,0,90401,10000,719.5579,80,140,0,20,0,0,0,0,80,120,40,0,0,0,140,180,0,40,60,160,0,0,0,0,0,0,0,20,0,0,140,320,0,20
sioal-si-neutral__prefactor-x0.1,0,90401,12000,858.3494,80,140,0,20,0,0,0,0,80,120,40,0,0,0,140,180,0,40,60,160,0,0,0,0,0,0,0,20,0,0,140,320,0,20
sioal-si-neutral__prefactor-x0.1,0,90401,14000,995.3684,80,140,0,20,0,0,0,0,80,120,40,0,0,0,140,180,0,40,60,160,0,0,0,0,0,0,0,20,0,0,140,320,0,20
sioal-si-neutral__prefactor-x0.1,0,90401,16000,1138.833,80,140,0,20,0,0,0,0,80,120,40,0,0,0,140,180,0,40,60,160,0,0,0,0,0,0,0,20,0,0,140,320,0,20
sioal-si-neutral__prefactor-x0.1,0,90401,18000,1278.925,80,140,0,20,0,0,0,0,80,120,40,0,0,0,140,180,0,40,60,160,0,0,0,0,0,0,0,20,0,0,140,320,0,20
sioal-si-neutral__prefactor-x0.1,0,90401,20000,1419.145,80,140,0,20,0,0,0,0,80,120,40,0,0,0,140,180,0,40,60,160,0,0,0,0,0,0,0,20,0,0,140,320,0,20
sioal-si-neutral__prefactor-x0.1,1,90403,0,0.0,80,140,0,20,0,0,0,0,80,120,40,0,0,0,140,180,0,40,60,160,0,0,0,0,0,0,0,20,0,0,140,320,0,20
sioal-si-neutral__prefactor-x0.1,1,90403,2000,142.9857,80,140,0,20,0,0,0,0,80,120,40,0,0,0,140,180,0,40,60,160,0,0,0,0,0,0,0,20,0,0,140,320,0,20
sioal-si-neutral__prefactor-x0.1,1,90403,4000,286.5906,80,140,0,20,0,0,0,0,80,120,40,0,0,0,140,180,0,40,60,160,0,0,0,0,0,0,0,20,0,0,140,320,0,20
sioal-si-neutral__prefactor-x0.1,1,90403,6000,424.6697,80,140,0,20,0,0,0,0,80,120,40,0,0,0,140,180,0,40,60,160,0,0,0,0,0,0,0,20,0,0,140,320,0,20
sioal-si-neutral__prefactor-x0.1,1,90403,8000,574.4203,80,140,0,20,0,0,0,0,80,120,40,0,0,0,140,180,0,40,60,160,0,0,0,0,0,0,0,20,0,0,140,320,0,20
sioal-si-neutral__prefactor-x0.1,1,90403,10000,713.0001,80,140,0,20,0,0,0,0,80,120,40,0,0,0,140,180,0,40,60,160,0,0,0,0,0,0,0,20,0,0,140,320,0,20
sioal-si-neutral__prefactor-x0.1,1,90403,12000,860.3511,80,140,0,20,0,0,0,0,80,120,40,0,0,0,140,180,0,40,60,160,0,0,0,0,0,0,0,20,0,0,140,320,0,20
sioal-si-neutral__prefactor-x0.1,1,90403,14000,1005.387,80,140,0,20,0,0,0,0,80,120,40,0,0,0,140,180,0,40,60,160,0,0,0,0,0,0,0,20,0,0,140,320,0,20
sioal-si-neutral__prefactor-x0.1,1,90403,16000,1147.633,80,140,0,20,0,0,0,0,80,120,40,0,0,0,140,180,0,40,60,160,0,0,0,0,0,0,0,20,0,0,140,320,0,20
sioal-si-neutral__prefactor-x0.1,1,90403,18000,1294.272,80,140,0,20,0,0,0,0,80,120,40,0,0,0,140,180,0,40,60,160,0,0,0,0,0,0,0,20,0,0,140,320,0,20
sioal-si-neutral__prefactor-x0.1,1,90403,20000,1434.077,80,140,0,20,0,0,0,0,80,120,40,0,0,0,140,180,0,40,60,160,0,0,0,0,0,0,0,20,0,0,140,320,0,20
sioal-si-neutral__prefactor-x0.1,2,90407,0,0.0,80,140,0,20,0,0,0,0,80,120,40,0,0,0,140,180,0,40,60,160,0,0,0,0,0,0,0,20,0,0,140,320,0,20
sioal-si-neutral__prefactor-x0.1,2,90407,2000,144.4103,80,140,0,20,0,0,0,0,80,120,40,0,0,0,140,180,0,40,60,160,0,0,0,0,0,0,0,20,0,0,140,320,0,20
sioal-si-neutral__prefactor-x0.1,2,90407,4000,292.1794,80,140,0,20,0,0,0,0,80,120,40,0,0,0,140,180,0,40,60,160,0,0,0,0,0,0,0,20,0,0,140,320,0,20
sioal-si-neutral__prefactor-x0.1,2,90407,6000,441.9683,80,140,0,20,0,0,0,0,80,120,40,0,0,0,140,180,0,40,60,160,0,0,0,0,0,0,0,20,0,0,140,320,0,20
sioal-si-neutral__prefactor-x0.1,2,90407,8000,577.6966,80,140,0,20,0,0,0,0,80,120,40,0,0,0,140,180,0,40,60,160,0,0,0,0,0,0,0,20,0,0,140,320,0,20
sioal-si-neutral__prefactor-x0.1,2,90407,10000,717.1124,80,140,0,20,0,0,0,0,80,120,40,0,0,0,140,180,0,40,60,160,0,0,0,0,0,0,0,20,0,0,140,320,0,20
sioal-si-neutral__prefactor-x0.1,2,90407,12000,855.584,80,140,0,20,0,0,0,0,80,120,40,0,0,0,140,180,0,40,60,160,0,0,0,0,0,0,0,20,0,0,140,320,0,20
sioal-si-neutral__prefactor-x0.1,2,90407,14000,1003.299,80,140,0,20,0,0,0,0,80,120,40,0,0,0,140,180,0,40,60,160,0,0,0,0,0,0,0,20,0,0,140,320,0,20
sioal-si-neutral__prefactor-x0.1,2,90407,16000,1139.54,80,140,0,20,0,0,0,0,80,120,40,0,0,0,140,180,0,40,60,160,0,0,0,0,0,0,0,20,0,0,140,320,0,20
sioal-si-neutral__prefactor-x0.1,2,90407,18000,1288.187,80,139,1,19,1,0,0,0,79,120,40,0,0,1,138,180,1,41,60,160,0,0,0,0,0,1,0,19,0,0,140,319,1,20
sioal-si-neutral__prefactor-x0.1,2,90407,20000,1445.429,80,139,1,19,1,0,0,0,79,120,40,0,0,1,138,180,1,41,60,160,0,0,0,0,0,1,0,19,0,0,140,319,1,20
sioal-si-neutral__prefactor-x0.1,3,90409,0,0.0,80,140,0,20,0,0,0,0,80,120,40,0,0,0,140,180,0,40,60,160,0,0,0,0,0,0,0,20,0,0,140,320,0,20
sioal-si-neutral__prefactor-x0.1,3,90409,2000,147.6806,80,140,0,20,0,0,0,0,80,120,40,0,0,0,140,180,0,40,60,160,0,0,0,0,0,0,0,20,0,0,140,320,0,20
sioal-si-neutral__prefactor-x0.1,3,90409,4000,294.6575,80,140,0,20,0,0,0,0,80,120,40,0,0,0,140,180,0,40,60,160,0,0,0,0,0,0,0,20,0,0,140,320,0,20
sioal-si-neutral__prefactor-x0.1,3,90409,6000,455.1571,80,139,1,19,1,0,0,0,79,120,40,0,0,1,138,180,1,41,60,160,0,0,0,0,0,1,0,19,0,0,140,319,1,20
sioal-si-neutral__prefactor-x0.1,3,90409,8000,610.0304,80,139,1,19,1,0,0,0,79,120,40,0,0,1,138,180,1,41,60,160,0,0,0,0,0,1,0,19,0,0,140,319,1,20
sioal-si-neutral__prefactor-x0.1,3,90409,10000,766.6162,80,139,1,19,1,0,0,0,79,120,40,0,0,1,138,180,1,41,60,160,0,0,0,0,0,1,0,19,0,0,140,319,1,20
sioal-si-neutral__prefactor-x0.1,3,90409,12000,911.6034,80,139,1,19,1,0,0,0,79,120,40,0,0,1,138,180,1,41,60,160,0,0,0,0,0,1,0,19,0,0,140,319,1,20
sioal-si-neutral__prefactor-x0.1,3,90409,14000,1069.173,80,139,1,19,1,0,0,0,79,120,40,0,0,1,138,180,1,41,60,160,0,0,0,0,0,1,0,19,0,0,140,319,1,20
sioal-si-neutral__prefactor-x0.1,3,90409,16000,1219.985,80,139,1,19,1,0,0,0,79,120,40,0,0,1,138,180,1,41,60,160,0,0,0,0,0,1,0,19,0,0,140,319,1,20
sioal-si-neutral__prefactor-x0.1,3,90409,18000,1374.611,80,140,0,20,0,0,0,0,78,120,40,0,0,2,136,180,2,42,60,160,0,0,0,0,0,2,0,18,0,0,140,320,0,20
sioal-si-neutral__prefactor-x0.1,3,90409,20000,1539.304,80,139,1,19,1,0,0,0,77,120,40,0,0,3,134,180,3,43,60,160,0,0,0,0,0,3,0,17,0,0,140,319,1,20
sioal-si-neutral__prefactor-x0.1,4,90413,0,0.0,80,140,0,20,0,0,0,0,80,120,40,0,0,0,140,180,0,40,60,160,0,0,0,0,0,0,0,20,0,0,140,320,0,20
sioal-si-neutral__prefactor-x0.1,4,90413,2000,144.2787,80,140,0,20,0,0,0,0,80,120,40,0,0,0,140,180,0,40,60,160,0,0,0,0,0,0,0,20,0,0,140,320,0,20
sioal-si-neutral__prefactor-x0.1,4,90413,4000,293.8796,80,140,0,20,0,0,0,0,80,120,40,0,0,0,140,180,0,40,60,160,0,0,0,0,0,0,0,20,0,0,140,320,0,20
sioal-si-neutral__prefactor-x0.1,4,90413,6000,432.2301,80,140,0,20,0,0,0,0,80,120,40,0,0,0,140,180,0,40,60,160,0,0,0,0,0,0,0,20,0,0,140,320,0,20
sioal-si-neutral__prefactor-x0.1,4,90413,8000,579.9655,80,140,0,20,0,0,0,0,80,120,40,0,0,0,140,180,0,40,60,160,0,0,0,0,0,0,0,20,0,0,140,320,0,20
sioal-si-neutral__prefactor-x0.1,4,90413,10000,726.2201,80,140,0,20,0,0,0,0,80,120,40,0,0,0,140,180,0,40,60,160,0,0,0,0,0,0,0,20,0,0,140,320,0,20
sioal-si-neutral__prefactor-x0.1,4,90413,12000,871.7937,80,140,0,20,0,0,0,0,80,120,40,0,0,0,140,180,0,40,60,160,0,0,0,0,0,0,0,20,0,0,140,320,0,20
sioal-si-neutral__prefactor-x0.1,4,90413,14000,1017.125,80,140,0,20,0,0,0,0,80,120,40,0,0,0,140,180,0,40,60,160,0,0,0,0,0,0,0,20,0,0,140,320,0,20
sioal-si-neutral__prefactor-x0.1,4,90413,16000,1162.618,80,140,0,20,0,0,0,0,80,120,40,0,0,0,140,180,0,40,60,160,0,0,0,0,0,0,0,20,0,0,140,320,0,20
sioal-si-neutral__prefactor-x0.1,4,90413,18000,1305.205,80,139,1,19,1,0,0,0,79,120,40,0,0,1,138,180,1,41,60,160,0,0,0,0,0,1,0,19,0,0,140,319,1,20
sioal-si-neutral__prefactor-x0.1,4,90413,20000,1456.544,80,139,1,19,1,0,0,0,79,120,40,0,0,1,138,180,1,41,60,160,0,0,0,0,0,1,0,19,0,0,140,319,1,20
sioal-si-neutral__prefactor-x0.1,5,90419,0,0.0,80,140,0,20,0,0,0,0,80,120,40,0,0,0,140,180,0,40,60,160,0,0,0,0,0,0,0,20,0,0,140,320,0,20
sioal-si-neutral__prefactor-x0.1,5,90419,2000,150.0079,80,139,1,19,1,0,0,0,79,120,40,0,0,1,138,180,1,41,60,160,0,0,0,0,0,1,0,19,0,0,140,319,1,20
sioal-si-neutral__prefactor-x0.1,5,90419,4000,299.9479,80,139,1,19,1,0,0,0,79,120,40,0,0,1,138,180,1,41,60,160,0,0,0,0,0,1,0,19,0,0,140,319,1,20
sioal-si-neutral__prefactor-x0.1,5,90419,6000,453.5405,80,139,1,19,1,0,0,0,79,120,40,0,0,1,138,180,1,41,60,160,0,0,0,0,0,1,0,19,0,0,140,319,1,20
sioal-si-neutral__prefactor-x0.1,5,90419,8000,611.4111,80,139,1,19,1,0,0,0,79,120,40,0,0,1,138,180,1,41,60,160,0,0,0,0,0,1,0,19,0,0,140,319,1,20
sioal-si-neutral__prefactor-x0.1,5,90419,10000,766.5842,80,139,1,19,1,0,0,0,79,120,40,0,0,1,138,180,1,41,60,160,0,0,0,0,0,1,0,19,0,0,140,319,1,20
sioal-si-neutral__prefactor-x0.1,5,90419,12000,908.5655,80,139,1,19,1,0,0,0,79,120,40,0,0,1,138,180,1,41,60,160,0,0,0,0,0,1,0,19,0,0,140,319,1,20
sioal-si-neutral__prefactor-x0.1,5,90419,14000,1061.612,80,139,1,19,1,0,0,0,79,120,40,0,0,1,138,180,1,41,60,160,0,0,0,0,0,1,0,19,0,0,140,319,1,20
sioal-si-neutral__prefactor-x0.1,5,90419,16000,1208.84,80,139,1,19,1,0,0,0,79,120,40,0,0,1,138,180,1,41,60,160,0,0,0,0,0,1,0,19,0,0,140,319,1,20
sioal-si-neutral__prefactor-x0.1,5,90419,18000,1356.066,80,140,0,20,0,0,0,0,78,120,40,0,0,2,136,180,2,42,60,160,0,0,0,0,0,2,0,18,0,0,140,320,0,20
sioal-si-neutral__prefactor-x0.1,5,90419,20000,1513.538,80,140,0,20,0,0,0,0,78,120,40,0,0,2,136,180,2,42,60,160,0,0,0,0,0,2,0,18,0,0,140,320,0,20
sioal-si-neutral__prefactor-x0.1,6,90421,0,0.0,80,140,0,20,0,0,0,0,80,120,40,0,0,0,140,180,0,40,60,160,0,0,0,0,0,0,0,20,0,0,140,320,0,20
sioal-si-neutral__prefactor-x0.1,6,90421,2000,151.4685,80,140,0,20,0,0,0,0,80,120,40,0,0,0,140,180,0,40,60,160,0,0,0,0,0,0,0,20,0,0,140,320,0,20
sioal-si-neutral__prefactor-x0.1,6,90421,4000,294.9626,80,140,0,20,0,0,0,0,80,120,40,0,0,0,140,180,0,40,60,160,0,0,0,0,0,0,0,20,0,0,140,320,0,20
sioal-si-neutral__prefactor-x0.1,6,90421,6000,426.4787,80,140,0,20,0,0,0,0,80,120,40,0,0,0,140,180,0,40,60,160,0,0,0,0,0,0,0,20,0,0,140,320,0,20
sioal-si-neutral__prefactor-x0.1,6,90421,8000,578.3519,80,140,0,20,0,0,0,0,80,120,40,0,0,0,140,180,0,40,60,160,0,0,0,0,0,0,0,20,0,0,140,320,0,20
sioal-si-neutral__prefactor-x0.1,6,90421,10000,723.5042,80,140,0,20,0,0,0,0,80,120,40,0,0,0,140,180,0,40,60,160,0,0,0,0,0,0,0,20,0,0,140,320,0,20
sioal-si-neutral__prefactor-x0.1,6,90421,12000,867.4901,80,140,0,20,0,0,0,0,80,120,40,0,0,0,140,180,0,40,60,160,0,0,0,0,0,0,0,20,0,0,140,320,0,20
sioal-si-neutral__prefactor-x0.1,6,90421,14000,1020.747,80,140,0,20,0,0,0,0,78,120,40,0,0,2,136,180,2,42,60,160,0,0,0,0,0,2,0,18,0,0,140,320,0,20
sioal-si-neutral__prefactor-x0.1,6,90421,16000,1175.488,80,140,0,20,0,0,0,0,78,120,40,0,0,2,136,180,2,42,60,160,0,0,0,0,0,2,0,18,0,0,140,320,0,20
sioal-si-neutral__prefactor-x0.1,6,90421,18000,1329.144,80,140,0,20,0,0,0,0,78,120,40,0,0,2,136,180,2,42,60,160,0,0,0,0,0,2,0,18,0,0,140,320,0,20
sioal-si-neutral__prefactor-x0.1,6,90421,20000,1496.717,80,140,0,20,0,0,0,0,78,120,40,0,0,2,136,180,2,42,60,160,0,0,0,0,0,2,0,18,0,0,140,320,0,20
sioal-si-neutral__prefactor-x0.1,7,90427,0,0.0,80,140,0,20,0,0,0,0,80,120,40,0,0,0,140,180,0,40,60,160,0,0,0,0,0,0,0,20,0,0,140,320,0,20
sioal-si-neutral__prefactor-x0.1,7,90427,2000,149.0078,80,139,1,19,1,0,0,0,79,120,40,0,0,1,138,180,1,41,60,160,0,0,0,0,0,1,0,19,0,0,140,319,1,20
sioal-si-neutral__prefactor-x0.1,7,90427,4000,301.2522,80,139,1,19,1,0,0,0,79,120,40,0,0,1,138,180,1,41,60,160,0,0,0,0,0,1,0,19,0,0,140,319,1,20
sioal-si-neutral__prefactor-x0.1,7,90427,6000,448.5362,80,139,1,19,1,0,0,0,79,120,40,0,0,1,138,180,1,41,60,160,0,0,0,0,0,1,0,19,0,0,140,319,1,20
sioal-si-neutral__prefactor-x0.1,7,90427,8000,607.5882,80,139,1,19,1,0,0,0,79,120,40,0,0,1,138,180,1,41,60,160,0,0,0,0,0,1,0,19,0,0,140,319,1,20
sioal-si-neutral__prefactor-x0.1,7,90427,10000,763.3325,80,139,1,19,1,0,0,0,79,120,40,0,0,1,138,180,1,41,60,160,0,0,0,0,0,1,0,19,0,0,140,319,1,20
sioal-si-neutral__prefactor-x0.1,7,90427,12000,917.7811,80,139,1,19,1,0,0,0,79,120,40,0,0,1,138,180,1,41,60,160,0,0,0,0,0,1,0,19,0,0,140,319,1,20
sioal-si-neutral__prefactor-x0.1,7,90427,14000,1067.455,80,140,0,20,0,0,0,0,78,120,40,0,0,2,136,180,2,42,60,160,0,0,0,0,0,2,0,18,0,0,140,320,0,20
sioal-si-neutral__prefactor-x0.1,7,90427,16000,1235.345,80,140,0,20,0,0,0,0,78,120,40,0,0,2,136,180,2,42,60,160,0,0,0,0,0,2,0,18,0,0,140,320,0,20
sioal-si-neutral__prefactor-x0.1,7,90427,18000,1394.048,80,140,0,20,0,0,0,0,78,120,40,0,0,2,136,180,2,42,60,160,0,0,0,0,0,2,0,18,0,0,140,320,0,20
sioal-si-neutral__prefactor-x0.1,7,90427,20000,1549.308,80,140,0,20,0,0,0,0,78,120,40,0,0,2,136,180,2,42,60,160,0,0,0,0,0,2,0,18,0,0,140,320,0,20
sioal-si-neutral__prefactor-x10,0,90401,0,0.0,80,140,0,20,0,0,0,0,80,120,40,0,0,0,140,180,0,40,60,160,0,0,0,0,0,0,0,20,0,0,140,320,0,20
sioal-si-neutral__prefactor-x10,0,90401,2000,145.0583,80,140,0,20,0,0,0,0,80,120,40,0,0,0,140,180,0,40,60,160,0,0,0,0,0,0,0,20,0,0,140,320,0,20
sioal-si-neutral__prefactor-x10,0,90401,4000,288.6232,80,140,0,20,0,0,0,0,80,120,40,0,0,0,140,180,0,40,60,160,0,0,0,0,0,0,0,20,0,0,140,320,0,20
sioal-si-neutral__prefactor-x10,0,90401,6000,437.1388,80,140,0,20,0,0,0,0,80,120,40,0,0,0,140,180,0,40,60,160,0,0,0,0,0,0,0,20,0,0,140,320,0,20
sioal-si-neutral__prefactor-x10,0,90401,8000,578.8316,80,140,0,20,0,0,0,0,80,120,40,0,0,0,140,180,0,40,60,160,0,0,0,0,0,0,0,20,0,0,140,320,0,20
sioal-si-neutral__prefactor-x10,0,90401,10000,719.5548,80,140,0,20,0,0,0,0,80,120,40,0,0,0,140,180,0,40,60,160,0,0,0,0,0,0,0,20,0,0,140,320,0,20
sioal-si-neutral__prefactor-x10,0,90401,12000,858.3458,80,140,0,20,0,0,0,0,80,120,40,0,0,0,140,180,0,40,60,160,0,0,0,0,0,0,0,20,0,0,140,320,0,20
sioal-si-neutral__prefactor-x10,0,90401,14000,995.3642,80,140,0,20,0,0,0,0,80,120,40,0,0,0,140,180,0,40,60,160,0,0,0,0,0,0,0,20,0,0,140,320,0,20
sioal-si-neutral__prefactor-x10,0,90401,16000,1138.828,80,140,0,20,0,0,0,0,80,120,40,0,0,0,140,180,0,40,60,160,0,0,0,0,0,0,0,20,0,0,140,320,0,20
sioal-si-neutral__prefactor-x10,0,90401,18000,1278.92,80,140,0,20,0,0,0,0,80,120,40,0,0,0,140,180,0,40,60,160,0,0,0,0,0,0,0,20,0,0,140,320,0,20
sioal-si-neutral__prefactor-x10,0,90401,20000,1419.139,80,140,0,20,0,0,0,0,80,120,40,0,0,0,140,180,0,40,60,160,0,0,0,0,0,0,0,20,0,0,140,320,0,20
sioal-si-neutral__prefactor-x10,1,90403,0,0.0,80,140,0,20,0,0,0,0,80,120,40,0,0,0,140,180,0,40,60,160,0,0,0,0,0,0,0,20,0,0,140,320,0,20
sioal-si-neutral__prefactor-x10,1,90403,2000,142.9851,80,140,0,20,0,0,0,0,80,120,40,0,0,0,140,180,0,40,60,160,0,0,0,0,0,0,0,20,0,0,140,320,0,20
sioal-si-neutral__prefactor-x10,1,90403,4000,286.5894,80,140,0,20,0,0,0,0,80,120,40,0,0,0,140,180,0,40,60,160,0,0,0,0,0,0,0,20,0,0,140,320,0,20
sioal-si-neutral__prefactor-x10,1,90403,6000,424.6679,80,140,0,20,0,0,0,0,80,120,40,0,0,0,140,180,0,40,60,160,0,0,0,0,0,0,0,20,0,0,140,320,0,20
sioal-si-neutral__prefactor-x10,1,90403,8000,574.4179,80,140,0,20,0,0,0,0,80,120,40,0,0,0,140,180,0,40,60,160,0,0,0,0,0,0,0,20,0,0,140,320,0,20
sioal-si-neutral__prefactor-x10,1,90403,10000,712.9971,80,140,0,20,0,0,0,0,80,120,40,0,0,0,140,180,0,40,60,160,0,0,0,0,0,0,0,20,0,0,140,320,0,20
sioal-si-neutral__prefactor-x10,1,90403,12000,860.3475,80,140,0,20,0,0,0,0,80,120,40,0,0,0,140,180,0,40,60,160,0,0,0,0,0,0,0,20,0,0,140,320,0,20
sioal-si-neutral__prefactor-x10,1,90403,14000,1005.383,80,140,0,20,0,0,0,0,80,120,40,0,0,0,140,180,0,40,60,160,0,0,0,0,0,0,0,20,0,0,140,320,0,20
sioal-si-neutral__prefactor-x10,1,90403,16000,1147.628,80,140,0,20,0,0,0,0,80,120,40,0,0,0,140,180,0,40,60,160,0,0,0,0,0,0,0,20,0,0,140,320,0,20
sioal-si-neutral__prefactor-x10,1,90403,18000,1294.267,80,140,0,20,0,0,0,0,80,120,40,0,0,0,140,180,0,40,60,160,0,0,0,0,0,0,0,20,0,0,140,320,0,20
sioal-si-neutral__prefactor-x10,1,90403,20000,1434.071,80,140,0,20,0,0,0,0,80,120,40,0,0,0,140,180,0,40,60,160,0,0,0,0,0,0,0,20,0,0,140,320,0,20
sioal-si-neutral__prefactor-x10,2,90407,0,0.0,80,140,0,20,0,0,0,0,80,120,40,0,0,0,140,180,0,40,60,160,0,0,0,0,0,0,0,20,0,0,140,320,0,20
sioal-si-neutral__prefactor-x10,2,90407,2000,144.4097,80,140,0,20,0,0,0,0,80,120,40,0,0,0,140,180,0,40,60,160,0,0,0,0,0,0,0,20,0,0,140,320,0,20
sioal-si-neutral__prefactor-x10,2,90407,4000,292.1782,80,140,0,20,0,0,0,0,80,120,40,0,0,0,140,180,0,40,60,160,0,0,0,0,0,0,0,20,0,0,140,320,0,20
sioal-si-neutral__prefactor-x10,2,90407,6000,441.9665,80,140,0,20,0,0,0,0,80,120,40,0,0,0,140,180,0,40,60,160,0,0,0,0,0,0,0,20,0,0,140,320,0,20
sioal-si-neutral__prefactor-x10,2,90407,8000,577.6942,80,140,0,20,0,0,0,0,80,120,40,0,0,0,140,180,0,40,60,160,0,0,0,0,0,0,0,20,0,0,140,320,0,20
sioal-si-neutral__prefactor-x10,2,90407,10000,717.1093,80,140,0,20,0,0,0,0,80,120,40,0,0,0,140,180,0,40,60,160,0,0,0,0,0,0,0,20,0,0,140,320,0,20
sioal-si-neutral__prefactor-x10,2,90407,12000,855.5804,80,140,0,20,0,0,0,0,80,120,40,0,0,0,140,180,0,40,60,160,0,0,0,0,0,0,0,20,0,0,140,320,0,20
sioal-si-neutral__prefactor-x10,2,90407,14000,1003.294,80,140,0,20,0,0,0,0,80,120,40,0,0,0,140,180,0,40,60,160,0,0,0,0,0,0,0,20,0,0,140,320,0,20
sioal-si-neutral__prefactor-x10,2,90407,16000,1139.536,80,140,0,20,0,0,0,0,80,120,40,0,0,0,140,180,0,40,60,160,0,0,0,0,0,0,0,20,0,0,140,320,0,20
sioal-si-neutral__prefactor-x10,2,90407,18000,1288.18,80,139,1,19,1,0,0,0,79,120,40,0,0,1,138,180,1,41,60,160,0,0,0,0,0,1,0,19,0,0,140,319,1,20
sioal-si-neutral__prefactor-x10,2,90407,20000,1445.419,80,139,1,19,1,0,0,0,79,120,40,0,0,1,138,180,1,41,60,160,0,0,0,0,0,1,0,19,0,0,140,319,1,20
sioal-si-neutral__prefactor-x10,3,90409,0,0.0,80,140,0,20,0,0,0,0,80,120,40,0,0,0,140,180,0,40,60,160,0,0,0,0,0,0,0,20,0,0,140,320,0,20
sioal-si-neutral__prefactor-x10,3,90409,2000,147.68,80,140,0,20,0,0,0,0,80,120,40,0,0,0,140,180,0,40,60,160,0,0,0,0,0,0,0,20,0,0,140,320,0,20
sioal-si-neutral__prefactor-x10,3,90409,4000,294.6563,80,140,0,20,0,0,0,0,80,120,40,0,0,0,140,180,0,40,60,160,0,0,0,0,0,0,0,20,0,0,140,320,0,20
sioal-si-neutral__prefactor-x10,3,90409,6000,455.1523,80,139,1,19,1,0,0,0,79,120,40,0,0,1,138,180,1,41,60,160,0,0,0,0,0,1,0,19,0,0,140,319,1,20
sioal-si-neutral__prefactor-x10,3,90409,8000,610.0221,80,139,1,19,1,0,0,0,79,120,40,0,0,1,138,180,1,41,60,160,0,0,0,0,0,1,0,19,0,0,140,319,1,20
sioal-si-neutral__prefactor-x10,3,90409,10000,768.5754,80,140,0,20,0,0,0,0,78,120,40,0,0,2,136,180,2,42,60,160,0,0,0,0,0,2,0,18,0,0,140,320,0,20
sioal-si-neutral__prefactor-x10,3,90409,12000,928.1376,80,140,0,20,0,0,0,0,78,120,40,0,0,2,136,180,2,42,60,160,0,0,0,0,0,2,0,18,0,0,140,320,0,20
sioal-si-neutral__prefactor-x10,3,90409,14000,1085.195,80,140,0,20,0,0,0,0,78,120,40,0,0,2,136,180,2,42,60,160,0,0,0,0,0,2,0,18,0,0,140,320,0,20
sioal-si-neutral__prefactor-x10,3,90409,16000,1242.831,80,140,0,20,0,0,0,0,78,120,40,0,0,2,136,180,2,42,60,160,0,0,0,0,0,2,0,18,0,0,140,320,0,20
sioal-si-neutral__prefactor-x10,3,90409,18000,1400.673,80,140,0,20,0,0,0,0,78,120,40,0,0,2,136,180,2,42,60,160,0,0,0,0,0,2,0,18,0,0,140,320,0,20
sioal-si-neutral__prefactor-x10,3,90409,20000,1565.358,80,139,1,19,1,0,0,0,77,120,40,0,0,3,134,180,3,43,60,160,0,0,0,0,0,3,0,17,0,0,140,319,1,20
sioal-si-neutral__prefactor-x10,4,90413,0,0.0,80,140,0,20,0,0,0,0,80,120,40,0,0,0,140,180,0,40,60,160,0,0,0,0,0,0,0,20,0,0,140,320,0,20
sioal-si-neutral__prefactor-x10,4,90413,2000,144.2781,80,140,0,20,0,0,0,0,80,120,40,0,0,0,140,180,0,40,60,160,0,0,0,0,0,0,0,20,0,0,140,320,0,20
sioal-si-neutral__prefactor-x10,4,90413,4000,293.8783,80,140,0,20,0,0,0,0,80,120,40,0,0,0,140,180,0,40,60,160,0,0,0,0,0,0,0,20,0,0,140,320,0,20
sioal-si-neutral__prefactor-x10,4,90413,6000,432.2283,80,140,0,20,0,0,0,0,80,120,40,0,0,0,140,180,0,40,60,160,0,0,0,0,0,0,0,20,0,0,140,320,0,20
sioal-si-neutral__prefactor-x10,4,90413,8000,579.963,80,140,0,20,0,0,0,0,80,120,40,0,0,0,140,180,0,40,60,160,0,0,0,0,0,0,0,20,0,0,140,320,0,20
sioal-si-neutral__prefactor-x10,4,90413,10000,726.217,80,140,0,20,0,0,0,0,80,120,40,0,0,0,140,180,0,40,60,160,0,0,0,0,0,0,0,20,0,0,140,320,0,20
sioal-si-neutral__prefactor-x10,4,90413,12000,871.79,80,140,0,20,0,0,0,0,80,120,40,0,0,0,140,180,0,40,60,160,0,0,0,0,0,0,0,20,0,0,140,320,0,20
sioal-si-neutral__prefactor-x10,4,90413,14000,1017.121,80,140,0,20,0,0,0,0,80,120,40,0,0,0,140,180,0,40,60,160,0,0,0,0,0,0,0,20,0,0,140,320,0,20
sioal-si-neutral__prefactor-x10,4,90413,16000,1162.613,80,140,0,20,0,0,0,0,80,120,40,0,0,0,140,180,0,40,60,160,0,0,0,0,0,0,0,20,0,0,140,320,0,20
sioal-si-neutral__prefactor-x10,4,90413,18000,1305.199,80,139,1,19,1,0,0,0,79,120,40,0,0,1,138,180,1,41,60,160,0,0,0,0,0,1,0,19,0,0,140,319,1,20
sioal-si-neutral__prefactor-x10,4,90413,20000,1456.535,80,139,1,19,1,0,0,0,79,120,40,0,0,1,138,180,1,41,60,160,0,0,0,0,0,1,0,19,0,0,140,319,1,20
sioal-si-neutral__prefactor-x10,5,90419,0,0.0,80,140,0,20,0,0,0,0,80,120,40,0,0,0,140,180,0,40,60,160,0,0,0,0,0,0,0,20,0,0,140,320,0,20
sioal-si-neutral__prefactor-x10,5,90419,2000,150.0048,80,139,1,19,1,0,0,0,79,120,40,0,0,1,138,180,1,41,60,160,0,0,0,0,0,1,0,19,0,0,140,319,1,20
sioal-si-neutral__prefactor-x10,5,90419,4000,299.9414,80,139,1,19,1,0,0,0,79,120,40,0,0,1,138,180,1,41,60,160,0,0,0,0,0,1,0,19,0,0,140,319,1,20
sioal-si-neutral__prefactor-x10,5,90419,6000,453.5306,80,139,1,19,1,0,0,0,79,120,40,0,0,1,138,180,1,41,60,160,0,0,0,0,0,1,0,19,0,0,140,319,1,20
sioal-si-neutral__prefactor-x10,5,90419,8000,611.3977,80,139,1,19,1,0,0,0,79,120,40,0,0,1,138,180,1,41,60,160,0,0,0,0,0,1,0,19,0,0,140,319,1,20
sioal-si-neutral__prefactor-x10,5,90419,10000,766.5673,80,139,1,19,1,0,0,0,79,120,40,0,0,1,138,180,1,41,60,160,0,0,0,0,0,1,0,19,0,0,140,319,1,20
sioal-si-neutral__prefactor-x10,5,90419,12000,908.5455,80,139,1,19,1,0,0,0,79,120,40,0,0,1,138,180,1,41,60,160,0,0,0,0,0,1,0,19,0,0,140,319,1,20
sioal-si-neutral__prefactor-x10,5,90419,14000,1061.588,80,139,1,19,1,0,0,0,79,120,40,0,0,1,138,180,1,41,60,160,0,0,0,0,0,1,0,19,0,0,140,319,1,20
sioal-si-neutral__prefactor-x10,5,90419,16000,1208.814,80,139,1,19,1,0,0,0,79,120,40,0,0,1,138,180,1,41,60,160,0,0,0,0,0,1,0,19,0,0,140,319,1,20
sioal-si-neutral__prefactor-x10,5,90419,18000,1359.997,80,139,1,19,1,0,0,0,79,120,40,0,0,1,138,180,1,41,60,160,0,0,0,0,0,1,0,19,0,0,140,319,1,20
sioal-si-neutral__prefactor-x10,5,90419,20000,1514.197,80,140,0,20,0,0,0,0,78,120,40,0,0,2,136,180,2,42,60,160,0,0,0,0,0,2,0,18,0,0,140,320,0,20
sioal-si-neutral__prefactor-x10,6,90421,0,0.0,80,140,0,20,0,0,0,0,80,120,40,0,0,0,140,180,0,40,60,160,0,0,0,0,0,0,0,20,0,0,140,320,0,20
sioal-si-neutral__prefactor-x10,6,90421,2000,151.4678,80,140,0,20,0,0,0,0,80,120,40,0,0,0,140,180,0,40,60,160,0,0,0,0,0,0,0,20,0,0,140,320,0,20
sioal-si-neutral__prefactor-x10,6,90421,4000,294.9614,80,140,0,20,0,0,0,0,80,120,40,0,0,0,140,180,0,40,60,160,0,0,0,0,0,0,0,20,0,0,140,320,0,20
sioal-si-neutral__prefactor-x10,6,90421,6000,426.4769,80,140,0,20,0,0,0,0,80,120,40,0,0,0,140,180,0,40,60,160,0,0,0,0,0,0,0,20,0,0,140,320,0,20
sioal-si-neutral__prefactor-x10,6,90421,8000,578.3494,80,140,0,20,0,0,0,0,80,120,40,0,0,0,140,180,0,40,60,160,0,0,0,0,0,0,0,20,0,0,140,320,0,20
sioal-si-neutral__prefactor-x10,6,90421,10000,723.5011,80,140,0,20,0,0,0,0,80,120,40,0,0,0,140,180,0,40,60,160,0,0,0,0,0,0,0,20,0,0,140,320,0,20
sioal-si-neutral__prefactor-x10,6,90421,12000,867.4864,80,140,0,20,0,0,0,0,80,120,40,0,0,0,140,180,0,40,60,160,0,0,0,0,0,0,0,20,0,0,140,320,0,20
sioal-si-neutral__prefactor-x10,6,90421,14000,1020.74,80,140,0,20,0,0,0,0,78,120,40,0,0,2,136,180,2,42,60,160,0,0,0,0,0,2,0,18,0,0,140,320,0,20
sioal-si-neutral__prefactor-x10,6,90421,16000,1175.474,80,140,0,20,0,0,0,0,78,120,40,0,0,2,136,180,2,42,60,160,0,0,0,0,0,2,0,18,0,0,140,320,0,20
sioal-si-neutral__prefactor-x10,6,90421,18000,1329.124,80,140,0,20,0,0,0,0,78,120,40,0,0,2,136,180,2,42,60,160,0,0,0,0,0,2,0,18,0,0,140,320,0,20
sioal-si-neutral__prefactor-x10,6,90421,20000,1493.943,80,139,1,19,1,0,0,0,77,120,40,0,0,3,134,180,3,43,60,160,0,0,0,0,0,3,0,17,0,0,140,319,1,20
sioal-si-neutral__prefactor-x10,7,90427,0,0.0,80,140,0,20,0,0,0,0,80,120,40,0,0,0,140,180,0,40,60,160,0,0,0,0,0,0,0,20,0,0,140,320,0,20
sioal-si-neutral__prefactor-x10,7,90427,2000,145.7724,80,140,0,20,0,0,0,0,78,120,40,0,0,2,136,180,2,42,60,160,0,0,0,0,0,2,0,18,0,0,140,320,0,20
sioal-si-neutral__prefactor-x10,7,90427,4000,303.6483,80,140,0,20,0,0,0,0,78,120,40,0,0,2,136,180,2,42,60,160,0,0,0,0,0,2,0,18,0,0,140,320,0,20
sioal-si-neutral__prefactor-x10,7,90427,6000,460.2151,80,140,0,20,0,0,0,0,78,120,40,0,0,2,136,180,2,42,60,160,0,0,0,0,0,2,0,18,0,0,140,320,0,20
sioal-si-neutral__prefactor-x10,7,90427,8000,618.6321,80,139,1,19,1,0,0,0,77,120,40,0,0,3,134,180,3,43,60,160,0,0,0,0,0,3,0,17,0,0,140,319,1,20
sioal-si-neutral__prefactor-x10,7,90427,10000,792.4255,80,139,1,19,1,0,0,0,77,120,40,0,0,3,134,180,3,43,60,160,0,0,0,0,0,3,0,17,0,0,140,319,1,20
sioal-si-neutral__prefactor-x10,7,90427,12000,965.0579,80,139,1,19,1,0,0,0,77,120,40,0,0,3,134,180,3,43,60,160,0,0,0,0,0,3,0,17,0,0,140,319,1,20
sioal-si-neutral__prefactor-x10,7,90427,14000,1122.035,80,140,1,19,0,0,0,0,77,120,40,0,1,2,134,180,3,43,60,160,0,0,0,0,1,2,0,17,0,0,140,320,0,20
sioal-si-neutral__prefactor-x10,7,90427,16000,1289.918,80,140,1,19,0,0,0,0,77,120,40,0,1,2,134,180,3,43,60,160,0,0,0,0,1,2,0,17,0,0,140,320,0,20
sioal-si-neutral__prefactor-x10,7,90427,18000,1454.818,80,139,2,18,1,0,0,0,76,120,40,0,1,3,132,180,4,44,60,160,0,0,0,0,1,3,0,16,0,0,140,319,1,20
sioal-si-neutral__prefactor-x10,7,90427,20000,1630.984,80,139,2,18,1,0,0,0,76,120,40,0,1,3,132,180,4,44,60,160,0,0,0,0,1,3,0,16,0,0,140,319,1,20
sioal-al-neutral__ea-minus-3,0,90401,0,0.0,80,140,0,20,0,0,0,0,80,120,40,0,0,0,140,180,0,40,60,160,0,0,0,0,0,0,0,20,0,0,140,320,0,20
sioal-al-neutral__ea-minus-3,0,90401,2000,145.0588,80,140,0,20,0,0,0,0,80,120,40,0,0,0,140,180,0,40,60,160,0,0,0,0,0,0,0,20,0,0,140,320,0,20
sioal-al-neutral__ea-minus-3,0,90401,4000,288.6243,80,140,0,20,0,0,0,0,80,120,40,0,0,0,140,180,0,40,60,160,0,0,0,0,0,0,0,20,0,0,140,320,0,20
sioal-al-neutral__ea-minus-3,0,90401,6000,437.1405,80,140,0,20,0,0,0,0,80,120,40,0,0,0,140,180,0,40,60,160,0,0,0,0,0,0,0,20,0,0,140,320,0,20
sioal-al-neutral__ea-minus-3,0,90401,8000,578.8338,80,140,0,20,0,0,0,0,80,120,40,0,0,0,140,180,0,40,60,160,0,0,0,0,0,0,0,20,0,0,140,320,0,20
sioal-al-neutral__ea-minus-3,0,90401,10000,719.5576,80,140,0,20,0,0,0,0,80,120,40,0,0,0,140,180,0,40,60,160,0,0,0,0,0,0,0,20,0,0,140,320,0,20
sioal-al-neutral__ea-minus-3,0,90401,12000,858.3491,80,140,0,20,0,0,0,0,80,120,40,0,0,0,140,180,0,40,60,160,0,0,0,0,0,0,0,20,0,0,140,320,0,20
sioal-al-neutral__ea-minus-3,0,90401,14000,995.368,80,140,0,20,0,0,0,0,80,120,40,0,0,0,140,180,0,40,60,160,0,0,0,0,0,0,0,20,0,0,140,320,0,20
sioal-al-neutral__ea-minus-3,0,90401,16000,1138.833,80,140,0,20,0,0,0,0,80,120,40,0,0,0,140,180,0,40,60,160,0,0,0,0,0,0,0,20,0,0,140,320,0,20
sioal-al-neutral__ea-minus-3,0,90401,18000,1278.925,80,140,0,20,0,0,0,0,80,120,40,0,0,0,140,180,0,40,60,160,0,0,0,0,0,0,0,20,0,0,140,320,0,20
sioal-al-neutral__ea-minus-3,0,90401,20000,1419.145,80,140,0,20,0,0,0,0,80,120,40,0,0,0,140,180,0,40,60,160,0,0,0,0,0,0,0,20,0,0,140,320,0,20
sioal-al-neutral__ea-minus-3,1,90403,0,0.0,80,140,0,20,0,0,0,0,80,120,40,0,0,0,140,180,0,40,60,160,0,0,0,0,0,0,0,20,0,0,140,320,0,20
sioal-al-neutral__ea-minus-3,1,90403,2000,142.9856,80,140,0,20,0,0,0,0,80,120,40,0,0,0,140,180,0,40,60,160,0,0,0,0,0,0,0,20,0,0,140,320,0,20
sioal-al-neutral__ea-minus-3,1,90403,4000,286.5905,80,140,0,20,0,0,0,0,80,120,40,0,0,0,140,180,0,40,60,160,0,0,0,0,0,0,0,20,0,0,140,320,0,20
sioal-al-neutral__ea-minus-3,1,90403,6000,424.6695,80,140,0,20,0,0,0,0,80,120,40,0,0,0,140,180,0,40,60,160,0,0,0,0,0,0,0,20,0,0,140,320,0,20
sioal-al-neutral__ea-minus-3,1,90403,8000,574.4201,80,140,0,20,0,0,0,0,80,120,40,0,0,0,140,180,0,40,60,160,0,0,0,0,0,0,0,20,0,0,140,320,0,20
sioal-al-neutral__ea-minus-3,1,90403,10000,712.9999,80,140,0,20,0,0,0,0,80,120,40,0,0,0,140,180,0,40,60,160,0,0,0,0,0,0,0,20,0,0,140,320,0,20
sioal-al-neutral__ea-minus-3,1,90403,12000,860.3508,80,140,0,20,0,0,0,0,80,120,40,0,0,0,140,180,0,40,60,160,0,0,0,0,0,0,0,20,0,0,140,320,0,20
sioal-al-neutral__ea-minus-3,1,90403,14000,1005.387,80,140,0,20,0,0,0,0,80,120,40,0,0,0,140,180,0,40,60,160,0,0,0,0,0,0,0,20,0,0,140,320,0,20
sioal-al-neutral__ea-minus-3,1,90403,16000,1147.633,80,140,0,20,0,0,0,0,80,120,40,0,0,0,140,180,0,40,60,160,0,0,0,0,0,0,0,20,0,0,140,320,0,20
sioal-al-neutral__ea-minus-3,1,90403,18000,1294.272,80,140,0,20,0,0,0,0,80,120,40,0,0,0,140,180,0,40,60,160,0,0,0,0,0,0,0,20,0,0,140,320,0,20
sioal-al-neutral__ea-minus-3,1,90403,20000,1434.076,80,140,0,20,0,0,0,0,80,120,40,0,0,0,140,180,0,40,60,160,0,0,0,0,0,0,0,20,0,0,140,320,0,20
sioal-al-neutral__ea-minus-3,2,90407,0,0.0,80,140,0,20,0,0,0,0,80,120,40,0,0,0,140,180,0,40,60,160,0,0,0,0,0,0,0,20,0,0,140,320,0,20
sioal-al-neutral__ea-minus-3,2,90407,2000,144.4102,80,140,0,20,0,0,0,0,80,120,40,0,0,0,140,180,0,40,60,160,0,0,0,0,0,0,0,20,0,0,140,320,0,20
sioal-al-neutral__ea-minus-3,2,90407,4000,292.1793,80,140,0,20,0,0,0,0,80,120,40,0,0,0,140,180,0,40,60,160,0,0,0,0,0,0,0,20,0,0,140,320,0,20
sioal-al-neutral__ea-minus-3,2,90407,6000,441.9682,80,140,0,20,0,0,0,0,80,120,40,0,0,0,140,180,0,40,60,160,0,0,0,0,0,0,0,20,0,0,140,320,0,20
sioal-al-neutral__ea-minus-3,2,90407,8000,577.6964,80,140,0,20,0,0,0,0,80,120,40,0,0,0,140,180,0,40,60,160,0,0,0,0,0,0,0,20,0,0,140,320,0,20
sioal-al-neutral__ea-minus-3,2,90407,10000,717.1121,80,140,0,20,0,0,0,0,80,120,40,0,0,0,140,180,0,40,60,160,0,0,0,0,0,0,0,20,0,0,140,320,0,20
sioal-al-neutral__ea-minus-3,2,90407,12000,855.5837,80,140,0,20,0,0,0,0,80,120,40,0,0,0,140,180,0,40,60,160,0,0,0,0,0,0,0,20,0,0,140,320,0,20
sioal-al-neutral__ea-minus-3,2,90407,14000,1003.298,80,140,0,20,0,0,0,0,80,120,40,0,0,0,140,180,0,40,60,160,0,0,0,0,0,0,0,20,0,0,140,320,0,20
sioal-al-neutral__ea-minus-3,2,90407,16000,1139.54,80,140,0,20,0,0,0,0,80,120,40,0,0,0,140,180,0,40,60,160,0,0,0,0,0,0,0,20,0,0,140,320,0,20
sioal-al-neutral__ea-minus-3,2,90407,18000,1288.186,80,139,1,19,1,0,0,0,79,120,40,0,0,1,138,180,1,41,60,160,0,0,0,0,0,1,0,19,0,0,140,319,1,20
sioal-al-neutral__ea-minus-3,2,90407,20000,1445.428,80,139,1,19,1,0,0,0,79,120,40,0,0,1,138,180,1,41,60,160,0,0,0,0,0,1,0,19,0,0,140,319,1,20
sioal-al-neutral__ea-minus-3,3,90409,0,0.0,80,140,0,20,0,0,0,0,80,120,40,0,0,0,140,180,0,40,60,160,0,0,0,0,0,0,0,20,0,0,140,320,0,20
sioal-al-neutral__ea-minus-3,3,90409,2000,147.6805,80,140,0,20,0,0,0,0,80,120,40,0,0,0,140,180,0,40,60,160,0,0,0,0,0,0,0,20,0,0,140,320,0,20
sioal-al-neutral__ea-minus-3,3,90409,4000,294.6574,80,140,0,20,0,0,0,0,80,120,40,0,0,0,140,180,0,40,60,160,0,0,0,0,0,0,0,20,0,0,140,320,0,20
sioal-al-neutral__ea-minus-3,3,90409,6000,455.1567,80,139,1,19,1,0,0,0,79,120,40,0,0,1,138,180,1,41,60,160,0,0,0,0,0,1,0,19,0,0,140,319,1,20
sioal-al-neutral__ea-minus-3,3,90409,8000,610.0296,80,139,1,19,1,0,0,0,79,120,40,0,0,1,138,180,1,41,60,160,0,0,0,0,0,1,0,19,0,0,140,319,1,20
sioal-al-neutral__ea-minus-3,3,90409,10000,766.6151,80,139,1,19,1,0,0,0,79,120,40,0,0,1,138,180,1,41,60,160,0,0,0,0,0,1,0,19,0,0,140,319,1,20
sioal-al-neutral__ea-minus-3,3,90409,12000,911.602,80,139,1,19,1,0,0,0,79,120,40,0,0,1,138,180,1,41,60,160,0,0,0,0,0,1,0,19,0,0,140,319,1,20
sioal-al-neutral__ea-minus-3,3,90409,14000,1069.171,80,139,1,19,1,0,0,0,79,120,40,0,0,1,138,180,1,41,60,160,0,0,0,0,0,1,0,19,0,0,140,319,1,20
sioal-al-neutral__ea-minus-3,3,90409,16000,1219.983,80,139,1,19,1,0,0,0,79,120,40,0,0,1,138,180,1,41,60,160,0,0,0,0,0,1,0,19,0,0,140,319,1,20
sioal-al-neutral__ea-minus-3,3,90409,18000,1374.608,80,140,0,20,0,0,0,0,78,120,40,0,0,2,136,180,2,42,60,160,0,0,0,0,0,2,0,18,0,0,140,320,0,20
sioal-al-neutral__ea-minus-3,3,90409,20000,1539.301,80,139,1,19,1,0,0,0,77,120,40,0,0,3,134,180,3,43,60,160,0,0,0,0,0,3,0,17,0,0,140,319,1,20
sioal-al-neutral__ea-minus-3,4,90413,0,0.0,80,140,0,20,0,0,0,0,80,120,40,0,0,0,140,180,0,40,60,160,0,0,0,0,0,0,0,20,0,0,140,320,0,20
sioal-al-neutral__ea-minus-3,4,90413,2000,144.2787,80,140,0,20,0,0,0,0,80,120,40,0,0,0,140,180,0,40,60,160,0,0,0,0,0,0,0,20,0,0,140,320,0,20
sioal-al-neutral__ea-minus-3,4,90413,4000,293.8795,80,140,0,20,0,0,0,0,80,120,40,0,0,0,140,180,0,40,60,160,0,0,0,0,0,0,0,20,0,0,140,320,0,20
sioal-al-neutral__ea-minus-3,4,90413,6000,432.2299,80,140,0,20,0,0,0,0,80,120,40,0,0,0,140,180,0,40,60,160,0,0,0,0,0,0,0,20,0,0,140,320,0,20
sioal-al-neutral__ea-minus-3,4,90413,8000,579.9652,80,140,0,20,0,0,0,0,80,120,40,0,0,0,140,180,0,40,60,160,0,0,0,0,0,0,0,20,0,0,140,320,0,20
sioal-al-neutral__ea-minus-3,4,90413,10000,726.2198,80,140,0,20,0,0,0,0,80,120,40,0,0,0,140,180,0,40,60,160,0,0,0,0,0,0,0,20,0,0,140,320,0,20
sioal-al-neutral__ea-minus-3,4,90413,12000,871.7934,80,140,0,20,0,0,0,0,80,120,40,0,0,0,140,180,0,40,60,160,0,0,0,0,0,0,0,20,0,0,140,320,0,20
sioal-al-neutral__ea-minus-3,4,90413,14000,1017.125,80,140,0,20,0,0,0,0,80,120,40,0,0,0,140,180,0,40,60,160,0,0,0,0,0,0,0,20,0,0,140,320,0,20
sioal-al-neutral__ea-minus-3,4,90413,16000,1162.618,80,140,0,20,0,0,0,0,80,120,40,0,0,0,140,180,0,40,60,160,0,0,0,0,0,0,0,20,0,0,140,320,0,20
sioal-al-neutral__ea-minus-3,4,90413,18000,1305.205,80,139,1,19,1,0,0,0,79,120,40,0,0,1,138,180,1,41,60,160,0,0,0,0,0,1,0,19,0,0,140,319,1,20
sioal-al-neutral__ea-minus-3,4,90413,20000,1456.543,80,139,1,19,1,0,0,0,79,120,40,0,0,1,138,180,1,41,60,160,0,0,0,0,0,1,0,19,0,0,140,319,1,20
sioal-al-neutral__ea-minus-3,5,90419,0,0.0,80,140,0,20,0,0,0,0,80,120,40,0,0,0,140,180,0,40,60,160,0,0,0,0,0,0,0,20,0,0,140,320,0,20
sioal-al-neutral__ea-minus-3,5,90419,2000,150.0076,80,139,1,19,1,0,0,0,79,120,40,0,0,1,138,180,1,41,60,160,0,0,0,0,0,1,0,19,0,0,140,319,1,20
sioal-al-neutral__ea-minus-3,5,90419,4000,299.9473,80,139,1,19,1,0,0,0,79,120,40,0,0,1,138,180,1,41,60,160,0,0,0,0,0,1,0,19,0,0,140,319,1,20
sioal-al-neutral__ea-minus-3,5,90419,6000,453.5396,80,139,1,19,1,0,0,0,79,120,40,0,0,1,138,180,1,41,60,160,0,0,0,0,0,1,0,19,0,0,140,319,1,20
sioal-al-neutral__ea-minus-3,5,90419,8000,611.4099,80,139,1,19,1,0,0,0,79,120,40,0,0,1,138,180,1,41,60,160,0,0,0,0,0,1,0,19,0,0,140,319,1,20
sioal-al-neutral__ea-minus-3,5,90419,10000,766.5827,80,139,1,19,1,0,0,0,79,120,40,0,0,1,138,180,1,41,60,160,0,0,0,0,0,1,0,19,0,0,140,319,1,20
sioal-al-neutral__ea-minus-3,5,90419,12000,908.5637,80,139,1,19,1,0,0,0,79,120,40,0,0,1,138,180,1,41,60,160,0,0,0,0,0,1,0,19,0,0,140,319,1,20
sioal-al-neutral__ea-minus-3,5,90419,14000,1061.609,80,139,1,19,1,0,0,0,79,120,40,0,0,1,138,180,1,41,60,160,0,0,0,0,0,1,0,19,0,0,140,319,1,20
sioal-al-neutral__ea-minus-3,5,90419,16000,1208.838,80,139,1,19,1,0,0,0,79,120,40,0,0,1,138,180,1,41,60,160,0,0,0,0,0,1,0,19,0,0,140,319,1,20
sioal-al-neutral__ea-minus-3,5,90419,18000,1356.063,80,140,0,20,0,0,0,0,78,120,40,0,0,2,136,180,2,42,60,160,0,0,0,0,0,2,0,18,0,0,140,320,0,20
sioal-al-neutral__ea-minus-3,5,90419,20000,1513.534,80,140,0,20,0,0,0,0,78,120,40,0,0,2,136,180,2,42,60,160,0,0,0,0,0,2,0,18,0,0,140,320,0,20
sioal-al-neutral__ea-minus-3,6,90421,0,0.0,80,140,0,20,0,0,0,0,80,120,40,0,0,0,140,180,0,40,60,160,0,0,0,0,0,0,0,20,0,0,140,320,0,20
sioal-al-neutral__ea-minus-3,6,90421,2000,151.4684,80,140,0,20,0,0,0,0,80,120,40,0,0,0,140,180,0,40,60,160,0,0,0,0,0,0,0,20,0,0,140,320,0,20
sioal-al-neutral__ea-minus-3,6,90421,4000,294.9625,80,140,0,20,0,0,0,0,80,120,40,0,0,0,140,180,0,40,60,160,0,0,0,0,0,0,0,20,0,0,140,320,0,20
sioal-al-neutral__ea-minus-3,6,90421,6000,426.4785,80,140,0,20,0,0,0,0,80,120,40,0,0,0,140,180,0,40,60,160,0,0,0,0,0,0,0,20,0,0,140,320,0,20
sioal-al-neutral__ea-minus-3,6,90421,8000,578.3517,80,140,0,20,0,0,0,0,80,120,40,0,0,0,140,180,0,40,60,160,0,0,0,0,0,0,0,20,0,0,140,320,0,20
sioal-al-neutral__ea-minus-3,6,90421,10000,723.5039,80,140,0,20,0,0,0,0,80,120,40,0,0,0,140,180,0,40,60,160,0,0,0,0,0,0,0,20,0,0,140,320,0,20
sioal-al-neutral__ea-minus-3,6,90421,12000,867.4897,80,140,0,20,0,0,0,0,80,120,40,0,0,0,140,180,0,40,60,160,0,0,0,0,0,0,0,20,0,0,140,320,0,20
sioal-al-neutral__ea-minus-3,6,90421,14000,1020.746,80,140,0,20,0,0,0,0,78,120,40,0,0,2,136,180,2,42,60,160,0,0,0,0,0,2,0,18,0,0,140,320,0,20
sioal-al-neutral__ea-minus-3,6,90421,16000,1175.487,80,140,0,20,0,0,0,0,78,120,40,0,0,2,136,180,2,42,60,160,0,0,0,0,0,2,0,18,0,0,140,320,0,20
sioal-al-neutral__ea-minus-3,6,90421,18000,1329.142,80,140,0,20,0,0,0,0,78,120,40,0,0,2,136,180,2,42,60,160,0,0,0,0,0,2,0,18,0,0,140,320,0,20
sioal-al-neutral__ea-minus-3,6,90421,20000,1496.714,80,140,0,20,0,0,0,0,78,120,40,0,0,2,136,180,2,42,60,160,0,0,0,0,0,2,0,18,0,0,140,320,0,20
sioal-al-neutral__ea-minus-3,7,90427,0,0.0,80,140,0,20,0,0,0,0,80,120,40,0,0,0,140,180,0,40,60,160,0,0,0,0,0,0,0,20,0,0,140,320,0,20
sioal-al-neutral__ea-minus-3,7,90427,2000,149.0075,80,139,1,19,1,0,0,0,79,120,40,0,0,1,138,180,1,41,60,160,0,0,0,0,0,1,0,19,0,0,140,319,1,20
sioal-al-neutral__ea-minus-3,7,90427,4000,301.2516,80,139,1,19,1,0,0,0,79,120,40,0,0,1,138,180,1,41,60,160,0,0,0,0,0,1,0,19,0,0,140,319,1,20
sioal-al-neutral__ea-minus-3,7,90427,6000,448.5353,80,139,1,19,1,0,0,0,79,120,40,0,0,1,138,180,1,41,60,160,0,0,0,0,0,1,0,19,0,0,140,319,1,20
sioal-al-neutral__ea-minus-3,7,90427,8000,607.5869,80,139,1,19,1,0,0,0,79,120,40,0,0,1,138,180,1,41,60,160,0,0,0,0,0,1,0,19,0,0,140,319,1,20
sioal-al-neutral__ea-minus-3,7,90427,10000,763.3309,80,139,1,19,1,0,0,0,79,120,40,0,0,1,138,180,1,41,60,160,0,0,0,0,0,1,0,19,0,0,140,319,1,20
sioal-al-neutral__ea-minus-3,7,90427,12000,917.7792,80,139,1,19,1,0,0,0,79,120,40,0,0,1,138,180,1,41,60,160,0,0,0,0,0,1,0,19,0,0,140,319,1,20
sioal-al-neutral__ea-minus-3,7,90427,14000,1067.453,80,140,0,20,0,0,0,0,78,120,40,0,0,2,136,180,2,42,60,160,0,0,0,0,0,2,0,18,0,0,140,320,0,20
sioal-al-neutral__ea-minus-3,7,90427,16000,1235.342,80,140,0,20,0,0,0,0,78,120,40,0,0,2,136,180,2,42,60,160,0,0,0,0,0,2,0,18,0,0,140,320,0,20
sioal-al-neutral__ea-minus-3,7,90427,18000,1394.044,80,140,0,20,0,0,0,0,78,120,40,0,0,2,136,180,2,42,60,160,0,0,0,0,0,2,0,18,0,0,140,320,0,20
sioal-al-neutral__ea-minus-3,7,90427,20000,1549.304,80,140,0,20,0,0,0,0,78,120,40,0,0,2,136,180,2,42,60,160,0,0,0,0,0,2,0,18,0,0,140,320,0,20
sioal-al-neutral__ea-plus-3,0,90401,0,0.0,80,140,0,20,0,0,0,0,80,120,40,0,0,0,140,180,0,40,60,160,0,0,0,0,0,0,0,20,0,0,140,320,0,20
sioal-al-neutral__ea-plus-3,0,90401,2000,145.0588,80,140,0,20,0,0,0,0,80,120,40,0,0,0,140,180,0,40,60,160,0,0,0,0,0,0,0,20,0,0,140,320,0,20
sioal-al-neutral__ea-plus-3,0,90401,4000,288.6243,80,140,0,20,0,0,0,0,80,120,40,0,0,0,140,180,0,40,60,160,0,0,0,0,0,0,0,20,0,0,140,320,0,20
sioal-al-neutral__ea-plus-3,0,90401,6000,437.1405,80,140,0,20,0,0,0,0,80,120,40,0,0,0,140,180,0,40,60,160,0,0,0,0,0,0,0,20,0,0,140,320,0,20
sioal-al-neutral__ea-plus-3,0,90401,8000,578.8338,80,140,0,20,0,0,0,0,80,120,40,0,0,0,140,180,0,40,60,160,0,0,0,0,0,0,0,20,0,0,140,320,0,20
sioal-al-neutral__ea-plus-3,0,90401,10000,719.5576,80,140,0,20,0,0,0,0,80,120,40,0,0,0,140,180,0,40,60,160,0,0,0,0,0,0,0,20,0,0,140,320,0,20
sioal-al-neutral__ea-plus-3,0,90401,12000,858.3491,80,140,0,20,0,0,0,0,80,120,40,0,0,0,140,180,0,40,60,160,0,0,0,0,0,0,0,20,0,0,140,320,0,20
sioal-al-neutral__ea-plus-3,0,90401,14000,995.368,80,140,0,20,0,0,0,0,80,120,40,0,0,0,140,180,0,40,60,160,0,0,0,0,0,0,0,20,0,0,140,320,0,20
sioal-al-neutral__ea-plus-3,0,90401,16000,1138.833,80,140,0,20,0,0,0,0,80,120,40,0,0,0,140,180,0,40,60,160,0,0,0,0,0,0,0,20,0,0,140,320,0,20
sioal-al-neutral__ea-plus-3,0,90401,18000,1278.925,80,140,0,20,0,0,0,0,80,120,40,0,0,0,140,180,0,40,60,160,0,0,0,0,0,0,0,20,0,0,140,320,0,20
sioal-al-neutral__ea-plus-3,0,90401,20000,1419.145,80,140,0,20,0,0,0,0,80,120,40,0,0,0,140,180,0,40,60,160,0,0,0,0,0,0,0,20,0,0,140,320,0,20
sioal-al-neutral__ea-plus-3,1,90403,0,0.0,80,140,0,20,0,0,0,0,80,120,40,0,0,0,140,180,0,40,60,160,0,0,0,0,0,0,0,20,0,0,140,320,0,20
sioal-al-neutral__ea-plus-3,1,90403,2000,142.9856,80,140,0,20,0,0,0,0,80,120,40,0,0,0,140,180,0,40,60,160,0,0,0,0,0,0,0,20,0,0,140,320,0,20
sioal-al-neutral__ea-plus-3,1,90403,4000,286.5905,80,140,0,20,0,0,0,0,80,120,40,0,0,0,140,180,0,40,60,160,0,0,0,0,0,0,0,20,0,0,140,320,0,20
sioal-al-neutral__ea-plus-3,1,90403,6000,424.6695,80,140,0,20,0,0,0,0,80,120,40,0,0,0,140,180,0,40,60,160,0,0,0,0,0,0,0,20,0,0,140,320,0,20
sioal-al-neutral__ea-plus-3,1,90403,8000,574.4201,80,140,0,20,0,0,0,0,80,120,40,0,0,0,140,180,0,40,60,160,0,0,0,0,0,0,0,20,0,0,140,320,0,20
sioal-al-neutral__ea-plus-3,1,90403,10000,712.9999,80,140,0,20,0,0,0,0,80,120,40,0,0,0,140,180,0,40,60,160,0,0,0,0,0,0,0,20,0,0,140,320,0,20
sioal-al-neutral__ea-plus-3,1,90403,12000,860.3508,80,140,0,20,0,0,0,0,80,120,40,0,0,0,140,180,0,40,60,160,0,0,0,0,0,0,0,20,0,0,140,320,0,20
sioal-al-neutral__ea-plus-3,1,90403,14000,1005.387,80,140,0,20,0,0,0,0,80,120,40,0,0,0,140,180,0,40,60,160,0,0,0,0,0,0,0,20,0,0,140,320,0,20
sioal-al-neutral__ea-plus-3,1,90403,16000,1147.633,80,140,0,20,0,0,0,0,80,120,40,0,0,0,140,180,0,40,60,160,0,0,0,0,0,0,0,20,0,0,140,320,0,20
sioal-al-neutral__ea-plus-3,1,90403,18000,1294.272,80,140,0,20,0,0,0,0,80,120,40,0,0,0,140,180,0,40,60,160,0,0,0,0,0,0,0,20,0,0,140,320,0,20
sioal-al-neutral__ea-plus-3,1,90403,20000,1434.076,80,140,0,20,0,0,0,0,80,120,40,0,0,0,140,180,0,40,60,160,0,0,0,0,0,0,0,20,0,0,140,320,0,20
sioal-al-neutral__ea-plus-3,2,90407,0,0.0,80,140,0,20,0,0,0,0,80,120,40,0,0,0,140,180,0,40,60,160,0,0,0,0,0,0,0,20,0,0,140,320,0,20
sioal-al-neutral__ea-plus-3,2,90407,2000,144.4102,80,140,0,20,0,0,0,0,80,120,40,0,0,0,140,180,0,40,60,160,0,0,0,0,0,0,0,20,0,0,140,320,0,20
sioal-al-neutral__ea-plus-3,2,90407,4000,292.1793,80,140,0,20,0,0,0,0,80,120,40,0,0,0,140,180,0,40,60,160,0,0,0,0,0,0,0,20,0,0,140,320,0,20
sioal-al-neutral__ea-plus-3,2,90407,6000,441.9682,80,140,0,20,0,0,0,0,80,120,40,0,0,0,140,180,0,40,60,160,0,0,0,0,0,0,0,20,0,0,140,320,0,20
sioal-al-neutral__ea-plus-3,2,90407,8000,577.6964,80,140,0,20,0,0,0,0,80,120,40,0,0,0,140,180,0,40,60,160,0,0,0,0,0,0,0,20,0,0,140,320,0,20
sioal-al-neutral__ea-plus-3,2,90407,10000,717.1121,80,140,0,20,0,0,0,0,80,120,40,0,0,0,140,180,0,40,60,160,0,0,0,0,0,0,0,20,0,0,140,320,0,20
sioal-al-neutral__ea-plus-3,2,90407,12000,855.5837,80,140,0,20,0,0,0,0,80,120,40,0,0,0,140,180,0,40,60,160,0,0,0,0,0,0,0,20,0,0,140,320,0,20
sioal-al-neutral__ea-plus-3,2,90407,14000,1003.298,80,140,0,20,0,0,0,0,80,120,40,0,0,0,140,180,0,40,60,160,0,0,0,0,0,0,0,20,0,0,140,320,0,20
sioal-al-neutral__ea-plus-3,2,90407,16000,1139.54,80,140,0,20,0,0,0,0,80,120,40,0,0,0,140,180,0,40,60,160,0,0,0,0,0,0,0,20,0,0,140,320,0,20
sioal-al-neutral__ea-plus-3,2,90407,18000,1288.186,80,139,1,19,1,0,0,0,79,120,40,0,0,1,138,180,1,41,60,160,0,0,0,0,0,1,0,19,0,0,140,319,1,20
sioal-al-neutral__ea-plus-3,2,90407,20000,1445.428,80,139,1,19,1,0,0,0,79,120,40,0,0,1,138,180,1,41,60,160,0,0,0,0,0,1,0,19,0,0,140,319,1,20
sioal-al-neutral__ea-plus-3,3,90409,0,0.0,80,140,0,20,0,0,0,0,80,120,40,0,0,0,140,180,0,40,60,160,0,0,0,0,0,0,0,20,0,0,140,320,0,20
sioal-al-neutral__ea-plus-3,3,90409,2000,147.6805,80,140,0,20,0,0,0,0,80,120,40,0,0,0,140,180,0,40,60,160,0,0,0,0,0,0,0,20,0,0,140,320,0,20
sioal-al-neutral__ea-plus-3,3,90409,4000,294.6574,80,140,0,20,0,0,0,0,80,120,40,0,0,0,140,180,0,40,60,160,0,0,0,0,0,0,0,20,0,0,140,320,0,20
sioal-al-neutral__ea-plus-3,3,90409,6000,455.1567,80,139,1,19,1,0,0,0,79,120,40,0,0,1,138,180,1,41,60,160,0,0,0,0,0,1,0,19,0,0,140,319,1,20
sioal-al-neutral__ea-plus-3,3,90409,8000,610.0296,80,139,1,19,1,0,0,0,79,120,40,0,0,1,138,180,1,41,60,160,0,0,0,0,0,1,0,19,0,0,140,319,1,20
sioal-al-neutral__ea-plus-3,3,90409,10000,766.6151,80,139,1,19,1,0,0,0,79,120,40,0,0,1,138,180,1,41,60,160,0,0,0,0,0,1,0,19,0,0,140,319,1,20
sioal-al-neutral__ea-plus-3,3,90409,12000,911.602,80,139,1,19,1,0,0,0,79,120,40,0,0,1,138,180,1,41,60,160,0,0,0,0,0,1,0,19,0,0,140,319,1,20
sioal-al-neutral__ea-plus-3,3,90409,14000,1069.171,80,139,1,19,1,0,0,0,79,120,40,0,0,1,138,180,1,41,60,160,0,0,0,0,0,1,0,19,0,0,140,319,1,20
sioal-al-neutral__ea-plus-3,3,90409,16000,1219.983,80,139,1,19,1,0,0,0,79,120,40,0,0,1,138,180,1,41,60,160,0,0,0,0,0,1,0,19,0,0,140,319,1,20
sioal-al-neutral__ea-plus-3,3,90409,18000,1374.608,80,140,0,20,0,0,0,0,78,120,40,0,0,2,136,180,2,42,60,160,0,0,0,0,0,2,0,18,0,0,140,320,0,20
sioal-al-neutral__ea-plus-3,3,90409,20000,1539.301,80,139,1,19,1,0,0,0,77,120,40,0,0,3,134,180,3,43,60,160,0,0,0,0,0,3,0,17,0,0,140,319,1,20
sioal-al-neutral__ea-plus-3,4,90413,0,0.0,80,140,0,20,0,0,0,0,80,120,40,0,0,0,140,180,0,40,60,160,0,0,0,0,0,0,0,20,0,0,140,320,0,20
sioal-al-neutral__ea-plus-3,4,90413,2000,144.2787,80,140,0,20,0,0,0,0,80,120,40,0,0,0,140,180,0,40,60,160,0,0,0,0,0,0,0,20,0,0,140,320,0,20
sioal-al-neutral__ea-plus-3,4,90413,4000,293.8795,80,140,0,20,0,0,0,0,80,120,40,0,0,0,140,180,0,40,60,160,0,0,0,0,0,0,0,20,0,0,140,320,0,20
sioal-al-neutral__ea-plus-3,4,90413,6000,432.2299,80,140,0,20,0,0,0,0,80,120,40,0,0,0,140,180,0,40,60,160,0,0,0,0,0,0,0,20,0,0,140,320,0,20
sioal-al-neutral__ea-plus-3,4,90413,8000,579.9652,80,140,0,20,0,0,0,0,80,120,40,0,0,0,140,180,0,40,60,160,0,0,0,0,0,0,0,20,0,0,140,320,0,20
sioal-al-neutral__ea-plus-3,4,90413,10000,726.2198,80,140,0,20,0,0,0,0,80,120,40,0,0,0,140,180,0,40,60,160,0,0,0,0,0,0,0,20,0,0,140,320,0,20
sioal-al-neutral__ea-plus-3,4,90413,12000,871.7934,80,140,0,20,0,0,0,0,80,120,40,0,0,0,140,180,0,40,60,160,0,0,0,0,0,0,0,20,0,0,140,320,0,20
sioal-al-neutral__ea-plus-3,4,90413,14000,1017.125,80,140,0,20,0,0,0,0,80,120,40,0,0,0,140,180,0,40,60,160,0,0,0,0,0,0,0,20,0,0,140,320,0,20
sioal-al-neutral__ea-plus-3,4,90413,16000,1162.618,80,140,0,20,0,0,0,0,80,120,40,0,0,0,140,180,0,40,60,160,0,0,0,0,0,0,0,20,0,0,140,320,0,20
sioal-al-neutral__ea-plus-3,4,90413,18000,1305.205,80,139,1,19,1,0,0,0,79,120,40,0,0,1,138,180,1,41,60,160,0,0,0,0,0,1,0,19,0,0,140,319,1,20
sioal-al-neutral__ea-plus-3,4,90413,20000,1456.543,80,139,1,19,1,0,0,0,79,120,40,0,0,1,138,180,1,41,60,160,0,0,0,0,0,1,0,19,0,0,140,319,1,20
sioal-al-neutral__ea-plus-3,5,90419,0,0.0,80,140,0,20,0,0,0,0,80,120,40,0,0,0,140,180,0,40,60,160,0,0,0,0,0,0,0,20,0,0,140,320,0,20
sioal-al-neutral__ea-plus-3,5,90419,2000,150.0076,80,139,1,19,1,0,0,0,79,120,40,0,0,1,138,180,1,41,60,160,0,0,0,0,0,1,0,19,0,0,140,319,1,20
sioal-al-neutral__ea-plus-3,5,90419,4000,299.9473,80,139,1,19,1,0,0,0,79,120,40,0,0,1,138,180,1,41,60,160,0,0,0,0,0,1,0,19,0,0,140,319,1,20
sioal-al-neutral__ea-plus-3,5,90419,6000,453.5396,80,139,1,19,1,0,0,0,79,120,40,0,0,1,138,180,1,41,60,160,0,0,0,0,0,1,0,19,0,0,140,319,1,20
sioal-al-neutral__ea-plus-3,5,90419,8000,611.4099,80,139,1,19,1,0,0,0,79,120,40,0,0,1,138,180,1,41,60,160,0,0,0,0,0,1,0,19,0,0,140,319,1,20
sioal-al-neutral__ea-plus-3,5,90419,10000,766.5827,80,139,1,19,1,0,0,0,79,120,40,0,0,1,138,180,1,41,60,160,0,0,0,0,0,1,0,19,0,0,140,319,1,20
sioal-al-neutral__ea-plus-3,5,90419,12000,908.5637,80,139,1,19,1,0,0,0,79,120,40,0,0,1,138,180,1,41,60,160,0,0,0,0,0,1,0,19,0,0,140,319,1,20
sioal-al-neutral__ea-plus-3,5,90419,14000,1061.609,80,139,1,19,1,0,0,0,79,120,40,0,0,1,138,180,1,41,60,160,0,0,0,0,0,1,0,19,0,0,140,319,1,20
sioal-al-neutral__ea-plus-3,5,90419,16000,1208.838,80,139,1,19,1,0,0,0,79,120,40,0,0,1,138,180,1,41,60,160,0,0,0,0,0,1,0,19,0,0,140,319,1,20
sioal-al-neutral__ea-plus-3,5,90419,18000,1356.063,80,140,0,20,0,0,0,0,78,120,40,0,0,2,136,180,2,42,60,160,0,0,0,0,0,2,0,18,0,0,140,320,0,20
sioal-al-neutral__ea-plus-3,5,90419,20000,1513.534,80,140,0,20,0,0,0,0,78,120,40,0,0,2,136,180,2,42,60,160,0,0,0,0,0,2,0,18,0,0,140,320,0,20
sioal-al-neutral__ea-plus-3,6,90421,0,0.0,80,140,0,20,0,0,0,0,80,120,40,0,0,0,140,180,0,40,60,160,0,0,0,0,0,0,0,20,0,0,140,320,0,20
sioal-al-neutral__ea-plus-3,6,90421,2000,151.4684,80,140,0,20,0,0,0,0,80,120,40,0,0,0,140,180,0,40,60,160,0,0,0,0,0,0,0,20,0,0,140,320,0,20
sioal-al-neutral__ea-plus-3,6,90421,4000,294.9625,80,140,0,20,0,0,0,0,80,120,40,0,0,0,140,180,0,40,60,160,0,0,0,0,0,0,0,20,0,0,140,320,0,20
sioal-al-neutral__ea-plus-3,6,90421,6000,426.4785,80,140,0,20,0,0,0,0,80,120,40,0,0,0,140,180,0,40,60,160,0,0,0,0,0,0,0,20,0,0,140,320,0,20
sioal-al-neutral__ea-plus-3,6,90421,8000,578.3517,80,140,0,20,0,0,0,0,80,120,40,0,0,0,140,180,0,40,60,160,0,0,0,0,0,0,0,20,0,0,140,320,0,20
sioal-al-neutral__ea-plus-3,6,90421,10000,723.5039,80,140,0,20,0,0,0,0,80,120,40,0,0,0,140,180,0,40,60,160,0,0,0,0,0,0,0,20,0,0,140,320,0,20
sioal-al-neutral__ea-plus-3,6,90421,12000,867.4897,80,140,0,20,0,0,0,0,80,120,40,0,0,0,140,180,0,40,60,160,0,0,0,0,0,0,0,20,0,0,140,320,0,20
sioal-al-neutral__ea-plus-3,6,90421,14000,1020.746,80,140,0,20,0,0,0,0,78,120,40,0,0,2,136,180,2,42,60,160,0,0,0,0,0,2,0,18,0,0,140,320,0,20
sioal-al-neutral__ea-plus-3,6,90421,16000,1175.487,80,140,0,20,0,0,0,0,78,120,40,0,0,2,136,180,2,42,60,160,0,0,0,0,0,2,0,18,0,0,140,320,0,20
sioal-al-neutral__ea-plus-3,6,90421,18000,1329.142,80,140,0,20,0,0,0,0,78,120,40,0,0,2,136,180,2,42,60,160,0,0,0,0,0,2,0,18,0,0,140,320,0,20
sioal-al-neutral__ea-plus-3,6,90421,20000,1496.714,80,140,0,20,0,0,0,0,78,120,40,0,0,2,136,180,2,42,60,160,0,0,0,0,0,2,0,18,0,0,140,320,0,20
sioal-al-neutral__ea-plus-3,7,90427,0,0.0,80,140,0,20,0,0,0,0,80,120,40,0,0,0,140,180,0,40,60,160,0,0,0,0,0,0,0,20,0,0,140,320,0,20
sioal-al-neutral__ea-plus-3,7,90427,2000,149.0075,80,139,1,19,1,0,0,0,79,120,40,0,0,1,138,180,1,41,60,160,0,0,0,0,0,1,0,19,0,0,140,319,1,20
sioal-al-neutral__ea-plus-3,7,90427,4000,301.2516,80,139,1,19,1,0,0,0,79,120,40,0,0,1,138,180,1,41,60,160,0,0,0,0,0,1,0,19,0,0,140,319,1,20
sioal-al-neutral__ea-plus-3,7,90427,6000,448.5353,80,139,1,19,1,0,0,0,79,120,40,0,0,1,138,180,1,41,60,160,0,0,0,0,0,1,0,19,0,0,140,319,1,20
sioal-al-neutral__ea-plus-3,7,90427,8000,607.5869,80,139,1,19,1,0,0,0,79,120,40,0,0,1,138,180,1,41,60,160,0,0,0,0,0,1,0,19,0,0,140,319,1,20
sioal-al-neutral__ea-plus-3,7,90427,10000,763.3309,80,139,1,19,1,0,0,0,79,120,40,0,0,1,138,180,1,41,60,160,0,0,0,0,0,1,0,19,0,0,140,319,1,20
sioal-al-neutral__ea-plus-3,7,90427,12000,917.7792,80,139,1,19,1,0,0,0,79,120,40,0,0,1,138,180,1,41,60,160,0,0,0,0,0,1,0,19,0,0,140,319,1,20
sioal-al-neutral__ea-plus-3,7,90427,14000,1067.453,80,140,0,20,0,0,0,0,78,120,40,0,0,2,136,180,2,42,60,160,0,0,0,0,0,2,0,18,0,0,140,320,0,20
sioal-al-neutral__ea-plus-3,7,90427,16000,1235.342,80,140,0,20,0,0,0,0,78,120,40,0,0,2,136,180,2,42,60,160,0,0,0,0,0,2,0,18,0,0,140,320,0,20
sioal-al-neutral__ea-plus-3,7,90427,18000,1394.044,80,140,0,20,0,0,0,0,78,120,40,0,0,2,136,180,2,42,60,160,0,0,0,0,0,2,0,18,0,0,140,320,0,20
sioal-al-neutral__ea-plus-3,7,90427,20000,1549.304,80,140,0,20,0,0,0,0,78,120,40,0,0,2,136,180,2,42,60,160,0,0,0,0,0,2,0,18,0,0,140,320,0,20
sioal-al-neutral__prefactor-x0.1,0,90401,0,0.0,80,140,0,20,0,0,0,0,80,120,40,0,0,0,140,180,0,40,60,160,0,0,0,0,0,0,0,20,0,0,140,320,0,20
sioal-al-neutral__prefactor-x0.1,0,90401,2000,145.0588,80,140,0,20,0,0,0,0,80,120,40,0,0,0,140,180,0,40,60,160,0,0,0,0,0,0,0,20,0,0,140,320,0,20
sioal-al-neutral__prefactor-x0.1,0,90401,4000,288.6243,80,140,0,20,0,0,0,0,80,120,40,0,0,0,140,180,0,40,60,160,0,0,0,0,0,0,0,20,0,0,140,320,0,20
sioal-al-neutral__prefactor-x0.1,0,90401,6000,437.1405,80,140,0,20,0,0,0,0,80,120,40,0,0,0,140,180,0,40,60,160,0,0,0,0,0,0,0,20,0,0,140,320,0,20
sioal-al-neutral__prefactor-x0.1,0,90401,8000,578.8338,80,140,0,20,0,0,0,0,80,120,40,0,0,0,140,180,0,40,60,160,0,0,0,0,0,0,0,20,0,0,140,320,0,20
sioal-al-neutral__prefactor-x0.1,0,90401,10000,719.5576,80,140,0,20,0,0,0,0,80,120,40,0,0,0,140,180,0,40,60,160,0,0,0,0,0,0,0,20,0,0,140,320,0,20
sioal-al-neutral__prefactor-x0.1,0,90401,12000,858.3491,80,140,0,20,0,0,0,0,80,120,40,0,0,0,140,180,0,40,60,160,0,0,0,0,0,0,0,20,0,0,140,320,0,20
sioal-al-neutral__prefactor-x0.1,0,90401,14000,995.368,80,140,0,20,0,0,0,0,80,120,40,0,0,0,140,180,0,40,60,160,0,0,0,0,0,0,0,20,0,0,140,320,0,20
sioal-al-neutral__prefactor-x0.1,0,90401,16000,1138.833,80,140,0,20,0,0,0,0,80,120,40,0,0,0,140,180,0,40,60,160,0,0,0,0,0,0,0,20,0,0,140,320,0,20
sioal-al-neutral__prefactor-x0.1,0,90401,18000,1278.925,80,140,0,20,0,0,0,0,80,120,40,0,0,0,140,180,0,40,60,160,0,0,0,0,0,0,0,20,0,0,140,320,0,20
sioal-al-neutral__prefactor-x0.1,0,90401,20000,1419.145,80,140,0,20,0,0,0,0,80,120,40,0,0,0,140,180,0,40,60,160,0,0,0,0,0,0,0,20,0,0,140,320,0,20
sioal-al-neutral__prefactor-x0.1,1,90403,0,0.0,80,140,0,20,0,0,0,0,80,120,40,0,0,0,140,180,0,40,60,160,0,0,0,0,0,0,0,20,0,0,140,320,0,20
sioal-al-neutral__prefactor-x0.1,1,90403,2000,142.9856,80,140,0,20,0,0,0,0,80,120,40,0,0,0,140,180,0,40,60,160,0,0,0,0,0,0,0,20,0,0,140,320,0,20
sioal-al-neutral__prefactor-x0.1,1,90403,4000,286.5905,80,140,0,20,0,0,0,0,80,120,40,0,0,0,140,180,0,40,60,160,0,0,0,0,0,0,0,20,0,0,140,320,0,20
sioal-al-neutral__prefactor-x0.1,1,90403,6000,424.6695,80,140,0,20,0,0,0,0,80,120,40,0,0,0,140,180,0,40,60,160,0,0,0,0,0,0,0,20,0,0,140,320,0,20
sioal-al-neutral__prefactor-x0.1,1,90403,8000,574.4201,80,140,0,20,0,0,0,0,80,120,40,0,0,0,140,180,0,40,60,160,0,0,0,0,0,0,0,20,0,0,140,320,0,20
sioal-al-neutral__prefactor-x0.1,1,90403,10000,712.9999,80,140,0,20,0,0,0,0,80,120,40,0,0,0,140,180,0,40,60,160,0,0,0,0,0,0,0,20,0,0,140,320,0,20
sioal-al-neutral__prefactor-x0.1,1,90403,12000,860.3508,80,140,0,20,0,0,0,0,80,120,40,0,0,0,140,180,0,40,60,160,0,0,0,0,0,0,0,20,0,0,140,320,0,20
sioal-al-neutral__prefactor-x0.1,1,90403,14000,1005.387,80,140,0,20,0,0,0,0,80,120,40,0,0,0,140,180,0,40,60,160,0,0,0,0,0,0,0,20,0,0,140,320,0,20
sioal-al-neutral__prefactor-x0.1,1,90403,16000,1147.633,80,140,0,20,0,0,0,0,80,120,40,0,0,0,140,180,0,40,60,160,0,0,0,0,0,0,0,20,0,0,140,320,0,20
sioal-al-neutral__prefactor-x0.1,1,90403,18000,1294.272,80,140,0,20,0,0,0,0,80,120,40,0,0,0,140,180,0,40,60,160,0,0,0,0,0,0,0,20,0,0,140,320,0,20
sioal-al-neutral__prefactor-x0.1,1,90403,20000,1434.076,80,140,0,20,0,0,0,0,80,120,40,0,0,0,140,180,0,40,60,160,0,0,0,0,0,0,0,20,0,0,140,320,0,20
sioal-al-neutral__prefactor-x0.1,2,90407,0,0.0,80,140,0,20,0,0,0,0,80,120,40,0,0,0,140,180,0,40,60,160,0,0,0,0,0,0,0,20,0,0,140,320,0,20
sioal-al-neutral__prefactor-x0.1,2,90407,2000,144.4102,80,140,0,20,0,0,0,0,80,120,40,0,0,0,140,180,0,40,60,160,0,0,0,0,0,0,0,20,0,0,140,320,0,20
sioal-al-neutral__prefactor-x0.1,2,90407,4000,292.1793,80,140,0,20,0,0,0,0,80,120,40,0,0,0,140,180,0,40,60,160,0,0,0,0,0,0,0,20,0,0,140,320,0,20
sioal-al-neutral__prefactor-x0.1,2,90407,6000,441.9682,80,140,0,20,0,0,0,0,80,120,40,0,0,0,140,180,0,40,60,160,0,0,0,0,0,0,0,20,0,0,140,320,0,20
sioal-al-neutral__prefactor-x0.1,2,90407,8000,577.6964,80,140,0,20,0,0,0,0,80,120,40,0,0,0,140,180,0,40,60,160,0,0,0,0,0,0,0,20,0,0,140,320,0,20
sioal-al-neutral__prefactor-x0.1,2,90407,10000,717.1121,80,140,0,20,0,0,0,0,80,120,40,0,0,0,140,180,0,40,60,160,0,0,0,0,0,0,0,20,0,0,140,320,0,20
sioal-al-neutral__prefactor-x0.1,2,90407,12000,855.5837,80,140,0,20,0,0,0,0,80,120,40,0,0,0,140,180,0,40,60,160,0,0,0,0,0,0,0,20,0,0,140,320,0,20
sioal-al-neutral__prefactor-x0.1,2,90407,14000,1003.298,80,140,0,20,0,0,0,0,80,120,40,0,0,0,140,180,0,40,60,160,0,0,0,0,0,0,0,20,0,0,140,320,0,20
sioal-al-neutral__prefactor-x0.1,2,90407,16000,1139.54,80,140,0,20,0,0,0,0,80,120,40,0,0,0,140,180,0,40,60,160,0,0,0,0,0,0,0,20,0,0,140,320,0,20
sioal-al-neutral__prefactor-x0.1,2,90407,18000,1288.186,80,139,1,19,1,0,0,0,79,120,40,0,0,1,138,180,1,41,60,160,0,0,0,0,0,1,0,19,0,0,140,319,1,20
sioal-al-neutral__prefactor-x0.1,2,90407,20000,1445.428,80,139,1,19,1,0,0,0,79,120,40,0,0,1,138,180,1,41,60,160,0,0,0,0,0,1,0,19,0,0,140,319,1,20
sioal-al-neutral__prefactor-x0.1,3,90409,0,0.0,80,140,0,20,0,0,0,0,80,120,40,0,0,0,140,180,0,40,60,160,0,0,0,0,0,0,0,20,0,0,140,320,0,20
sioal-al-neutral__prefactor-x0.1,3,90409,2000,147.6805,80,140,0,20,0,0,0,0,80,120,40,0,0,0,140,180,0,40,60,160,0,0,0,0,0,0,0,20,0,0,140,320,0,20
sioal-al-neutral__prefactor-x0.1,3,90409,4000,294.6574,80,140,0,20,0,0,0,0,80,120,40,0,0,0,140,180,0,40,60,160,0,0,0,0,0,0,0,20,0,0,140,320,0,20
sioal-al-neutral__prefactor-x0.1,3,90409,6000,455.1567,80,139,1,19,1,0,0,0,79,120,40,0,0,1,138,180,1,41,60,160,0,0,0,0,0,1,0,19,0,0,140,319,1,20
sioal-al-neutral__prefactor-x0.1,3,90409,8000,610.0296,80,139,1,19,1,0,0,0,79,120,40,0,0,1,138,180,1,41,60,160,0,0,0,0,0,1,0,19,0,0,140,319,1,20
sioal-al-neutral__prefactor-x0.1,3,90409,10000,766.6151,80,139,1,19,1,0,0,0,79,120,40,0,0,1,138,180,1,41,60,160,0,0,0,0,0,1,0,19,0,0,140,319,1,20
sioal-al-neutral__prefactor-x0.1,3,90409,12000,911.602,80,139,1,19,1,0,0,0,79,120,40,0,0,1,138,180,1,41,60,160,0,0,0,0,0,1,0,19,0,0,140,319,1,20
sioal-al-neutral__prefactor-x0.1,3,90409,14000,1069.171,80,139,1,19,1,0,0,0,79,120,40,0,0,1,138,180,1,41,60,160,0,0,0,0,0,1,0,19,0,0,140,319,1,20
sioal-al-neutral__prefactor-x0.1,3,90409,16000,1219.983,80,139,1,19,1,0,0,0,79,120,40,0,0,1,138,180,1,41,60,160,0,0,0,0,0,1,0,19,0,0,140,319,1,20
sioal-al-neutral__prefactor-x0.1,3,90409,18000,1374.608,80,140,0,20,0,0,0,0,78,120,40,0,0,2,136,180,2,42,60,160,0,0,0,0,0,2,0,18,0,0,140,320,0,20
sioal-al-neutral__prefactor-x0.1,3,90409,20000,1539.301,80,139,1,19,1,0,0,0,77,120,40,0,0,3,134,180,3,43,60,160,0,0,0,0,0,3,0,17,0,0,140,319,1,20
sioal-al-neutral__prefactor-x0.1,4,90413,0,0.0,80,140,0,20,0,0,0,0,80,120,40,0,0,0,140,180,0,40,60,160,0,0,0,0,0,0,0,20,0,0,140,320,0,20
sioal-al-neutral__prefactor-x0.1,4,90413,2000,144.2787,80,140,0,20,0,0,0,0,80,120,40,0,0,0,140,180,0,40,60,160,0,0,0,0,0,0,0,20,0,0,140,320,0,20
sioal-al-neutral__prefactor-x0.1,4,90413,4000,293.8795,80,140,0,20,0,0,0,0,80,120,40,0,0,0,140,180,0,40,60,160,0,0,0,0,0,0,0,20,0,0,140,320,0,20
sioal-al-neutral__prefactor-x0.1,4,90413,6000,432.2299,80,140,0,20,0,0,0,0,80,120,40,0,0,0,140,180,0,40,60,160,0,0,0,0,0,0,0,20,0,0,140,320,0,20
sioal-al-neutral__prefactor-x0.1,4,90413,8000,579.9652,80,140,0,20,0,0,0,0,80,120,40,0,0,0,140,180,0,40,60,160,0,0,0,0,0,0,0,20,0,0,140,320,0,20
sioal-al-neutral__prefactor-x0.1,4,90413,10000,726.2198,80,140,0,20,0,0,0,0,80,120,40,0,0,0,140,180,0,40,60,160,0,0,0,0,0,0,0,20,0,0,140,320,0,20
sioal-al-neutral__prefactor-x0.1,4,90413,12000,871.7934,80,140,0,20,0,0,0,0,80,120,40,0,0,0,140,180,0,40,60,160,0,0,0,0,0,0,0,20,0,0,140,320,0,20
sioal-al-neutral__prefactor-x0.1,4,90413,14000,1017.125,80,140,0,20,0,0,0,0,80,120,40,0,0,0,140,180,0,40,60,160,0,0,0,0,0,0,0,20,0,0,140,320,0,20
sioal-al-neutral__prefactor-x0.1,4,90413,16000,1162.618,80,140,0,20,0,0,0,0,80,120,40,0,0,0,140,180,0,40,60,160,0,0,0,0,0,0,0,20,0,0,140,320,0,20
sioal-al-neutral__prefactor-x0.1,4,90413,18000,1305.205,80,139,1,19,1,0,0,0,79,120,40,0,0,1,138,180,1,41,60,160,0,0,0,0,0,1,0,19,0,0,140,319,1,20
sioal-al-neutral__prefactor-x0.1,4,90413,20000,1456.543,80,139,1,19,1,0,0,0,79,120,40,0,0,1,138,180,1,41,60,160,0,0,0,0,0,1,0,19,0,0,140,319,1,20
sioal-al-neutral__prefactor-x0.1,5,90419,0,0.0,80,140,0,20,0,0,0,0,80,120,40,0,0,0,140,180,0,40,60,160,0,0,0,0,0,0,0,20,0,0,140,320,0,20
sioal-al-neutral__prefactor-x0.1,5,90419,2000,150.0076,80,139,1,19,1,0,0,0,79,120,40,0,0,1,138,180,1,41,60,160,0,0,0,0,0,1,0,19,0,0,140,319,1,20
sioal-al-neutral__prefactor-x0.1,5,90419,4000,299.9473,80,139,1,19,1,0,0,0,79,120,40,0,0,1,138,180,1,41,60,160,0,0,0,0,0,1,0,19,0,0,140,319,1,20
sioal-al-neutral__prefactor-x0.1,5,90419,6000,453.5396,80,139,1,19,1,0,0,0,79,120,40,0,0,1,138,180,1,41,60,160,0,0,0,0,0,1,0,19,0,0,140,319,1,20
sioal-al-neutral__prefactor-x0.1,5,90419,8000,611.4099,80,139,1,19,1,0,0,0,79,120,40,0,0,1,138,180,1,41,60,160,0,0,0,0,0,1,0,19,0,0,140,319,1,20
sioal-al-neutral__prefactor-x0.1,5,90419,10000,766.5827,80,139,1,19,1,0,0,0,79,120,40,0,0,1,138,180,1,41,60,160,0,0,0,0,0,1,0,19,0,0,140,319,1,20
sioal-al-neutral__prefactor-x0.1,5,90419,12000,908.5637,80,139,1,19,1,0,0,0,79,120,40,0,0,1,138,180,1,41,60,160,0,0,0,0,0,1,0,19,0,0,140,319,1,20
sioal-al-neutral__prefactor-x0.1,5,90419,14000,1061.609,80,139,1,19,1,0,0,0,79,120,40,0,0,1,138,180,1,41,60,160,0,0,0,0,0,1,0,19,0,0,140,319,1,20
sioal-al-neutral__prefactor-x0.1,5,90419,16000,1208.838,80,139,1,19,1,0,0,0,79,120,40,0,0,1,138,180,1,41,60,160,0,0,0,0,0,1,0,19,0,0,140,319,1,20
sioal-al-neutral__prefactor-x0.1,5,90419,18000,1356.063,80,140,0,20,0,0,0,0,78,120,40,0,0,2,136,180,2,42,60,160,0,0,0,0,0,2,0,18,0,0,140,320,0,20
sioal-al-neutral__prefactor-x0.1,5,90419,20000,1513.534,80,140,0,20,0,0,0,0,78,120,40,0,0,2,136,180,2,42,60,160,0,0,0,0,0,2,0,18,0,0,140,320,0,20
sioal-al-neutral__prefactor-x0.1,6,90421,0,0.0,80,140,0,20,0,0,0,0,80,120,40,0,0,0,140,180,0,40,60,160,0,0,0,0,0,0,0,20,0,0,140,320,0,20
sioal-al-neutral__prefactor-x0.1,6,90421,2000,151.4684,80,140,0,20,0,0,0,0,80,120,40,0,0,0,140,180,0,40,60,160,0,0,0,0,0,0,0,20,0,0,140,320,0,20
sioal-al-neutral__prefactor-x0.1,6,90421,4000,294.9625,80,140,0,20,0,0,0,0,80,120,40,0,0,0,140,180,0,40,60,160,0,0,0,0,0,0,0,20,0,0,140,320,0,20
sioal-al-neutral__prefactor-x0.1,6,90421,6000,426.4785,80,140,0,20,0,0,0,0,80,120,40,0,0,0,140,180,0,40,60,160,0,0,0,0,0,0,0,20,0,0,140,320,0,20
sioal-al-neutral__prefactor-x0.1,6,90421,8000,578.3517,80,140,0,20,0,0,0,0,80,120,40,0,0,0,140,180,0,40,60,160,0,0,0,0,0,0,0,20,0,0,140,320,0,20
sioal-al-neutral__prefactor-x0.1,6,90421,10000,723.5039,80,140,0,20,0,0,0,0,80,120,40,0,0,0,140,180,0,40,60,160,0,0,0,0,0,0,0,20,0,0,140,320,0,20
sioal-al-neutral__prefactor-x0.1,6,90421,12000,867.4897,80,140,0,20,0,0,0,0,80,120,40,0,0,0,140,180,0,40,60,160,0,0,0,0,0,0,0,20,0,0,140,320,0,20
sioal-al-neutral__prefactor-x0.1,6,90421,14000,1020.746,80,140,0,20,0,0,0,0,78,120,40,0,0,2,136,180,2,42,60,160,0,0,0,0,0,2,0,18,0,0,140,320,0,20
sioal-al-neutral__prefactor-x0.1,6,90421,16000,1175.487,80,140,0,20,0,0,0,0,78,120,40,0,0,2,136,180,2,42,60,160,0,0,0,0,0,2,0,18,0,0,140,320,0,20
sioal-al-neutral__prefactor-x0.1,6,90421,18000,1329.142,80,140,0,20,0,0,0,0,78,120,40,0,0,2,136,180,2,42,60,160,0,0,0,0,0,2,0,18,0,0,140,320,0,20
sioal-al-neutral__prefactor-x0.1,6,90421,20000,1496.714,80,140,0,20,0,0,0,0,78,120,40,0,0,2,136,180,2,42,60,160,0,0,0,0,0,2,0,18,0,0,140,320,0,20
sioal-al-neutral__prefactor-x0.1,7,90427,0,0.0,80,140,0,20,0,0,0,0,80,120,40,0,0,0,140,180,0,40,60,160,0,0,0,0,0,0,0,20,0,0,140,320,0,20
sioal-al-neutral__prefactor-x0.1,7,90427,2000,149.0075,80,139,1,19,1,0,0,0,79,120,40,0,0,1,138,180,1,41,60,160,0,0,0,0,0,1,0,19,0,0,140,319,1,20
sioal-al-neutral__prefactor-x0.1,7,90427,4000,301.2516,80,139,1,19,1,0,0,0,79,120,40,0,0,1,138,180,1,41,60,160,0,0,0,0,0,1,0,19,0,0,140,319,1,20
sioal-al-neutral__prefactor-x0.1,7,90427,6000,448.5353,80,139,1,19,1,0,0,0,79,120,40,0,0,1,138,180,1,41,60,160,0,0,0,0,0,1,0,19,0,0,140,319,1,20
sioal-al-neutral__prefactor-x0.1,7,90427,8000,607.5869,80,139,1,19,1,0,0,0,79,120,40,0,0,1,138,180,1,41,60,160,0,0,0,0,0,1,0,19,0,0,140,319,1,20
sioal-al-neutral__prefactor-x0.1,7,90427,10000,763.3309,80,139,1,19,1,0,0,0,79,120,40,0,0,1,138,180,1,41,60,160,0,0,0,0,0,1,0,19,0,0,140,319,1,20
sioal-al-neutral__prefactor-x0.1,7,90427,12000,917.7792,80,139,1,19,1,0,0,0,79,120,40,0,0,1,138,180,1,41,60,160,0,0,0,0,0,1,0,19,0,0,140,319,1,20
sioal-al-neutral__prefactor-x0.1,7,90427,14000,1067.453,80,140,0,20,0,0,0,0,78,120,40,0,0,2,136,180,2,42,60,160,0,0,0,0,0,2,0,18,0,0,140,320,0,20
sioal-al-neutral__prefactor-x0.1,7,90427,16000,1235.342,80,140,0,20,0,0,0,0,78,120,40,0,0,2,136,180,2,42,60,160,0,0,0,0,0,2,0,18,0,0,140,320,0,20
sioal-al-neutral__prefactor-x0.1,7,90427,18000,1394.044,80,140,0,20,0,0,0,0,78,120,40,0,0,2,136,180,2,42,60,160,0,0,0,0,0,2,0,18,0,0,140,320,0,20
sioal-al-neutral__prefactor-x0.1,7,90427,20000,1549.304,80,140,0,20,0,0,0,0,78,120,40,0,0,2,136,180,2,42,60,160,0,0,0,0,0,2,0,18,0,0,140,320,0,20
sioal-al-neutral__prefactor-x10,0,90401,0,0.0,80,140,0,20,0,0,0,0,80,120,40,0,0,0,140,180,0,40,60,160,0,0,0,0,0,0,0,20,0,0,140,320,0,20
sioal-al-neutral__prefactor-x10,0,90401,2000,145.0588,80,140,0,20,0,0,0,0,80,120,40,0,0,0,140,180,0,40,60,160,0,0,0,0,0,0,0,20,0,0,140,320,0,20
sioal-al-neutral__prefactor-x10,0,90401,4000,288.6243,80,140,0,20,0,0,0,0,80,120,40,0,0,0,140,180,0,40,60,160,0,0,0,0,0,0,0,20,0,0,140,320,0,20
sioal-al-neutral__prefactor-x10,0,90401,6000,437.1405,80,140,0,20,0,0,0,0,80,120,40,0,0,0,140,180,0,40,60,160,0,0,0,0,0,0,0,20,0,0,140,320,0,20
sioal-al-neutral__prefactor-x10,0,90401,8000,578.8338,80,140,0,20,0,0,0,0,80,120,40,0,0,0,140,180,0,40,60,160,0,0,0,0,0,0,0,20,0,0,140,320,0,20
sioal-al-neutral__prefactor-x10,0,90401,10000,719.5576,80,140,0,20,0,0,0,0,80,120,40,0,0,0,140,180,0,40,60,160,0,0,0,0,0,0,0,20,0,0,140,320,0,20
sioal-al-neutral__prefactor-x10,0,90401,12000,858.3491,80,140,0,20,0,0,0,0,80,120,40,0,0,0,140,180,0,40,60,160,0,0,0,0,0,0,0,20,0,0,140,320,0,20
sioal-al-neutral__prefactor-x10,0,90401,14000,995.368,80,140,0,20,0,0,0,0,80,120,40,0,0,0,140,180,0,40,60,160,0,0,0,0,0,0,0,20,0,0,140,320,0,20
sioal-al-neutral__prefactor-x10,0,90401,16000,1138.833,80,140,0,20,0,0,0,0,80,120,40,0,0,0,140,180,0,40,60,160,0,0,0,0,0,0,0,20,0,0,140,320,0,20
sioal-al-neutral__prefactor-x10,0,90401,18000,1278.925,80,140,0,20,0,0,0,0,80,120,40,0,0,0,140,180,0,40,60,160,0,0,0,0,0,0,0,20,0,0,140,320,0,20
sioal-al-neutral__prefactor-x10,0,90401,20000,1419.145,80,140,0,20,0,0,0,0,80,120,40,0,0,0,140,180,0,40,60,160,0,0,0,0,0,0,0,20,0,0,140,320,0,20
sioal-al-neutral__prefactor-x10,1,90403,0,0.0,80,140,0,20,0,0,0,0,80,120,40,0,0,0,140,180,0,40,60,160,0,0,0,0,0,0,0,20,0,0,140,320,0,20
sioal-al-neutral__prefactor-x10,1,90403,2000,142.9856,80,140,0,20,0,0,0,0,80,120,40,0,0,0,140,180,0,40,60,160,0,0,0,0,0,0,0,20,0,0,140,320,0,20
sioal-al-neutral__prefactor-x10,1,90403,4000,286.5905,80,140,0,20,0,0,0,0,80,120,40,0,0,0,140,180,0,40,60,160,0,0,0,0,0,0,0,20,0,0,140,320,0,20
sioal-al-neutral__prefactor-x10,1,90403,6000,424.6695,80,140,0,20,0,0,0,0,80,120,40,0,0,0,140,180,0,40,60,160,0,0,0,0,0,0,0,20,0,0,140,320,0,20
sioal-al-neutral__prefactor-x10,1,90403,8000,574.4201,80,140,0,20,0,0,0,0,80,120,40,0,0,0,140,180,0,40,60,160,0,0,0,0,0,0,0,20,0,0,140,320,0,20
sioal-al-neutral__prefactor-x10,1,90403,10000,712.9999,80,140,0,20,0,0,0,0,80,120,40,0,0,0,140,180,0,40,60,160,0,0,0,0,0,0,0,20,0,0,140,320,0,20
sioal-al-neutral__prefactor-x10,1,90403,12000,860.3508,80,140,0,20,0,0,0,0,80,120,40,0,0,0,140,180,0,40,60,160,0,0,0,0,0,0,0,20,0,0,140,320,0,20
sioal-al-neutral__prefactor-x10,1,90403,14000,1005.387,80,140,0,20,0,0,0,0,80,120,40,0,0,0,140,180,0,40,60,160,0,0,0,0,0,0,0,20,0,0,140,320,0,20
sioal-al-neutral__prefactor-x10,1,90403,16000,1147.633,80,140,0,20,0,0,0,0,80,120,40,0,0,0,140,180,0,40,60,160,0,0,0,0,0,0,0,20,0,0,140,320,0,20
sioal-al-neutral__prefactor-x10,1,90403,18000,1294.272,80,140,0,20,0,0,0,0,80,120,40,0,0,0,140,180,0,40,60,160,0,0,0,0,0,0,0,20,0,0,140,320,0,20
sioal-al-neutral__prefactor-x10,1,90403,20000,1434.076,80,140,0,20,0,0,0,0,80,120,40,0,0,0,140,180,0,40,60,160,0,0,0,0,0,0,0,20,0,0,140,320,0,20
sioal-al-neutral__prefactor-x10,2,90407,0,0.0,80,140,0,20,0,0,0,0,80,120,40,0,0,0,140,180,0,40,60,160,0,0,0,0,0,0,0,20,0,0,140,320,0,20
sioal-al-neutral__prefactor-x10,2,90407,2000,144.4102,80,140,0,20,0,0,0,0,80,120,40,0,0,0,140,180,0,40,60,160,0,0,0,0,0,0,0,20,0,0,140,320,0,20
sioal-al-neutral__prefactor-x10,2,90407,4000,292.1793,80,140,0,20,0,0,0,0,80,120,40,0,0,0,140,180,0,40,60,160,0,0,0,0,0,0,0,20,0,0,140,320,0,20
sioal-al-neutral__prefactor-x10,2,90407,6000,441.9682,80,140,0,20,0,0,0,0,80,120,40,0,0,0,140,180,0,40,60,160,0,0,0,0,0,0,0,20,0,0,140,320,0,20
sioal-al-neutral__prefactor-x10,2,90407,8000,577.6964,80,140,0,20,0,0,0,0,80,120,40,0,0,0,140,180,0,40,60,160,0,0,0,0,0,0,0,20,0,0,140,320,0,20
sioal-al-neutral__prefactor-x10,2,90407,10000,717.1121,80,140,0,20,0,0,0,0,80,120,40,0,0,0,140,180,0,40,60,160,0,0,0,0,0,0,0,20,0,0,140,320,0,20
sioal-al-neutral__prefactor-x10,2,90407,12000,855.5837,80,140,0,20,0,0,0,0,80,120,40,0,0,0,140,180,0,40,60,160,0,0,0,0,0,0,0,20,0,0,140,320,0,20
sioal-al-neutral__prefactor-x10,2,90407,14000,1003.298,80,140,0,20,0,0,0,0,80,120,40,0,0,0,140,180,0,40,60,160,0,0,0,0,0,0,0,20,0,0,140,320,0,20
sioal-al-neutral__prefactor-x10,2,90407,16000,1139.54,80,140,0,20,0,0,0,0,80,120,40,0,0,0,140,180,0,40,60,160,0,0,0,0,0,0,0,20,0,0,140,320,0,20
sioal-al-neutral__prefactor-x10,2,90407,18000,1288.186,80,139,1,19,1,0,0,0,79,120,40,0,0,1,138,180,1,41,60,160,0,0,0,0,0,1,0,19,0,0,140,319,1,20
sioal-al-neutral__prefactor-x10,2,90407,20000,1445.428,80,139,1,19,1,0,0,0,79,120,40,0,0,1,138,180,1,41,60,160,0,0,0,0,0,1,0,19,0,0,140,319,1,20
sioal-al-neutral__prefactor-x10,3,90409,0,0.0,80,140,0,20,0,0,0,0,80,120,40,0,0,0,140,180,0,40,60,160,0,0,0,0,0,0,0,20,0,0,140,320,0,20
sioal-al-neutral__prefactor-x10,3,90409,2000,147.6805,80,140,0,20,0,0,0,0,80,120,40,0,0,0,140,180,0,40,60,160,0,0,0,0,0,0,0,20,0,0,140,320,0,20
sioal-al-neutral__prefactor-x10,3,90409,4000,294.6574,80,140,0,20,0,0,0,0,80,120,40,0,0,0,140,180,0,40,60,160,0,0,0,0,0,0,0,20,0,0,140,320,0,20
sioal-al-neutral__prefactor-x10,3,90409,6000,455.1567,80,139,1,19,1,0,0,0,79,120,40,0,0,1,138,180,1,41,60,160,0,0,0,0,0,1,0,19,0,0,140,319,1,20
sioal-al-neutral__prefactor-x10,3,90409,8000,610.0296,80,139,1,19,1,0,0,0,79,120,40,0,0,1,138,180,1,41,60,160,0,0,0,0,0,1,0,19,0,0,140,319,1,20
sioal-al-neutral__prefactor-x10,3,90409,10000,766.6151,80,139,1,19,1,0,0,0,79,120,40,0,0,1,138,180,1,41,60,160,0,0,0,0,0,1,0,19,0,0,140,319,1,20
sioal-al-neutral__prefactor-x10,3,90409,12000,911.602,80,139,1,19,1,0,0,0,79,120,40,0,0,1,138,180,1,41,60,160,0,0,0,0,0,1,0,19,0,0,140,319,1,20
sioal-al-neutral__prefactor-x10,3,90409,14000,1069.171,80,139,1,19,1,0,0,0,79,120,40,0,0,1,138,180,1,41,60,160,0,0,0,0,0,1,0,19,0,0,140,319,1,20
sioal-al-neutral__prefactor-x10,3,90409,16000,1219.983,80,139,1,19,1,0,0,0,79,120,40,0,0,1,138,180,1,41,60,160,0,0,0,0,0,1,0,19,0,0,140,319,1,20
sioal-al-neutral__prefactor-x10,3,90409,18000,1374.608,80,140,0,20,0,0,0,0,78,120,40,0,0,2,136,180,2,42,60,160,0,0,0,0,0,2,0,18,0,0,140,320,0,20
sioal-al-neutral__prefactor-x10,3,90409,20000,1539.301,80,139,1,19,1,0,0,0,77,120,40,0,0,3,134,180,3,43,60,160,0,0,0,0,0,3,0,17,0,0,140,319,1,20
sioal-al-neutral__prefactor-x10,4,90413,0,0.0,80,140,0,20,0,0,0,0,80,120,40,0,0,0,140,180,0,40,60,160,0,0,0,0,0,0,0,20,0,0,140,320,0,20
sioal-al-neutral__prefactor-x10,4,90413,2000,144.2787,80,140,0,20,0,0,0,0,80,120,40,0,0,0,140,180,0,40,60,160,0,0,0,0,0,0,0,20,0,0,140,320,0,20
sioal-al-neutral__prefactor-x10,4,90413,4000,293.8795,80,140,0,20,0,0,0,0,80,120,40,0,0,0,140,180,0,40,60,160,0,0,0,0,0,0,0,20,0,0,140,320,0,20
sioal-al-neutral__prefactor-x10,4,90413,6000,432.2299,80,140,0,20,0,0,0,0,80,120,40,0,0,0,140,180,0,40,60,160,0,0,0,0,0,0,0,20,0,0,140,320,0,20
sioal-al-neutral__prefactor-x10,4,90413,8000,579.9652,80,140,0,20,0,0,0,0,80,120,40,0,0,0,140,180,0,40,60,160,0,0,0,0,0,0,0,20,0,0,140,320,0,20
sioal-al-neutral__prefactor-x10,4,90413,10000,726.2198,80,140,0,20,0,0,0,0,80,120,40,0,0,0,140,180,0,40,60,160,0,0,0,0,0,0,0,20,0,0,140,320,0,20
sioal-al-neutral__prefactor-x10,4,90413,12000,871.7934,80,140,0,20,0,0,0,0,80,120,40,0,0,0,140,180,0,40,60,160,0,0,0,0,0,0,0,20,0,0,140,320,0,20
sioal-al-neutral__prefactor-x10,4,90413,14000,1017.125,80,140,0,20,0,0,0,0,80,120,40,0,0,0,140,180,0,40,60,160,0,0,0,0,0,0,0,20,0,0,140,320,0,20
sioal-al-neutral__prefactor-x10,4,90413,16000,1162.618,80,140,0,20,0,0,0,0,80,120,40,0,0,0,140,180,0,40,60,160,0,0,0,0,0,0,0,20,0,0,140,320,0,20
sioal-al-neutral__prefactor-x10,4,90413,18000,1305.205,80,139,1,19,1,0,0,0,79,120,40,0,0,1,138,180,1,41,60,160,0,0,0,0,0,1,0,19,0,0,140,319,1,20
sioal-al-neutral__prefactor-x10,4,90413,20000,1456.543,80,139,1,19,1,0,0,0,79,120,40,0,0,1,138,180,1,41,60,160,0,0,0,0,0,1,0,19,0,0,140,319,1,20
sioal-al-neutral__prefactor-x10,5,90419,0,0.0,80,140,0,20,0,0,0,0,80,120,40,0,0,0,140,180,0,40,60,160,0,0,0,0,0,0,0,20,0,0,140,320,0,20
sioal-al-neutral__prefactor-x10,5,90419,2000,150.0076,80,139,1,19,1,0,0,0,79,120,40,0,0,1,138,180,1,41,60,160,0,0,0,0,0,1,0,19,0,0,140,319,1,20
sioal-al-neutral__prefactor-x10,5,90419,4000,299.9473,80,139,1,19,1,0,0,0,79,120,40,0,0,1,138,180,1,41,60,160,0,0,0,0,0,1,0,19,0,0,140,319,1,20
sioal-al-neutral__prefactor-x10,5,90419,6000,453.5396,80,139,1,19,1,0,0,0,79,120,40,0,0,1,138,180,1,41,60,160,0,0,0,0,0,1,0,19,0,0,140,319,1,20
sioal-al-neutral__prefactor-x10,5,90419,8000,611.4099,80,139,1,19,1,0,0,0,79,120,40,0,0,1,138,180,1,41,60,160,0,0,0,0,0,1,0,19,0,0,140,319,1,20
sioal-al-neutral__prefactor-x10,5,90419,10000,766.5827,80,139,1,19,1,0,0,0,79,120,40,0,0,1,138,180,1,41,60,160,0,0,0,0,0,1,0,19,0,0,140,319,1,20
sioal-al-neutral__prefactor-x10,5,90419,12000,908.5637,80,139,1,19,1,0,0,0,79,120,40,0,0,1,138,180,1,41,60,160,0,0,0,0,0,1,0,19,0,0,140,319,1,20
sioal-al-neutral__prefactor-x10,5,90419,14000,1061.609,80,139,1,19,1,0,0,0,79,120,40,0,0,1,138,180,1,41,60,160,0,0,0,0,0,1,0,19,0,0,140,319,1,20
sioal-al-neutral__prefactor-x10,5,90419,16000,1208.838,80,139,1,19,1,0,0,0,79,120,40,0,0,1,138,180,1,41,60,160,0,0,0,0,0,1,0,19,0,0,140,319,1,20
sioal-al-neutral__prefactor-x10,5,90419,18000,1356.063,80,140,0,20,0,0,0,0,78,120,40,0,0,2,136,180,2,42,60,160,0,0,0,0,0,2,0,18,0,0,140,320,0,20
sioal-al-neutral__prefactor-x10,5,90419,20000,1513.534,80,140,0,20,0,0,0,0,78,120,40,0,0,2,136,180,2,42,60,160,0,0,0,0,0,2,0,18,0,0,140,320,0,20
sioal-al-neutral__prefactor-x10,6,90421,0,0.0,80,140,0,20,0,0,0,0,80,120,40,0,0,0,140,180,0,40,60,160,0,0,0,0,0,0,0,20,0,0,140,320,0,20
sioal-al-neutral__prefactor-x10,6,90421,2000,151.4684,80,140,0,20,0,0,0,0,80,120,40,0,0,0,140,180,0,40,60,160,0,0,0,0,0,0,0,20,0,0,140,320,0,20
sioal-al-neutral__prefactor-x10,6,90421,4000,294.9625,80,140,0,20,0,0,0,0,80,120,40,0,0,0,140,180,0,40,60,160,0,0,0,0,0,0,0,20,0,0,140,320,0,20
sioal-al-neutral__prefactor-x10,6,90421,6000,426.4785,80,140,0,20,0,0,0,0,80,120,40,0,0,0,140,180,0,40,60,160,0,0,0,0,0,0,0,20,0,0,140,320,0,20
sioal-al-neutral__prefactor-x10,6,90421,8000,578.3517,80,140,0,20,0,0,0,0,80,120,40,0,0,0,140,180,0,40,60,160,0,0,0,0,0,0,0,20,0,0,140,320,0,20
sioal-al-neutral__prefactor-x10,6,90421,10000,723.5039,80,140,0,20,0,0,0,0,80,120,40,0,0,0,140,180,0,40,60,160,0,0,0,0,0,0,0,20,0,0,140,320,0,20
sioal-al-neutral__prefactor-x10,6,90421,12000,867.4897,80,140,0,20,0,0,0,0,80,120,40,0,0,0,140,180,0,40,60,160,0,0,0,0,0,0,0,20,0,0,140,320,0,20
sioal-al-neutral__prefactor-x10,6,90421,14000,1020.746,80,140,0,20,0,0,0,0,78,120,40,0,0,2,136,180,2,42,60,160,0,0,0,0,0,2,0,18,0,0,140,320,0,20
sioal-al-neutral__prefactor-x10,6,90421,16000,1175.487,80,140,0,20,0,0,0,0,78,120,40,0,0,2,136,180,2,42,60,160,0,0,0,0,0,2,0,18,0,0,140,320,0,20
sioal-al-neutral__prefactor-x10,6,90421,18000,1329.142,80,140,0,20,0,0,0,0,78,120,40,0,0,2,136,180,2,42,60,160,0,0,0,0,0,2,0,18,0,0,140,320,0,20
sioal-al-neutral__prefactor-x10,6,90421,20000,1496.714,80,140,0,20,0,0,0,0,78,120,40,0,0,2,136,180,2,42,60,160,0,0,0,0,0,2,0,18,0,0,140,320,0,20
sioal-al-neutral__prefactor-x10,7,90427,0,0.0,80,140,0,20,0,0,0,0,80,120,40,0,0,0,140,180,0,40,60,160,0,0,0,0,0,0,0,20,0,0,140,320,0,20
sioal-al-neutral__prefactor-x10,7,90427,2000,149.0075,80,139,1,19,1,0,0,0,79,120,40,0,0,1,138,180,1,41,60,160,0,0,0,0,0,1,0,19,0,0,140,319,1,20
sioal-al-neutral__prefactor-x10,7,90427,4000,301.2516,80,139,1,19,1,0,0,0,79,120,40,0,0,1,138,180,1,41,60,160,0,0,0,0,0,1,0,19,0,0,140,319,1,20
sioal-al-neutral__prefactor-x10,7,90427,6000,448.5353,80,139,1,19,1,0,0,0,79,120,40,0,0,1,138,180,1,41,60,160,0,0,0,0,0,1,0,19,0,0,140,319,1,20
sioal-al-neutral__prefactor-x10,7,90427,8000,607.5869,80,139,1,19,1,0,0,0,79,120,40,0,0,1,138,180,1,41,60,160,0,0,0,0,0,1,0,19,0,0,140,319,1,20
sioal-al-neutral__prefactor-x10,7,90427,10000,763.3309,80,139,1,19,1,0,0,0,79,120,40,0,0,1,138,180,1,41,60,160,0,0,0,0,0,1,0,19,0,0,140,319,1,20
sioal-al-neutral__prefactor-x10,7,90427,12000,917.7792,80,139,1,19,1,0,0,0,79,120,40,0,0,1,138,180,1,41,60,160,0,0,0,0,0,1,0,19,0,0,140,319,1,20
sioal-al-neutral__prefactor-x10,7,90427,14000,1067.453,80,140,0,20,0,0,0,0,78,120,40,0,0,2,136,180,2,42,60,160,0,0,0,0,0,2,0,18,0,0,140,320,0,20
sioal-al-neutral__prefactor-x10,7,90427,16000,1235.342,80,140,0,20,0,0,0,0,78,120,40,0,0,2,136,180,2,42,60,160,0,0,0,0,0,2,0,18,0,0,140,320,0,20
sioal-al-neutral__prefactor-x10,7,90427,18000,1394.044,80,140,0,20,0,0,0,0,78,120,40,0,0,2,136,180,2,42,60,160,0,0,0,0,0,2,0,18,0,0,140,320,0,20
sioal-al-neutral__prefactor-x10,7,90427,20000,1549.304,80,140,0,20,0,0,0,0,78,120,40,0,0,2,136,180,2,42,60,160,0,0,0,0,0,2,0,18,0,0,140,320,0,20
connectivity-ladder__ea-minus-3,0,90401,0,0.0,80,140,0,20,0,0,0,0,80,120,40,0,0,0,140,180,0,40,60,160,0,0,0,0,0,0,0,20,0,0,140,320,0,20
connectivity-ladder__ea-minus-3,0,90401,2000,145.0588,80,140,0,20,0,0,0,0,80,120,40,0,0,0,140,180,0,40,60,160,0,0,0,0,0,0,0,20,0,0,140,320,0,20
connectivity-ladder__ea-minus-3,0,90401,4000,288.6243,80,140,0,20,0,0,0,0,80,120,40,0,0,0,140,180,0,40,60,160,0,0,0,0,0,0,0,20,0,0,140,320,0,20
connectivity-ladder__ea-minus-3,0,90401,6000,437.1405,80,140,0,20,0,0,0,0,80,120,40,0,0,0,140,180,0,40,60,160,0,0,0,0,0,0,0,20,0,0,140,320,0,20
connectivity-ladder__ea-minus-3,0,90401,8000,578.8338,80,140,0,20,0,0,0,0,80,120,40,0,0,0,140,180,0,40,60,160,0,0,0,0,0,0,0,20,0,0,140,320,0,20
connectivity-ladder__ea-minus-3,0,90401,10000,719.5576,80,140,0,20,0,0,0,0,80,120,40,0,0,0,140,180,0,40,60,160,0,0,0,0,0,0,0,20,0,0,140,320,0,20
connectivity-ladder__ea-minus-3,0,90401,12000,858.3491,80,140,0,20,0,0,0,0,80,120,40,0,0,0,140,180,0,40,60,160,0,0,0,0,0,0,0,20,0,0,140,320,0,20
connectivity-ladder__ea-minus-3,0,90401,14000,995.368,80,140,0,20,0,0,0,0,80,120,40,0,0,0,140,180,0,40,60,160,0,0,0,0,0,0,0,20,0,0,140,320,0,20
connectivity-ladder__ea-minus-3,0,90401,16000,1138.833,80,140,0,20,0,0,0,0,80,120,40,0,0,0,140,180,0,40,60,160,0,0,0,0,0,0,0,20,0,0,140,320,0,20
connectivity-ladder__ea-minus-3,0,90401,18000,1278.925,80,140,0,20,0,0,0,0,80,120,40,0,0,0,140,180,0,40,60,160,0,0,0,0,0,0,0,20,0,0,140,320,0,20
connectivity-ladder__ea-minus-3,0,90401,20000,1419.145,80,140,0,20,0,0,0,0,80,120,40,0,0,0,140,180,0,40,60,160,0,0,0,0,0,0,0,20,0,0,140,320,0,20
connectivity-ladder__ea-minus-3,1,90403,0,0.0,80,140,0,20,0,0,0,0,80,120,40,0,0,0,140,180,0,40,60,160,0,0,0,0,0,0,0,20,0,0,140,320,0,20
connectivity-ladder__ea-minus-3,1,90403,2000,142.9856,80,140,0,20,0,0,0,0,80,120,40,0,0,0,140,180,0,40,60,160,0,0,0,0,0,0,0,20,0,0,140,320,0,20
connectivity-ladder__ea-minus-3,1,90403,4000,286.5905,80,140,0,20,0,0,0,0,80,120,40,0,0,0,140,180,0,40,60,160,0,0,0,0,0,0,0,20,0,0,140,320,0,20
connectivity-ladder__ea-minus-3,1,90403,6000,424.6695,80,140,0,20,0,0,0,0,80,120,40,0,0,0,140,180,0,40,60,160,0,0,0,0,0,0,0,20,0,0,140,320,0,20
connectivity-ladder__ea-minus-3,1,90403,8000,574.4201,80,140,0,20,0,0,0,0,80,120,40,0,0,0,140,180,0,40,60,160,0,0,0,0,0,0,0,20,0,0,140,320,0,20
connectivity-ladder__ea-minus-3,1,90403,10000,712.9999,80,140,0,20,0,0,0,0,80,120,40,0,0,0,140,180,0,40,60,160,0,0,0,0,0,0,0,20,0,0,140,320,0,20
connectivity-ladder__ea-minus-3,1,90403,12000,860.3508,80,140,0,20,0,0,0,0,80,120,40,0,0,0,140,180,0,40,60,160,0,0,0,0,0,0,0,20,0,0,140,320,0,20
connectivity-ladder__ea-minus-3,1,90403,14000,1005.387,80,140,0,20,0,0,0,0,80,120,40,0,0,0,140,180,0,40,60,160,0,0,0,0,0,0,0,20,0,0,140,320,0,20
connectivity-ladder__ea-minus-3,1,90403,16000,1147.633,80,140,0,20,0,0,0,0,80,120,40,0,0,0,140,180,0,40,60,160,0,0,0,0,0,0,0,20,0,0,140,320,0,20
connectivity-ladder__ea-minus-3,1,90403,18000,1294.272,80,140,0,20,0,0,0,0,80,120,40,0,0,0,140,180,0,40,60,160,0,0,0,0,0,0,0,20,0,0,140,320,0,20
connectivity-ladder__ea-minus-3,1,90403,20000,1434.076,80,140,0,20,0,0,0,0,80,120,40,0,0,0,140,180,0,40,60,160,0,0,0,0,0,0,0,20,0,0,140,320,0,20
connectivity-ladder__ea-minus-3,2,90407,0,0.0,80,140,0,20,0,0,0,0,80,120,40,0,0,0,140,180,0,40,60,160,0,0,0,0,0,0,0,20,0,0,140,320,0,20
connectivity-ladder__ea-minus-3,2,90407,2000,144.4102,80,140,0,20,0,0,0,0,80,120,40,0,0,0,140,180,0,40,60,160,0,0,0,0,0,0,0,20,0,0,140,320,0,20
connectivity-ladder__ea-minus-3,2,90407,4000,292.1793,80,140,0,20,0,0,0,0,80,120,40,0,0,0,140,180,0,40,60,160,0,0,0,0,0,0,0,20,0,0,140,320,0,20
connectivity-ladder__ea-minus-3,2,90407,6000,441.9682,80,140,0,20,0,0,0,0,80,120,40,0,0,0,140,180,0,40,60,160,0,0,0,0,0,0,0,20,0,0,140,320,0,20
connectivity-ladder__ea-minus-3,2,90407,8000,577.6964,80,140,0,20,0,0,0,0,80,120,40,0,0,0,140,180,0,40,60,160,0,0,0,0,0,0,0,20,0,0,140,320,0,20
connectivity-ladder__ea-minus-3,2,90407,10000,717.1121,80,140,0,20,0,0,0,0,80,120,40,0,0,0,140,180,0,40,60,160,0,0,0,0,0,0,0,20,0,0,140,320,0,20
connectivity-ladder__ea-minus-3,2,90407,12000,855.5837,80,140,0,20,0,0,0,0,80,120,40,0,0,0,140,180,0,40,60,160,0,0,0,0,0,0,0,20,0,0,140,320,0,20
connectivity-ladder__ea-minus-3,2,90407,14000,1003.298,80,140,0,20,0,0,0,0,80,120,40,0,0,0,140,180,0,40,60,160,0,0,0,0,0,0,0,20,0,0,140,320,0,20
connectivity-ladder__ea-minus-3,2,90407,16000,1139.54,80,140,0,20,0,0,0,0,80,120,40,0,0,0,140,180,0,40,60,160,0,0,0,0,0,0,0,20,0,0,140,320,0,20
connectivity-ladder__ea-minus-3,2,90407,18000,1288.186,80,139,1,19,1,0,0,0,79,120,40,0,0,1,138,180,1,41,60,160,0,0,0,0,0,1,0,19,0,0,140,319,1,20
connectivity-ladder__ea-minus-3,2,90407,20000,1445.428,80,139,1,19,1,0,0,0,79,120,40,0,0,1,138,180,1,41,60,160,0,0,0,0,0,1,0,19,0,0,140,319,1,20
connectivity-ladder__ea-minus-3,3,90409,0,0.0,80,140,0,20,0,0,0,0,80,120,40,0,0,0,140,180,0,40,60,160,0,0,0,0,0,0,0,20,0,0,140,320,0,20
connectivity-ladder__ea-minus-3,3,90409,2000,147.6805,80,140,0,20,0,0,0,0,80,120,40,0,0,0,140,180,0,40,60,160,0,0,0,0,0,0,0,20,0,0,140,320,0,20
connectivity-ladder__ea-minus-3,3,90409,4000,294.6574,80,140,0,20,0,0,0,0,80,120,40,0,0,0,140,180,0,40,60,160,0,0,0,0,0,0,0,20,0,0,140,320,0,20
connectivity-ladder__ea-minus-3,3,90409,6000,455.1567,80,139,1,19,1,0,0,0,79,120,40,0,0,1,138,180,1,41,60,160,0,0,0,0,0,1,0,19,0,0,140,319,1,20
connectivity-ladder__ea-minus-3,3,90409,8000,610.0296,80,139,1,19,1,0,0,0,79,120,40,0,0,1,138,180,1,41,60,160,0,0,0,0,0,1,0,19,0,0,140,319,1,20
connectivity-ladder__ea-minus-3,3,90409,10000,766.6151,80,139,1,19,1,0,0,0,79,120,40,0,0,1,138,180,1,41,60,160,0,0,0,0,0,1,0,19,0,0,140,319,1,20
connectivity-ladder__ea-minus-3,3,90409,12000,911.602,80,139,1,19,1,0,0,0,79,120,40,0,0,1,138,180,1,41,60,160,0,0,0,0,0,1,0,19,0,0,140,319,1,20
connectivity-ladder__ea-minus-3,3,90409,14000,1069.171,80,139,1,19,1,0,0,0,79,120,40,0,0,1,138,180,1,41,60,160,0,0,0,0,0,1,0,19,0,0,140,319,1,20
connectivity-ladder__ea-minus-3,3,90409,16000,1219.983,80,139,1,19,1,0,0,0,79,120,40,0,0,1,138,180,1,41,60,160,0,0,0,0,0,1,0,19,0,0,140,319,1,20
connectivity-ladder__ea-minus-3,3,90409,18000,1374.608,80,140,0,20,0,0,0,0,78,120,40,0,0,2,136,180,2,42,60,160,0,0,0,0,0,2,0,18,0,0,140,320,0,20
connectivity-ladder__ea-minus-3,3,90409,20000,1539.301,80,139,1,19,1,0,0,0,77,120,40,0,0,3,134,180,3,43,60,160,0,0,0,0,0,3,0,17,0,0,140,319,1,20
connectivity-ladder__ea-minus-3,4,90413,0,0.0,80,140,0,20,0,0,0,0,80,120,40,0,0,0,140,180,0,40,60,160,0,0,0,0,0,0,0,20,0,0,140,320,0,20
connectivity-ladder__ea-minus-3,4,90413,2000,144.2787,80,140,0,20,0,0,0,0,80,120,40,0,0,0,140,180,0,40,60,160,0,0,0,0,0,0,0,20,0,0,140,320,0,20
connectivity-ladder__ea-minus-3,4,90413,4000,293.8795,80,140,0,20,0,0,0,0,80,120,40,0,0,0,140,180,0,40,60,160,0,0,0,0,0,0,0,20,0,0,140,320,0,20
connectivity-ladder__ea-minus-3,4,90413,6000,432.2299,80,140,0,20,0,0,0,0,80,120,40,0,0,0,140,180,0,40,60,160,0,0,0,0,0,0,0,20,0,0,140,320,0,20
connectivity-ladder__ea-minus-3,4,90413,8000,579.9652,80,140,0,20,0,0,0,0,80,120,40,0,0,0,140,180,0,40,60,160,0,0,0,0,0,0,0,20,0,0,140,320,0,20
connectivity-ladder__ea-minus-3,4,90413,10000,726.2198,80,140,0,20,0,0,0,0,80,120,40,0,0,0,140,180,0,40,60,160,0,0,0,0,0,0,0,20,0,0,140,320,0,20
connectivity-ladder__ea-minus-3,4,90413,12000,871.7934,80,140,0,20,0,0,0,0,80,120,40,0,0,0,140,180,0,40,60,160,0,0,0,0,0,0,0,20,0,0,140,320,0,20
connectivity-ladder__ea-minus-3,4,90413,14000,1017.125,80,140,0,20,0,0,0,0,80,120,40,0,0,0,140,180,0,40,60,160,0,0,0,0,0,0,0,20,0,0,140,320,0,20
connectivity-ladder__ea-minus-3,4,90413,16000,1162.618,80,140,0,20,0,0,0,0,80,120,40,0,0,0,140,180,0,40,60,160,0,0,0,0,0,0,0,20,0,0,140,320,0,20
connectivity-ladder__ea-minus-3,4,90413,18000,1305.205,80,139,1,19,1,0,0,0,79,120,40,0,0,1,138,180,1,41,60,160,0,0,0,0,0,1,0,19,0,0,140,319,1,20
connectivity-ladder__ea-minus-3,4,90413,20000,1456.543,80,139,1,19,1,0,0,0,79,120,40,0,0,1,138,180,1,41,60,160,0,0,0,0,0,1,0,19,0,0,140,319,1,20
connectivity-ladder__ea-minus-3,5,90419,0,0.0,80,140,0,20,0,0,0,0,80,120,40,0,0,0,140,180,0,40,60,160,0,0,0,0,0,0,0,20,0,0,140,320,0,20
connectivity-ladder__ea-minus-3,5,90419,2000,150.0076,80,139,1,19,1,0,0,0,79,120,40,0,0,1,138,180,1,41,60,160,0,0,0,0,0,1,0,19,0,0,140,319,1,20
connectivity-ladder__ea-minus-3,5,90419,4000,299.9473,80,139,1,19,1,0,0,0,79,120,40,0,0,1,138,180,1,41,60,160,0,0,0,0,0,1,0,19,0,0,140,319,1,20
connectivity-ladder__ea-minus-3,5,90419,6000,453.5396,80,139,1,19,1,0,0,0,79,120,40,0,0,1,138,180,1,41,60,160,0,0,0,0,0,1,0,19,0,0,140,319,1,20
connectivity-ladder__ea-minus-3,5,90419,8000,611.4099,80,139,1,19,1,0,0,0,79,120,40,0,0,1,138,180,1,41,60,160,0,0,0,0,0,1,0,19,0,0,140,319,1,20
connectivity-ladder__ea-minus-3,5,90419,10000,766.5827,80,139,1,19,1,0,0,0,79,120,40,0,0,1,138,180,1,41,60,160,0,0,0,0,0,1,0,19,0,0,140,319,1,20
connectivity-ladder__ea-minus-3,5,90419,12000,908.5637,80,139,1,19,1,0,0,0,79,120,40,0,0,1,138,180,1,41,60,160,0,0,0,0,0,1,0,19,0,0,140,319,1,20
connectivity-ladder__ea-minus-3,5,90419,14000,1061.609,80,139,1,19,1,0,0,0,79,120,40,0,0,1,138,180,1,41,60,160,0,0,0,0,0,1,0,19,0,0,140,319,1,20
connectivity-ladder__ea-minus-3,5,90419,16000,1208.838,80,139,1,19,1,0,0,0,79,120,40,0,0,1,138,180,1,41,60,160,0,0,0,0,0,1,0,19,0,0,140,319,1,20
connectivity-ladder__ea-minus-3,5,90419,18000,1356.063,80,140,0,20,0,0,0,0,78,120,40,0,0,2,136,180,2,42,60,160,0,0,0,0,0,2,0,18,0,0,140,320,0,20
connectivity-ladder__ea-minus-3,5,90419,20000,1513.534,80,140,0,20,0,0,0,0,78,120,40,0,0,2,136,180,2,42,60,160,0,0,0,0,0,2,0,18,0,0,140,320,0,20
connectivity-ladder__ea-minus-3,6,90421,0,0.0,80,140,0,20,0,0,0,0,80,120,40,0,0,0,140,180,0,40,60,160,0,0,0,0,0,0,0,20,0,0,140,320,0,20
connectivity-ladder__ea-minus-3,6,90421,2000,151.4684,80,140,0,20,0,0,0,0,80,120,40,0,0,0,140,180,0,40,60,160,0,0,0,0,0,0,0,20,0,0,140,320,0,20
connectivity-ladder__ea-minus-3,6,90421,4000,294.9625,80,140,0,20,0,0,0,0,80,120,40,0,0,0,140,180,0,40,60,160,0,0,0,0,0,0,0,20,0,0,140,320,0,20
connectivity-ladder__ea-minus-3,6,90421,6000,426.4785,80,140,0,20,0,0,0,0,80,120,40,0,0,0,140,180,0,40,60,160,0,0,0,0,0,0,0,20,0,0,140,320,0,20
connectivity-ladder__ea-minus-3,6,90421,8000,578.3517,80,140,0,20,0,0,0,0,80,120,40,0,0,0,140,180,0,40,60,160,0,0,0,0,0,0,0,20,0,0,140,320,0,20
connectivity-ladder__ea-minus-3,6,90421,10000,723.5039,80,140,0,20,0,0,0,0,80,120,40,0,0,0,140,180,0,40,60,160,0,0,0,0,0,0,0,20,0,0,140,320,0,20
connectivity-ladder__ea-minus-3,6,90421,12000,867.4897,80,140,0,20,0,0,0,0,80,120,40,0,0,0,140,180,0,40,60,160,0,0,0,0,0,0,0,20,0,0,140,320,0,20
connectivity-ladder__ea-minus-3,6,90421,14000,1020.746,80,140,0,20,0,0,0,0,78,120,40,0,0,2,136,180,2,42,60,160,0,0,0,0,0,2,0,18,0,0,140,320,0,20
connectivity-ladder__ea-minus-3,6,90421,16000,1175.487,80,140,0,20,0,0,0,0,78,120,40,0,0,2,136,180,2,42,60,160,0,0,0,0,0,2,0,18,0,0,140,320,0,20
connectivity-ladder__ea-minus-3,6,90421,18000,1329.142,80,140,0,20,0,0,0,0,78,120,40,0,0,2,136,180,2,42,60,160,0,0,0,0,0,2,0,18,0,0,140,320,0,20
connectivity-ladder__ea-minus-3,6,90421,20000,1496.714,80,140,0,20,0,0,0,0,78,120,40,0,0,2,136,180,2,42,60,160,0,0,0,0,0,2,0,18,0,0,140,320,0,20
connectivity-ladder__ea-minus-3,7,90427,0,0.0,80,140,0,20,0,0,0,0,80,120,40,0,0,0,140,180,0,40,60,160,0,0,0,0,0,0,0,20,0,0,140,320,0,20
connectivity-ladder__ea-minus-3,7,90427,2000,149.0075,80,139,1,19,1,0,0,0,79,120,40,0,0,1,138,180,1,41,60,160,0,0,0,0,0,1,0,19,0,0,140,319,1,20
connectivity-ladder__ea-minus-3,7,90427,4000,301.2516,80,139,1,19,1,0,0,0,79,120,40,0,0,1,138,180,1,41,60,160,0,0,0,0,0,1,0,19,0,0,140,319,1,20
connectivity-ladder__ea-minus-3,7,90427,6000,448.5353,80,139,1,19,1,0,0,0,79,120,40,0,0,1,138,180,1,41,60,160,0,0,0,0,0,1,0,19,0,0,140,319,1,20
connectivity-ladder__ea-minus-3,7,90427,8000,607.5869,80,139,1,19,1,0,0,0,79,120,40,0,0,1,138,180,1,41,60,160,0,0,0,0,0,1,0,19,0,0,140,319,1,20
connectivity-ladder__ea-minus-3,7,90427,10000,763.3309,80,139,1,19,1,0,0,0,79,120,40,0,0,1,138,180,1,41,60,160,0,0,0,0,0,1,0,19,0,0,140,319,1,20
connectivity-ladder__ea-minus-3,7,90427,12000,917.7792,80,139,1,19,1,0,0,0,79,120,40,0,0,1,138,180,1,41,60,160,0,0,0,0,0,1,0,19,0,0,140,319,1,20
connectivity-ladder__ea-minus-3,7,90427,14000,1067.453,80,140,0,20,0,0,0,0,78,120,40,0,0,2,136,180,2,42,60,160,0,0,0,0,0,2,0,18,0,0,140,320,0,20
connectivity-ladder__ea-minus-3,7,90427,16000,1235.342,80,140,0,20,0,0,0,0,78,120,40,0,0,2,136,180,2,42,60,160,0,0,0,0,0,2,0,18,0,0,140,320,0,20
connectivity-ladder__ea-minus-3,7,90427,18000,1394.044,80,140,0,20,0,0,0,0,78,120,40,0,0,2,136,180,2,42,60,160,0,0,0,0,0,2,0,18,0,0,140,320,0,20
connectivity-ladder__ea-minus-3,7,90427,20000,1549.304,80,140,0,20,0,0,0,0,78,120,40,0,0,2,136,180,2,42,60,160,0,0,0,0,0,2,0,18,0,0,140,320,0,20
connectivity-ladder__ea-plus-3,0,90401,0,0.0,80,140,0,20,0,0,0,0,80,120,40,0,0,0,140,180,0,40,60,160,0,0,0,0,0,0,0,20,0,0,140,320,0,20
connectivity-ladder__ea-plus-3,0,90401,2000,145.0588,80,140,0,20,0,0,0,0,80,120,40,0,0,0,140,180,0,40,60,160,0,0,0,0,0,0,0,20,0,0,140,320,0,20
connectivity-ladder__ea-plus-3,0,90401,4000,288.6243,80,140,0,20,0,0,0,0,80,120,40,0,0,0,140,180,0,40,60,160,0,0,0,0,0,0,0,20,0,0,140,320,0,20
connectivity-ladder__ea-plus-3,0,90401,6000,437.1405,80,140,0,20,0,0,0,0,80,120,40,0,0,0,140,180,0,40,60,160,0,0,0,0,0,0,0,20,0,0,140,320,0,20
connectivity-ladder__ea-plus-3,0,90401,8000,578.8338,80,140,0,20,0,0,0,0,80,120,40,0,0,0,140,180,0,40,60,160,0,0,0,0,0,0,0,20,0,0,140,320,0,20
connectivity-ladder__ea-plus-3,0,90401,10000,719.5576,80,140,0,20,0,0,0,0,80,120,40,0,0,0,140,180,0,40,60,160,0,0,0,0,0,0,0,20,0,0,140,320,0,20
connectivity-ladder__ea-plus-3,0,90401,12000,858.3491,80,140,0,20,0,0,0,0,80,120,40,0,0,0,140,180,0,40,60,160,0,0,0,0,0,0,0,20,0,0,140,320,0,20
connectivity-ladder__ea-plus-3,0,90401,14000,995.368,80,140,0,20,0,0,0,0,80,120,40,0,0,0,140,180,0,40,60,160,0,0,0,0,0,0,0,20,0,0,140,320,0,20
connectivity-ladder__ea-plus-3,0,90401,16000,1138.833,80,140,0,20,0,0,0,0,80,120,40,0,0,0,140,180,0,40,60,160,0,0,0,0,0,0,0,20,0,0,140,320,0,20
connectivity-ladder__ea-plus-3,0,90401,18000,1278.925,80,140,0,20,0,0,0,0,80,120,40,0,0,0,140,180,0,40,60,160,0,0,0,0,0,0,0,20,0,0,140,320,0,20
connectivity-ladder__ea-plus-3,0,90401,20000,1419.145,80,140,0,20,0,0,0,0,80,120,40,0,0,0,140,180,0,40,60,160,0,0,0,0,0,0,0,20,0,0,140,320,0,20
connectivity-ladder__ea-plus-3,1,90403,0,0.0,80,140,0,20,0,0,0,0,80,120,40,0,0,0,140,180,0,40,60,160,0,0,0,0,0,0,0,20,0,0,140,320,0,20
connectivity-ladder__ea-plus-3,1,90403,2000,142.9856,80,140,0,20,0,0,0,0,80,120,40,0,0,0,140,180,0,40,60,160,0,0,0,0,0,0,0,20,0,0,140,320,0,20
connectivity-ladder__ea-plus-3,1,90403,4000,286.5905,80,140,0,20,0,0,0,0,80,120,40,0,0,0,140,180,0,40,60,160,0,0,0,0,0,0,0,20,0,0,140,320,0,20
connectivity-ladder__ea-plus-3,1,90403,6000,424.6695,80,140,0,20,0,0,0,0,80,120,40,0,0,0,140,180,0,40,60,160,0,0,0,0,0,0,0,20,0,0,140,320,0,20
connectivity-ladder__ea-plus-3,1,90403,8000,574.4201,80,140,0,20,0,0,0,0,80,120,40,0,0,0,140,180,0,40,60,160,0,0,0,0,0,0,0,20,0,0,140,320,0,20
connectivity-ladder__ea-plus-3,1,90403,10000,712.9999,80,140,0,20,0,0,0,0,80,120,40,0,0,0,140,180,0,40,60,160,0,0,0,0,0,0,0,20,0,0,140,320,0,20
connectivity-ladder__ea-plus-3,1,90403,12000,860.3508,80,140,0,20,0,0,0,0,80,120,40,0,0,0,140,180,0,40,60,160,0,0,0,0,0,0,0,20,0,0,140,320,0,20
connectivity-ladder__ea-plus-3,1,90403,14000,1005.387,80,140,0,20,0,0,0,0,80,120,40,0,0,0,140,180,0,40,60,160,0,0,0,0,0,0,0,20,0,0,140,320,0,20
connectivity-ladder__ea-plus-3,1,90403,16000,1147.633,80,140,0,20,0,0,0,0,80,120,40,0,0,0,140,180,0,40,60,160,0,0,0,0,0,0,0,20,0,0,140,320,0,20
connectivity-ladder__ea-plus-3,1,90403,18000,1294.272,80,140,0,20,0,0,0,0,80,120,40,0,0,0,140,180,0,40,60,160,0,0,0,0,0,0,0,20,0,0,140,320,0,20
connectivity-ladder__ea-plus-3,1,90403,20000,1434.076,80,140,0,20,0,0,0,0,80,120,40,0,0,0,140,180,0,40,60,160,0,0,0,0,0,0,0,20,0,0,140,320,0,20
connectivity-ladder__ea-plus-3,2,90407,0,0.0,80,140,0,20,0,0,0,0,80,120,40,0,0,0,140,180,0,40,60,160,0,0,0,0,0,0,0,20,0,0,140,320,0,20
connectivity-ladder__ea-plus-3,2,90407,2000,144.4102,80,140,0,20,0,0,0,0,80,120,40,0,0,0,140,180,0,40,60,160,0,0,0,0,0,0,0,20,0,0,140,320,0,20
connectivity-ladder__ea-plus-3,2,90407,4000,292.1793,80,140,0,20,0,0,0,0,80,120,40,0,0,0,140,180,0,40,60,160,0,0,0,0,0,0,0,20,0,0,140,320,0,20
connectivity-ladder__ea-plus-3,2,90407,6000,441.9682,80,140,0,20,0,0,0,0,80,120,40,0,0,0,140,180,0,40,60,160,0,0,0,0,0,0,0,20,0,0,140,320,0,20
connectivity-ladder__ea-plus-3,2,90407,8000,577.6964,80,140,0,20,0,0,0,0,80,120,40,0,0,0,140,180,0,40,60,160,0,0,0,0,0,0,0,20,0,0,140,320,0,20
connectivity-ladder__ea-plus-3,2,90407,10000,717.1121,80,140,0,20,0,0,0,0,80,120,40,0,0,0,140,180,0,40,60,160,0,0,0,0,0,0,0,20,0,0,140,320,0,20
connectivity-ladder__ea-plus-3,2,90407,12000,855.5837,80,140,0,20,0,0,0,0,80,120,40,0,0,0,140,180,0,40,60,160,0,0,0,0,0,0,0,20,0,0,140,320,0,20
connectivity-ladder__ea-plus-3,2,90407,14000,1003.298,80,140,0,20,0,0,0,0,80,120,40,0,0,0,140,180,0,40,60,160,0,0,0,0,0,0,0,20,0,0,140,320,0,20
connectivity-ladder__ea-plus-3,2,90407,16000,1139.54,80,140,0,20,0,0,0,0,80,120,40,0,0,0,140,180,0,40,60,160,0,0,0,0,0,0,0,20,0,0,140,320,0,20
connectivity-ladder__ea-plus-3,2,90407,18000,1288.186,80,139,1,19,1,0,0,0,79,120,40,0,0,1,138,180,1,41,60,160,0,0,0,0,0,1,0,19,0,0,140,319,1,20
connectivity-ladder__ea-plus-3,2,90407,20000,1445.428,80,139,1,19,1,0,0,0,79,120,40,0,0,1,138,180,1,41,60,160,0,0,0,0,0,1,0,19,0,0,140,319,1,20
connectivity-ladder__ea-plus-3,3,90409,0,0.0,80,140,0,20,0,0,0,0,80,120,40,0,0,0,140,180,0,40,60,160,0,0,0,0,0,0,0,20,0,0,140,320,0,20
connectivity-ladder__ea-plus-3,3,90409,2000,147.6805,80,140,0,20,0,0,0,0,80,120,40,0,0,0,140,180,0,40,60,160,0,0,0,0,0,0,0,20,0,0,140,320,0,20
connectivity-ladder__ea-plus-3,3,90409,4000,294.6574,80,140,0,20,0,0,0,0,80,120,40,0,0,0,140,180,0,40,60,160,0,0,0,0,0,0,0,20,0,0,140,320,0,20
connectivity-ladder__ea-plus-3,3,90409,6000,455.1567,80,139,1,19,1,0,0,0,79,120,40,0,0,1,138,180,1,41,60,160,0,0,0,0,0,1,0,19,0,0,140,319,1,20
connectivity-ladder__ea-plus-3,3,90409,8000,610.0296,80,139,1,19,1,0,0,0,79,120,40,0,0,1,138,180,1,41,60,160,0,0,0,0,0,1,0,19,0,0,140,319,1,20
connectivity-ladder__ea-plus-3,3,90409,10000,766.6151,80,139,1,19,1,0,0,0,79,120,40,0,0,1,138,180,1,41,60,160,0,0,0,0,0,1,0,19,0,0,140,319,1,20
connectivity-ladder__ea-plus-3,3,90409,12000,911.602,80,139,1,19,1,0,0,0,79,120,40,0,0,1,138,180,1,41,60,160,0,0,0,0,0,1,0,19,0,0,140,319,1,20
connectivity-ladder__ea-plus-3,3,90409,14000,1069.171,80,139,1,19,1,0,0,0,79,120,40,0,0,1,138,180,1,41,60,160,0,0,0,0,0,1,0,19,0,0,140,319,1,20
connectivity-ladder__ea-plus-3,3,90409,16000,1219.983,80,139,1,19,1,0,0,0,79,120,40,0,0,1,138,180,1,41,60,160,0,0,0,0,0,1,0,19,0,0,140,319,1,20
connectivity-ladder__ea-plus-3,3,90409,18000,1374.608,80,140,0,20,0,0,0,0,78,120,40,0,0,2,136,180,2,42,60,160,0,0,0,0,0,2,0,18,0,0,140,320,0,20
connectivity-ladder__ea-plus-3,3,90409,20000,1539.301,80,139,1,19,1,0,0,0,77,120,40,0,0,3,134,180,3,43,60,160,0,0,0,0,0,3,0,17,0,0,140,319,1,20
connectivity-ladder__ea-plus-3,4,90413,0,0.0,80,140,0,20,0,0,0,0,80,120,40,0,0,0,140,180,0,40,60,160,0,0,0,0,0,0,0,20,0,0,140,320,0,20
connectivity-ladder__ea-plus-3,4,90413,2000,144.2787,80,140,0,20,0,0,0,0,80,120,40,0,0,0,140,180,0,40,60,160,0,0,0,0,0,0,0,20,0,0,140,320,0,20
connectivity-ladder__ea-plus-3,4,90413,4000,293.8795,80,140,0,20,0,0,0,0,80,120,40,0,0,0,140,180,0,40,60,160,0,0,0,0,0,0,0,20,0,0,140,320,0,20
connectivity-ladder__ea-plus-3,4,90413,6000,432.2299,80,140,0,20,0,0,0,0,80,120,40,0,0,0,140,180,0,40,60,160,0,0,0,0,0,0,0,20,0,0,140,320,0,20
connectivity-ladder__ea-plus-3,4,90413,8000,579.9652,80,140,0,20,0,0,0,0,80,120,40,0,0,0,140,180,0,40,60,160,0,0,0,0,0,0,0,20,0,0,140,320,0,20
connectivity-ladder__ea-plus-3,4,90413,10000,726.2198,80,140,0,20,0,0,0,0,80,120,40,0,0,0,140,180,0,40,60,160,0,0,0,0,0,0,0,20,0,0,140,320,0,20
connectivity-ladder__ea-plus-3,4,90413,12000,871.7934,80,140,0,20,0,0,0,0,80,120,40,0,0,0,140,180,0,40,60,160,0,0,0,0,0,0,0,20,0,0,140,320,0,20
connectivity-ladder__ea-plus-3,4,90413,14000,1017.125,80,140,0,20,0,0,0,0,80,120,40,0,0,0,140,180,0,40,60,160,0,0,0,0,0,0,0,20,0,0,140,320,0,20
connectivity-ladder__ea-plus-3,4,90413,16000,1162.618,80,140,0,20,0,0,0,0,80,120,40,0,0,0,140,180,0,40,60,160,0,0,0,0,0,0,0,20,0,0,140,320,0,20
connectivity-ladder__ea-plus-3,4,90413,18000,1305.205,80,139,1,19,1,0,0,0,79,120,40,0,0,1,138,180,1,41,60,160,0,0,0,0,0,1,0,19,0,0,140,319,1,20
connectivity-ladder__ea-plus-3,4,90413,20000,1456.543,80,139,1,19,1,0,0,0,79,120,40,0,0,1,138,180,1,41,60,160,0,0,0,0,0,1,0,19,0,0,140,319,1,20
connectivity-ladder__ea-plus-3,5,90419,0,0.0,80,140,0,20,0,0,0,0,80,120,40,0,0,0,140,180,0,40,60,160,0,0,0,0,0,0,0,20,0,0,140,320,0,20
connectivity-ladder__ea-plus-3,5,90419,2000,150.0076,80,139,1,19,1,0,0,0,79,120,40,0,0,1,138,180,1,41,60,160,0,0,0,0,0,1,0,19,0,0,140,319,1,20
connectivity-ladder__ea-plus-3,5,90419,4000,299.9473,80,139,1,19,1,0,0,0,79,120,40,0,0,1,138,180,1,41,60,160,0,0,0,0,0,1,0,19,0,0,140,319,1,20
connectivity-ladder__ea-plus-3,5,90419,6000,453.5396,80,139,1,19,1,0,0,0,79,120,40,0,0,1,138,180,1,41,60,160,0,0,0,0,0,1,0,19,0,0,140,319,1,20
connectivity-ladder__ea-plus-3,5,90419,8000,611.4099,80,139,1,19,1,0,0,0,79,120,40,0,0,1,138,180,1,41,60,160,0,0,0,0,0,1,0,19,0,0,140,319,1,20
connectivity-ladder__ea-plus-3,5,90419,10000,766.5827,80,139,1,19,1,0,0,0,79,120,40,0,0,1,138,180,1,41,60,160,0,0,0,0,0,1,0,19,0,0,140,319,1,20
connectivity-ladder__ea-plus-3,5,90419,12000,908.5637,80,139,1,19,1,0,0,0,79,120,40,0,0,1,138,180,1,41,60,160,0,0,0,0,0,1,0,19,0,0,140,319,1,20
connectivity-ladder__ea-plus-3,5,90419,14000,1061.609,80,139,1,19,1,0,0,0,79,120,40,0,0,1,138,180,1,41,60,160,0,0,0,0,0,1,0,19,0,0,140,319,1,20
connectivity-ladder__ea-plus-3,5,90419,16000,1208.838,80,139,1,19,1,0,0,0,79,120,40,0,0,1,138,180,1,41,60,160,0,0,0,0,0,1,0,19,0,0,140,319,1,20
connectivity-ladder__ea-plus-3,5,90419,18000,1356.063,80,140,0,20,0,0,0,0,78,120,40,0,0,2,136,180,2,42,60,160,0,0,0,0,0,2,0,18,0,0,140,320,0,20
connectivity-ladder__ea-plus-3,5,90419,20000,1513.534,80,140,0,20,0,0,0,0,78,120,40,0,0,2,136,180,2,42,60,160,0,0,0,0,0,2,0,18,0,0,140,320,0,20
connectivity-ladder__ea-plus-3,6,90421,0,0.0,80,140,0,20,0,0,0,0,80,120,40,0,0,0,140,180,0,40,60,160,0,0,0,0,0,0,0,20,0,0,140,320,0,20
connectivity-ladder__ea-plus-3,6,90421,2000,151.4684,80,140,0,20,0,0,0,0,80,120,40,0,0,0,140,180,0,40,60,160,0,0,0,0,0,0,0,20,0,0,140,320,0,20
connectivity-ladder__ea-plus-3,6,90421,4000,294.9625,80,140,0,20,0,0,0,0,80,120,40,0,0,0,140,180,0,40,60,160,0,0,0,0,0,0,0,20,0,0,140,320,0,20
connectivity-ladder__ea-plus-3,6,90421,6000,426.4785,80,140,0,20,0,0,0,0,80,120,40,0,0,0,140,180,0,40,60,160,0,0,0,0,0,0,0,20,0,0,140,320,0,20
connectivity-ladder__ea-plus-3,6,90421,8000,578.3517,80,140,0,20,0,0,0,0,80,120,40,0,0,0,140,180,0,40,60,160,0,0,0,0,0,0,0,20,0,0,140,320,0,20
connectivity-ladder__ea-plus-3,6,90421,10000,723.5039,80,140,0,20,0,0,0,0,80,120,40,0,0,0,140,180,0,40,60,160,0,0,0,0,0,0,0,20,0,0,140,320,0,20
connectivity-ladder__ea-plus-3,6,90421,12000,867.4897,80,140,0,20,0,0,0,0,80,120,40,0,0,0,140,180,0,40,60,160,0,0,0,0,0,0,0,20,0,0,140,320,0,20
connectivity-ladder__ea-plus-3,6,90421,14000,1020.746,80,140,0,20,0,0,0,0,78,120,40,0,0,2,136,180,2,42,60,160,0,0,0,0,0,2,0,18,0,0,140,320,0,20
connectivity-ladder__ea-plus-3,6,90421,16000,1175.487,80,140,0,20,0,0,0,0,78,120,40,0,0,2,136,180,2,42,60,160,0,0,0,0,0,2,0,18,0,0,140,320,0,20
connectivity-ladder__ea-plus-3,6,90421,18000,1329.142,80,140,0,20,0,0,0,0,78,120,40,0,0,2,136,180,2,42,60,160,0,0,0,0,0,2,0,18,0,0,140,320,0,20
connectivity-ladder__ea-plus-3,6,90421,20000,1496.714,80,140,0,20,0,0,0,0,78,120,40,0,0,2,136,180,2,42,60,160,0,0,0,0,0,2,0,18,0,0,140,320,0,20
connectivity-ladder__ea-plus-3,7,90427,0,0.0,80,140,0,20,0,0,0,0,80,120,40,0,0,0,140,180,0,40,60,160,0,0,0,0,0,0,0,20,0,0,140,320,0,20
connectivity-ladder__ea-plus-3,7,90427,2000,149.0075,80,139,1,19,1,0,0,0,79,120,40,0,0,1,138,180,1,41,60,160,0,0,0,0,0,1,0,19,0,0,140,319,1,20
connectivity-ladder__ea-plus-3,7,90427,4000,301.2516,80,139,1,19,1,0,0,0,79,120,40,0,0,1,138,180,1,41,60,160,0,0,0,0,0,1,0,19,0,0,140,319,1,20
connectivity-ladder__ea-plus-3,7,90427,6000,448.5353,80,139,1,19,1,0,0,0,79,120,40,0,0,1,138,180,1,41,60,160,0,0,0,0,0,1,0,19,0,0,140,319,1,20
connectivity-ladder__ea-plus-3,7,90427,8000,607.5869,80,139,1,19,1,0,0,0,79,120,40,0,0,1,138,180,1,41,60,160,0,0,0,0,0,1,0,19,0,0,140,319,1,20
connectivity-ladder__ea-plus-3,7,90427,10000,763.3309,80,139,1,19,1,0,0,0,79,120,40,0,0,1,138,180,1,41,60,160,0,0,0,0,0,1,0,19,0,0,140,319,1,20
connectivity-ladder__ea-plus-3,7,90427,12000,917.7792,80,139,1,19,1,0,0,0,79,120,40,0,0,1,138,180,1,41,60,160,0,0,0,0,0,1,0,19,0,0,140,319,1,20
connectivity-ladder__ea-plus-3,7,90427,14000,1067.453,80,140,0,20,0,0,0,0,78,120,40,0,0,2,136,180,2,42,60,160,0,0,0,0,0,2,0,18,0,0,140,320,0,20
connectivity-ladder__ea-plus-3,7,90427,16000,1235.342,80,140,0,20,0,0,0,0,78,120,40,0,0,2,136,180,2,42,60,160,0,0,0,0,0,2,0,18,0,0,140,320,0,20
connectivity-ladder__ea-plus-3,7,90427,18000,1394.044,80,140,0,20,0,0,0,0,78,120,40,0,0,2,136,180,2,42,60,160,0,0,0,0,0,2,0,18,0,0,140,320,0,20
connectivity-ladder__ea-plus-3,7,90427,20000,1549.304,80,140,0,20,0,0,0,0,78,120,40,0,0,2,136,180,2,42,60,160,0,0,0,0,0,2,0,18,0,0,140,320,0,20
connectivity-ladder__prefactor-x0.1,0,90401,0,0.0,80,140,0,20,0,0,0,0,80,120,40,0,0,0,140,180,0,40,60,160,0,0,0,0,0,0,0,20,0,0,140,320,0,20
connectivity-ladder__prefactor-x0.1,0,90401,2000,145.0588,80,140,0,20,0,0,0,0,80,120,40,0,0,0,140,180,0,40,60,160,0,0,0,0,0,0,0,20,0,0,140,320,0,20
connectivity-ladder__prefactor-x0.1,0,90401,4000,288.6243,80,140,0,20,0,0,0,0,80,120,40,0,0,0,140,180,0,40,60,160,0,0,0,0,0,0,0,20,0,0,140,320,0,20
connectivity-ladder__prefactor-x0.1,0,90401,6000,437.1405,80,140,0,20,0,0,0,0,80,120,40,0,0,0,140,180,0,40,60,160,0,0,0,0,0,0,0,20,0,0,140,320,0,20
connectivity-ladder__prefactor-x0.1,0,90401,8000,578.8338,80,140,0,20,0,0,0,0,80,120,40,0,0,0,140,180,0,40,60,160,0,0,0,0,0,0,0,20,0,0,140,320,0,20
connectivity-ladder__prefactor-x0.1,0,90401,10000,719.5576,80,140,0,20,0,0,0,0,80,120,40,0,0,0,140,180,0,40,60,160,0,0,0,0,0,0,0,20,0,0,140,320,0,20
connectivity-ladder__prefactor-x0.1,0,90401,12000,858.3491,80,140,0,20,0,0,0,0,80,120,40,0,0,0,140,180,0,40,60,160,0,0,0,0,0,0,0,20,0,0,140,320,0,20
connectivity-ladder__prefactor-x0.1,0,90401,14000,995.368,80,140,0,20,0,0,0,0,80,120,40,0,0,0,140,180,0,40,60,160,0,0,0,0,0,0,0,20,0,0,140,320,0,20
connectivity-ladder__prefactor-x0.1,0,90401,16000,1138.833,80,140,0,20,0,0,0,0,80,120,40,0,0,0,140,180,0,40,60,160,0,0,0,0,0,0,0,20,0,0,140,320,0,20
connectivity-ladder__prefactor-x0.1,0,90401,18000,1278.925,80,140,0,20,0,0,0,0,80,120,40,0,0,0,140,180,0,40,60,160,0,0,0,0,0,0,0,20,0,0,140,320,0,20
connectivity-ladder__prefactor-x0.1,0,90401,20000,1419.145,80,140,0,20,0,0,0,0,80,120,40,0,0,0,140,180,0,40,60,160,0,0,0,0,0,0,0,20,0,0,140,320,0,20
connectivity-ladder__prefactor-x0.1,1,90403,0,0.0,80,140,0,20,0,0,0,0,80,120,40,0,0,0,140,180,0,40,60,160,0,0,0,0,0,0,0,20,0,0,140,320,0,20
connectivity-ladder__prefactor-x0.1,1,90403,2000,142.9856,80,140,0,20,0,0,0,0,80,120,40,0,0,0,140,180,0,40,60,160,0,0,0,0,0,0,0,20,0,0,140,320,0,20
connectivity-ladder__prefactor-x0.1,1,90403,4000,286.5905,80,140,0,20,0,0,0,0,80,120,40,0,0,0,140,180,0,40,60,160,0,0,0,0,0,0,0,20,0,0,140,320,0,20
connectivity-ladder__prefactor-x0.1,1,90403,6000,424.6695,80,140,0,20,0,0,0,0,80,120,40,0,0,0,140,180,0,40,60,160,0,0,0,0,0,0,0,20,0,0,140,320,0,20
connectivity-ladder__prefactor-x0.1,1,90403,8000,574.4201,80,140,0,20,0,0,0,0,80,120,40,0,0,0,140,180,0,40,60,160,0,0,0,0,0,0,0,20,0,0,140,320,0,20
connectivity-ladder__prefactor-x0.1,1,90403,10000,712.9999,80,140,0,20,0,0,0,0,80,120,40,0,0,0,140,180,0,40,60,160,0,0,0,0,0,0,0,20,0,0,140,320,0,20
connectivity-ladder__prefactor-x0.1,1,90403,12000,860.3508,80,140,0,20,0,0,0,0,80,120,40,0,0,0,140,180,0,40,60,160,0,0,0,0,0,0,0,20,0,0,140,320,0,20
connectivity-ladder__prefactor-x0.1,1,90403,14000,1005.387,80,140,0,20,0,0,0,0,80,120,40,0,0,0,140,180,0,40,60,160,0,0,0,0,0,0,0,20,0,0,140,320,0,20
connectivity-ladder__prefactor-x0.1,1,90403,16000,1147.633,80,140,0,20,0,0,0,0,80,120,40,0,0,0,140,180,0,40,60,160,0,0,0,0,0,0,0,20,0,0,140,320,0,20
connectivity-ladder__prefactor-x0.1,1,90403,18000,1294.272,80,140,0,20,0,0,0,0,80,120,40,0,0,0,140,180,0,40,60,160,0,0,0,0,0,0,0,20,0,0,140,320,0,20
connectivity-ladder__prefactor-x0.1,1,90403,20000,1434.076,80,140,0,20,0,0,0,0,80,120,40,0,0,0,140,180,0,40,60,160,0,0,0,0,0,0,0,20,0,0,140,320,0,20
connectivity-ladder__prefactor-x0.1,2,90407,0,0.0,80,140,0,20,0,0,0,0,80,120,40,0,0,0,140,180,0,40,60,160,0,0,0,0,0,0,0,20,0,0,140,320,0,20
connectivity-ladder__prefactor-x0.1,2,90407,2000,144.4102,80,140,0,20,0,0,0,0,80,120,40,0,0,0,140,180,0,40,60,160,0,0,0,0,0,0,0,20,0,0,140,320,0,20
connectivity-ladder__prefactor-x0.1,2,90407,4000,292.1793,80,140,0,20,0,0,0,0,80,120,40,0,0,0,140,180,0,40,60,160,0,0,0,0,0,0,0,20,0,0,140,320,0,20
connectivity-ladder__prefactor-x0.1,2,90407,6000,441.9682,80,140,0,20,0,0,0,0,80,120,40,0,0,0,140,180,0,40,60,160,0,0,0,0,0,0,0,20,0,0,140,320,0,20
connectivity-ladder__prefactor-x0.1,2,90407,8000,577.6964,80,140,0,20,0,0,0,0,80,120,40,0,0,0,140,180,0,40,60,160,0,0,0,0,0,0,0,20,0,0,140,320,0,20
connectivity-ladder__prefactor-x0.1,2,90407,10000,717.1121,80,140,0,20,0,0,0,0,80,120,40,0,0,0,140,180,0,40,60,160,0,0,0,0,0,0,0,20,0,0,140,320,0,20
connectivity-ladder__prefactor-x0.1,2,90407,12000,855.5837,80,140,0,20,0,0,0,0,80,120,40,0,0,0,140,180,0,40,60,160,0,0,0,0,0,0,0,20,0,0,140,320,0,20
connectivity-ladder__prefactor-x0.1,2,90407,14000,1003.298,80,140,0,20,0,0,0,0,80,120,40,0,0,0,140,180,0,40,60,160,0,0,0,0,0,0,0,20,0,0,140,320,0,20
connectivity-ladder__prefactor-x0.1,2,90407,16000,1139.54,80,140,0,20,0,0,0,0,80,120,40,0,0,0,140,180,0,40,60,160,0,0,0,0,0,0,0,20,0,0,140,320,0,20
connectivity-ladder__prefactor-x0.1,2,90407,18000,1288.186,80,139,1,19,1,0,0,0,79,120,40,0,0,1,138,180,1,41,60,160,0,0,0,0,0,1,0,19,0,0,140,319,1,20
connectivity-ladder__prefactor-x0.1,2,90407,20000,1445.428,80,139,1,19,1,0,0,0,79,120,40,0,0,1,138,180,1,41,60,160,0,0,0,0,0,1,0,19,0,0,140,319,1,20
connectivity-ladder__prefactor-x0.1,3,90409,0,0.0,80,140,0,20,0,0,0,0,80,120,40,0,0,0,140,180,0,40,60,160,0,0,0,0,0,0,0,20,0,0,140,320,0,20
connectivity-ladder__prefactor-x0.1,3,90409,2000,147.6805,80,140,0,20,0,0,0,0,80,120,40,0,0,0,140,180,0,40,60,160,0,0,0,0,0,0,0,20,0,0,140,320,0,20
connectivity-ladder__prefactor-x0.1,3,90409,4000,294.6574,80,140,0,20,0,0,0,0,80,120,40,0,0,0,140,180,0,40,60,160,0,0,0,0,0,0,0,20,0,0,140,320,0,20
connectivity-ladder__prefactor-x0.1,3,90409,6000,455.1567,80,139,1,19,1,0,0,0,79,120,40,0,0,1,138,180,1,41,60,160,0,0,0,0,0,1,0,19,0,0,140,319,1,20
connectivity-ladder__prefactor-x0.1,3,90409,8000,610.0296,80,139,1,19,1,0,0,0,79,120,40,0,0,1,138,180,1,41,60,160,0,0,0,0,0,1,0,19,0,0,140,319,1,20
connectivity-ladder__prefactor-x0.1,3,90409,10000,766.6151,80,139,1,19,1,0,0,0,79,120,40,0,0,1,138,180,1,41,60,160,0,0,0,0,0,1,0,19,0,0,140,319,1,20
connectivity-ladder__prefactor-x0.1,3,90409,12000,911.602,80,139,1,19,1,0,0,0,79,120,40,0,0,1,138,180,1,41,60,160,0,0,0,0,0,1,0,19,0,0,140,319,1,20
connectivity-ladder__prefactor-x0.1,3,90409,14000,1069.171,80,139,1,19,1,0,0,0,79,120,40,0,0,1,138,180,1,41,60,160,0,0,0,0,0,1,0,19,0,0,140,319,1,20
connectivity-ladder__prefactor-x0.1,3,90409,16000,1219.983,80,139,1,19,1,0,0,0,79,120,40,0,0,1,138,180,1,41,60,160,0,0,0,0,0,1,0,19,0,0,140,319,1,20
connectivity-ladder__prefactor-x0.1,3,90409,18000,1374.608,80,140,0,20,0,0,0,0,78,120,40,0,0,2,136,180,2,42,60,160,0,0,0,0,0,2,0,18,0,0,140,320,0,20
connectivity-ladder__prefactor-x0.1,3,90409,20000,1539.301,80,139,1,19,1,0,0,0,77,120,40,0,0,3,134,180,3,43,60,160,0,0,0,0,0,3,0,17,0,0,140,319,1,20
connectivity-ladder__prefactor-x0.1,4,90413,0,0.0,80,140,0,20,0,0,0,0,80,120,40,0,0,0,140,180,0,40,60,160,0,0,0,0,0,0,0,20,0,0,140,320,0,20
connectivity-ladder__prefactor-x0.1,4,90413,2000,144.2787,80,140,0,20,0,0,0,0,80,120,40,0,0,0,140,180,0,40,60,160,0,0,0,0,0,0,0,20,0,0,140,320,0,20
connectivity-ladder__prefactor-x0.1,4,90413,4000,293.8795,80,140,0,20,0,0,0,0,80,120,40,0,0,0,140,180,0,40,60,160,0,0,0,0,0,0,0,20,0,0,140,320,0,20
connectivity-ladder__prefactor-x0.1,4,90413,6000,432.2299,80,140,0,20,0,0,0,0,80,120,40,0,0,0,140,180,0,40,60,160,0,0,0,0,0,0,0,20,0,0,140,320,0,20
connectivity-ladder__prefactor-x0.1,4,90413,8000,579.9652,80,140,0,20,0,0,0,0,80,120,40,0,0,0,140,180,0,40,60,160,0,0,0,0,0,0,0,20,0,0,140,320,0,20
connectivity-ladder__prefactor-x0.1,4,90413,10000,726.2198,80,140,0,20,0,0,0,0,80,120,40,0,0,0,140,180,0,40,60,160,0,0,0,0,0,0,0,20,0,0,140,320,0,20
connectivity-ladder__prefactor-x0.1,4,90413,12000,871.7934,80,140,0,20,0,0,0,0,80,120,40,0,0,0,140,180,0,40,60,160,0,0,0,0,0,0,0,20,0,0,140,320,0,20
connectivity-ladder__prefactor-x0.1,4,90413,14000,1017.125,80,140,0,20,0,0,0,0,80,120,40,0,0,0,140,180,0,40,60,160,0,0,0,0,0,0,0,20,0,0,140,320,0,20
connectivity-ladder__prefactor-x0.1,4,90413,16000,1162.618,80,140,0,20,0,0,0,0,80,120,40,0,0,0,140,180,0,40,60,160,0,0,0,0,0,0,0,20,0,0,140,320,0,20
connectivity-ladder__prefactor-x0.1,4,90413,18000,1305.205,80,139,1,19,1,0,0,0,79,120,40,0,0,1,138,180,1,41,60,160,0,0,0,0,0,1,0,19,0,0,140,319,1,20
connectivity-ladder__prefactor-x0.1,4,90413,20000,1456.543,80,139,1,19,1,0,0,0,79,120,40,0,0,1,138,180,1,41,60,160,0,0,0,0,0,1,0,19,0,0,140,319,1,20
connectivity-ladder__prefactor-x0.1,5,90419,0,0.0,80,140,0,20,0,0,0,0,80,120,40,0,0,0,140,180,0,40,60,160,0,0,0,0,0,0,0,20,0,0,140,320,0,20
connectivity-ladder__prefactor-x0.1,5,90419,2000,150.0076,80,139,1,19,1,0,0,0,79,120,40,0,0,1,138,180,1,41,60,160,0,0,0,0,0,1,0,19,0,0,140,319,1,20
connectivity-ladder__prefactor-x0.1,5,90419,4000,299.9473,80,139,1,19,1,0,0,0,79,120,40,0,0,1,138,180,1,41,60,160,0,0,0,0,0,1,0,19,0,0,140,319,1,20
connectivity-ladder__prefactor-x0.1,5,90419,6000,453.5396,80,139,1,19,1,0,0,0,79,120,40,0,0,1,138,180,1,41,60,160,0,0,0,0,0,1,0,19,0,0,140,319,1,20
connectivity-ladder__prefactor-x0.1,5,90419,8000,611.4099,80,139,1,19,1,0,0,0,79,120,40,0,0,1,138,180,1,41,60,160,0,0,0,0,0,1,0,19,0,0,140,319,1,20
connectivity-ladder__prefactor-x0.1,5,90419,10000,766.5827,80,139,1,19,1,0,0,0,79,120,40,0,0,1,138,180,1,41,60,160,0,0,0,0,0,1,0,19,0,0,140,319,1,20
connectivity-ladder__prefactor-x0.1,5,90419,12000,908.5637,80,139,1,19,1,0,0,0,79,120,40,0,0,1,138,180,1,41,60,160,0,0,0,0,0,1,0,19,0,0,140,319,1,20
connectivity-ladder__prefactor-x0.1,5,90419,14000,1061.609,80,139,1,19,1,0,0,0,79,120,40,0,0,1,138,180,1,41,60,160,0,0,0,0,0,1,0,19,0,0,140,319,1,20
connectivity-ladder__prefactor-x0.1,5,90419,16000,1208.838,80,139,1,19,1,0,0,0,79,120,40,0,0,1,138,180,1,41,60,160,0,0,0,0,0,1,0,19,0,0,140,319,1,20
connectivity-ladder__prefactor-x0.1,5,90419,18000,1356.063,80,140,0,20,0,0,0,0,78,120,40,0,0,2,136,180,2,42,60,160,0,0,0,0,0,2,0,18,0,0,140,320,0,20
connectivity-ladder__prefactor-x0.1,5,90419,20000,1513.534,80,140,0,20,0,0,0,0,78,120,40,0,0,2,136,180,2,42,60,160,0,0,0,0,0,2,0,18,0,0,140,320,0,20
connectivity-ladder__prefactor-x0.1,6,90421,0,0.0,80,140,0,20,0,0,0,0,80,120,40,0,0,0,140,180,0,40,60,160,0,0,0,0,0,0,0,20,0,0,140,320,0,20
connectivity-ladder__prefactor-x0.1,6,90421,2000,151.4684,80,140,0,20,0,0,0,0,80,120,40,0,0,0,140,180,0,40,60,160,0,0,0,0,0,0,0,20,0,0,140,320,0,20
connectivity-ladder__prefactor-x0.1,6,90421,4000,294.9625,80,140,0,20,0,0,0,0,80,120,40,0,0,0,140,180,0,40,60,160,0,0,0,0,0,0,0,20,0,0,140,320,0,20
connectivity-ladder__prefactor-x0.1,6,90421,6000,426.4785,80,140,0,20,0,0,0,0,80,120,40,0,0,0,140,180,0,40,60,160,0,0,0,0,0,0,0,20,0,0,140,320,0,20
connectivity-ladder__prefactor-x0.1,6,90421,8000,578.3517,80,140,0,20,0,0,0,0,80,120,40,0,0,0,140,180,0,40,60,160,0,0,0,0,0,0,0,20,0,0,140,320,0,20
connectivity-ladder__prefactor-x0.1,6,90421,10000,723.5039,80,140,0,20,0,0,0,0,80,120,40,0,0,0,140,180,0,40,60,160,0,0,0,0,0,0,0,20,0,0,140,320,0,20
connectivity-ladder__prefactor-x0.1,6,90421,12000,867.4897,80,140,0,20,0,0,0,0,80,120,40,0,0,0,140,180,0,40,60,160,0,0,0,0,0,0,0,20,0,0,140,320,0,20
connectivity-ladder__prefactor-x0.1,6,90421,14000,1020.746,80,140,0,20,0,0,0,0,78,120,40,0,0,2,136,180,2,42,60,160,0,0,0,0,0,2,0,18,0,0,140,320,0,20
connectivity-ladder__prefactor-x0.1,6,90421,16000,1175.487,80,140,0,20,0,0,0,0,78,120,40,0,0,2,136,180,2,42,60,160,0,0,0,0,0,2,0,18,0,0,140,320,0,20
connectivity-ladder__prefactor-x0.1,6,90421,18000,1329.142,80,140,0,20,0,0,0,0,78,120,40,0,0,2,136,180,2,42,60,160,0,0,0,0,0,2,0,18,0,0,140,320,0,20
connectivity-ladder__prefactor-x0.1,6,90421,20000,1496.714,80,140,0,20,0,0,0,0,78,120,40,0,0,2,136,180,2,42,60,160,0,0,0,0,0,2,0,18,0,0,140,320,0,20
connectivity-ladder__prefactor-x0.1,7,90427,0,0.0,80,140,0,20,0,0,0,0,80,120,40,0,0,0,140,180,0,40,60,160,0,0,0,0,0,0,0,20,0,0,140,320,0,20
connectivity-ladder__prefactor-x0.1,7,90427,2000,149.0075,80,139,1,19,1,0,0,0,79,120,40,0,0,1,138,180,1,41,60,160,0,0,0,0,0,1,0,19,0,0,140,319,1,20
connectivity-ladder__prefactor-x0.1,7,90427,4000,301.2516,80,139,1,19,1,0,0,0,79,120,40,0,0,1,138,180,1,41,60,160,0,0,0,0,0,1,0,19,0,0,140,319,1,20
connectivity-ladder__prefactor-x0.1,7,90427,6000,448.5353,80,139,1,19,1,0,0,0,79,120,40,0,0,1,138,180,1,41,60,160,0,0,0,0,0,1,0,19,0,0,140,319,1,20
connectivity-ladder__prefactor-x0.1,7,90427,8000,607.5869,80,139,1,19,1,0,0,0,79,120,40,0,0,1,138,180,1,41,60,160,0,0,0,0,0,1,0,19,0,0,140,319,1,20
connectivity-ladder__prefactor-x0.1,7,90427,10000,763.3309,80,139,1,19,1,0,0,0,79,120,40,0,0,1,138,180,1,41,60,160,0,0,0,0,0,1,0,19,0,0,140,319,1,20
connectivity-ladder__prefactor-x0.1,7,90427,12000,917.7792,80,139,1,19,1,0,0,0,79,120,40,0,0,1,138,180,1,41,60,160,0,0,0,0,0,1,0,19,0,0,140,319,1,20
connectivity-ladder__prefactor-x0.1,7,90427,14000,1067.453,80,140,0,20,0,0,0,0,78,120,40,0,0,2,136,180,2,42,60,160,0,0,0,0,0,2,0,18,0,0,140,320,0,20
connectivity-ladder__prefactor-x0.1,7,90427,16000,1235.342,80,140,0,20,0,0,0,0,78,120,40,0,0,2,136,180,2,42,60,160,0,0,0,0,0,2,0,18,0,0,140,320,0,20
connectivity-ladder__prefactor-x0.1,7,90427,18000,1394.044,80,140,0,20,0,0,0,0,78,120,40,0,0,2,136,180,2,42,60,160,0,0,0,0,0,2,0,18,0,0,140,320,0,20
connectivity-ladder__prefactor-x0.1,7,90427,20000,1549.304,80,140,0,20,0,0,0,0,78,120,40,0,0,2,136,180,2,42,60,160,0,0,0,0,0,2,0,18,0,0,140,320,0,20
connectivity-ladder__prefactor-x10,0,90401,0,0.0,80,140,0,20,0,0,0,0,80,120,40,0,0,0,140,180,0,40,60,160,0,0,0,0,0,0,0,20,0,0,140,320,0,20
connectivity-ladder__prefactor-x10,0,90401,2000,145.0588,80,140,0,20,0,0,0,0,80,120,40,0,0,0,140,180,0,40,60,160,0,0,0,0,0,0,0,20,0,0,140,320,0,20
connectivity-ladder__prefactor-x10,0,90401,4000,288.6243,80,140,0,20,0,0,0,0,80,120,40,0,0,0,140,180,0,40,60,160,0,0,0,0,0,0,0,20,0,0,140,320,0,20
connectivity-ladder__prefactor-x10,0,90401,6000,437.1405,80,140,0,20,0,0,0,0,80,120,40,0,0,0,140,180,0,40,60,160,0,0,0,0,0,0,0,20,0,0,140,320,0,20
connectivity-ladder__prefactor-x10,0,90401,8000,578.8338,80,140,0,20,0,0,0,0,80,120,40,0,0,0,140,180,0,40,60,160,0,0,0,0,0,0,0,20,0,0,140,320,0,20
connectivity-ladder__prefactor-x10,0,90401,10000,719.5576,80,140,0,20,0,0,0,0,80,120,40,0,0,0,140,180,0,40,60,160,0,0,0,0,0,0,0,20,0,0,140,320,0,20
connectivity-ladder__prefactor-x10,0,90401,12000,858.3491,80,140,0,20,0,0,0,0,80,120,40,0,0,0,140,180,0,40,60,160,0,0,0,0,0,0,0,20,0,0,140,320,0,20
connectivity-ladder__prefactor-x10,0,90401,14000,995.368,80,140,0,20,0,0,0,0,80,120,40,0,0,0,140,180,0,40,60,160,0,0,0,0,0,0,0,20,0,0,140,320,0,20
connectivity-ladder__prefactor-x10,0,90401,16000,1138.833,80,140,0,20,0,0,0,0,80,120,40,0,0,0,140,180,0,40,60,160,0,0,0,0,0,0,0,20,0,0,140,320,0,20
connectivity-ladder__prefactor-x10,0,90401,18000,1278.925,80,140,0,20,0,0,0,0,80,120,40,0,0,0,140,180,0,40,60,160,0,0,0,0,0,0,0,20,0,0,140,320,0,20
connectivity-ladder__prefactor-x10,0,90401,20000,1419.145,80,140,0,20,0,0,0,0,80,120,40,0,0,0,140,180,0,40,60,160,0,0,0,0,0,0,0,20,0,0,140,320,0,20
connectivity-ladder__prefactor-x10,1,90403,0,0.0,80,140,0,20,0,0,0,0,80,120,40,0,0,0,140,180,0,40,60,160,0,0,0,0,0,0,0,20,0,0,140,320,0,20
connectivity-ladder__prefactor-x10,1,90403,2000,142.9856,80,140,0,20,0,0,0,0,80,120,40,0,0,0,140,180,0,40,60,160,0,0,0,0,0,0,0,20,0,0,140,320,0,20
connectivity-ladder__prefactor-x10,1,90403,4000,286.5905,80,140,0,20,0,0,0,0,80,120,40,0,0,0,140,180,0,40,60,160,0,0,0,0,0,0,0,20,0,0,140,320,0,20
connectivity-ladder__prefactor-x10,1,90403,6000,424.6695,80,140,0,20,0,0,0,0,80,120,40,0,0,0,140,180,0,40,60,160,0,0,0,0,0,0,0,20,0,0,140,320,0,20
connectivity-ladder__prefactor-x10,1,90403,8000,574.4201,80,140,0,20,0,0,0,0,80,120,40,0,0,0,140,180,0,40,60,160,0,0,0,0,0,0,0,20,0,0,140,320,0,20
connectivity-ladder__prefactor-x10,1,90403,10000,712.9999,80,140,0,20,0,0,0,0,80,120,40,0,0,0,140,180,0,40,60,160,0,0,0,0,0,0,0,20,0,0,140,320,0,20
connectivity-ladder__prefactor-x10,1,90403,12000,860.3508,80,140,0,20,0,0,0,0,80,120,40,0,0,0,140,180,0,40,60,160,0,0,0,0,0,0,0,20,0,0,140,320,0,20
connectivity-ladder__prefactor-x10,1,90403,14000,1005.387,80,140,0,20,0,0,0,0,80,120,40,0,0,0,140,180,0,40,60,160,0,0,0,0,0,0,0,20,0,0,140,320,0,20
connectivity-ladder__prefactor-x10,1,90403,16000,1147.633,80,140,0,20,0,0,0,0,80,120,40,0,0,0,140,180,0,40,60,160,0,0,0,0,0,0,0,20,0,0,140,320,0,20
connectivity-ladder__prefactor-x10,1,90403,18000,1294.272,80,140,0,20,0,0,0,0,80,120,40,0,0,0,140,180,0,40,60,160,0,0,0,0,0,0,0,20,0,0,140,320,0,20
connectivity-ladder__prefactor-x10,1,90403,20000,1434.076,80,140,0,20,0,0,0,0,80,120,40,0,0,0,140,180,0,40,60,160,0,0,0,0,0,0,0,20,0,0,140,320,0,20
connectivity-ladder__prefactor-x10,2,90407,0,0.0,80,140,0,20,0,0,0,0,80,120,40,0,0,0,140,180,0,40,60,160,0,0,0,0,0,0,0,20,0,0,140,320,0,20
connectivity-ladder__prefactor-x10,2,90407,2000,144.4102,80,140,0,20,0,0,0,0,80,120,40,0,0,0,140,180,0,40,60,160,0,0,0,0,0,0,0,20,0,0,140,320,0,20
connectivity-ladder__prefactor-x10,2,90407,4000,292.1793,80,140,0,20,0,0,0,0,80,120,40,0,0,0,140,180,0,40,60,160,0,0,0,0,0,0,0,20,0,0,140,320,0,20
connectivity-ladder__prefactor-x10,2,90407,6000,441.9682,80,140,0,20,0,0,0,0,80,120,40,0,0,0,140,180,0,40,60,160,0,0,0,0,0,0,0,20,0,0,140,320,0,20
connectivity-ladder__prefactor-x10,2,90407,8000,577.6964,80,140,0,20,0,0,0,0,80,120,40,0,0,0,140,180,0,40,60,160,0,0,0,0,0,0,0,20,0,0,140,320,0,20
connectivity-ladder__prefactor-x10,2,90407,10000,717.1121,80,140,0,20,0,0,0,0,80,120,40,0,0,0,140,180,0,40,60,160,0,0,0,0,0,0,0,20,0,0,140,320,0,20
connectivity-ladder__prefactor-x10,2,90407,12000,855.5837,80,140,0,20,0,0,0,0,80,120,40,0,0,0,140,180,0,40,60,160,0,0,0,0,0,0,0,20,0,0,140,320,0,20
connectivity-ladder__prefactor-x10,2,90407,14000,1003.298,80,140,0,20,0,0,0,0,80,120,40,0,0,0,140,180,0,40,60,160,0,0,0,0,0,0,0,20,0,0,140,320,0,20
connectivity-ladder__prefactor-x10,2,90407,16000,1139.54,80,140,0,20,0,0,0,0,80,120,40,0,0,0,140,180,0,40,60,160,0,0,0,0,0,0,0,20,0,0,140,320,0,20
connectivity-ladder__prefactor-x10,2,90407,18000,1288.186,80,139,1,19,1,0,0,0,79,120,40,0,0,1,138,180,1,41,60,160,0,0,0,0,0,1,0,19,0,0,140,319,1,20
connectivity-ladder__prefactor-x10,2,90407,20000,1445.428,80,139,1,19,1,0,0,0,79,120,40,0,0,1,138,180,1,41,60,160,0,0,0,0,0,1,0,19,0,0,140,319,1,20
connectivity-ladder__prefactor-x10,3,90409,0,0.0,80,140,0,20,0,0,0,0,80,120,40,0,0,0,140,180,0,40,60,160,0,0,0,0,0,0,0,20,0,0,140,320,0,20
connectivity-ladder__prefactor-x10,3,90409,2000,147.6805,80,140,0,20,0,0,0,0,80,120,40,0,0,0,140,180,0,40,60,160,0,0,0,0,0,0,0,20,0,0,140,320,0,20
connectivity-ladder__prefactor-x10,3,90409,4000,294.6574,80,140,0,20,0,0,0,0,80,120,40,0,0,0,140,180,0,40,60,160,0,0,0,0,0,0,0,20,0,0,140,320,0,20
connectivity-ladder__prefactor-x10,3,90409,6000,455.1567,80,139,1,19,1,0,0,0,79,120,40,0,0,1,138,180,1,41,60,160,0,0,0,0,0,1,0,19,0,0,140,319,1,20
connectivity-ladder__prefactor-x10,3,90409,8000,610.0296,80,139,1,19,1,0,0,0,79,120,40,0,0,1,138,180,1,41,60,160,0,0,0,0,0,1,0,19,0,0,140,319,1,20
connectivity-ladder__prefactor-x10,3,90409,10000,766.6151,80,139,1,19,1,0,0,0,79,120,40,0,0,1,138,180,1,41,60,160,0,0,0,0,0,1,0,19,0,0,140,319,1,20
connectivity-ladder__prefactor-x10,3,90409,12000,911.602,80,139,1,19,1,0,0,0,79,120,40,0,0,1,138,180,1,41,60,160,0,0,0,0,0,1,0,19,0,0,140,319,1,20
connectivity-ladder__prefactor-x10,3,90409,14000,1069.171,80,139,1,19,1,0,0,0,79,120,40,0,0,1,138,180,1,41,60,160,0,0,0,0,0,1,0,19,0,0,140,319,1,20
connectivity-ladder__prefactor-x10,3,90409,16000,1219.983,80,139,1,19,1,0,0,0,79,120,40,0,0,1,138,180,1,41,60,160,0,0,0,0,0,1,0,19,0,0,140,319,1,20
connectivity-ladder__prefactor-x10,3,90409,18000,1374.608,80,140,0,20,0,0,0,0,78,120,40,0,0,2,136,180,2,42,60,160,0,0,0,0,0,2,0,18,0,0,140,320,0,20
connectivity-ladder__prefactor-x10,3,90409,20000,1539.301,80,139,1,19,1,0,0,0,77,120,40,0,0,3,134,180,3,43,60,160,0,0,0,0,0,3,0,17,0,0,140,319,1,20
connectivity-ladder__prefactor-x10,4,90413,0,0.0,80,140,0,20,0,0,0,0,80,120,40,0,0,0,140,180,0,40,60,160,0,0,0,0,0,0,0,20,0,0,140,320,0,20
connectivity-ladder__prefactor-x10,4,90413,2000,144.2787,80,140,0,20,0,0,0,0,80,120,40,0,0,0,140,180,0,40,60,160,0,0,0,0,0,0,0,20,0,0,140,320,0,20
connectivity-ladder__prefactor-x10,4,90413,4000,293.8795,80,140,0,20,0,0,0,0,80,120,40,0,0,0,140,180,0,40,60,160,0,0,0,0,0,0,0,20,0,0,140,320,0,20
connectivity-ladder__prefactor-x10,4,90413,6000,432.2299,80,140,0,20,0,0,0,0,80,120,40,0,0,0,140,180,0,40,60,160,0,0,0,0,0,0,0,20,0,0,140,320,0,20
connectivity-ladder__prefactor-x10,4,90413,8000,579.9652,80,140,0,20,0,0,0,0,80,120,40,0,0,0,140,180,0,40,60,160,0,0,0,0,0,0,0,20,0,0,140,320,0,20
connectivity-ladder__prefactor-x10,4,90413,10000,726.2198,80,140,0,20,0,0,0,0,80,120,40,0,0,0,140,180,0,40,60,160,0,0,0,0,0,0,0,20,0,0,140,320,0,20
connectivity-ladder__prefactor-x10,4,90413,12000,871.7934,80,140,0,20,0,0,0,0,80,120,40,0,0,0,140,180,0,40,60,160,0,0,0,0,0,0,0,20,0,0,140,320,0,20
connectivity-ladder__prefactor-x10,4,90413,14000,1017.125,80,140,0,20,0,0,0,0,80,120,40,0,0,0,140,180,0,40,60,160,0,0,0,0,0,0,0,20,0,0,140,320,0,20
connectivity-ladder__prefactor-x10,4,90413,16000,1162.618,80,140,0,20,0,0,0,0,80,120,40,0,0,0,140,180,0,40,60,160,0,0,0,0,0,0,0,20,0,0,140,320,0,20
connectivity-ladder__prefactor-x10,4,90413,18000,1305.205,80,139,1,19,1,0,0,0,79,120,40,0,0,1,138,180,1,41,60,160,0,0,0,0,0,1,0,19,0,0,140,319,1,20
connectivity-ladder__prefactor-x10,4,90413,20000,1456.543,80,139,1,19,1,0,0,0,79,120,40,0,0,1,138,180,1,41,60,160,0,0,0,0,0,1,0,19,0,0,140,319,1,20
connectivity-ladder__prefactor-x10,5,90419,0,0.0,80,140,0,20,0,0,0,0,80,120,40,0,0,0,140,180,0,40,60,160,0,0,0,0,0,0,0,20,0,0,140,320,0,20
connectivity-ladder__prefactor-x10,5,90419,2000,150.0076,80,139,1,19,1,0,0,0,79,120,40,0,0,1,138,180,1,41,60,160,0,0,0,0,0,1,0,19,0,0,140,319,1,20
connectivity-ladder__prefactor-x10,5,90419,4000,299.9473,80,139,1,19,1,0,0,0,79,120,40,0,0,1,138,180,1,41,60,160,0,0,0,0,0,1,0,19,0,0,140,319,1,20
connectivity-ladder__prefactor-x10,5,90419,6000,453.5396,80,139,1,19,1,0,0,0,79,120,40,0,0,1,138,180,1,41,60,160,0,0,0,0,0,1,0,19,0,0,140,319,1,20
connectivity-ladder__prefactor-x10,5,90419,8000,611.4099,80,139,1,19,1,0,0,0,79,120,40,0,0,1,138,180,1,41,60,160,0,0,0,0,0,1,0,19,0,0,140,319,1,20
connectivity-ladder__prefactor-x10,5,90419,10000,766.5827,80,139,1,19,1,0,0,0,79,120,40,0,0,1,138,180,1,41,60,160,0,0,0,0,0,1,0,19,0,0,140,319,1,20
connectivity-ladder__prefactor-x10,5,90419,12000,908.5637,80,139,1,19,1,0,0,0,79,120,40,0,0,1,138,180,1,41,60,160,0,0,0,0,0,1,0,19,0,0,140,319,1,20
connectivity-ladder__prefactor-x10,5,90419,14000,1061.609,80,139,1,19,1,0,0,0,79,120,40,0,0,1,138,180,1,41,60,160,0,0,0,0,0,1,0,19,0,0,140,319,1,20
connectivity-ladder__prefactor-x10,5,90419,16000,1208.838,80,139,1,19,1,0,0,0,79,120,40,0,0,1,138,180,1,41,60,160,0,0,0,0,0,1,0,19,0,0,140,319,1,20
connectivity-ladder__prefactor-x10,5,90419,18000,1356.063,80,140,0,20,0,0,0,0,78,120,40,0,0,2,136,180,2,42,60,160,0,0,0,0,0,2,0,18,0,0,140,320,0,20
connectivity-ladder__prefactor-x10,5,90419,20000,1513.534,80,140,0,20,0,0,0,0,78,120,40,0,0,2,136,180,2,42,60,160,0,0,0,0,0,2,0,18,0,0,140,320,0,20
connectivity-ladder__prefactor-x10,6,90421,0,0.0,80,140,0,20,0,0,0,0,80,120,40,0,0,0,140,180,0,40,60,160,0,0,0,0,0,0,0,20,0,0,140,320,0,20
connectivity-ladder__prefactor-x10,6,90421,2000,151.4684,80,140,0,20,0,0,0,0,80,120,40,0,0,0,140,180,0,40,60,160,0,0,0,0,0,0,0,20,0,0,140,320,0,20
connectivity-ladder__prefactor-x10,6,90421,4000,294.9625,80,140,0,20,0,0,0,0,80,120,40,0,0,0,140,180,0,40,60,160,0,0,0,0,0,0,0,20,0,0,140,320,0,20
connectivity-ladder__prefactor-x10,6,90421,6000,426.4785,80,140,0,20,0,0,0,0,80,120,40,0,0,0,140,180,0,40,60,160,0,0,0,0,0,0,0,20,0,0,140,320,0,20
connectivity-ladder__prefactor-x10,6,90421,8000,578.3517,80,140,0,20,0,0,0,0,80,120,40,0,0,0,140,180,0,40,60,160,0,0,0,0,0,0,0,20,0,0,140,320,0,20
connectivity-ladder__prefactor-x10,6,90421,10000,723.5039,80,140,0,20,0,0,0,0,80,120,40,0,0,0,140,180,0,40,60,160,0,0,0,0,0,0,0,20,0,0,140,320,0,20
connectivity-ladder__prefactor-x10,6,90421,12000,867.4897,80,140,0,20,0,0,0,0,80,120,40,0,0,0,140,180,0,40,60,160,0,0,0,0,0,0,0,20,0,0,140,320,0,20
connectivity-ladder__prefactor-x10,6,90421,14000,1020.746,80,140,0,20,0,0,0,0,78,120,40,0,0,2,136,180,2,42,60,160,0,0,0,0,0,2,0,18,0,0,140,320,0,20
connectivity-ladder__prefactor-x10,6,90421,16000,1175.487,80,140,0,20,0,0,0,0,78,120,40,0,0,2,136,180,2,42,60,160,0,0,0,0,0,2,0,18,0,0,140,320,0,20
connectivity-ladder__prefactor-x10,6,90421,18000,1329.142,80,140,0,20,0,0,0,0,78,120,40,0,0,2,136,180,2,42,60,160,0,0,0,0,0,2,0,18,0,0,140,320,0,20
connectivity-ladder__prefactor-x10,6,90421,20000,1496.714,80,140,0,20,0,0,0,0,78,120,40,0,0,2,136,180,2,42,60,160,0,0,0,0,0,2,0,18,0,0,140,320,0,20
connectivity-ladder__prefactor-x10,7,90427,0,0.0,80,140,0,20,0,0,0,0,80,120,40,0,0,0,140,180,0,40,60,160,0,0,0,0,0,0,0,20,0,0,140,320,0,20
connectivity-ladder__prefactor-x10,7,90427,2000,149.0075,80,139,1,19,1,0,0,0,79,120,40,0,0,1,138,180,1,41,60,160,0,0,0,0,0,1,0,19,0,0,140,319,1,20
connectivity-ladder__prefactor-x10,7,90427,4000,301.2516,80,139,1,19,1,0,0,0,79,120,40,0,0,1,138,180,1,41,60,160,0,0,0,0,0,1,0,19,0,0,140,319,1,20
connectivity-ladder__prefactor-x10,7,90427,6000,448.5353,80,139,1,19,1,0,0,0,79,120,40,0,0,1,138,180,1,41,60,160,0,0,0,0,0,1,0,19,0,0,140,319,1,20
connectivity-ladder__prefactor-x10,7,90427,8000,607.5869,80,139,1,19,1,0,0,0,79,120,40,0,0,1,138,180,1,41,60,160,0,0,0,0,0,1,0,19,0,0,140,319,1,20
connectivity-ladder__prefactor-x10,7,90427,10000,763.3309,80,139,1,19,1,0,0,0,79,120,40,0,0,1,138,180,1,41,60,160,0,0,0,0,0,1,0,19,0,0,140,319,1,20
connectivity-ladder__prefactor-x10,7,90427,12000,917.7792,80,139,1,19,1,0,0,0,79,120,40,0,0,1,138,180,1,41,60,160,0,0,0,0,0,1,0,19,0,0,140,319,1,20
connectivity-ladder__prefactor-x10,7,90427,14000,1067.453,80,140,0,20,0,0,0,0,78,120,40,0,0,2,136,180,2,42,60,160,0,0,0,0,0,2,0,18,0,0,140,320,0,20
connectivity-ladder__prefactor-x10,7,90427,16000,1235.342,80,140,0,20,0,0,0,0,78,120,40,0,0,2,136,180,2,42,60,160,0,0,0,0,0,2,0,18,0,0,140,320,0,20
connectivity-ladder__prefactor-x10,7,90427,18000,1394.044,80,140,0,20,0,0,0,0,78,120,40,0,0,2,136,180,2,42,60,160,0,0,0,0,0,2,0,18,0,0,140,320,0,20
connectivity-ladder__prefactor-x10,7,90427,20000,1549.304,80,140,0,20,0,0,0,0,78,120,40,0,0,2,136,180,2,42,60,160,0,0,0,0,0,2,0,18,0,0,140,320,0,20
al-o-al-analogue__ea-minus-3,0,90401,0,0.0,80,140,0,20,0,0,0,0,80,120,40,0,0,0,140,180,0,40,60,160,0,0,0,0,0,0,0,20,0,0,140,320,0,20
al-o-al-analogue__ea-minus-3,0,90401,2000,0.9146225,80,140,0,20,0,0,0,0,80,120,40,0,0,0,140,180,0,40,60,160,0,0,0,0,0,0,0,20,0,0,140,320,0,20
al-o-al-analogue__ea-minus-3,0,90401,4000,1.819829,80,140,0,20,0,0,0,0,80,120,40,0,0,0,140,180,0,40,60,160,0,0,0,0,0,0,0,20,0,0,140,320,0,20
al-o-al-analogue__ea-minus-3,0,90401,6000,2.756251,80,140,0,20,0,0,0,0,80,120,40,0,0,0,140,180,0,40,60,160,0,0,0,0,0,0,0,20,0,0,140,320,0,20
al-o-al-analogue__ea-minus-3,0,90401,8000,3.649654,80,140,0,20,0,0,0,0,80,120,40,0,0,0,140,180,0,40,60,160,0,0,0,0,0,0,0,20,0,0,140,320,0,20
al-o-al-analogue__ea-minus-3,0,90401,10000,4.536943,80,140,0,20,0,0,0,0,80,120,40,0,0,0,140,180,0,40,60,160,0,0,0,0,0,0,0,20,0,0,140,320,0,20
al-o-al-analogue__ea-minus-3,0,90401,12000,5.412049,80,140,0,20,0,0,0,0,80,120,40,0,0,0,140,180,0,40,60,160,0,0,0,0,0,0,0,20,0,0,140,320,0,20
al-o-al-analogue__ea-minus-3,0,90401,14000,6.275978,80,140,0,20,0,0,0,0,80,120,40,0,0,0,140,180,0,40,60,160,0,0,0,0,0,0,0,20,0,0,140,320,0,20
al-o-al-analogue__ea-minus-3,0,90401,16000,7.18055,80,140,0,20,0,0,0,0,80,120,40,0,0,0,140,180,0,40,60,160,0,0,0,0,0,0,0,20,0,0,140,320,0,20
al-o-al-analogue__ea-minus-3,0,90401,18000,8.063856,80,140,0,20,0,0,0,0,80,120,40,0,0,0,140,180,0,40,60,160,0,0,0,0,0,0,0,20,0,0,140,320,0,20
al-o-al-analogue__ea-minus-3,0,90401,20000,8.947967,80,140,0,20,0,0,0,0,80,120,40,0,0,0,140,180,0,40,60,160,0,0,0,0,0,0,0,20,0,0,140,320,0,20
al-o-al-analogue__ea-minus-3,1,90403,0,0.0,80,140,0,20,0,0,0,0,80,120,40,0,0,0,140,180,0,40,60,160,0,0,0,0,0,0,0,20,0,0,140,320,0,20
al-o-al-analogue__ea-minus-3,1,90403,2000,0.9015506,80,140,0,20,0,0,0,0,80,120,40,0,0,0,140,180,0,40,60,160,0,0,0,0,0,0,0,20,0,0,140,320,0,20
al-o-al-analogue__ea-minus-3,1,90403,4000,1.807006,80,140,0,20,0,0,0,0,80,120,40,0,0,0,140,180,0,40,60,160,0,0,0,0,0,0,0,20,0,0,140,320,0,20
al-o-al-analogue__ea-minus-3,1,90403,6000,2.67762,80,140,0,20,0,0,0,0,80,120,40,0,0,0,140,180,0,40,60,160,0,0,0,0,0,0,0,20,0,0,140,320,0,20
al-o-al-analogue__ea-minus-3,1,90403,8000,3.621824,80,140,0,20,0,0,0,0,80,120,40,0,0,0,140,180,0,40,60,160,0,0,0,0,0,0,0,20,0,0,140,320,0,20
al-o-al-analogue__ea-minus-3,1,90403,10000,4.495595,80,140,0,20,0,0,0,0,80,120,40,0,0,0,140,180,0,40,60,160,0,0,0,0,0,0,0,20,0,0,140,320,0,20
al-o-al-analogue__ea-minus-3,1,90403,12000,5.42467,80,140,0,20,0,0,0,0,80,120,40,0,0,0,140,180,0,40,60,160,0,0,0,0,0,0,0,20,0,0,140,320,0,20
al-o-al-analogue__ea-minus-3,1,90403,14000,6.339148,80,140,0,20,0,0,0,0,80,120,40,0,0,0,140,180,0,40,60,160,0,0,0,0,0,0,0,20,0,0,140,320,0,20
al-o-al-analogue__ea-minus-3,1,90403,16000,7.236035,80,140,0,20,0,0,0,0,80,120,40,0,0,0,140,180,0,40,60,160,0,0,0,0,0,0,0,20,0,0,140,320,0,20
al-o-al-analogue__ea-minus-3,1,90403,18000,8.160622,80,140,0,20,0,0,0,0,80,120,40,0,0,0,140,180,0,40,60,160,0,0,0,0,0,0,0,20,0,0,140,320,0,20
al-o-al-analogue__ea-minus-3,1,90403,20000,9.042116,80,140,0,20,0,0,0,0,80,120,40,0,0,0,140,180,0,40,60,160,0,0,0,0,0,0,0,20,0,0,140,320,0,20
al-o-al-analogue__ea-minus-3,2,90407,0,0.0,80,140,0,20,0,0,0,0,80,120,40,0,0,0,140,180,0,40,60,160,0,0,0,0,0,0,0,20,0,0,140,320,0,20
al-o-al-analogue__ea-minus-3,2,90407,2000,0.9105331,80,140,0,20,0,0,0,0,80,120,40,0,0,0,140,180,0,40,60,160,0,0,0,0,0,0,0,20,0,0,140,320,0,20
al-o-al-analogue__ea-minus-3,2,90407,4000,1.842244,80,140,0,20,0,0,0,0,80,120,40,0,0,0,140,180,0,40,60,160,0,0,0,0,0,0,0,20,0,0,140,320,0,20
al-o-al-analogue__ea-minus-3,2,90407,6000,2.786691,80,140,0,20,0,0,0,0,80,120,40,0,0,0,140,180,0,40,60,160,0,0,0,0,0,0,0,20,0,0,140,320,0,20
al-o-al-analogue__ea-minus-3,2,90407,8000,3.642482,80,140,0,20,0,0,0,0,80,120,40,0,0,0,140,180,0,40,60,160,0,0,0,0,0,0,0,20,0,0,140,320,0,20
al-o-al-analogue__ea-minus-3,2,90407,10000,4.521524,80,140,0,20,0,0,0,0,80,120,40,0,0,0,140,180,0,40,60,160,0,0,0,0,0,0,0,20,0,0,140,320,0,20
al-o-al-analogue__ea-minus-3,2,90407,12000,5.394613,80,140,0,20,0,0,0,0,80,120,40,0,0,0,140,180,0,40,60,160,0,0,0,0,0,0,0,20,0,0,140,320,0,20
al-o-al-analogue__ea-minus-3,2,90407,14000,6.32598,80,140,0,20,0,0,0,0,80,120,40,0,0,0,140,180,0,40,60,160,0,0,0,0,0,0,0,20,0,0,140,320,0,20
al-o-al-analogue__ea-minus-3,2,90407,16000,7.185009,80,140,0,20,0,0,0,0,80,120,40,0,0,0,140,180,0,40,60,160,0,0,0,0,0,0,0,20,0,0,140,320,0,20
al-o-al-analogue__ea-minus-3,2,90407,18000,8.118712,80,140,0,20,0,0,0,0,80,120,40,0,0,0,140,180,0,40,60,160,0,0,0,0,0,0,0,20,0,0,140,320,0,20
al-o-al-analogue__ea-minus-3,2,90407,20000,8.999752,80,140,0,20,0,0,0,0,80,120,40,0,0,0,140,180,0,40,60,160,0,0,0,0,0,0,0,20,0,0,140,320,0,20
al-o-al-analogue__ea-minus-3,3,90409,0,0.0,80,140,0,20,0,0,0,0,80,120,40,0,0,0,140,180,0,40,60,160,0,0,0,0,0,0,0,20,0,0,140,320,0,20
al-o-al-analogue__ea-minus-3,3,90409,2000,0.931153,80,140,0,20,0,0,0,0,80,120,40,0,0,0,140,180,0,40,60,160,0,0,0,0,0,0,0,20,0,0,140,320,0,20
al-o-al-analogue__ea-minus-3,3,90409,4000,1.857869,80,140,0,20,0,0,0,0,80,120,40,0,0,0,140,180,0,40,60,160,0,0,0,0,0,0,0,20,0,0,140,320,0,20
al-o-al-analogue__ea-minus-3,3,90409,6000,2.808824,80,140,0,20,0,0,0,0,80,120,40,0,0,0,140,180,0,40,60,160,0,0,0,0,0,0,0,20,0,0,140,320,0,20
al-o-al-analogue__ea-minus-3,3,90409,8000,3.710568,80,140,0,20,0,0,0,0,80,120,40,0,0,0,140,180,0,40,60,160,0,0,0,0,0,0,0,20,0,0,140,320,0,20
al-o-al-analogue__ea-minus-3,3,90409,10000,4.645256,80,140,0,20,0,0,0,0,80,120,40,0,0,0,140,180,0,40,60,160,0,0,0,0,0,0,0,20,0,0,140,320,0,20
al-o-al-analogue__ea-minus-3,3,90409,12000,5.55184,80,140,0,20,0,0,0,0,80,120,40,0,0,0,140,180,0,40,60,160,0,0,0,0,0,0,0,20,0,0,140,320,0,20
al-o-al-analogue__ea-minus-3,3,90409,14000,6.4448,80,140,0,20,0,0,0,0,80,120,40,0,0,0,140,180,0,40,60,160,0,0,0,0,0,0,0,20,0,0,140,320,0,20
al-o-al-analogue__ea-minus-3,3,90409,16000,7.340485,80,140,0,20,0,0,0,0,80,120,40,0,0,0,140,180,0,40,60,160,0,0,0,0,0,0,0,20,0,0,140,320,0,20
al-o-al-analogue__ea-minus-3,3,90409,18000,8.236662,80,140,0,20,0,0,0,0,80,120,40,0,0,0,140,180,0,40,60,160,0,0,0,0,0,0,0,20,0,0,140,320,0,20
al-o-al-analogue__ea-minus-3,3,90409,20000,9.164904,80,140,0,20,0,0,0,0,80,120,40,0,0,0,140,180,0,40,60,160,0,0,0,0,0,0,0,20,0,0,140,320,0,20
al-o-al-analogue__ea-minus-3,4,90413,0,0.0,80,140,0,20,0,0,0,0,80,120,40,0,0,0,140,180,0,40,60,160,0,0,0,0,0,0,0,20,0,0,140,320,0,20
al-o-al-analogue__ea-minus-3,4,90413,2000,0.9097036,80,140,0,20,0,0,0,0,80,120,40,0,0,0,140,180,0,40,60,160,0,0,0,0,0,0,0,20,0,0,140,320,0,20
al-o-al-analogue__ea-minus-3,4,90413,4000,1.852964,80,140,0,20,0,0,0,0,80,120,40,0,0,0,140,180,0,40,60,160,0,0,0,0,0,0,0,20,0,0,140,320,0,20
al-o-al-analogue__ea-minus-3,4,90413,6000,2.725289,80,140,0,20,0,0,0,0,80,120,40,0,0,0,140,180,0,40,60,160,0,0,0,0,0,0,0,20,0,0,140,320,0,20
al-o-al-analogue__ea-minus-3,4,90413,8000,3.656787,80,140,0,20,0,0,0,0,80,120,40,0,0,0,140,180,0,40,60,160,0,0,0,0,0,0,0,20,0,0,140,320,0,20
al-o-al-analogue__ea-minus-3,4,90413,10000,4.57895,80,140,0,20,0,0,0,0,80,120,40,0,0,0,140,180,0,40,60,160,0,0,0,0,0,0,0,20,0,0,140,320,0,20
al-o-al-analogue__ea-minus-3,4,90413,12000,5.496818,80,140,0,20,0,0,0,0,80,120,40,0,0,0,140,180,0,40,60,160,0,0,0,0,0,0,0,20,0,0,140,320,0,20
al-o-al-analogue__ea-minus-3,4,90413,14000,6.413161,80,140,0,20,0,0,0,0,80,120,40,0,0,0,140,180,0,40,60,160,0,0,0,0,0,0,0,20,0,0,140,320,0,20
al-o-al-analogue__ea-minus-3,4,90413,16000,7.330518,80,140,0,20,0,0,0,0,80,120,40,0,0,0,140,180,0,40,60,160,0,0,0,0,0,0,0,20,0,0,140,320,0,20
al-o-al-analogue__ea-minus-3,4,90413,18000,8.206882,80,140,0,20,0,0,0,0,80,120,40,0,0,0,140,180,0,40,60,160,0,0,0,0,0,0,0,20,0,0,140,320,0,20
al-o-al-analogue__ea-minus-3,4,90413,20000,9.091166,80,140,0,20,0,0,0,0,80,120,40,0,0,0,140,180,0,40,60,160,0,0,0,0,0,0,0,20,0,0,140,320,0,20
al-o-al-analogue__ea-minus-3,5,90419,0,0.0,80,140,0,20,0,0,0,0,80,120,40,0,0,0,140,180,0,40,60,160,0,0,0,0,0,0,0,20,0,0,140,320,0,20
al-o-al-analogue__ea-minus-3,5,90419,2000,0.8893442,80,140,0,20,0,0,0,0,80,120,40,0,0,0,140,180,0,40,60,160,0,0,0,0,0,0,0,20,0,0,140,320,0,20
al-o-al-analogue__ea-minus-3,5,90419,4000,1.821377,80,140,0,20,0,0,0,0,80,120,40,0,0,0,140,180,0,40,60,160,0,0,0,0,0,0,0,20,0,0,140,320,0,20
al-o-al-analogue__ea-minus-3,5,90419,6000,2.742733,80,140,0,20,0,0,0,0,80,120,40,0,0,0,140,180,0,40,60,160,0,0,0,0,0,0,0,20,0,0,140,320,0,20
al-o-al-analogue__ea-minus-3,5,90419,8000,3.706578,80,140,0,20,0,0,0,0,80,120,40,0,0,0,140,180,0,40,60,160,0,0,0,0,0,0,0,20,0,0,140,320,0,20
al-o-al-analogue__ea-minus-3,5,90419,10000,4.547461,80,140,0,20,0,0,0,0,80,120,40,0,0,0,140,180,0,40,60,160,0,0,0,0,0,0,0,20,0,0,140,320,0,20
al-o-al-analogue__ea-minus-3,5,90419,12000,5.452851,80,140,0,20,0,0,0,0,80,120,40,0,0,0,140,180,0,40,60,160,0,0,0,0,0,0,0,20,0,0,140,320,0,20
al-o-al-analogue__ea-minus-3,5,90419,14000,6.346394,80,140,0,20,0,0,0,0,80,120,40,0,0,0,140,180,0,40,60,160,0,0,0,0,0,0,0,20,0,0,140,320,0,20
al-o-al-analogue__ea-minus-3,5,90419,16000,7.207552,80,140,0,20,0,0,0,0,80,120,40,0,0,0,140,180,0,40,60,160,0,0,0,0,0,0,0,20,0,0,140,320,0,20
al-o-al-analogue__ea-minus-3,5,90419,18000,8.052503,80,140,0,20,0,0,0,0,80,120,40,0,0,0,140,180,0,40,60,160,0,0,0,0,0,0,0,20,0,0,140,320,0,20
al-o-al-analogue__ea-minus-3,5,90419,20000,8.946497,80,140,0,20,0,0,0,0,80,120,40,0,0,0,140,180,0,40,60,160,0,0,0,0,0,0,0,20,0,0,140,320,0,20
al-o-al-analogue__ea-minus-3,6,90421,0,0.0,80,140,0,20,0,0,0,0,80,120,40,0,0,0,140,180,0,40,60,160,0,0,0,0,0,0,0,20,0,0,140,320,0,20
al-o-al-analogue__ea-minus-3,6,90421,2000,0.9550365,80,140,0,20,0,0,0,0,80,120,40,0,0,0,140,180,0,40,60,160,0,0,0,0,0,0,0,20,0,0,140,320,0,20
al-o-al-analogue__ea-minus-3,6,90421,4000,1.859793,80,140,0,20,0,0,0,0,80,120,40,0,0,0,140,180,0,40,60,160,0,0,0,0,0,0,0,20,0,0,140,320,0,20
al-o-al-analogue__ea-minus-3,6,90421,6000,2.689025,80,140,0,20,0,0,0,0,80,120,40,0,0,0,140,180,0,40,60,160,0,0,0,0,0,0,0,20,0,0,140,320,0,20
al-o-al-analogue__ea-minus-3,6,90421,8000,3.646614,80,140,0,20,0,0,0,0,80,120,40,0,0,0,140,180,0,40,60,160,0,0,0,0,0,0,0,20,0,0,140,320,0,20
al-o-al-analogue__ea-minus-3,6,90421,10000,4.561826,80,140,0,20,0,0,0,0,80,120,40,0,0,0,140,180,0,40,60,160,0,0,0,0,0,0,0,20,0,0,140,320,0,20
al-o-al-analogue__ea-minus-3,6,90421,12000,5.469682,80,140,0,20,0,0,0,0,80,120,40,0,0,0,140,180,0,40,60,160,0,0,0,0,0,0,0,20,0,0,140,320,0,20
al-o-al-analogue__ea-minus-3,6,90421,14000,6.363309,80,140,0,20,0,0,0,0,80,120,40,0,0,0,140,180,0,40,60,160,0,0,0,0,0,0,0,20,0,0,140,320,0,20
al-o-al-analogue__ea-minus-3,6,90421,16000,7.242685,80,140,0,20,0,0,0,0,80,120,40,0,0,0,140,180,0,40,60,160,0,0,0,0,0,0,0,20,0,0,140,320,0,20
al-o-al-analogue__ea-minus-3,6,90421,18000,8.115447,80,140,0,20,0,0,0,0,80,120,40,0,0,0,140,180,0,40,60,160,0,0,0,0,0,0,0,20,0,0,140,320,0,20
al-o-al-analogue__ea-minus-3,6,90421,20000,9.065003,80,140,0,20,0,0,0,0,80,120,40,0,0,0,140,180,0,40,60,160,0,0,0,0,0,0,0,20,0,0,140,320,0,20
al-o-al-analogue__ea-minus-3,7,90427,0,0.0,80,140,0,20,0,0,0,0,80,120,40,0,0,0,140,180,0,40,60,160,0,0,0,0,0,0,0,20,0,0,140,320,0,20
al-o-al-analogue__ea-minus-3,7,90427,2000,0.8919165,80,140,0,20,0,0,0,0,80,120,40,0,0,0,140,180,0,40,60,160,0,0,0,0,0,0,0,20,0,0,140,320,0,20
al-o-al-analogue__ea-minus-3,7,90427,4000,1.785428,80,140,0,20,0,0,0,0,80,120,40,0,0,0,140,180,0,40,60,160,0,0,0,0,0,0,0,20,0,0,140,320,0,20
al-o-al-analogue__ea-minus-3,7,90427,6000,2.672354,80,140,0,20,0,0,0,0,80,120,40,0,0,0,140,180,0,40,60,160,0,0,0,0,0,0,0,20,0,0,140,320,0,20
al-o-al-analogue__ea-minus-3,7,90427,8000,3.561842,80,140,0,20,0,0,0,0,80,120,40,0,0,0,140,180,0,40,60,160,0,0,0,0,0,0,0,20,0,0,140,320,0,20
al-o-al-analogue__ea-minus-3,7,90427,10000,4.532105,80,140,0,20,0,0,0,0,80,120,40,0,0,0,140,180,0,40,60,160,0,0,0,0,0,0,0,20,0,0,140,320,0,20
al-o-al-analogue__ea-minus-3,7,90427,12000,5.456075,80,140,0,20,0,0,0,0,80,120,40,0,0,0,140,180,0,40,60,160,0,0,0,0,0,0,0,20,0,0,140,320,0,20
al-o-al-analogue__ea-minus-3,7,90427,14000,6.325739,80,140,0,20,0,0,0,0,80,120,40,0,0,0,140,180,0,40,60,160,0,0,0,0,0,0,0,20,0,0,140,320,0,20
al-o-al-analogue__ea-minus-3,7,90427,16000,7.28008,80,140,0,20,0,0,0,0,80,120,40,0,0,0,140,180,0,40,60,160,0,0,0,0,0,0,0,20,0,0,140,320,0,20
al-o-al-analogue__ea-minus-3,7,90427,18000,8.182268,80,140,0,20,0,0,0,0,80,120,40,0,0,0,140,180,0,40,60,160,0,0,0,0,0,0,0,20,0,0,140,320,0,20
al-o-al-analogue__ea-minus-3,7,90427,20000,9.062161,80,140,0,20,0,0,0,0,80,120,40,0,0,0,140,180,0,40,60,160,0,0,0,0,0,0,0,20,0,0,140,320,0,20
al-o-al-analogue__ea-plus-3,0,90401,0,0.0,80,140,0,20,0,0,0,0,80,120,40,0,0,0,140,180,0,40,60,160,0,0,0,0,0,0,0,20,0,0,140,320,0,20
al-o-al-analogue__ea-plus-3,0,90401,2000,35609.08,80,140,3,17,0,0,0,0,47,122,38,1,11,21,83,186,36,55,42,160,0,0,0,0,3,12,18,5,0,0,140,320,0,20
al-o-al-analogue__ea-plus-3,0,90401,4000,87918.55,80,139,10,11,0,0,0,0,28,126,41,11,19,15,53,209,40,58,28,160,0,0,0,0,10,10,32,0,0,0,140,319,1,20
al-o-al-analogue__ea-plus-3,0,90401,6000,125136.6,80,139,14,7,0,0,0,0,20,130,44,14,20,12,40,223,37,60,20,160,0,0,0,0,14,6,40,0,0,0,140,319,1,20
al-o-al-analogue__ea-plus-3,0,90401,8000,152845.2,80,140,16,4,0,0,0,0,20,133,43,16,23,5,40,230,30,60,20,160,0,0,0,0,16,4,40,0,0,0,140,320,0,20
al-o-al-analogue__ea-plus-3,0,90401,10000,178208.7,80,140,19,1,0,0,0,0,20,133,51,13,22,1,40,237,23,60,20,160,0,0,0,0,19,1,40,0,0,0,140,320,0,20
al-o-al-analogue__ea-plus-3,0,90401,12000,201693.1,80,139,19,2,0,0,0,0,20,139,49,9,22,1,40,242,18,60,20,160,0,0,0,0,19,1,40,0,0,0,140,319,1,20
al-o-al-analogue__ea-plus-3,0,90401,14000,224693.2,80,139,20,1,0,0,0,0,20,143,46,10,20,1,40,245,15,60,20,160,0,0,0,0,20,0,40,0,0,0,140,319,1,20
al-o-al-analogue__ea-plus-3,0,90401,16000,247830.8,80,139,20,1,0,0,0,0,20,145,46,8,20,1,40,247,13,60,20,160,0,0,0,0,20,0,40,0,0,0,140,319,1,20
al-o-al-analogue__ea-plus-3,0,90401,18000,269421.9,80,139,20,1,0,0,0,0,20,148,44,7,20,1,40,249,11,60,20,160,0,0,0,0,20,0,40,0,0,0,140,319,1,20
al-o-al-analogue__ea-plus-3,0,90401,20000,292092.3,80,139,20,1,0,0,0,0,20,150,46,4,20,0,40,253,7,60,20,160,0,0,0,0,20,0,40,0,0,0,140,319,1,20
al-o-al-analogue__ea-plus-3,1,90403,0,0.0,80,140,0,20,0,0,0,0,80,120,40,0,0,0,140,180,0,40,60,160,0,0,0,0,0,0,0,20,0,0,140,320,0,20
al-o-al-analogue__ea-plus-3,1,90403,2000,32267.46,80,140,2,18,0,0,0,0,52,122,38,1,6,21,89,184,29,58,45,160,0,0,0,0,2,11,15,7,0,0,140,320,0,20
al-o-al-analogue__ea-plus-3,1,90403,4000,83341.58,80,140,9,11,0,0,0,0,33,132,34,13,17,11,60,212,29,59,31,160,0,0,0,0,9,9,29,2,0,0,140,320,0,20
al-o-al-analogue__ea-plus-3,1,90403,6000,114580.1,80,139,14,6,1,0,0,0,25,137,36,12,19,11,46,223,28,63,23,160,0,0,0,0,13,5,37,2,0,0,140,319,1,20
al-o-al-analogue__ea-plus-3,1,90403,8000,142966.7,80,140,16,4,0,0,0,0,22,141,34,14,18,11,42,228,28,62,21,160,0,0,0,0,16,3,39,1,0,0,140,320,0,20
al-o-al-analogue__ea-plus-3,1,90403,10000,168710.0,80,140,16,4,0,0,0,0,21,142,35,17,19,6,40,235,22,63,20,160,0,0,0,0,16,3,40,1,0,0,140,320,0,20
al-o-al-analogue__ea-plus-3,1,90403,12000,195782.2,80,139,17,4,0,0,0,0,21,142,40,14,19,4,40,239,18,63,20,160,0,0,0,0,17,2,40,1,0,0,140,319,1,20
al-o-al-analogue__ea-plus-3,1,90403,14000,220504.5,80,139,19,2,0,0,0,0,20,149,38,11,19,3,40,246,14,60,20,160,0,0,0,0,19,1,40,0,0,0,140,319,1,20
al-o-al-analogue__ea-plus-3,1,90403,16000,243831.1,80,140,20,0,0,0,0,0,20,152,42,6,18,2,40,252,8,60,20,160,0,0,0,0,20,0,40,0,0,0,140,320,0,20
al-o-al-analogue__ea-plus-3,1,90403,18000,267296.7,80,140,20,0,0,0,0,0,20,156,41,3,19,1,40,256,4,60,20,160,0,0,0,0,20,0,40,0,0,0,140,320,0,20
al-o-al-analogue__ea-plus-3,1,90403,20000,288475.8,80,139,20,1,0,0,0,0,20,157,41,2,19,1,40,257,3,60,20,160,0,0,0,0,20,0,40,0,0,0,140,319,1,20
al-o-al-analogue__ea-plus-3,2,90407,0,0.0,80,140,0,20,0,0,0,0,80,120,40,0,0,0,140,180,0,40,60,160,0,0,0,0,0,0,0,20,0,0,140,320,0,20
al-o-al-analogue__ea-plus-3,2,90407,2000,32269.31,80,140,4,16,0,0,0,0,58,122,38,1,4,17,100,182,24,54,53,160,0,0,0,0,4,11,7,5,0,0,140,320,0,20
al-o-al-analogue__ea-plus-3,2,90407,4000,79345.83,80,139,11,10,0,0,0,0,31,131,33,10,18,17,59,205,41,55,29,160,0,0,0,0,11,7,31,2,0,0,140,319,1,20
al-o-al-analogue__ea-plus-3,2,90407,6000,113462.7,80,139,14,7,0,0,0,0,25,140,34,11,18,12,50,224,31,55,25,160,0,0,0,0,14,6,35,0,0,0,140,319,1,20
al-o-al-analogue__ea-plus-3,2,90407,8000,144853.3,80,139,14,7,0,0,0,0,22,141,39,10,23,5,44,235,23,58,22,160,0,0,0,0,14,6,38,0,0,0,140,319,1,20
al-o-al-analogue__ea-plus-3,2,90407,10000,175005.6,80,140,16,4,0,0,0,0,21,147,39,9,19,5,42,243,16,59,21,160,0,0,0,0,16,4,39,0,0,0,140,320,0,20
al-o-al-analogue__ea-plus-3,2,90407,12000,202584.5,80,139,16,5,0,0,0,0,21,148,41,10,17,3,42,248,11,59,21,160,0,0,0,0,16,4,39,0,0,0,140,319,1,20
al-o-al-analogue__ea-plus-3,2,90407,14000,231199.4,80,139,18,3,0,0,0,0,21,151,40,8,18,2,42,250,9,59,21,160,0,0,0,0,18,2,39,0,0,0,140,319,1,20
al-o-al-analogue__ea-plus-3,2,90407,16000,256673.8,80,139,18,3,0,0,0,0,21,155,39,6,17,2,42,254,5,59,21,160,0,0,0,0,18,2,39,0,0,0,140,319,1,20
al-o-al-analogue__ea-plus-3,2,90407,18000,282647.7,80,140,18,2,0,0,0,0,21,154,39,7,17,2,42,253,6,59,21,160,0,0,0,0,18,2,39,0,0,0,140,320,0,20
al-o-al-analogue__ea-plus-3,2,90407,20000,308748.7,80,140,18,2,0,0,0,0,20,156,40,4,18,2,40,256,4,60,20,160,0,0,0,0,18,2,40,0,0,0,140,320,0,20
al-o-al-analogue__ea-plus-3,3,90409,0,0.0,80,140,0,20,0,0,0,0,80,120,40,0,0,0,140,180,0,40,60,160,0,0,0,0,0,0,0,20,0,0,140,320,0,20
al-o-al-analogue__ea-plus-3,3,90409,2000,31372.04,80,140,3,17,0,0,0,0,56,124,35,2,8,15,97,185,24,54,48,160,0,0,0,0,3,9,12,8,0,0,140,320,0,20
al-o-al-analogue__ea-plus-3,3,90409,4000,83618.03,80,139,9,12,0,0,0,0,27,128,35,15,16,19,52,207,44,57,27,160,0,0,0,0,9,11,33,0,0,0,140,319,1,20
al-o-al-analogue__ea-plus-3,3,90409,6000,123385.6,80,139,13,8,0,0,0,0,23,134,38,16,17,12,45,223,33,59,23,160,0,0,0,0,13,7,37,0,0,0,140,319,1,20
al-o-al-analogue__ea-plus-3,3,90409,8000,155619.2,80,140,15,5,0,0,0,0,21,137,39,18,14,11,42,230,29,59,21,160,0,0,0,0,15,5,39,0,0,0,140,320,0,20
al-o-al-analogue__ea-plus-3,3,90409,10000,186058.2,80,140,16,4,0,0,0,0,20,138,42,17,16,7,40,236,24,60,20,160,0,0,0,0,16,4,40,0,0,0,140,320,0,20
al-o-al-analogue__ea-plus-3,3,90409,12000,213343.7,80,139,16,5,0,0,0,0,20,143,45,11,17,4,40,245,15,60,20,160,0,0,0,0,16,4,40,0,0,0,140,319,1,20
al-o-al-analogue__ea-plus-3,3,90409,14000,239594.7,80,139,18,3,0,0,0,0,20,145,43,11,17,4,40,245,15,60,20,160,0,0,0,0,18,2,40,0,0,0,140,319,1,20
al-o-al-analogue__ea-plus-3,3,90409,16000,264718.9,80,140,18,2,0,0,0,0,20,152,38,10,16,4,40,250,10,60,20,160,0,0,0,0,18,2,40,0,0,0,140,320,0,20
al-o-al-analogue__ea-plus-3,3,90409,18000,288975.5,80,140,19,1,0,0,0,0,20,157,35,8,16,4,40,253,7,60,20,160,0,0,0,0,19,1,40,0,0,0,140,320,0,20
al-o-al-analogue__ea-plus-3,3,90409,20000,303523.9,80,139,19,2,0,0,0,0,20,156,39,5,17,3,40,255,5,60,20,159,0,1,0,0,19,1,40,0,0,0,140,320,0,20
al-o-al-analogue__ea-plus-3,4,90413,0,0.0,80,140,0,20,0,0,0,0,80,120,40,0,0,0,140,180,0,40,60,160,0,0,0,0,0,0,0,20,0,0,140,320,0,20
al-o-al-analogue__ea-plus-3,4,90413,2000,40260.93,80,140,10,10,0,0,0,0,37,123,36,8,16,20,67,191,45,57,36,160,0,0,0,0,10,9,24,1,0,0,140,320,0,20
al-o-al-analogue__ea-plus-3,4,90413,4000,73513.35,80,139,15,6,0,0,0,0,28,127,38,22,13,12,53,212,37,58,27,160,0,0,0,0,15,4,33,1,0,0,140,319,1,20
al-o-al-analogue__ea-plus-3,4,90413,6000,99100.73,80,139,17,4,0,0,0,0,22,130,45,16,18,9,44,224,34,58,22,160,0,0,0,0,17,3,38,0,0,0,140,319,1,20
al-o-al-analogue__ea-plus-3,4,90413,8000,126234.5,80,139,17,4,0,0,0,0,21,134,47,13,16,9,42,231,28,59,21,160,0,0,0,0,17,3,39,0,0,0,140,319,1,20
al-o-al-analogue__ea-plus-3,4,90413,10000,153277.5,80,139,17,4,0,0,0,0,20,141,48,7,19,5,40,242,18,60,20,160,0,0,0,0,17,3,40,0,0,0,140,319,1,20
al-o-al-analogue__ea-plus-3,4,90413,12000,179003.9,80,140,17,3,0,0,0,0,20,141,49,9,18,3,40,245,15,60,20,160,0,0,0,0,17,3,40,0,0,0,140,320,0,20
al-o-al-analogue__ea-plus-3,4,90413,14000,204716.9,80,140,18,2,0,0,0,0,20,146,47,7,19,1,40,250,10,60,20,160,0,0,0,0,18,2,40,0,0,0,140,320,0,20
al-o-al-analogue__ea-plus-3,4,90413,16000,228617.3,80,139,20,1,0,0,0,0,20,149,45,6,19,1,40,251,9,60,20,160,0,0,0,0,20,0,40,0,0,0,140,319,1,20
al-o-al-analogue__ea-plus-3,4,90413,18000,251929.6,80,139,19,2,0,0,0,0,20,153,42,5,19,1,40,254,6,60,20,160,0,0,0,0,19,1,40,0,0,0,140,319,1,20
al-o-al-analogue__ea-plus-3,4,90413,20000,275756.1,80,139,19,2,0,0,0,0,20,155,42,3,19,1,40,256,4,60,20,160,0,0,0,0,19,1,40,0,0,0,140,319,1,20
al-o-al-analogue__ea-plus-3,5,90419,0,0.0,80,140,0,20,0,0,0,0,80,120,40,0,0,0,140,180,0,40,60,160,0,0,0,0,0,0,0,20,0,0,140,320,0,20
al-o-al-analogue__ea-plus-3,5,90419,2000,37140.38,80,140,2,18,0,0,0,0,45,122,38,2,6,27,77,185,37,61,40,160,0,0,0,0,2,13,20,5,0,0,140,320,0,20
al-o-al-analogue__ea-plus-3,5,90419,4000,101353.4,80,139,8,13,0,0,0,0,24,132,35,16,21,12,48,219,37,56,24,160,0,0,0,0,8,12,36,0,0,0,140,319,1,20
al-o-al-analogue__ea-plus-3,5,90419,6000,146593.8,80,139,11,10,0,0,0,0,20,136,39,14,18,13,40,228,32,60,20,160,0,0,0,0,11,9,40,0,0,0,140,319,1,20
al-o-al-analogue__ea-plus-3,5,90419,8000,182562.8,80,140,15,5,0,0,0,0,20,142,37,18,14,9,40,237,23,60,20,160,0,0,0,0,15,5,40,0,0,0,140,320,0,20
al-o-al-analogue__ea-plus-3,5,90419,10000,209061.8,80,139,18,3,0,0,0,0,20,144,41,14,13,8,40,241,19,60,20,160,0,0,0,0,18,2,40,0,0,0,140,319,1,20
al-o-al-analogue__ea-plus-3,5,90419,12000,231482.9,80,140,20,0,0,0,0,0,20,148,40,11,14,7,40,244,16,60,20,160,0,0,0,0,20,0,40,0,0,0,140,320,0,20
al-o-al-analogue__ea-plus-3,5,90419,14000,254438.6,80,140,20,0,0,0,0,0,20,152,37,10,13,8,40,246,14,60,20,160,0,0,0,0,20,0,40,0,0,0,140,320,0,20
al-o-al-analogue__ea-plus-3,5,90419,16000,276173.1,80,140,20,0,0,0,0,0,20,153,36,11,14,6,40,248,12,60,20,160,0,0,0,0,20,0,40,0,0,0,140,320,0,20
al-o-al-analogue__ea-plus-3,5,90419,18000,298338.8,80,140,20,0,0,0,0,0,20,153,39,8,15,5,40,250,10,60,20,160,0,0,0,0,20,0,40,0,0,0,140,320,0,20
al-o-al-analogue__ea-plus-3,5,90419,20000,320095.2,80,139,20,1,0,0,0,0,20,156,38,6,16,4,40,253,7,60,20,160,0,0,0,0,20,0,40,0,0,0,140,319,1,20
al-o-al-analogue__ea-plus-3,6,90421,0,0.0,80,140,0,20,0,0,0,0,80,120,40,0,0,0,140,180,0,40,60,160,0,0,0,0,0,0,0,20,0,0,140,320,0,20
al-o-al-analogue__ea-plus-3,6,90421,2000,43357.6,80,139,4,17,0,0,0,0,47,125,34,6,10,18,82,190,31,57,45,160,0,0,0,0,4,14,15,2,0,0,140,319,1,20
al-o-al-analogue__ea-plus-3,6,90421,4000,86475.1,80,140,14,6,0,0,0,0,29,133,37,13,11,17,55,213,35,57,29,160,0,0,0,0,14,6,31,0,0,0,140,320,0,20
al-o-al-analogue__ea-plus-3,6,90421,6000,117324.5,80,140,14,6,0,0,0,0,26,137,38,15,14,10,51,226,27,56,26,160,0,0,0,0,14,6,34,0,0,0,140,320,0,20
al-o-al-analogue__ea-plus-3,6,90421,8000,151677.3,80,139,15,6,0,0,0,0,22,145,38,13,15,7,44,240,18,58,22,160,0,0,0,0,15,5,38,0,0,0,140,319,1,20
al-o-al-analogue__ea-plus-3,6,90421,10000,181220.9,80,140,16,4,0,0,0,0,21,148,41,10,15,5,42,247,12,59,21,160,0,0,0,0,16,4,39,0,0,0,140,320,0,20
al-o-al-analogue__ea-plus-3,6,90421,12000,207507.9,80,140,17,3,0,0,0,0,20,152,37,11,14,6,40,249,11,60,20,160,0,0,0,0,17,3,40,0,0,0,140,320,0,20
al-o-al-analogue__ea-plus-3,6,90421,14000,232516.4,80,139,18,3,0,0,0,0,20,152,40,8,16,4,40,251,9,60,20,160,0,0,0,0,18,2,40,0,0,0,140,319,1,20
al-o-al-analogue__ea-plus-3,6,90421,16000,255425.2,80,139,20,1,0,0,0,0,20,157,38,5,18,2,40,255,5,60,20,160,0,0,0,0,20,0,40,0,0,0,140,319,1,20
al-o-al-analogue__ea-plus-3,6,90421,18000,277027.8,80,140,20,0,0,0,0,0,20,158,38,4,18,2,40,256,4,60,20,160,0,0,0,0,20,0,40,0,0,0,140,320,0,20
al-o-al-analogue__ea-plus-3,6,90421,20000,286264.0,80,139,20,1,0,0,0,0,20,157,39,4,18,2,40,256,4,60,20,159,0,1,0,0,20,0,40,0,0,0,140,320,0,20
al-o-al-analogue__ea-plus-3,7,90427,0,0.0,80,140,0,20,0,0,0,0,80,120,40,0,0,0,140,180,0,40,60,160,0,0,0,0,0,0,0,20,0,0,140,320,0,20
al-o-al-analogue__ea-plus-3,7,90427,2000,39763.1,80,140,4,16,0,0,0,0,45,124,36,3,8,24,80,187,38,55,42,160,0,0,0,0,4,13,18,3,0,0,140,320,0,20
al-o-al-analogue__ea-plus-3,7,90427,4000,92037.87,80,140,10,10,0,0,0,0,26,128,37,8,15,26,51,202,51,56,26,160,0,0,0,0,10,10,34,0,0,0,140,320,0,20
al-o-al-analogue__ea-plus-3,7,90427,6000,129402.0,80,139,14,7,0,0,0,0,21,132,46,9,22,10,42,226,33,59,21,160,0,0,0,0,14,6,39,0,0,0,140,319,1,20
al-o-al-analogue__ea-plus-3,7,90427,8000,161597.2,80,139,14,7,0,0,0,0,20,145,42,11,20,2,40,247,13,60,20,160,0,0,0,0,14,6,40,0,0,0,140,319,1,20
al-o-al-analogue__ea-plus-3,7,90427,10000,194535.8,80,139,16,5,0,0,0,0,20,150,39,11,19,1,40,251,9,60,20,160,0,0,0,0,16,4,40,0,0,0,140,319,1,20
al-o-al-analogue__ea-plus-3,7,90427,12000,202159.0,80,139,16,5,0,0,0,0,20,149,42,9,19,1,40,252,8,60,20,159,0,1,0,0,16,4,40,0,0,0,140,320,0,20
al-o-al-analogue__ea-plus-3,7,90427,14000,202444.8,80,139,16,5,0,0,0,0,20,149,42,9,19,1,40,252,8,60,20,159,0,1,0,0,16,4,40,0,0,0,140,320,0,20
al-o-al-analogue__ea-plus-3,7,90427,16000,202723.9,80,139,16,5,0,0,0,0,20,149,42,9,19,1,40,252,8,60,20,159,0,1,0,0,16,4,40,0,0,0,140,320,0,20
al-o-al-analogue__ea-plus-3,7,90427,18000,202997.1,80,139,16,5,0,0,0,0,20,149,42,9,19,1,40,252,8,60,20,159,0,1,0,0,16,4,40,0,0,0,140,320,0,20
al-o-al-analogue__ea-plus-3,7,90427,20000,203283.1,80,139,16,5,0,0,0,0,20,149,42,9,19,1,40,252,8,60,20,159,0,1,0,0,16,4,40,0,0,0,140,320,0,20
al-o-al-analogue__prefactor-x0.1,0,90401,0,0.0,80,140,0,20,0,0,0,0,80,120,40,0,0,0,140,180,0,40,60,160,0,0,0,0,0,0,0,20,0,0,140,320,0,20
al-o-al-analogue__prefactor-x0.1,0,90401,2000,1449.195,80,140,0,20,0,0,0,0,80,120,40,0,0,0,140,180,0,40,60,160,0,0,0,0,0,0,0,20,0,0,140,320,0,20
al-o-al-analogue__prefactor-x0.1,0,90401,4000,2883.472,80,140,0,20,0,0,0,0,80,120,40,0,0,0,140,180,0,40,60,160,0,0,0,0,0,0,0,20,0,0,140,320,0,20
al-o-al-analogue__prefactor-x0.1,0,90401,6000,4487.082,80,140,0,20,0,0,0,0,78,120,40,0,0,2,136,180,2,42,60,160,0,0,0,0,0,2,0,18,0,0,140,320,0,20
al-o-al-analogue__prefactor-x0.1,0,90401,8000,6056.874,80,140,0,20,0,0,0,0,78,120,40,0,0,2,136,180,2,42,60,160,0,0,0,0,0,2,0,18,0,0,140,320,0,20
al-o-al-analogue__prefactor-x0.1,0,90401,10000,7664.86,80,139,1,19,1,0,0,0,77,120,40,0,0,3,134,180,3,43,60,160,0,0,0,0,0,3,0,17,0,0,140,319,1,20
al-o-al-analogue__prefactor-x0.1,0,90401,12000,9514.852,80,140,0,20,0,0,0,0,74,120,40,0,0,6,128,180,6,46,60,160,0,0,0,0,0,6,0,14,0,0,140,320,0,20
al-o-al-analogue__prefactor-x0.1,0,90401,14000,11471.55,80,140,0,20,0,0,0,0,74,120,40,0,0,6,128,180,6,46,60,160,0,0,0,0,0,6,0,14,0,0,140,320,0,20
al-o-al-analogue__prefactor-x0.1,0,90401,16000,13620.51,80,139,1,19,1,0,0,0,71,120,40,0,0,9,122,180,9,49,58,160,0,0,0,0,0,7,2,13,0,0,140,319,1,20
al-o-al-analogue__prefactor-x0.1,0,90401,18000,15867.74,80,140,0,20,0,0,0,0,70,120,40,0,0,10,120,180,10,50,57,160,0,0,0,0,0,7,3,13,0,0,140,320,0,20
al-o-al-analogue__prefactor-x0.1,0,90401,20000,18170.83,80,139,1,19,1,0,0,0,67,120,40,0,0,13,114,180,13,53,55,160,0,0,0,0,0,8,5,12,0,0,140,319,1,20
al-o-al-analogue__prefactor-x0.1,1,90403,0,0.0,80,140,0,20,0,0,0,0,80,120,40,0,0,0,140,180,0,40,60,160,0,0,0,0,0,0,0,20,0,0,140,320,0,20
al-o-al-analogue__prefactor-x0.1,1,90403,2000,1449.095,80,139,1,19,1,0,0,0,79,120,40,0,0,1,138,180,1,41,60,160,0,0,0,0,0,1,0,19,0,0,140,319,1,20
al-o-al-analogue__prefactor-x0.1,1,90403,4000,3010.075,80,140,0,20,0,0,0,0,78,120,40,0,0,2,136,180,2,42,60,160,0,0,0,0,0,2,0,18,0,0,140,320,0,20
al-o-al-analogue__prefactor-x0.1,1,90403,6000,4620.188,80,140,0,20,0,0,0,0,75,121,39,0,1,4,130,181,4,45,59,160,0,0,0,0,0,4,1,16,0,0,140,320,0,20
al-o-al-analogue__prefactor-x0.1,1,90403,8000,6675.829,80,140,0,20,0,0,0,0,71,121,39,0,1,8,124,181,10,45,58,160,0,0,0,0,0,7,2,13,0,0,140,320,0,20
al-o-al-analogue__prefactor-x0.1,1,90403,10000,8789.884,80,139,1,19,1,0,0,0,68,120,39,1,3,9,118,181,13,48,55,160,0,0,0,0,0,7,5,13,0,0,140,319,1,20
al-o-al-analogue__prefactor-x0.1,1,90403,12000,11117.41,80,140,1,19,0,0,0,0,67,120,39,2,4,8,116,182,13,49,55,160,0,0,0,0,1,7,5,12,0,0,140,320,0,20
al-o-al-analogue__prefactor-x0.1,1,90403,14000,13755.29,80,139,2,18,1,0,0,0,65,120,39,2,6,8,113,183,15,49,55,160,0,0,0,0,1,9,5,10,0,0,140,319,1,20
al-o-al-analogue__prefactor-x0.1,1,90403,16000,16434.28,80,140,1,19,0,0,0,0,64,120,39,2,6,9,111,183,16,50,54,160,0,0,0,0,1,9,6,10,0,0,140,320,0,20
al-o-al-analogue__prefactor-x0.1,1,90403,18000,19234.33,80,140,2,18,0,0,0,0,61,120,39,2,7,11,107,183,21,49,52,160,0,0,0,0,2,9,8,9,0,0,140,320,0,20
al-o-al-analogue__prefactor-x0.1,1,90403,20000,21938.09,80,139,2,19,0,0,0,0,58,121,38,3,8,12,102,185,23,50,50,160,0,0,0,0,2,10,10,8,0,0,140,319,1,20
al-o-al-analogue__prefactor-x0.1,2,90407,0,0.0,80,140,0,20,0,0,0,0,80,120,40,0,0,0,140,180,0,40,60,160,0,0,0,0,0,0,0,20,0,0,140,320,0,20
al-o-al-analogue__prefactor-x0.1,2,90407,2000,1442.716,80,140,0,20,0,0,0,0,80,120,40,0,0,0,140,180,0,40,60,160,0,0,0,0,0,0,0,20,0,0,140,320,0,20
al-o-al-analogue__prefactor-x0.1,2,90407,4000,2918.987,80,140,0,20,0,0,0,0,80,120,40,0,0,0,140,180,0,40,60,160,0,0,0,0,0,0,0,20,0,0,140,320,0,20
al-o-al-analogue__prefactor-x0.1,2,90407,6000,4512.212,80,139,1,19,1,0,0,0,77,120,40,0,0,3,134,180,3,43,60,160,0,0,0,0,0,3,0,17,0,0,140,319,1,20
al-o-al-analogue__prefactor-x0.1,2,90407,8000,6154.917,80,139,1,19,1,0,0,0,77,120,40,0,0,3,134,180,3,43,60,160,0,0,0,0,0,3,0,17,0,0,140,319,1,20
al-o-al-analogue__prefactor-x0.1,2,90407,10000,7845.14,80,140,0,20,0,0,0,0,76,120,40,0,0,4,132,180,4,44,60,160,0,0,0,0,0,4,0,16,0,0,140,320,0,20
al-o-al-analogue__prefactor-x0.1,2,90407,12000,9784.148,80,139,1,19,1,0,0,0,73,120,40,0,0,7,127,180,8,45,59,160,0,0,0,0,0,6,1,14,0,0,140,319,1,20
al-o-al-analogue__prefactor-x0.1,2,90407,14000,12016.12,80,140,0,20,0,0,0,0,70,120,40,0,0,10,122,180,12,46,57,160,0,0,0,0,0,7,3,13,0,0,140,320,0,20
al-o-al-analogue__prefactor-x0.1,2,90407,16000,14374.35,80,140,0,20,0,0,0,0,68,120,40,0,0,12,118,180,14,48,57,160,0,0,0,0,0,9,3,11,0,0,140,320,0,20
al-o-al-analogue__prefactor-x0.1,2,90407,18000,17016.1,80,139,1,20,0,0,0,0,61,120,40,0,3,16,104,181,20,55,51,160,0,0,0,0,1,9,9,10,0,0,140,319,1,20
al-o-al-analogue__prefactor-x0.1,2,90407,20000,19640.85,80,140,1,19,0,0,0,0,58,120,40,0,3,19,98,181,23,58,49,160,0,0,0,0,1,10,11,9,0,0,140,320,0,20
al-o-al-analogue__prefactor-x0.1,3,90409,0,0.0,80,140,0,20,0,0,0,0,80,120,40,0,0,0,140,180,0,40,60,160,0,0,0,0,0,0,0,20,0,0,140,320,0,20
al-o-al-analogue__prefactor-x0.1,3,90409,2000,1582.075,80,140,0,20,0,0,0,0,78,120,40,0,0,2,136,180,2,42,60,160,0,0,0,0,0,2,0,18,0,0,140,320,0,20
al-o-al-analogue__prefactor-x0.1,3,90409,4000,3242.539,80,140,0,20,0,0,0,0,76,120,40,0,0,4,132,180,4,44,59,160,0,0,0,0,0,3,1,17,0,0,140,320,0,20
al-o-al-analogue__prefactor-x0.1,3,90409,6000,5010.604,80,140,0,20,0,0,0,0,76,120,40,0,0,4,132,180,4,44,59,160,0,0,0,0,0,3,1,17,0,0,140,320,0,20
al-o-al-analogue__prefactor-x0.1,3,90409,8000,6689.676,80,140,0,20,0,0,0,0,76,120,40,0,0,4,132,180,4,44,59,160,0,0,0,0,0,3,1,17,0,0,140,320,0,20
al-o-al-analogue__prefactor-x0.1,3,90409,10000,8523.428,80,139,1,19,1,0,0,0,75,120,40,0,0,5,130,180,5,45,59,160,0,0,0,0,0,4,1,16,0,0,140,319,1,20
al-o-al-analogue__prefactor-x0.1,3,90409,12000,10369.74,80,139,1,19,1,0,0,0,73,120,40,0,0,7,127,180,8,45,58,160,0,0,0,0,0,5,2,15,0,0,140,319,1,20
al-o-al-analogue__prefactor-x0.1,3,90409,14000,12414.12,80,140,0,20,0,0,0,0,72,120,40,0,0,8,125,180,9,46,58,160,0,0,0,0,0,6,2,14,0,0,140,320,0,20
al-o-al-analogue__prefactor-x0.1,3,90409,16000,14408.51,80,139,1,19,1,0,0,0,71,120,40,0,0,9,123,180,10,47,57,160,0,0,0,0,0,6,3,14,0,0,140,319,1,20
al-o-al-analogue__prefactor-x0.1,3,90409,18000,16637.31,80,139,1,19,1,0,0,0,69,120,40,0,0,11,119,180,12,49,57,160,0,0,0,0,0,8,3,12,0,0,140,319,1,20
al-o-al-analogue__prefactor-x0.1,3,90409,20000,19117.37,80,140,0,20,0,0,0,0,67,120,40,0,2,11,115,181,13,51,55,160,0,0,0,0,0,8,5,12,0,0,140,320,0,20
al-o-al-analogue__prefactor-x0.1,4,90413,0,0.0,80,140,0,20,0,0,0,0,80,120,40,0,0,0,140,180,0,40,60,160,0,0,0,0,0,0,0,20,0,0,140,320,0,20
al-o-al-analogue__prefactor-x0.1,4,90413,2000,1481.525,80,139,1,19,1,0,0,0,79,120,40,0,0,1,138,180,1,41,60,160,0,0,0,0,0,1,0,19,0,0,140,319,1,20
al-o-al-analogue__prefactor-x0.1,4,90413,4000,3088.38,80,140,0,20,0,0,0,0,78,120,40,0,0,2,136,180,2,42,60,160,0,0,0,0,0,2,0,18,0,0,140,320,0,20
al-o-al-analogue__prefactor-x0.1,4,90413,6000,4663.056,80,139,1,19,1,0,0,0,75,120,40,0,0,5,130,180,5,45,58,160,0,0,0,0,0,3,2,17,0,0,140,319,1,20
al-o-al-analogue__prefactor-x0.1,4,90413,8000,6289.382,80,140,1,19,0,0,0,0,75,120,40,0,1,4,130,180,5,45,58,160,0,0,0,0,1,2,2,17,0,0,140,320,0,20
al-o-al-analogue__prefactor-x0.1,4,90413,10000,7952.894,80,139,2,18,1,0,0,0,74,120,40,0,1,5,128,180,6,46,58,160,0,0,0,0,1,3,2,16,0,0,140,319,1,20
al-o-al-analogue__prefactor-x0.1,4,90413,12000,9610.866,80,140,1,19,0,0,0,0,73,120,40,0,1,6,127,180,8,45,58,160,0,0,0,0,1,4,2,15,0,0,140,320,0,20
al-o-al-analogue__prefactor-x0.1,4,90413,14000,11445.75,80,139,2,18,1,0,0,0,70,120,40,0,1,9,121,180,11,48,57,160,0,0,0,0,1,6,3,13,0,0,140,319,1,20
al-o-al-analogue__prefactor-x0.1,4,90413,16000,13482.07,80,139,2,18,1,0,0,0,69,121,39,0,2,9,119,181,11,49,56,160,0,0,0,0,1,6,4,13,0,0,140,319,1,20
al-o-al-analogue__prefactor-x0.1,4,90413,18000,15635.02,80,140,1,19,0,0,0,0,67,122,38,0,3,10,115,182,12,51,55,160,0,0,0,0,1,7,5,12,0,0,140,320,0,20
al-o-al-analogue__prefactor-x0.1,4,90413,20000,17825.78,80,140,3,17,0,0,0,0,66,123,37,1,4,9,114,183,13,50,55,160,0,0,0,0,3,6,5,11,0,0,140,320,0,20
al-o-al-analogue__prefactor-x0.1,5,90419,0,0.0,80,140,0,20,0,0,0,0,80,120,40,0,0,0,140,180,0,40,60,160,0,0,0,0,0,0,0,20,0,0,140,320,0,20
al-o-al-analogue__prefactor-x0.1,5,90419,2000,1498.456,80,139,1,19,1,0,0,0,79,120,40,0,0,1,138,180,1,41,60,160,0,0,0,0,0,1,0,19,0,0,140,319,1,20
al-o-al-analogue__prefactor-x0.1,5,90419,4000,2996.214,80,139,1,19,1,0,0,0,79,120,40,0,0,1,138,180,1,41,60,160,0,0,0,0,0,1,0,19,0,0,140,319,1,20
al-o-al-analogue__prefactor-x0.1,5,90419,6000,4530.458,80,139,1,19,1,0,0,0,79,120,40,0,0,1,138,180,1,41,60,160,0,0,0,0,0,1,0,19,0,0,140,319,1,20
al-o-al-analogue__prefactor-x0.1,5,90419,8000,6323.204,80,140,0,20,0,0,0,0,76,120,40,0,0,4,132,180,4,44,60,160,0,0,0,0,0,4,0,16,0,0,140,320,0,20
al-o-al-analogue__prefactor-x0.1,5,90419,10000,8040.287,80,139,1,19,1,0,0,0,75,120,40,0,0,5,130,180,5,45,60,160,0,0,0,0,0,5,0,15,0,0,140,319,1,20
al-o-al-analogue__prefactor-x0.1,5,90419,12000,10035.73,80,139,1,19,1,0,0,0,73,120,40,0,0,7,126,180,7,47,60,160,0,0,0,0,0,7,0,13,0,0,140,319,1,20
al-o-al-analogue__prefactor-x0.1,5,90419,14000,12236.41,80,140,0,20,0,0,0,0,72,120,40,0,0,8,124,180,8,48,60,160,0,0,0,0,0,8,0,12,0,0,140,320,0,20
al-o-al-analogue__prefactor-x0.1,5,90419,16000,14580.86,80,139,1,19,1,0,0,0,71,120,40,0,0,9,122,180,9,49,59,160,0,0,0,0,0,8,1,12,0,0,140,319,1,20
al-o-al-analogue__prefactor-x0.1,5,90419,18000,16815.06,80,140,0,20,0,0,0,0,69,120,40,0,2,9,118,181,10,51,57,160,0,0,0,0,0,8,3,12,0,0,140,320,0,20
al-o-al-analogue__prefactor-x0.1,5,90419,20000,19166.69,80,139,1,19,1,0,0,0,69,121,39,1,1,9,118,182,9,51,57,160,0,0,0,0,0,8,3,12,0,0,140,319,1,20
al-o-al-analogue__prefactor-x0.1,6,90421,0,0.0,80,140,0,20,0,0,0,0,80,120,40,0,0,0,140,180,0,40,60,160,0,0,0,0,0,0,0,20,0,0,140,320,0,20
al-o-al-analogue__prefactor-x0.1,6,90421,2000,1464.828,80,139,1,19,1,0,0,0,79,120,40,0,0,1,138,180,1,41,60,160,0,0,0,0,0,1,0,19,0,0,140,319,1,20
al-o-al-analogue__prefactor-x0.1,6,90421,4000,3057.349,80,140,0,20,0,0,0,0,78,120,40,0,0,2,136,180,2,42,60,160,0,0,0,0,0,2,0,18,0,0,140,320,0,20
al-o-al-analogue__prefactor-x0.1,6,90421,6000,4523.111,80,140,0,20,0,0,0,0,78,120,40,0,0,2,136,180,2,42,60,160,0,0,0,0,0,2,0,18,0,0,140,320,0,20
al-o-al-analogue__prefactor-x0.1,6,90421,8000,6241.386,80,139,1,19,1,0,0,0,77,120,40,0,0,3,134,180,3,43,60,160,0,0,0,0,0,3,0,17,0,0,140,319,1,20
al-o-al-analogue__prefactor-x0.1,6,90421,10000,7676.996,80,139,3,17,1,0,0,0,77,120,40,0,2,1,134,180,3,43,60,160,0,0,0,0,2,1,0,17,0,0,140,319,1,20
al-o-al-analogue__prefactor-x0.1,6,90421,12000,9257.112,80,139,3,17,1,0,0,0,75,120,40,0,2,3,130,180,5,45,60,160,0,0,0,0,2,3,0,15,0,0,140,319,1,20
al-o-al-analogue__prefactor-x0.1,6,90421,14000,11027.96,80,140,2,18,0,0,0,0,74,120,40,0,2,4,128,180,6,46,59,160,0,0,0,0,2,3,1,15,0,0,140,320,0,20
al-o-al-analogue__prefactor-x0.1,6,90421,16000,12789.84,80,140,2,18,0,0,0,0,72,120,40,0,2,6,124,180,8,48,59,160,0,0,0,0,2,5,1,13,0,0,140,320,0,20
al-o-al-analogue__prefactor-x0.1,6,90421,18000,14624.2,80,139,3,17,1,0,0,0,71,120,40,0,2,7,122,180,9,49,59,160,0,0,0,0,2,6,1,12,0,0,140,319,1,20
al-o-al-analogue__prefactor-x0.1,6,90421,20000,16891.4,80,139,3,17,1,0,0,0,69,120,40,0,2,9,118,180,11,51,58,160,0,0,0,0,2,7,2,11,0,0,140,319,1,20
al-o-al-analogue__prefactor-x0.1,7,90427,0,0.0,80,140,0,20,0,0,0,0,80,120,40,0,0,0,140,180,0,40,60,160,0,0,0,0,0,0,0,20,0,0,140,320,0,20
al-o-al-analogue__prefactor-x0.1,7,90427,2000,1481.78,80,139,1,19,1,0,0,0,79,120,40,0,0,1,138,180,1,41,60,160,0,0,0,0,0,1,0,19,0,0,140,319,1,20
al-o-al-analogue__prefactor-x0.1,7,90427,4000,3002.555,80,139,1,19,1,0,0,0,79,120,40,0,0,1,138,180,1,41,60,160,0,0,0,0,0,1,0,19,0,0,140,319,1,20
al-o-al-analogue__prefactor-x0.1,7,90427,6000,4522.695,80,140,0,20,0,0,0,0,78,120,40,0,0,2,136,180,2,42,60,160,0,0,0,0,0,2,0,18,0,0,140,320,0,20
al-o-al-analogue__prefactor-x0.1,7,90427,8000,6406.463,80,140,0,20,0,0,0,0,75,121,39,0,1,4,130,181,4,45,60,160,0,0,0,0,0,5,0,15,0,0,140,320,0,20
al-o-al-analogue__prefactor-x0.1,7,90427,10000,8489.426,80,139,2,18,1,0,0,0,75,121,39,0,2,3,130,181,4,45,60,160,0,0,0,0,1,4,0,15,0,0,140,319,1,20
al-o-al-analogue__prefactor-x0.1,7,90427,12000,10486.2,80,139,2,18,1,0,0,0,71,121,39,0,2,7,122,181,8,49,59,160,0,0,0,0,1,7,1,12,0,0,140,319,1,20
al-o-al-analogue__prefactor-x0.1,7,90427,14000,12753.55,80,139,2,18,1,0,0,0,69,121,39,0,2,9,118,181,10,51,57,160,0,0,0,0,1,7,3,12,0,0,140,319,1,20
al-o-al-analogue__prefactor-x0.1,7,90427,16000,15086.16,80,140,1,19,0,0,0,0,67,121,39,1,2,10,114,182,11,53,56,160,0,0,0,0,1,8,4,11,0,0,140,320,0,20
al-o-al-analogue__prefactor-x0.1,7,90427,18000,17624.77,80,139,1,20,0,0,0,0,64,121,39,1,2,13,111,182,17,50,55,160,0,0,0,0,1,10,5,9,0,0,140,319,1,20
al-o-al-analogue__prefactor-x0.1,7,90427,20000,20607.71,80,140,1,19,0,0,0,0,61,121,39,1,2,16,106,182,21,51,53,160,0,0,0,0,1,11,7,8,0,0,140,320,0,20
al-o-al-analogue__prefactor-x10,0,90401,0,0.0,80,140,0,20,0,0,0,0,80,120,40,0,0,0,140,180,0,40,60,160,0,0,0,0,0,0,0,20,0,0,140,320,0,20
al-o-al-analogue__prefactor-x10,0,90401,2000,14.50728,80,140,0,20,0,0,0,0,80,120,40,0,0,0,140,180,0,40,60,160,0,0,0,0,0,0,0,20,0,0,140,320,0,20
al-o-al-analogue__prefactor-x10,0,90401,4000,28.86521,80,140,0,20,0,0,0,0,80,120,40,0,0,0,140,180,0,40,60,160,0,0,0,0,0,0,0,20,0,0,140,320,0,20
al-o-al-analogue__prefactor-x10,0,90401,6000,43.71825,80,140,0,20,0,0,0,0,80,120,40,0,0,0,140,180,0,40,60,160,0,0,0,0,0,0,0,20,0,0,140,320,0,20
al-o-al-analogue__prefactor-x10,0,90401,8000,57.88895,80,140,0,20,0,0,0,0,80,120,40,0,0,0,140,180,0,40,60,160,0,0,0,0,0,0,0,20,0,0,140,320,0,20
al-o-al-analogue__prefactor-x10,0,90401,10000,71.96268,80,140,0,20,0,0,0,0,80,120,40,0,0,0,140,180,0,40,60,160,0,0,0,0,0,0,0,20,0,0,140,320,0,20
al-o-al-analogue__prefactor-x10,0,90401,12000,85.84316,80,140,0,20,0,0,0,0,80,120,40,0,0,0,140,180,0,40,60,160,0,0,0,0,0,0,0,20,0,0,140,320,0,20
al-o-al-analogue__prefactor-x10,0,90401,14000,99.54637,80,140,0,20,0,0,0,0,80,120,40,0,0,0,140,180,0,40,60,160,0,0,0,0,0,0,0,20,0,0,140,320,0,20
al-o-al-analogue__prefactor-x10,0,90401,16000,113.8942,80,140,0,20,0,0,0,0,80,120,40,0,0,0,140,180,0,40,60,160,0,0,0,0,0,0,0,20,0,0,140,320,0,20
al-o-al-analogue__prefactor-x10,0,90401,18000,127.9048,80,140,0,20,0,0,0,0,80,120,40,0,0,0,140,180,0,40,60,160,0,0,0,0,0,0,0,20,0,0,140,320,0,20
al-o-al-analogue__prefactor-x10,0,90401,20000,141.9281,80,140,0,20,0,0,0,0,80,120,40,0,0,0,140,180,0,40,60,160,0,0,0,0,0,0,0,20,0,0,140,320,0,20
al-o-al-analogue__prefactor-x10,1,90403,0,0.0,80,140,0,20,0,0,0,0,80,120,40,0,0,0,140,180,0,40,60,160,0,0,0,0,0,0,0,20,0,0,140,320,0,20
al-o-al-analogue__prefactor-x10,1,90403,2000,14.29994,80,140,0,20,0,0,0,0,80,120,40,0,0,0,140,180,0,40,60,160,0,0,0,0,0,0,0,20,0,0,140,320,0,20
al-o-al-analogue__prefactor-x10,1,90403,4000,28.66181,80,140,0,20,0,0,0,0,80,120,40,0,0,0,140,180,0,40,60,160,0,0,0,0,0,0,0,20,0,0,140,320,0,20
al-o-al-analogue__prefactor-x10,1,90403,6000,42.47103,80,140,0,20,0,0,0,0,80,120,40,0,0,0,140,180,0,40,60,160,0,0,0,0,0,0,0,20,0,0,140,320,0,20
al-o-al-analogue__prefactor-x10,1,90403,8000,57.44753,80,140,0,20,0,0,0,0,80,120,40,0,0,0,140,180,0,40,60,160,0,0,0,0,0,0,0,20,0,0,140,320,0,20
al-o-al-analogue__prefactor-x10,1,90403,10000,71.30684,80,140,0,20,0,0,0,0,80,120,40,0,0,0,140,180,0,40,60,160,0,0,0,0,0,0,0,20,0,0,140,320,0,20
al-o-al-analogue__prefactor-x10,1,90403,12000,86.04335,80,140,0,20,0,0,0,0,80,120,40,0,0,0,140,180,0,40,60,160,0,0,0,0,0,0,0,20,0,0,140,320,0,20
al-o-al-analogue__prefactor-x10,1,90403,14000,100.5483,80,140,0,20,0,0,0,0,80,120,40,0,0,0,140,180,0,40,60,160,0,0,0,0,0,0,0,20,0,0,140,320,0,20
al-o-al-analogue__prefactor-x10,1,90403,16000,114.7743,80,140,0,20,0,0,0,0,80,120,40,0,0,0,140,180,0,40,60,160,0,0,0,0,0,0,0,20,0,0,140,320,0,20
al-o-al-analogue__prefactor-x10,1,90403,18000,129.4396,80,140,0,20,0,0,0,0,80,120,40,0,0,0,140,180,0,40,60,160,0,0,0,0,0,0,0,20,0,0,140,320,0,20
al-o-al-analogue__prefactor-x10,1,90403,20000,143.4214,80,140,0,20,0,0,0,0,80,120,40,0,0,0,140,180,0,40,60,160,0,0,0,0,0,0,0,20,0,0,140,320,0,20
al-o-al-analogue__prefactor-x10,2,90407,0,0.0,80,140,0,20,0,0,0,0,80,120,40,0,0,0,140,180,0,40,60,160,0,0,0,0,0,0,0,20,0,0,140,320,0,20
al-o-al-analogue__prefactor-x10,2,90407,2000,14.44241,80,140,0,20,0,0,0,0,80,120,40,0,0,0,140,180,0,40,60,160,0,0,0,0,0,0,0,20,0,0,140,320,0,20
al-o-al-analogue__prefactor-x10,2,90407,4000,29.22074,80,140,0,20,0,0,0,0,80,120,40,0,0,0,140,180,0,40,60,160,0,0,0,0,0,0,0,20,0,0,140,320,0,20
al-o-al-analogue__prefactor-x10,2,90407,6000,44.20107,80,140,0,20,0,0,0,0,80,120,40,0,0,0,140,180,0,40,60,160,0,0,0,0,0,0,0,20,0,0,140,320,0,20
al-o-al-analogue__prefactor-x10,2,90407,8000,57.7752,80,140,0,20,0,0,0,0,80,120,40,0,0,0,140,180,0,40,60,160,0,0,0,0,0,0,0,20,0,0,140,320,0,20
al-o-al-analogue__prefactor-x10,2,90407,10000,71.71811,80,140,0,20,0,0,0,0,80,120,40,0,0,0,140,180,0,40,60,160,0,0,0,0,0,0,0,20,0,0,140,320,0,20
al-o-al-analogue__prefactor-x10,2,90407,12000,85.56659,80,140,0,20,0,0,0,0,80,120,40,0,0,0,140,180,0,40,60,160,0,0,0,0,0,0,0,20,0,0,140,320,0,20
al-o-al-analogue__prefactor-x10,2,90407,14000,100.3395,80,140,0,20,0,0,0,0,80,120,40,0,0,0,140,180,0,40,60,160,0,0,0,0,0,0,0,20,0,0,140,320,0,20
al-o-al-analogue__prefactor-x10,2,90407,16000,113.9649,80,140,0,20,0,0,0,0,80,120,40,0,0,0,140,180,0,40,60,160,0,0,0,0,0,0,0,20,0,0,140,320,0,20
al-o-al-analogue__prefactor-x10,2,90407,18000,128.7749,80,140,0,20,0,0,0,0,80,120,40,0,0,0,140,180,0,40,60,160,0,0,0,0,0,0,0,20,0,0,140,320,0,20
al-o-al-analogue__prefactor-x10,2,90407,20000,142.7495,80,140,0,20,0,0,0,0,80,120,40,0,0,0,140,180,0,40,60,160,0,0,0,0,0,0,0,20,0,0,140,320,0,20
al-o-al-analogue__prefactor-x10,3,90409,0,0.0,80,140,0,20,0,0,0,0,80,120,40,0,0,0,140,180,0,40,60,160,0,0,0,0,0,0,0,20,0,0,140,320,0,20
al-o-al-analogue__prefactor-x10,3,90409,2000,14.76947,80,140,0,20,0,0,0,0,80,120,40,0,0,0,140,180,0,40,60,160,0,0,0,0,0,0,0,20,0,0,140,320,0,20
al-o-al-analogue__prefactor-x10,3,90409,4000,29.46858,80,140,0,20,0,0,0,0,80,120,40,0,0,0,140,180,0,40,60,160,0,0,0,0,0,0,0,20,0,0,140,320,0,20
al-o-al-analogue__prefactor-x10,3,90409,6000,44.55213,80,140,0,20,0,0,0,0,80,120,40,0,0,0,140,180,0,40,60,160,0,0,0,0,0,0,0,20,0,0,140,320,0,20
al-o-al-analogue__prefactor-x10,3,90409,8000,58.85514,80,140,0,20,0,0,0,0,80,120,40,0,0,0,140,180,0,40,60,160,0,0,0,0,0,0,0,20,0,0,140,320,0,20
al-o-al-analogue__prefactor-x10,3,90409,10000,73.68068,80,140,0,20,0,0,0,0,80,120,40,0,0,0,140,180,0,40,60,160,0,0,0,0,0,0,0,20,0,0,140,320,0,20
al-o-al-analogue__prefactor-x10,3,90409,12000,88.06045,80,140,0,20,0,0,0,0,80,120,40,0,0,0,140,180,0,40,60,160,0,0,0,0,0,0,0,20,0,0,140,320,0,20
al-o-al-analogue__prefactor-x10,3,90409,14000,102.2241,80,140,0,20,0,0,0,0,80,120,40,0,0,0,140,180,0,40,60,160,0,0,0,0,0,0,0,20,0,0,140,320,0,20
al-o-al-analogue__prefactor-x10,3,90409,16000,116.431,80,140,0,20,0,0,0,0,80,120,40,0,0,0,140,180,0,40,60,160,0,0,0,0,0,0,0,20,0,0,140,320,0,20
al-o-al-analogue__prefactor-x10,3,90409,18000,130.6457,80,140,0,20,0,0,0,0,80,120,40,0,0,0,140,180,0,40,60,160,0,0,0,0,0,0,0,20,0,0,140,320,0,20
al-o-al-analogue__prefactor-x10,3,90409,20000,145.369,80,140,0,20,0,0,0,0,80,120,40,0,0,0,140,180,0,40,60,160,0,0,0,0,0,0,0,20,0,0,140,320,0,20
al-o-al-analogue__prefactor-x10,4,90413,0,0.0,80,140,0,20,0,0,0,0,80,120,40,0,0,0,140,180,0,40,60,160,0,0,0,0,0,0,0,20,0,0,140,320,0,20
al-o-al-analogue__prefactor-x10,4,90413,2000,14.42925,80,140,0,20,0,0,0,0,80,120,40,0,0,0,140,180,0,40,60,160,0,0,0,0,0,0,0,20,0,0,140,320,0,20
al-o-al-analogue__prefactor-x10,4,90413,4000,29.39077,80,140,0,20,0,0,0,0,80,120,40,0,0,0,140,180,0,40,60,160,0,0,0,0,0,0,0,20,0,0,140,320,0,20
al-o-al-analogue__prefactor-x10,4,90413,6000,43.22715,80,140,0,20,0,0,0,0,80,120,40,0,0,0,140,180,0,40,60,160,0,0,0,0,0,0,0,20,0,0,140,320,0,20
al-o-al-analogue__prefactor-x10,4,90413,8000,58.0021,80,140,0,20,0,0,0,0,80,120,40,0,0,0,140,180,0,40,60,160,0,0,0,0,0,0,0,20,0,0,140,320,0,20
al-o-al-analogue__prefactor-x10,4,90413,10000,72.62896,80,140,0,20,0,0,0,0,80,120,40,0,0,0,140,180,0,40,60,160,0,0,0,0,0,0,0,20,0,0,140,320,0,20
al-o-al-analogue__prefactor-x10,4,90413,12000,87.18772,80,140,0,20,0,0,0,0,80,120,40,0,0,0,140,180,0,40,60,160,0,0,0,0,0,0,0,20,0,0,140,320,0,20
al-o-al-analogue__prefactor-x10,4,90413,14000,101.7223,80,140,0,20,0,0,0,0,80,120,40,0,0,0,140,180,0,40,60,160,0,0,0,0,0,0,0,20,0,0,140,320,0,20
al-o-al-analogue__prefactor-x10,4,90413,16000,116.2729,80,140,0,20,0,0,0,0,80,120,40,0,0,0,140,180,0,40,60,160,0,0,0,0,0,0,0,20,0,0,140,320,0,20
al-o-al-analogue__prefactor-x10,4,90413,18000,130.1734,80,140,0,20,0,0,0,0,80,120,40,0,0,0,140,180,0,40,60,160,0,0,0,0,0,0,0,20,0,0,140,320,0,20
al-o-al-analogue__prefactor-x10,4,90413,20000,144.1994,80,140,0,20,0,0,0,0,80,120,40,0,0,0,140,180,0,40,60,160,0,0,0,0,0,0,0,20,0,0,140,320,0,20
al-o-al-analogue__prefactor-x10,5,90419,0,0.0,80,140,0,20,0,0,0,0,80,120,40,0,0,0,140,180,0,40,60,160,0,0,0,0,0,0,0,20,0,0,140,320,0,20
al-o-al-analogue__prefactor-x10,5,90419,2000,14.10632,80,140,0,20,0,0,0,0,80,120,40,0,0,0,140,180,0,40,60,160,0,0,0,0,0,0,0,20,0,0,140,320,0,20
al-o-al-analogue__prefactor-x10,5,90419,4000,28.88974,80,140,0,20,0,0,0,0,80,120,40,0,0,0,140,180,0,40,60,160,0,0,0,0,0,0,0,20,0,0,140,320,0,20
al-o-al-analogue__prefactor-x10,5,90419,6000,43.50383,80,140,0,20,0,0,0,0,80,120,40,0,0,0,140,180,0,40,60,160,0,0,0,0,0,0,0,20,0,0,140,320,0,20
al-o-al-analogue__prefactor-x10,5,90419,8000,58.79185,80,140,0,20,0,0,0,0,80,120,40,0,0,0,140,180,0,40,60,160,0,0,0,0,0,0,0,20,0,0,140,320,0,20
al-o-al-analogue__prefactor-x10,5,90419,10000,72.12951,80,140,0,20,0,0,0,0,80,120,40,0,0,0,140,180,0,40,60,160,0,0,0,0,0,0,0,20,0,0,140,320,0,20
al-o-al-analogue__prefactor-x10,5,90419,12000,86.49033,80,140,0,20,0,0,0,0,80,120,40,0,0,0,140,180,0,40,60,160,0,0,0,0,0,0,0,20,0,0,140,320,0,20
al-o-al-analogue__prefactor-x10,5,90419,14000,100.6633,80,140,0,20,0,0,0,0,80,120,40,0,0,0,140,180,0,40,60,160,0,0,0,0,0,0,0,20,0,0,140,320,0,20
al-o-al-analogue__prefactor-x10,5,90419,16000,114.3225,80,140,0,20,0,0,0,0,80,120,40,0,0,0,140,180,0,40,60,160,0,0,0,0,0,0,0,20,0,0,140,320,0,20
al-o-al-analogue__prefactor-x10,5,90419,18000,127.7247,80,140,0,20,0,0,0,0,80,120,40,0,0,0,140,180,0,40,60,160,0,0,0,0,0,0,0,20,0,0,140,320,0,20
al-o-al-analogue__prefactor-x10,5,90419,20000,141.9048,80,140,0,20,0,0,0,0,80,120,40,0,0,0,140,180,0,40,60,160,0,0,0,0,0,0,0,20,0,0,140,320,0,20
al-o-al-analogue__prefactor-x10,6,90421,0,0.0,80,140,0,20,0,0,0,0,80,120,40,0,0,0,140,180,0,40,60,160,0,0,0,0,0,0,0,20,0,0,140,320,0,20
al-o-al-analogue__prefactor-x10,6,90421,2000,15.1483,80,140,0,20,0,0,0,0,80,120,40,0,0,0,140,180,0,40,60,160,0,0,0,0,0,0,0,20,0,0,140,320,0,20
al-o-al-analogue__prefactor-x10,6,90421,4000,29.49909,80,140,0,20,0,0,0,0,80,120,40,0,0,0,140,180,0,40,60,160,0,0,0,0,0,0,0,20,0,0,140,320,0,20
al-o-al-analogue__prefactor-x10,6,90421,6000,42.65195,80,140,0,20,0,0,0,0,80,120,40,0,0,0,140,180,0,40,60,160,0,0,0,0,0,0,0,20,0,0,140,320,0,20
al-o-al-analogue__prefactor-x10,6,90421,8000,57.84073,80,140,0,20,0,0,0,0,80,120,40,0,0,0,140,180,0,40,60,160,0,0,0,0,0,0,0,20,0,0,140,320,0,20
al-o-al-analogue__prefactor-x10,6,90421,10000,72.35735,80,140,0,20,0,0,0,0,80,120,40,0,0,0,140,180,0,40,60,160,0,0,0,0,0,0,0,20,0,0,140,320,0,20
al-o-al-analogue__prefactor-x10,6,90421,12000,86.75731,80,140,0,20,0,0,0,0,80,120,40,0,0,0,140,180,0,40,60,160,0,0,0,0,0,0,0,20,0,0,140,320,0,20
al-o-al-analogue__prefactor-x10,6,90421,14000,100.9316,80,140,0,20,0,0,0,0,80,120,40,0,0,0,140,180,0,40,60,160,0,0,0,0,0,0,0,20,0,0,140,320,0,20
al-o-al-analogue__prefactor-x10,6,90421,16000,114.7328,80,139,1,19,1,0,0,0,79,120,40,0,0,1,138,180,1,41,60,160,0,0,0,0,0,1,0,19,0,0,140,319,1,20
al-o-al-analogue__prefactor-x10,6,90421,18000,130.1848,80,139,1,19,1,0,0,0,79,120,40,0,0,1,138,180,1,41,60,160,0,0,0,0,0,1,0,19,0,0,140,319,1,20
al-o-al-analogue__prefactor-x10,6,90421,20000,145.32,80,139,1,19,1,0,0,0,79,120,40,0,0,1,138,180,1,41,60,160,0,0,0,0,0,1,0,19,0,0,140,319,1,20
al-o-al-analogue__prefactor-x10,7,90427,0,0.0,80,140,0,20,0,0,0,0,80,120,40,0,0,0,140,180,0,40,60,160,0,0,0,0,0,0,0,20,0,0,140,320,0,20
al-o-al-analogue__prefactor-x10,7,90427,2000,14.14712,80,140,0,20,0,0,0,0,80,120,40,0,0,0,140,180,0,40,60,160,0,0,0,0,0,0,0,20,0,0,140,320,0,20
al-o-al-analogue__prefactor-x10,7,90427,4000,28.31954,80,140,0,20,0,0,0,0,80,120,40,0,0,0,140,180,0,40,60,160,0,0,0,0,0,0,0,20,0,0,140,320,0,20
al-o-al-analogue__prefactor-x10,7,90427,6000,42.38752,80,140,0,20,0,0,0,0,80,120,40,0,0,0,140,180,0,40,60,160,0,0,0,0,0,0,0,20,0,0,140,320,0,20
al-o-al-analogue__prefactor-x10,7,90427,8000,56.49612,80,140,0,20,0,0,0,0,80,120,40,0,0,0,140,180,0,40,60,160,0,0,0,0,0,0,0,20,0,0,140,320,0,20
al-o-al-analogue__prefactor-x10,7,90427,10000,71.88594,80,140,0,20,0,0,0,0,80,120,40,0,0,0,140,180,0,40,60,160,0,0,0,0,0,0,0,20,0,0,140,320,0,20
al-o-al-analogue__prefactor-x10,7,90427,12000,86.54147,80,140,0,20,0,0,0,0,80,120,40,0,0,0,140,180,0,40,60,160,0,0,0,0,0,0,0,20,0,0,140,320,0,20
al-o-al-analogue__prefactor-x10,7,90427,14000,100.3356,80,140,0,20,0,0,0,0,80,120,40,0,0,0,140,180,0,40,60,160,0,0,0,0,0,0,0,20,0,0,140,320,0,20
al-o-al-analogue__prefactor-x10,7,90427,16000,115.4729,80,140,0,20,0,0,0,0,80,120,40,0,0,0,140,180,0,40,60,160,0,0,0,0,0,0,0,20,0,0,140,320,0,20
al-o-al-analogue__prefactor-x10,7,90427,18000,129.783,80,140,0,20,0,0,0,0,80,120,40,0,0,0,140,180,0,40,60,160,0,0,0,0,0,0,0,20,0,0,140,320,0,20
al-o-al-analogue__prefactor-x10,7,90427,20000,143.7394,80,140,0,20,0,0,0,0,80,120,40,0,0,0,140,180,0,40,60,160,0,0,0,0,0,0,0,20,0,0,140,320,0,20
adsorption__ea-minus-3,0,90401,0,0.0,80,140,0,20,0,0,0,0,80,120,40,0,0,0,140,180,0,40,60,160,0,0,0,0,0,0,0,20,0,0,140,320,0,20
adsorption__ea-minus-3,0,90401,2000,286.5643,80,139,1,19,1,0,0,0,46,121,39,0,1,33,77,181,38,64,42,160,0,0,0,0,0,16,18,4,0,0,140,319,1,20
adsorption__ea-minus-3,0,90401,4000,2622.081,80,140,1,19,0,0,0,0,20,121,39,0,6,54,40,183,77,60,20,160,0,0,0,0,1,19,40,0,0,0,140,320,0,20
adsorption__ea-minus-3,0,90401,6000,5568.077,80,140,1,19,0,0,0,0,20,121,39,0,10,50,40,185,75,60,20,160,0,0,0,0,1,19,40,0,0,0,140,320,0,20
adsorption__ea-minus-3,0,90401,8000,8402.639,80,140,1,19,0,0,0,0,20,123,37,1,10,49,40,187,73,60,20,160,0,0,0,0,1,19,40,0,0,0,140,320,0,20
adsorption__ea-minus-3,0,90401,10000,10580.29,80,140,2,18,0,0,0,0,20,124,36,1,12,47,40,188,72,60,20,160,0,0,0,0,2,18,40,0,0,0,140,320,0,20
adsorption__ea-minus-3,0,90401,12000,11976.06,80,139,2,19,0,0,0,0,20,124,36,1,14,45,40,189,71,60,20,160,0,0,0,0,2,18,40,0,0,0,140,319,1,20
adsorption__ea-minus-3,0,90401,14000,13023.67,80,140,3,17,0,0,0,0,20,125,35,3,14,43,40,191,69,60,20,160,0,0,0,0,3,17,40,0,0,0,140,320,0,20
adsorption__ea-minus-3,0,90401,16000,13975.22,80,140,3,17,0,0,0,0,20,125,35,3,14,43,40,191,69,60,20,160,0,0,0,0,3,17,40,0,0,0,140,320,0,20
adsorption__ea-minus-3,0,90401,18000,14943.66,80,139,3,18,0,0,0,0,20,125,35,3,16,41,40,192,68,60,20,160,0,0,0,0,3,17,40,0,0,0,140,319,1,20
adsorption__ea-minus-3,0,90401,20000,15918.94,80,139,3,18,0,0,0,0,20,125,35,3,16,41,40,192,68,60,20,160,0,0,0,0,3,17,40,0,0,0,140,319,1,20
adsorption__ea-minus-3,1,90403,0,0.0,80,140,0,20,0,0,0,0,80,120,40,0,0,0,140,180,0,40,60,160,0,0,0,0,0,0,0,20,0,0,140,320,0,20
adsorption__ea-minus-3,1,90403,2000,230.089,80,139,1,19,1,0,0,0,53,120,40,0,0,27,89,180,30,61,46,160,0,0,0,0,0,13,14,7,0,0,140,319,1,20
adsorption__ea-minus-3,1,90403,4000,3651.022,80,139,1,20,0,0,0,0,20,121,39,1,6,53,40,184,76,60,20,160,0,0,0,0,1,19,40,0,0,0,140,319,1,20
adsorption__ea-minus-3,1,90403,6000,6478.2,80,139,1,20,0,0,0,0,20,121,39,2,12,46,40,188,72,60,20,160,0,0,0,0,1,19,40,0,0,0,140,319,1,20
adsorption__ea-minus-3,1,90403,8000,9385.939,80,140,1,19,0,0,0,0,20,122,39,2,14,43,40,191,69,60,20,160,0,0,0,0,1,19,40,0,0,0,140,320,0,20
adsorption__ea-minus-3,1,90403,10000,12215.99,80,139,1,20,0,0,0,0,20,122,39,2,20,37,40,194,66,60,20,160,0,0,0,0,1,19,40,0,0,0,140,319,1,20
adsorption__ea-minus-3,1,90403,12000,15087.7,80,139,1,20,0,0,0,0,20,122,39,2,20,37,40,194,66,60,20,160,0,0,0,0,1,19,40,0,0,0,140,319,1,20
adsorption__ea-minus-3,1,90403,14000,17895.87,80,139,1,20,0,0,0,0,20,123,38,3,21,35,40,196,64,60,20,160,0,0,0,0,1,19,40,0,0,0,140,319,1,20
adsorption__ea-minus-3,1,90403,16000,20873.5,80,139,1,20,0,0,0,0,20,125,36,6,21,32,40,200,60,60,20,160,0,0,0,0,1,19,40,0,0,0,140,319,1,20
adsorption__ea-minus-3,1,90403,18000,22359.96,80,140,3,17,0,0,0,0,20,125,38,6,23,28,40,203,57,60,20,160,0,0,0,0,3,17,40,0,0,0,140,320,0,20
adsorption__ea-minus-3,1,90403,20000,22920.84,80,140,5,15,0,0,0,0,20,125,40,4,23,28,40,203,57,60,20,160,0,0,0,0,5,15,40,0,0,0,140,320,0,20
adsorption__ea-minus-3,2,90407,0,0.0,80,140,0,20,0,0,0,0,80,120,40,0,0,0,140,180,0,40,60,160,0,0,0,0,0,0,0,20,0,0,140,320,0,20
adsorption__ea-minus-3,2,90407,2000,182.822,80,139,1,19,1,0,0,0,67,120,40,0,0,13,115,180,14,51,55,160,0,0,0,0,0,8,5,12,0,0,140,319,1,20
adsorption__ea-minus-3,2,90407,4000,6375.025,80,139,1,20,0,0,0,0,20,122,38,0,11,49,40,186,74,60,20,160,0,0,0,0,1,19,40,0,0,0,140,319,1,20
adsorption__ea-minus-3,2,90407,6000,9102.179,80,139,1,20,0,0,0,0,20,122,38,0,11,49,40,186,74,60,20,160,0,0,0,0,1,19,40,0,0,0,140,319,1,20
adsorption__ea-minus-3,2,90407,8000,10947.69,80,140,2,18,0,0,0,0,20,122,38,0,12,48,40,186,74,60,20,160,0,0,0,0,2,18,40,0,0,0,140,320,0,20
adsorption__ea-minus-3,2,90407,10000,12429.54,80,140,2,18,0,0,0,0,20,124,36,3,12,45,40,190,70,60,20,160,0,0,0,0,2,18,40,0,0,0,140,320,0,20
adsorption__ea-minus-3,2,90407,12000,13890.52,80,139,2,19,0,0,0,0,20,124,36,4,12,44,40,191,69,60,20,160,0,0,0,0,2,18,40,0,0,0,140,319,1,20
adsorption__ea-minus-3,2,90407,14000,15124.47,80,140,3,17,0,0,0,0,20,124,36,4,13,43,40,191,69,60,20,160,0,0,0,0,3,17,40,0,0,0,140,320,0,20
adsorption__ea-minus-3,2,90407,16000,16036.22,80,140,3,17,0,0,0,0,20,124,36,4,13,43,40,191,69,60,20,160,0,0,0,0,3,17,40,0,0,0,140,320,0,20
adsorption__ea-minus-3,2,90407,18000,17020.1,80,140,3,17,0,0,0,0,20,124,36,4,13,43,40,191,69,60,20,160,0,0,0,0,3,17,40,0,0,0,140,320,0,20
adsorption__ea-minus-3,2,90407,20000,17946.1,80,140,3,17,0,0,0,0,20,124,36,4,13,43,40,191,69,60,20,160,0,0,0,0,3,17,40,0,0,0,140,320,0,20
adsorption__ea-minus-3,3,90409,0,0.0,80,140,0,20,0,0,0,0,80,120,40,0,0,0,140,180,0,40,60,160,0,0,0,0,0,0,0,20,0,0,140,320,0,20
adsorption__ea-minus-3,3,90409,2000,522.2407,80,140,0,20,0,0,0,0,30,120,40,0,0,50,56,180,66,58,29,160,0,0,0,0,0,19,31,1,0,0,140,320,0,20
adsorption__ea-minus-3,3,90409,4000,3554.343,80,139,1,20,0,0,0,0,20,122,38,0,3,57,40,182,78,60,20,160,0,0,0,0,1,19,40,0,0,0,140,319,1,20
adsorption__ea-minus-3,3,90409,6000,6462.765,80,139,1,20,0,0,0,0,20,122,38,0,7,53,40,184,76,60,20,160,0,0,0,0,1,19,40,0,0,0,140,319,1,20
adsorption__ea-minus-3,3,90409,8000,9417.859,80,139,1,20,0,0,0,0,20,122,38,1,9,50,40,186,74,60,20,160,0,0,0,0,1,19,40,0,0,0,140,319,1,20
adsorption__ea-minus-3,3,90409,10000,12344.29,80,140,1,19,0,0,0,0,20,122,38,2,13,45,40,189,71,60,20,160,0,0,0,0,1,19,40,0,0,0,140,320,0,20
adsorption__ea-minus-3,3,90409,12000,14442.12,80,140,3,17,0,0,0,0,20,122,38,2,15,43,40,189,71,60,20,160,0,0,0,0,3,17,40,0,0,0,140,320,0,20
adsorption__ea-minus-3,3,90409,14000,15403.73,80,139,3,18,0,0,0,0,20,122,38,2,17,41,40,190,70,60,20,160,0,0,0,0,3,17,40,0,0,0,140,319,1,20
adsorption__ea-minus-3,3,90409,16000,16345.93,80,140,4,16,0,0,0,0,20,122,38,2,18,40,40,190,70,60,20,160,0,0,0,0,4,16,40,0,0,0,140,320,0,20
adsorption__ea-minus-3,3,90409,18000,16999.33,80,140,5,15,0,0,0,0,20,123,37,3,18,39,40,191,69,60,20,160,0,0,0,0,5,15,40,0,0,0,140,320,0,20
adsorption__ea-minus-3,3,90409,20000,17583.72,80,140,5,15,0,0,0,0,20,123,37,3,18,39,40,191,69,60,20,160,0,0,0,0,5,15,40,0,0,0,140,320,0,20
adsorption__ea-minus-3,4,90413,0,0.0,80,140,0,20,0,0,0,0,80,120,40,0,0,0,140,180,0,40,60,160,0,0,0,0,0,0,0,20,0,0,140,320,0,20
adsorption__ea-minus-3,4,90413,2000,314.8629,80,139,1,19,1,0,0,0,41,120,40,0,0,39,71,180,48,61,38,160,0,0,0,0,0,17,22,3,0,0,140,319,1,20
adsorption__ea-minus-3,4,90413,4000,4293.54,80,139,2,19,0,0,0,0,20,121,39,0,3,57,40,181,79,60,20,160,0,0,0,0,2,18,40,0,0,0,140,319,1,20
adsorption__ea-minus-3,4,90413,6000,5678.845,80,139,2,19,0,0,0,0,20,121,39,0,3,57,40,181,79,60,20,160,0,0,0,0,2,18,40,0,0,0,140,319,1,20
adsorption__ea-minus-3,4,90413,8000,7126.056,80,139,2,19,0,0,0,0,20,121,39,0,3,57,40,181,79,60,20,160,0,0,0,0,2,18,40,0,0,0,140,319,1,20
adsorption__ea-minus-3,4,90413,10000,8584.354,80,140,2,18,0,0,0,0,20,122,38,2,4,54,40,184,76,60,20,160,0,0,0,0,2,18,40,0,0,0,140,320,0,20
adsorption__ea-minus-3,4,90413,12000,9999.331,80,140,2,18,0,0,0,0,20,122,38,2,8,50,40,186,74,60,20,160,0,0,0,0,2,18,40,0,0,0,140,320,0,20
adsorption__ea-minus-3,4,90413,14000,11174.8,80,139,3,18,0,0,0,0,20,122,38,2,9,49,40,186,74,60,20,160,0,0,0,0,3,17,40,0,0,0,140,319,1,20
adsorption__ea-minus-3,4,90413,16000,12150.57,80,140,3,17,0,0,0,0,20,122,38,3,9,48,40,187,73,60,20,160,0,0,0,0,3,17,40,0,0,0,140,320,0,20
adsorption__ea-minus-3,4,90413,18000,13075.08,80,140,3,17,0,0,0,0,20,122,38,3,9,48,40,187,73,60,20,160,0,0,0,0,3,17,40,0,0,0,140,320,0,20
adsorption__ea-minus-3,4,90413,20000,14018.03,80,140,3,17,0,0,0,0,20,122,38,3,9,48,40,187,73,60,20,160,0,0,0,0,3,17,40,0,0,0,140,320,0,20
adsorption__ea-minus-3,5,90419,0,0.0,80,140,0,20,0,0,0,0,80,120,40,0,0,0,140,180,0,40,60,160,0,0,0,0,0,0,0,20,0,0,140,320,0,20
adsorption__ea-minus-3,5,90419,2000,1472.051,80,139,1,20,0,0,0,0,20,121,39,0,4,56,40,182,78,60,20,160,0,0,0,0,1,19,40,0,0,0,140,319,1,20
adsorption__ea-minus-3,5,90419,4000,4157.912,80,139,2,19,0,0,0,0,20,121,39,1,9,50,40,185,75,60,20,160,0,0,0,0,2,18,40,0,0,0,140,319,1,20
adsorption__ea-minus-3,5,90419,6000,5615.916,80,139,2,19,0,0,0,0,20,121,39,1,9,50,40,185,75,60,20,160,0,0,0,0,2,18,40,0,0,0,140,319,1,20
adsorption__ea-minus-3,5,90419,8000,6700.283,80,139,3,18,0,0,0,0,20,121,40,1,9,49,40,186,74,60,20,160,0,0,0,0,3,17,40,0,0,0,140,319,1,20
adsorption__ea-minus-3,5,90419,10000,7680.747,80,139,3,18,0,0,0,0,20,121,40,1,9,49,40,186,74,60,20,160,0,0,0,0,3,17,40,0,0,0,140,319,1,20
adsorption__ea-minus-3,5,90419,12000,8590.156,80,140,3,17,0,0,0,0,20,122,39,1,10,48,40,187,73,60,20,160,0,0,0,0,3,17,40,0,0,0,140,320,0,20
adsorption__ea-minus-3,5,90419,14000,9571.729,80,139,3,18,0,0,0,0,20,123,38,2,9,48,40,188,72,60,20,160,0,0,0,0,3,17,40,0,0,0,140,319,1,20
adsorption__ea-minus-3,5,90419,16000,10488.61,80,139,3,18,0,0,0,0,20,125,36,2,11,46,40,190,70,60,20,160,0,0,0,0,3,17,40,0,0,0,140,319,1,20
adsorption__ea-minus-3,5,90419,18000,11419.07,80,140,3,17,0,0,0,0,20,125,36,2,13,44,40,191,69,60,20,160,0,0,0,0,3,17,40,0,0,0,140,320,0,20
adsorption__ea-minus-3,5,90419,20000,12361.55,80,140,3,17,0,0,0,0,20,125,36,2,13,44,40,191,69,60,20,160,0,0,0,0,3,17,40,0,0,0,140,320,0,20
adsorption__ea-minus-3,6,90421,0,0.0,80,140,0,20,0,0,0,0,80,120,40,0,0,0,140,180,0,40,60,160,0,0,0,0,0,0,0,20,0,0,140,320,0,20
adsorption__ea-minus-3,6,90421,2000,523.9711,80,140,0,20,0,0,0,0,30,120,40,0,0,50,57,180,67,56,29,160,0,0,0,0,0,19,31,1,0,0,140,320,0,20
adsorption__ea-minus-3,6,90421,4000,7310.769,80,140,2,18,0,0,0,0,20,122,38,0,8,52,40,184,76,60,20,160,0,0,0,0,2,18,40,0,0,0,140,320,0,20
adsorption__ea-minus-3,6,90421,6000,8640.716,80,140,2,18,0,0,0,0,20,123,37,1,9,50,40,186,74,60,20,160,0,0,0,0,2,18,40,0,0,0,140,320,0,20
adsorption__ea-minus-3,6,90421,8000,10170.08,80,139,2,19,0,0,0,0,20,124,36,1,10,49,40,187,73,60,20,160,0,0,0,0,2,18,40,0,0,0,140,319,1,20
adsorption__ea-minus-3,6,90421,10000,11519.53,80,140,3,17,0,0,0,0,20,125,35,1,14,45,40,189,71,60,20,160,0,0,0,0,3,17,40,0,0,0,140,320,0,20
adsorption__ea-minus-3,6,90421,12000,12462.25,80,139,3,18,0,0,0,0,20,125,35,1,16,43,40,190,70,60,20,160,0,0,0,0,3,17,40,0,0,0,140,319,1,20
adsorption__ea-minus-3,6,90421,14000,13461.87,80,140,3,17,0,0,0,0,20,125,35,1,18,41,40,191,69,60,20,160,0,0,0,0,3,17,40,0,0,0,140,320,0,20
adsorption__ea-minus-3,6,90421,16000,14391.54,80,140,3,17,0,0,0,0,20,125,35,1,18,41,40,191,69,60,20,160,0,0,0,0,3,17,40,0,0,0,140,320,0,20
adsorption__ea-minus-3,6,90421,18000,15095.76,80,139,4,17,0,0,0,0,20,126,34,2,20,38,40,193,67,60,20,160,0,0,0,0,4,16,40,0,0,0,140,319,1,20
adsorption__ea-minus-3,6,90421,20000,15811.55,80,139,4,17,0,0,0,0,20,126,34,2,20,38,40,193,67,60,20,160,0,0,0,0,4,16,40,0,0,0,140,319,1,20
adsorption__ea-minus-3,7,90427,0,0.0,80,140,0,20,0,0,0,0,80,120,40,0,0,0,140,180,0,40,60,160,0,0,0,0,0,0,0,20,0,0,140,320,0,20
adsorption__ea-minus-3,7,90427,2000,288.6949,80,139,1,19,1,0,0,0,50,121,39,0,1,29,86,181,35,58,45,160,0,0,0,0,0,15,15,5,0,0,140,319,1,20
adsorption__ea-minus-3,7,90427,4000,3473.678,80,139,3,18,0,0,0,0,20,121,39,2,10,48,40,186,74,60,20,160,0,0,0,0,3,17,40,0,0,0,140,319,1,20
adsorption__ea-minus-3,7,90427,6000,4299.749,80,139,4,17,0,0,0,0,20,122,38,2,12,46,40,187,73,60,20,160,0,0,0,0,4,16,40,0,0,0,140,319,1,20
adsorption__ea-minus-3,7,90427,8000,5055.068,80,139,4,17,0,0,0,0,20,122,38,2,12,46,40,187,73,60,20,160,0,0,0,0,4,16,40,0,0,0,140,319,1,20
adsorption__ea-minus-3,7,90427,10000,5781.041,80,140,4,16,0,0,0,0,20,123,37,2,13,45,40,188,72,60,20,160,0,0,0,0,4,16,40,0,0,0,140,320,0,20
adsorption__ea-minus-3,7,90427,12000,6516.46,80,140,4,16,0,0,0,0,20,123,37,2,13,45,40,188,72,60,20,160,0,0,0,0,4,16,40,0,0,0,140,320,0,20
adsorption__ea-minus-3,7,90427,14000,7208.553,80,140,4,16,0,0,0,0,20,123,37,2,13,45,40,188,72,60,20,160,0,0,0,0,4,16,40,0,0,0,140,320,0,20
adsorption__ea-minus-3,7,90427,16000,7953.938,80,140,4,16,0,0,0,0,20,125,35,3,17,40,40,192,68,60,20,160,0,0,0,0,4,16,40,0,0,0,140,320,0,20
adsorption__ea-minus-3,7,90427,18000,8663.778,80,140,4,16,0,0,0,0,20,125,35,3,17,40,40,192,68,60,20,160,0,0,0,0,4,16,40,0,0,0,140,320,0,20
adsorption__ea-minus-3,7,90427,20000,9285.683,80,139,5,16,0,0,0,0,20,125,35,3,18,39,40,192,68,60,20,160,0,0,0,0,5,15,40,0,0,0,140,319,1,20
adsorption__ea-plus-3,0,90401,0,0.0,80,140,0,20,0,0,0,0,80,120,40,0,0,0,140,180,0,40,60,160,0,0,0,0,0,0,0,20,0,0,140,320,0,20
adsorption__ea-plus-3,0,90401,2000,145.074,80,140,0,20,0,0,0,0,80,120,40,0,0,0,140,180,0,40,60,160,0,0,0,0,0,0,0,20,0,0,140,320,0,20
adsorption__ea-plus-3,0,90401,4000,288.6546,80,140,0,20,0,0,0,0,80,120,40,0,0,0,140,180,0,40,60,160,0,0,0,0,0,0,0,20,0,0,140,320,0,20
adsorption__ea-plus-3,0,90401,6000,437.1863,80,140,0,20,0,0,0,0,80,120,40,0,0,0,140,180,0,40,60,160,0,0,0,0,0,0,0,20,0,0,140,320,0,20
adsorption__ea-plus-3,0,90401,8000,578.8945,80,140,0,20,0,0,0,0,80,120,40,0,0,0,140,180,0,40,60,160,0,0,0,0,0,0,0,20,0,0,140,320,0,20
adsorption__ea-plus-3,0,90401,10000,719.633,80,140,0,20,0,0,0,0,80,120,40,0,0,0,140,180,0,40,60,160,0,0,0,0,0,0,0,20,0,0,140,320,0,20
adsorption__ea-plus-3,0,90401,12000,858.4391,80,140,0,20,0,0,0,0,80,120,40,0,0,0,140,180,0,40,60,160,0,0,0,0,0,0,0,20,0,0,140,320,0,20
adsorption__ea-plus-3,0,90401,14000,995.4724,80,140,0,20,0,0,0,0,80,120,40,0,0,0,140,180,0,40,60,160,0,0,0,0,0,0,0,20,0,0,140,320,0,20
adsorption__ea-plus-3,0,90401,16000,1138.952,80,140,0,20,0,0,0,0,80,120,40,0,0,0,140,180,0,40,60,160,0,0,0,0,0,0,0,20,0,0,140,320,0,20
adsorption__ea-plus-3,0,90401,18000,1279.059,80,140,0,20,0,0,0,0,80,120,40,0,0,0,140,180,0,40,60,160,0,0,0,0,0,0,0,20,0,0,140,320,0,20
adsorption__ea-plus-3,0,90401,20000,1419.293,80,140,0,20,0,0,0,0,80,120,40,0,0,0,140,180,0,40,60,160,0,0,0,0,0,0,0,20,0,0,140,320,0,20
adsorption__ea-plus-3,1,90403,0,0.0,80,140,0,20,0,0,0,0,80,120,40,0,0,0,140,180,0,40,60,160,0,0,0,0,0,0,0,20,0,0,140,320,0,20
adsorption__ea-plus-3,1,90403,2000,143.0006,80,140,0,20,0,0,0,0,80,120,40,0,0,0,140,180,0,40,60,160,0,0,0,0,0,0,0,20,0,0,140,320,0,20
adsorption__ea-plus-3,1,90403,4000,286.6206,80,140,0,20,0,0,0,0,80,120,40,0,0,0,140,180,0,40,60,160,0,0,0,0,0,0,0,20,0,0,140,320,0,20
adsorption__ea-plus-3,1,90403,6000,424.7141,80,140,0,20,0,0,0,0,80,120,40,0,0,0,140,180,0,40,60,160,0,0,0,0,0,0,0,20,0,0,140,320,0,20
adsorption__ea-plus-3,1,90403,8000,574.4803,80,140,0,20,0,0,0,0,80,120,40,0,0,0,140,180,0,40,60,160,0,0,0,0,0,0,0,20,0,0,140,320,0,20
adsorption__ea-plus-3,1,90403,10000,713.0746,80,140,0,20,0,0,0,0,80,120,40,0,0,0,140,180,0,40,60,160,0,0,0,0,0,0,0,20,0,0,140,320,0,20
adsorption__ea-plus-3,1,90403,12000,860.441,80,140,0,20,0,0,0,0,80,120,40,0,0,0,140,180,0,40,60,160,0,0,0,0,0,0,0,20,0,0,140,320,0,20
adsorption__ea-plus-3,1,90403,14000,1005.492,80,140,0,20,0,0,0,0,80,120,40,0,0,0,140,180,0,40,60,160,0,0,0,0,0,0,0,20,0,0,140,320,0,20
adsorption__ea-plus-3,1,90403,16000,1147.753,80,140,0,20,0,0,0,0,80,120,40,0,0,0,140,180,0,40,60,160,0,0,0,0,0,0,0,20,0,0,140,320,0,20
adsorption__ea-plus-3,1,90403,18000,1294.407,80,140,0,20,0,0,0,0,80,120,40,0,0,0,140,180,0,40,60,160,0,0,0,0,0,0,0,20,0,0,140,320,0,20
adsorption__ea-plus-3,1,90403,20000,1434.227,80,140,0,20,0,0,0,0,80,120,40,0,0,0,140,180,0,40,60,160,0,0,0,0,0,0,0,20,0,0,140,320,0,20
adsorption__ea-plus-3,2,90407,0,0.0,80,140,0,20,0,0,0,0,80,120,40,0,0,0,140,180,0,40,60,160,0,0,0,0,0,0,0,20,0,0,140,320,0,20
adsorption__ea-plus-3,2,90407,2000,144.4254,80,140,0,20,0,0,0,0,80,120,40,0,0,0,140,180,0,40,60,160,0,0,0,0,0,0,0,20,0,0,140,320,0,20
adsorption__ea-plus-3,2,90407,4000,292.2099,80,140,0,20,0,0,0,0,80,120,40,0,0,0,140,180,0,40,60,160,0,0,0,0,0,0,0,20,0,0,140,320,0,20
adsorption__ea-plus-3,2,90407,6000,442.0145,80,140,0,20,0,0,0,0,80,120,40,0,0,0,140,180,0,40,60,160,0,0,0,0,0,0,0,20,0,0,140,320,0,20
adsorption__ea-plus-3,2,90407,8000,577.757,80,140,0,20,0,0,0,0,80,120,40,0,0,0,140,180,0,40,60,160,0,0,0,0,0,0,0,20,0,0,140,320,0,20
adsorption__ea-plus-3,2,90407,10000,717.1873,80,140,0,20,0,0,0,0,80,120,40,0,0,0,140,180,0,40,60,160,0,0,0,0,0,0,0,20,0,0,140,320,0,20
adsorption__ea-plus-3,2,90407,12000,855.6734,80,140,0,20,0,0,0,0,80,120,40,0,0,0,140,180,0,40,60,160,0,0,0,0,0,0,0,20,0,0,140,320,0,20
adsorption__ea-plus-3,2,90407,14000,1003.403,80,140,0,20,0,0,0,0,80,120,40,0,0,0,140,180,0,40,60,160,0,0,0,0,0,0,0,20,0,0,140,320,0,20
adsorption__ea-plus-3,2,90407,16000,1139.659,80,140,0,20,0,0,0,0,80,120,40,0,0,0,140,180,0,40,60,160,0,0,0,0,0,0,0,20,0,0,140,320,0,20
adsorption__ea-plus-3,2,90407,18000,1287.76,80,140,0,20,0,0,0,0,80,120,40,0,0,0,140,180,0,40,60,160,0,0,0,0,0,0,0,20,0,0,140,320,0,20
adsorption__ea-plus-3,2,90407,20000,1427.507,80,140,0,20,0,0,0,0,80,120,40,0,0,0,140,180,0,40,60,160,0,0,0,0,0,0,0,20,0,0,140,320,0,20
adsorption__ea-plus-3,3,90409,0,0.0,80,140,0,20,0,0,0,0,80,120,40,0,0,0,140,180,0,40,60,160,0,0,0,0,0,0,0,20,0,0,140,320,0,20
adsorption__ea-plus-3,3,90409,2000,147.696,80,140,0,20,0,0,0,0,80,120,40,0,0,0,140,180,0,40,60,160,0,0,0,0,0,0,0,20,0,0,140,320,0,20
adsorption__ea-plus-3,3,90409,4000,294.6883,80,140,0,20,0,0,0,0,80,120,40,0,0,0,140,180,0,40,60,160,0,0,0,0,0,0,0,20,0,0,140,320,0,20
adsorption__ea-plus-3,3,90409,6000,445.5252,80,140,0,20,0,0,0,0,80,120,40,0,0,0,140,180,0,40,60,160,0,0,0,0,0,0,0,20,0,0,140,320,0,20
adsorption__ea-plus-3,3,90409,8000,588.5565,80,140,0,20,0,0,0,0,80,120,40,0,0,0,140,180,0,40,60,160,0,0,0,0,0,0,0,20,0,0,140,320,0,20
adsorption__ea-plus-3,3,90409,10000,736.8132,80,140,0,20,0,0,0,0,80,120,40,0,0,0,140,180,0,40,60,160,0,0,0,0,0,0,0,20,0,0,140,320,0,20
adsorption__ea-plus-3,3,90409,12000,880.6122,80,140,0,20,0,0,0,0,80,120,40,0,0,0,140,180,0,40,60,160,0,0,0,0,0,0,0,20,0,0,140,320,0,20
adsorption__ea-plus-3,3,90409,14000,1022.25,80,140,0,20,0,0,0,0,80,120,40,0,0,0,140,180,0,40,60,160,0,0,0,0,0,0,0,20,0,0,140,320,0,20
adsorption__ea-plus-3,3,90409,16000,1164.32,80,140,0,20,0,0,0,0,80,120,40,0,0,0,140,180,0,40,60,160,0,0,0,0,0,0,0,20,0,0,140,320,0,20
adsorption__ea-plus-3,3,90409,18000,1306.469,80,140,0,20,0,0,0,0,80,120,40,0,0,0,140,180,0,40,60,160,0,0,0,0,0,0,0,20,0,0,140,320,0,20
adsorption__ea-plus-3,3,90409,20000,1453.703,80,140,0,20,0,0,0,0,80,120,40,0,0,0,140,180,0,40,60,160,0,0,0,0,0,0,0,20,0,0,140,320,0,20
adsorption__ea-plus-3,4,90413,0,0.0,80,140,0,20,0,0,0,0,80,120,40,0,0,0,140,180,0,40,60,160,0,0,0,0,0,0,0,20,0,0,140,320,0,20
adsorption__ea-plus-3,4,90413,2000,144.2938,80,140,0,20,0,0,0,0,80,120,40,0,0,0,140,180,0,40,60,160,0,0,0,0,0,0,0,20,0,0,140,320,0,20
adsorption__ea-plus-3,4,90413,4000,293.9103,80,140,0,20,0,0,0,0,80,120,40,0,0,0,140,180,0,40,60,160,0,0,0,0,0,0,0,20,0,0,140,320,0,20
adsorption__ea-plus-3,4,90413,6000,432.2752,80,140,0,20,0,0,0,0,80,120,40,0,0,0,140,180,0,40,60,160,0,0,0,0,0,0,0,20,0,0,140,320,0,20
adsorption__ea-plus-3,4,90413,8000,580.026,80,140,0,20,0,0,0,0,80,120,40,0,0,0,140,180,0,40,60,160,0,0,0,0,0,0,0,20,0,0,140,320,0,20
adsorption__ea-plus-3,4,90413,10000,726.296,80,140,0,20,0,0,0,0,80,120,40,0,0,0,140,180,0,40,60,160,0,0,0,0,0,0,0,20,0,0,140,320,0,20
adsorption__ea-plus-3,4,90413,12000,871.8848,80,140,0,20,0,0,0,0,80,120,40,0,0,0,140,180,0,40,60,160,0,0,0,0,0,0,0,20,0,0,140,320,0,20
adsorption__ea-plus-3,4,90413,14000,1017.232,80,140,0,20,0,0,0,0,80,120,40,0,0,0,140,180,0,40,60,160,0,0,0,0,0,0,0,20,0,0,140,320,0,20
adsorption__ea-plus-3,4,90413,16000,1162.74,80,140,0,20,0,0,0,0,80,120,40,0,0,0,140,180,0,40,60,160,0,0,0,0,0,0,0,20,0,0,140,320,0,20
adsorption__ea-plus-3,4,90413,18000,1301.745,80,140,0,20,0,0,0,0,80,120,40,0,0,0,140,180,0,40,60,160,0,0,0,0,0,0,0,20,0,0,140,320,0,20
adsorption__ea-plus-3,4,90413,20000,1442.007,80,140,0,20,0,0,0,0,80,120,40,0,0,0,140,180,0,40,60,160,0,0,0,0,0,0,0,20,0,0,140,320,0,20
adsorption__ea-plus-3,5,90419,0,0.0,80,140,0,20,0,0,0,0,80,120,40,0,0,0,140,180,0,40,60,160,0,0,0,0,0,0,0,20,0,0,140,320,0,20
adsorption__ea-plus-3,5,90419,2000,141.0645,80,140,0,20,0,0,0,0,80,120,40,0,0,0,140,180,0,40,60,160,0,0,0,0,0,0,0,20,0,0,140,320,0,20
adsorption__ea-plus-3,5,90419,4000,288.9,80,140,0,20,0,0,0,0,80,120,40,0,0,0,140,180,0,40,60,160,0,0,0,0,0,0,0,20,0,0,140,320,0,20
adsorption__ea-plus-3,5,90419,6000,435.0421,80,140,0,20,0,0,0,0,80,120,40,0,0,0,140,180,0,40,60,160,0,0,0,0,0,0,0,20,0,0,140,320,0,20
adsorption__ea-plus-3,5,90419,8000,587.9236,80,140,0,20,0,0,0,0,80,120,40,0,0,0,140,180,0,40,60,160,0,0,0,0,0,0,0,20,0,0,140,320,0,20
adsorption__ea-plus-3,5,90419,10000,721.3014,80,140,0,20,0,0,0,0,80,120,40,0,0,0,140,180,0,40,60,160,0,0,0,0,0,0,0,20,0,0,140,320,0,20
adsorption__ea-plus-3,5,90419,12000,864.9109,80,140,0,20,0,0,0,0,80,120,40,0,0,0,140,180,0,40,60,160,0,0,0,0,0,0,0,20,0,0,140,320,0,20
adsorption__ea-plus-3,5,90419,14000,1006.641,80,140,0,20,0,0,0,0,80,120,40,0,0,0,140,180,0,40,60,160,0,0,0,0,0,0,0,20,0,0,140,320,0,20
adsorption__ea-plus-3,5,90419,16000,1143.235,80,140,0,20,0,0,0,0,80,120,40,0,0,0,140,180,0,40,60,160,0,0,0,0,0,0,0,20,0,0,140,320,0,20
adsorption__ea-plus-3,5,90419,18000,1277.258,80,140,0,20,0,0,0,0,80,120,40,0,0,0,140,180,0,40,60,160,0,0,0,0,0,0,0,20,0,0,140,320,0,20
adsorption__ea-plus-3,5,90419,20000,1419.06,80,140,0,20,0,0,0,0,80,120,40,0,0,0,140,180,0,40,60,160,0,0,0,0,0,0,0,20,0,0,140,320,0,20
adsorption__ea-plus-3,6,90421,0,0.0,80,140,0,20,0,0,0,0,80,120,40,0,0,0,140,180,0,40,60,160,0,0,0,0,0,0,0,20,0,0,140,320,0,20
adsorption__ea-plus-3,6,90421,2000,151.4843,80,140,0,20,0,0,0,0,80,120,40,0,0,0,140,180,0,40,60,160,0,0,0,0,0,0,0,20,0,0,140,320,0,20
adsorption__ea-plus-3,6,90421,4000,294.9934,80,140,0,20,0,0,0,0,80,120,40,0,0,0,140,180,0,40,60,160,0,0,0,0,0,0,0,20,0,0,140,320,0,20
adsorption__ea-plus-3,6,90421,6000,426.5232,80,140,0,20,0,0,0,0,80,120,40,0,0,0,140,180,0,40,60,160,0,0,0,0,0,0,0,20,0,0,140,320,0,20
adsorption__ea-plus-3,6,90421,8000,578.4123,80,140,0,20,0,0,0,0,80,120,40,0,0,0,140,180,0,40,60,160,0,0,0,0,0,0,0,20,0,0,140,320,0,20
adsorption__ea-plus-3,6,90421,10000,723.5798,80,140,0,20,0,0,0,0,80,120,40,0,0,0,140,180,0,40,60,160,0,0,0,0,0,0,0,20,0,0,140,320,0,20
adsorption__ea-plus-3,6,90421,12000,867.5807,80,140,0,20,0,0,0,0,80,120,40,0,0,0,140,180,0,40,60,160,0,0,0,0,0,0,0,20,0,0,140,320,0,20
adsorption__ea-plus-3,6,90421,14000,1009.324,80,140,0,20,0,0,0,0,80,120,40,0,0,0,140,180,0,40,60,160,0,0,0,0,0,0,0,20,0,0,140,320,0,20
adsorption__ea-plus-3,6,90421,16000,1148.808,80,140,0,20,0,0,0,0,80,120,40,0,0,0,140,180,0,40,60,160,0,0,0,0,0,0,0,20,0,0,140,320,0,20
adsorption__ea-plus-3,6,90421,18000,1287.242,80,140,0,20,0,0,0,0,80,120,40,0,0,0,140,180,0,40,60,160,0,0,0,0,0,0,0,20,0,0,140,320,0,20
adsorption__ea-plus-3,6,90421,20000,1437.857,80,140,0,20,0,0,0,0,80,120,40,0,0,0,140,180,0,40,60,160,0,0,0,0,0,0,0,20,0,0,140,320,0,20
adsorption__ea-plus-3,7,90427,0,0.0,80,140,0,20,0,0,0,0,80,120,40,0,0,0,140,180,0,40,60,160,0,0,0,0,0,0,0,20,0,0,140,320,0,20
adsorption__ea-plus-3,7,90427,2000,141.4725,80,140,0,20,0,0,0,0,80,120,40,0,0,0,140,180,0,40,60,160,0,0,0,0,0,0,0,20,0,0,140,320,0,20
adsorption__ea-plus-3,7,90427,4000,283.1979,80,140,0,20,0,0,0,0,80,120,40,0,0,0,140,180,0,40,60,160,0,0,0,0,0,0,0,20,0,0,140,320,0,20
adsorption__ea-plus-3,7,90427,6000,423.8789,80,140,0,20,0,0,0,0,80,120,40,0,0,0,140,180,0,40,60,160,0,0,0,0,0,0,0,20,0,0,140,320,0,20
adsorption__ea-plus-3,7,90427,8000,564.9661,80,140,0,20,0,0,0,0,80,120,40,0,0,0,140,180,0,40,60,160,0,0,0,0,0,0,0,20,0,0,140,320,0,20
adsorption__ea-plus-3,7,90427,10000,718.8657,80,140,0,20,0,0,0,0,80,120,40,0,0,0,140,180,0,40,60,160,0,0,0,0,0,0,0,20,0,0,140,320,0,20
adsorption__ea-plus-3,7,90427,12000,865.4222,80,140,0,20,0,0,0,0,80,120,40,0,0,0,140,180,0,40,60,160,0,0,0,0,0,0,0,20,0,0,140,320,0,20
adsorption__ea-plus-3,7,90427,14000,1003.365,80,140,0,20,0,0,0,0,80,120,40,0,0,0,140,180,0,40,60,160,0,0,0,0,0,0,0,20,0,0,140,320,0,20
adsorption__ea-plus-3,7,90427,16000,1154.739,80,140,0,20,0,0,0,0,80,120,40,0,0,0,140,180,0,40,60,160,0,0,0,0,0,0,0,20,0,0,140,320,0,20
adsorption__ea-plus-3,7,90427,18000,1297.841,80,140,0,20,0,0,0,0,80,120,40,0,0,0,140,180,0,40,60,160,0,0,0,0,0,0,0,20,0,0,140,320,0,20
adsorption__ea-plus-3,7,90427,20000,1437.406,80,140,0,20,0,0,0,0,80,120,40,0,0,0,140,180,0,40,60,160,0,0,0,0,0,0,0,20,0,0,140,320,0,20
adsorption__prefactor-x0.1,0,90401,0,0.0,80,140,0,20,0,0,0,0,80,120,40,0,0,0,140,180,0,40,60,160,0,0,0,0,0,0,0,20,0,0,140,320,0,20
adsorption__prefactor-x0.1,0,90401,2000,145.0726,80,140,0,20,0,0,0,0,80,120,40,0,0,0,140,180,0,40,60,160,0,0,0,0,0,0,0,20,0,0,140,320,0,20
adsorption__prefactor-x0.1,0,90401,4000,288.6517,80,140,0,20,0,0,0,0,80,120,40,0,0,0,140,180,0,40,60,160,0,0,0,0,0,0,0,20,0,0,140,320,0,20
adsorption__prefactor-x0.1,0,90401,6000,437.182,80,140,0,20,0,0,0,0,80,120,40,0,0,0,140,180,0,40,60,160,0,0,0,0,0,0,0,20,0,0,140,320,0,20
adsorption__prefactor-x0.1,0,90401,8000,578.8888,80,140,0,20,0,0,0,0,80,120,40,0,0,0,140,180,0,40,60,160,0,0,0,0,0,0,0,20,0,0,140,320,0,20
adsorption__prefactor-x0.1,0,90401,10000,719.6259,80,140,0,20,0,0,0,0,80,120,40,0,0,0,140,180,0,40,60,160,0,0,0,0,0,0,0,20,0,0,140,320,0,20
adsorption__prefactor-x0.1,0,90401,12000,858.4306,80,140,0,20,0,0,0,0,80,120,40,0,0,0,140,180,0,40,60,160,0,0,0,0,0,0,0,20,0,0,140,320,0,20
adsorption__prefactor-x0.1,0,90401,14000,995.4625,80,140,0,20,0,0,0,0,80,120,40,0,0,0,140,180,0,40,60,160,0,0,0,0,0,0,0,20,0,0,140,320,0,20
adsorption__prefactor-x0.1,0,90401,16000,1138.941,80,140,0,20,0,0,0,0,80,120,40,0,0,0,140,180,0,40,60,160,0,0,0,0,0,0,0,20,0,0,140,320,0,20
adsorption__prefactor-x0.1,0,90401,18000,1279.046,80,140,0,20,0,0,0,0,80,120,40,0,0,0,140,180,0,40,60,160,0,0,0,0,0,0,0,20,0,0,140,320,0,20
adsorption__prefactor-x0.1,0,90401,20000,1419.279,80,140,0,20,0,0,0,0,80,120,40,0,0,0,140,180,0,40,60,160,0,0,0,0,0,0,0,20,0,0,140,320,0,20
adsorption__prefactor-x0.1,1,90403,0,0.0,80,140,0,20,0,0,0,0,80,120,40,0,0,0,140,180,0,40,60,160,0,0,0,0,0,0,0,20,0,0,140,320,0,20
adsorption__prefactor-x0.1,1,90403,2000,142.9992,80,140,0,20,0,0,0,0,80,120,40,0,0,0,140,180,0,40,60,160,0,0,0,0,0,0,0,20,0,0,140,320,0,20
adsorption__prefactor-x0.1,1,90403,4000,286.6177,80,140,0,20,0,0,0,0,80,120,40,0,0,0,140,180,0,40,60,160,0,0,0,0,0,0,0,20,0,0,140,320,0,20
adsorption__prefactor-x0.1,1,90403,6000,424.7099,80,140,0,20,0,0,0,0,80,120,40,0,0,0,140,180,0,40,60,160,0,0,0,0,0,0,0,20,0,0,140,320,0,20
adsorption__prefactor-x0.1,1,90403,8000,574.4746,80,140,0,20,0,0,0,0,80,120,40,0,0,0,140,180,0,40,60,160,0,0,0,0,0,0,0,20,0,0,140,320,0,20
adsorption__prefactor-x0.1,1,90403,10000,713.0675,80,140,0,20,0,0,0,0,80,120,40,0,0,0,140,180,0,40,60,160,0,0,0,0,0,0,0,20,0,0,140,320,0,20
adsorption__prefactor-x0.1,1,90403,12000,860.4325,80,140,0,20,0,0,0,0,80,120,40,0,0,0,140,180,0,40,60,160,0,0,0,0,0,0,0,20,0,0,140,320,0,20
adsorption__prefactor-x0.1,1,90403,14000,1005.482,80,140,0,20,0,0,0,0,80,120,40,0,0,0,140,180,0,40,60,160,0,0,0,0,0,0,0,20,0,0,140,320,0,20
adsorption__prefactor-x0.1,1,90403,16000,1147.742,80,140,0,20,0,0,0,0,80,120,40,0,0,0,140,180,0,40,60,160,0,0,0,0,0,0,0,20,0,0,140,320,0,20
adsorption__prefactor-x0.1,1,90403,18000,1294.395,80,140,0,20,0,0,0,0,80,120,40,0,0,0,140,180,0,40,60,160,0,0,0,0,0,0,0,20,0,0,140,320,0,20
adsorption__prefactor-x0.1,1,90403,20000,1434.213,80,140,0,20,0,0,0,0,80,120,40,0,0,0,140,180,0,40,60,160,0,0,0,0,0,0,0,20,0,0,140,320,0,20
adsorption__prefactor-x0.1,2,90407,0,0.0,80,140,0,20,0,0,0,0,80,120,40,0,0,0,140,180,0,40,60,160,0,0,0,0,0,0,0,20,0,0,140,320,0,20
adsorption__prefactor-x0.1,2,90407,2000,144.424,80,140,0,20,0,0,0,0,80,120,40,0,0,0,140,180,0,40,60,160,0,0,0,0,0,0,0,20,0,0,140,320,0,20
adsorption__prefactor-x0.1,2,90407,4000,292.2071,80,140,0,20,0,0,0,0,80,120,40,0,0,0,140,180,0,40,60,160,0,0,0,0,0,0,0,20,0,0,140,320,0,20
adsorption__prefactor-x0.1,2,90407,6000,442.0102,80,140,0,20,0,0,0,0,80,120,40,0,0,0,140,180,0,40,60,160,0,0,0,0,0,0,0,20,0,0,140,320,0,20
adsorption__prefactor-x0.1,2,90407,8000,577.7513,80,140,0,20,0,0,0,0,80,120,40,0,0,0,140,180,0,40,60,160,0,0,0,0,0,0,0,20,0,0,140,320,0,20
adsorption__prefactor-x0.1,2,90407,10000,717.1802,80,140,0,20,0,0,0,0,80,120,40,0,0,0,140,180,0,40,60,160,0,0,0,0,0,0,0,20,0,0,140,320,0,20
adsorption__prefactor-x0.1,2,90407,12000,855.6649,80,140,0,20,0,0,0,0,80,120,40,0,0,0,140,180,0,40,60,160,0,0,0,0,0,0,0,20,0,0,140,320,0,20
adsorption__prefactor-x0.1,2,90407,14000,1003.393,80,140,0,20,0,0,0,0,80,120,40,0,0,0,140,180,0,40,60,160,0,0,0,0,0,0,0,20,0,0,140,320,0,20
adsorption__prefactor-x0.1,2,90407,16000,1139.648,80,140,0,20,0,0,0,0,80,120,40,0,0,0,140,180,0,40,60,160,0,0,0,0,0,0,0,20,0,0,140,320,0,20
adsorption__prefactor-x0.1,2,90407,18000,1287.747,80,140,0,20,0,0,0,0,80,120,40,0,0,0,140,180,0,40,60,160,0,0,0,0,0,0,0,20,0,0,140,320,0,20
adsorption__prefactor-x0.1,2,90407,20000,1427.493,80,140,0,20,0,0,0,0,80,120,40,0,0,0,140,180,0,40,60,160,0,0,0,0,0,0,0,20,0,0,140,320,0,20
adsorption__prefactor-x0.1,3,90409,0,0.0,80,140,0,20,0,0,0,0,80,120,40,0,0,0,140,180,0,40,60,160,0,0,0,0,0,0,0,20,0,0,140,320,0,20
adsorption__prefactor-x0.1,3,90409,2000,147.6946,80,140,0,20,0,0,0,0,80,120,40,0,0,0,140,180,0,40,60,160,0,0,0,0,0,0,0,20,0,0,140,320,0,20
adsorption__prefactor-x0.1,3,90409,4000,294.6854,80,140,0,20,0,0,0,0,80,120,40,0,0,0,140,180,0,40,60,160,0,0,0,0,0,0,0,20,0,0,140,320,0,20
adsorption__prefactor-x0.1,3,90409,6000,445.5208,80,140,0,20,0,0,0,0,80,120,40,0,0,0,140,180,0,40,60,160,0,0,0,0,0,0,0,20,0,0,140,320,0,20
adsorption__prefactor-x0.1,3,90409,8000,588.5507,80,140,0,20,0,0,0,0,80,120,40,0,0,0,140,180,0,40,60,160,0,0,0,0,0,0,0,20,0,0,140,320,0,20
adsorption__prefactor-x0.1,3,90409,10000,736.8059,80,140,0,20,0,0,0,0,80,120,40,0,0,0,140,180,0,40,60,160,0,0,0,0,0,0,0,20,0,0,140,320,0,20
adsorption__prefactor-x0.1,3,90409,12000,880.6035,80,140,0,20,0,0,0,0,80,120,40,0,0,0,140,180,0,40,60,160,0,0,0,0,0,0,0,20,0,0,140,320,0,20
adsorption__prefactor-x0.1,3,90409,14000,1022.24,80,140,0,20,0,0,0,0,80,120,40,0,0,0,140,180,0,40,60,160,0,0,0,0,0,0,0,20,0,0,140,320,0,20
adsorption__prefactor-x0.1,3,90409,16000,1164.309,80,140,0,20,0,0,0,0,80,120,40,0,0,0,140,180,0,40,60,160,0,0,0,0,0,0,0,20,0,0,140,320,0,20
adsorption__prefactor-x0.1,3,90409,18000,1306.456,80,140,0,20,0,0,0,0,80,120,40,0,0,0,140,180,0,40,60,160,0,0,0,0,0,0,0,20,0,0,140,320,0,20
adsorption__prefactor-x0.1,3,90409,20000,1453.689,80,140,0,20,0,0,0,0,80,120,40,0,0,0,140,180,0,40,60,160,0,0,0,0,0,0,0,20,0,0,140,320,0,20
adsorption__prefactor-x0.1,4,90413,0,0.0,80,140,0,20,0,0,0,0,80,120,40,0,0,0,140,180,0,40,60,160,0,0,0,0,0,0,0,20,0,0,140,320,0,20
adsorption__prefactor-x0.1,4,90413,2000,144.2924,80,140,0,20,0,0,0,0,80,120,40,0,0,0,140,180,0,40,60,160,0,0,0,0,0,0,0,20,0,0,140,320,0,20
adsorption__prefactor-x0.1,4,90413,4000,293.9074,80,140,0,20,0,0,0,0,80,120,40,0,0,0,140,180,0,40,60,160,0,0,0,0,0,0,0,20,0,0,140,320,0,20
adsorption__prefactor-x0.1,4,90413,6000,432.271,80,140,0,20,0,0,0,0,80,120,40,0,0,0,140,180,0,40,60,160,0,0,0,0,0,0,0,20,0,0,140,320,0,20
adsorption__prefactor-x0.1,4,90413,8000,580.0203,80,140,0,20,0,0,0,0,80,120,40,0,0,0,140,180,0,40,60,160,0,0,0,0,0,0,0,20,0,0,140,320,0,20
adsorption__prefactor-x0.1,4,90413,10000,726.2888,80,140,0,20,0,0,0,0,80,120,40,0,0,0,140,180,0,40,60,160,0,0,0,0,0,0,0,20,0,0,140,320,0,20
adsorption__prefactor-x0.1,4,90413,12000,871.8761,80,140,0,20,0,0,0,0,80,120,40,0,0,0,140,180,0,40,60,160,0,0,0,0,0,0,0,20,0,0,140,320,0,20
adsorption__prefactor-x0.1,4,90413,14000,1017.222,80,140,0,20,0,0,0,0,80,120,40,0,0,0,140,180,0,40,60,160,0,0,0,0,0,0,0,20,0,0,140,320,0,20
adsorption__prefactor-x0.1,4,90413,16000,1162.728,80,140,0,20,0,0,0,0,80,120,40,0,0,0,140,180,0,40,60,160,0,0,0,0,0,0,0,20,0,0,140,320,0,20
adsorption__prefactor-x0.1,4,90413,18000,1301.732,80,140,0,20,0,0,0,0,80,120,40,0,0,0,140,180,0,40,60,160,0,0,0,0,0,0,0,20,0,0,140,320,0,20
adsorption__prefactor-x0.1,4,90413,20000,1441.993,80,140,0,20,0,0,0,0,80,120,40,0,0,0,140,180,0,40,60,160,0,0,0,0,0,0,0,20,0,0,140,320,0,20
adsorption__prefactor-x0.1,5,90419,0,0.0,80,140,0,20,0,0,0,0,80,120,40,0,0,0,140,180,0,40,60,160,0,0,0,0,0,0,0,20,0,0,140,320,0,20
adsorption__prefactor-x0.1,5,90419,2000,141.0631,80,140,0,20,0,0,0,0,80,120,40,0,0,0,140,180,0,40,60,160,0,0,0,0,0,0,0,20,0,0,140,320,0,20
adsorption__prefactor-x0.1,5,90419,4000,288.8971,80,140,0,20,0,0,0,0,80,120,40,0,0,0,140,180,0,40,60,160,0,0,0,0,0,0,0,20,0,0,140,320,0,20
adsorption__prefactor-x0.1,5,90419,6000,435.0378,80,140,0,20,0,0,0,0,80,120,40,0,0,0,140,180,0,40,60,160,0,0,0,0,0,0,0,20,0,0,140,320,0,20
adsorption__prefactor-x0.1,5,90419,8000,587.9178,80,140,0,20,0,0,0,0,80,120,40,0,0,0,140,180,0,40,60,160,0,0,0,0,0,0,0,20,0,0,140,320,0,20
adsorption__prefactor-x0.1,5,90419,10000,721.2943,80,140,0,20,0,0,0,0,80,120,40,0,0,0,140,180,0,40,60,160,0,0,0,0,0,0,0,20,0,0,140,320,0,20
adsorption__prefactor-x0.1,5,90419,12000,864.9023,80,140,0,20,0,0,0,0,80,120,40,0,0,0,140,180,0,40,60,160,0,0,0,0,0,0,0,20,0,0,140,320,0,20
adsorption__prefactor-x0.1,5,90419,14000,1006.631,80,140,0,20,0,0,0,0,80,120,40,0,0,0,140,180,0,40,60,160,0,0,0,0,0,0,0,20,0,0,140,320,0,20
adsorption__prefactor-x0.1,5,90419,16000,1143.224,80,140,0,20,0,0,0,0,80,120,40,0,0,0,140,180,0,40,60,160,0,0,0,0,0,0,0,20,0,0,140,320,0,20
adsorption__prefactor-x0.1,5,90419,18000,1277.245,80,140,0,20,0,0,0,0,80,120,40,0,0,0,140,180,0,40,60,160,0,0,0,0,0,0,0,20,0,0,140,320,0,20
adsorption__prefactor-x0.1,5,90419,20000,1419.046,80,140,0,20,0,0,0,0,80,120,40,0,0,0,140,180,0,40,60,160,0,0,0,0,0,0,0,20,0,0,140,320,0,20
adsorption__prefactor-x0.1,6,90421,0,0.0,80,140,0,20,0,0,0,0,80,120,40,0,0,0,140,180,0,40,60,160,0,0,0,0,0,0,0,20,0,0,140,320,0,20
adsorption__prefactor-x0.1,6,90421,2000,151.4828,80,140,0,20,0,0,0,0,80,120,40,0,0,0,140,180,0,40,60,160,0,0,0,0,0,0,0,20,0,0,140,320,0,20
adsorption__prefactor-x0.1,6,90421,4000,294.9905,80,140,0,20,0,0,0,0,80,120,40,0,0,0,140,180,0,40,60,160,0,0,0,0,0,0,0,20,0,0,140,320,0,20
adsorption__prefactor-x0.1,6,90421,6000,426.519,80,140,0,20,0,0,0,0,80,120,40,0,0,0,140,180,0,40,60,160,0,0,0,0,0,0,0,20,0,0,140,320,0,20
adsorption__prefactor-x0.1,6,90421,8000,578.4066,80,140,0,20,0,0,0,0,80,120,40,0,0,0,140,180,0,40,60,160,0,0,0,0,0,0,0,20,0,0,140,320,0,20
adsorption__prefactor-x0.1,6,90421,10000,723.5726,80,140,0,20,0,0,0,0,80,120,40,0,0,0,140,180,0,40,60,160,0,0,0,0,0,0,0,20,0,0,140,320,0,20
adsorption__prefactor-x0.1,6,90421,12000,867.5721,80,140,0,20,0,0,0,0,80,120,40,0,0,0,140,180,0,40,60,160,0,0,0,0,0,0,0,20,0,0,140,320,0,20
adsorption__prefactor-x0.1,6,90421,14000,1009.314,80,140,0,20,0,0,0,0,80,120,40,0,0,0,140,180,0,40,60,160,0,0,0,0,0,0,0,20,0,0,140,320,0,20
adsorption__prefactor-x0.1,6,90421,16000,1147.327,80,139,1,19,1,0,0,0,79,120,40,0,0,1,138,180,1,41,60,160,0,0,0,0,0,1,0,19,0,0,140,319,1,20
adsorption__prefactor-x0.1,6,90421,18000,1301.845,80,139,1,19,1,0,0,0,79,120,40,0,0,1,138,180,1,41,60,160,0,0,0,0,0,1,0,19,0,0,140,319,1,20
adsorption__prefactor-x0.1,6,90421,20000,1453.197,80,139,1,19,1,0,0,0,79,120,40,0,0,1,138,180,1,41,60,160,0,0,0,0,0,1,0,19,0,0,140,319,1,20
adsorption__prefactor-x0.1,7,90427,0,0.0,80,140,0,20,0,0,0,0,80,120,40,0,0,0,140,180,0,40,60,160,0,0,0,0,0,0,0,20,0,0,140,320,0,20
adsorption__prefactor-x0.1,7,90427,2000,141.4711,80,140,0,20,0,0,0,0,80,120,40,0,0,0,140,180,0,40,60,160,0,0,0,0,0,0,0,20,0,0,140,320,0,20
adsorption__prefactor-x0.1,7,90427,4000,283.1951,80,140,0,20,0,0,0,0,80,120,40,0,0,0,140,180,0,40,60,160,0,0,0,0,0,0,0,20,0,0,140,320,0,20
adsorption__prefactor-x0.1,7,90427,6000,423.8747,80,140,0,20,0,0,0,0,80,120,40,0,0,0,140,180,0,40,60,160,0,0,0,0,0,0,0,20,0,0,140,320,0,20
adsorption__prefactor-x0.1,7,90427,8000,564.9605,80,140,0,20,0,0,0,0,80,120,40,0,0,0,140,180,0,40,60,160,0,0,0,0,0,0,0,20,0,0,140,320,0,20
adsorption__prefactor-x0.1,7,90427,10000,718.8586,80,140,0,20,0,0,0,0,80,120,40,0,0,0,140,180,0,40,60,160,0,0,0,0,0,0,0,20,0,0,140,320,0,20
adsorption__prefactor-x0.1,7,90427,12000,865.4137,80,140,0,20,0,0,0,0,80,120,40,0,0,0,140,180,0,40,60,160,0,0,0,0,0,0,0,20,0,0,140,320,0,20
adsorption__prefactor-x0.1,7,90427,14000,1003.355,80,140,0,20,0,0,0,0,80,120,40,0,0,0,140,180,0,40,60,160,0,0,0,0,0,0,0,20,0,0,140,320,0,20
adsorption__prefactor-x0.1,7,90427,16000,1154.728,80,140,0,20,0,0,0,0,80,120,40,0,0,0,140,180,0,40,60,160,0,0,0,0,0,0,0,20,0,0,140,320,0,20
adsorption__prefactor-x0.1,7,90427,18000,1297.828,80,140,0,20,0,0,0,0,80,120,40,0,0,0,140,180,0,40,60,160,0,0,0,0,0,0,0,20,0,0,140,320,0,20
adsorption__prefactor-x0.1,7,90427,20000,1437.392,80,140,0,20,0,0,0,0,80,120,40,0,0,0,140,180,0,40,60,160,0,0,0,0,0,0,0,20,0,0,140,320,0,20
adsorption__prefactor-x10,0,90401,0,0.0,80,140,0,20,0,0,0,0,80,120,40,0,0,0,140,180,0,40,60,160,0,0,0,0,0,0,0,20,0,0,140,320,0,20
adsorption__prefactor-x10,0,90401,2000,144.9212,80,140,0,20,0,0,0,0,80,120,40,0,0,0,140,180,0,40,60,160,0,0,0,0,0,0,0,20,0,0,140,320,0,20
adsorption__prefactor-x10,0,90401,4000,288.3506,80,140,0,20,0,0,0,0,80,120,40,0,0,0,140,180,0,40,60,160,0,0,0,0,0,0,0,20,0,0,140,320,0,20
adsorption__prefactor-x10,0,90401,6000,449.8645,80,140,0,20,0,0,0,0,78,120,40,0,0,2,136,180,2,42,60,160,0,0,0,0,0,2,0,18,0,0,140,320,0,20
adsorption__prefactor-x10,0,90401,8000,606.8657,80,140,0,20,0,0,0,0,78,120,40,0,0,2,136,180,2,42,60,160,0,0,0,0,0,2,0,18,0,0,140,320,0,20
adsorption__prefactor-x10,0,90401,10000,767.6937,80,139,1,19,1,0,0,0,77,120,40,0,0,3,134,180,3,43,60,160,0,0,0,0,0,3,0,17,0,0,140,319,1,20
adsorption__prefactor-x10,0,90401,12000,928.9328,80,140,0,20,0,0,0,0,76,120,40,0,0,4,132,180,4,44,60,160,0,0,0,0,0,4,0,16,0,0,140,320,0,20
adsorption__prefactor-x10,0,90401,14000,1107.219,80,140,0,20,0,0,0,0,74,120,40,0,0,6,128,180,6,46,59,160,0,0,0,0,0,5,1,15,0,0,140,320,0,20
adsorption__prefactor-x10,0,90401,16000,1298.704,80,139,1,19,1,0,0,0,73,120,40,0,0,7,126,180,7,47,58,160,0,0,0,0,0,5,2,15,0,0,140,319,1,20
adsorption__prefactor-x10,0,90401,18000,1507.248,80,140,0,20,0,0,0,0,70,120,40,0,0,10,122,180,12,46,57,160,0,0,0,0,0,7,3,13,0,0,140,320,0,20
adsorption__prefactor-x10,0,90401,20000,1731.284,80,139,1,19,1,0,0,0,69,120,40,0,0,11,120,180,13,47,56,160,0,0,0,0,0,7,4,13,0,0,140,319,1,20
adsorption__prefactor-x10,1,90403,0,0.0,80,140,0,20,0,0,0,0,80,120,40,0,0,0,140,180,0,40,60,160,0,0,0,0,0,0,0,20,0,0,140,320,0,20
adsorption__prefactor-x10,1,90403,2000,144.912,80,139,1,19,1,0,0,0,79,120,40,0,0,1,138,180,1,41,60,160,0,0,0,0,0,1,0,19,0,0,140,319,1,20
adsorption__prefactor-x10,1,90403,4000,295.8865,80,140,0,20,0,0,0,0,78,120,40,0,0,2,136,180,2,42,59,160,0,0,0,0,0,1,1,19,0,0,140,320,0,20
adsorption__prefactor-x10,1,90403,6000,447.8657,80,139,1,19,1,0,0,0,77,120,40,0,0,3,135,180,4,41,59,160,0,0,0,0,0,2,1,18,0,0,140,319,1,20
adsorption__prefactor-x10,1,90403,8000,627.2618,80,140,0,20,0,0,0,0,74,120,40,0,0,6,129,180,7,44,59,160,0,0,0,0,0,5,1,15,0,0,140,320,0,20
adsorption__prefactor-x10,1,90403,10000,817.9855,80,139,1,19,1,0,0,0,73,120,40,0,0,7,127,180,8,45,59,160,0,0,0,0,0,6,1,14,0,0,140,319,1,20
adsorption__prefactor-x10,1,90403,12000,1018.984,80,140,0,20,0,0,0,0,72,120,40,0,0,8,125,180,9,46,58,160,0,0,0,0,0,6,2,14,0,0,140,320,0,20
adsorption__prefactor-x10,1,90403,14000,1227.115,80,140,0,20,0,0,0,0,72,120,40,0,0,8,125,180,9,46,58,160,0,0,0,0,0,6,2,14,0,0,140,320,0,20
adsorption__prefactor-x10,1,90403,16000,1449.451,80,139,1,19,1,0,0,0,71,120,40,0,0,9,123,180,10,47,58,160,0,0,0,0,0,7,2,13,0,0,140,319,1,20
adsorption__prefactor-x10,1,90403,18000,1711.707,80,140,0,20,0,0,0,0,68,120,40,0,0,12,118,180,14,48,57,160,0,0,0,0,0,9,3,11,0,0,140,320,0,20
adsorption__prefactor-x10,1,90403,20000,1961.237,80,139,1,19,1,0,0,0,67,120,40,0,0,13,116,180,15,49,56,160,0,0,0,0,0,9,4,11,0,0,140,319,1,20
adsorption__prefactor-x10,2,90407,0,0.0,80,140,0,20,0,0,0,0,80,120,40,0,0,0,140,180,0,40,60,160,0,0,0,0,0,0,0,20,0,0,140,320,0,20
adsorption__prefactor-x10,2,90407,2000,144.2733,80,140,0,20,0,0,0,0,80,120,40,0,0,0,140,180,0,40,60,160,0,0,0,0,0,0,0,20,0,0,140,320,0,20
adsorption__prefactor-x10,2,90407,4000,291.9021,80,140,0,20,0,0,0,0,80,120,40,0,0,0,140,180,0,40,60,160,0,0,0,0,0,0,0,20,0,0,140,320,0,20
adsorption__prefactor-x10,2,90407,6000,455.7326,80,139,1,19,1,0,0,0,77,120,40,0,0,3,134,180,3,43,60,160,0,0,0,0,0,3,0,17,0,0,140,319,1,20
adsorption__prefactor-x10,2,90407,8000,620.0232,80,139,1,19,1,0,0,0,77,120,40,0,0,3,134,180,3,43,60,160,0,0,0,0,0,3,0,17,0,0,140,319,1,20
adsorption__prefactor-x10,2,90407,10000,794.1565,80,139,1,19,1,0,0,0,75,120,40,0,0,5,130,180,5,45,60,160,0,0,0,0,0,5,0,15,0,0,140,319,1,20
adsorption__prefactor-x10,2,90407,12000,988.5273,80,139,1,19,1,0,0,0,73,120,40,0,0,7,126,180,7,47,60,160,0,0,0,0,0,7,0,13,0,0,140,319,1,20
adsorption__prefactor-x10,2,90407,14000,1226.79,80,139,1,19,1,0,0,0,71,120,40,0,0,9,122,180,9,49,59,160,0,0,0,0,0,8,1,12,0,0,140,319,1,20
adsorption__prefactor-x10,2,90407,16000,1479.579,80,139,1,19,1,0,0,0,69,120,40,0,0,11,118,180,11,51,58,160,0,0,0,0,0,9,2,11,0,0,140,319,1,20
adsorption__prefactor-x10,2,90407,18000,1752.209,80,139,1,19,1,0,0,0,67,120,40,0,0,13,115,180,14,51,56,160,0,0,0,0,0,9,4,11,0,0,140,319,1,20
adsorption__prefactor-x10,2,90407,20000,2017.803,80,140,0,20,0,0,0,0,64,120,40,0,0,16,110,180,18,52,54,160,0,0,0,0,0,10,6,10,0,0,140,320,0,20
adsorption__prefactor-x10,3,90409,0,0.0,80,140,0,20,0,0,0,0,80,120,40,0,0,0,140,180,0,40,60,160,0,0,0,0,0,0,0,20,0,0,140,320,0,20
adsorption__prefactor-x10,3,90409,2000,158.2141,80,140,0,20,0,0,0,0,78,120,40,0,0,2,136,180,2,42,60,160,0,0,0,0,0,2,0,18,0,0,140,320,0,20
adsorption__prefactor-x10,3,90409,4000,318.1473,80,140,0,20,0,0,0,0,76,120,40,0,0,4,132,180,4,44,58,160,0,0,0,0,0,2,2,18,0,0,140,320,0,20
adsorption__prefactor-x10,3,90409,6000,487.8339,80,139,1,19,1,0,0,0,75,120,40,0,0,5,130,180,5,45,57,160,0,0,0,0,0,2,3,18,0,0,140,319,1,20
adsorption__prefactor-x10,3,90409,8000,651.2654,80,139,1,19,1,0,0,0,75,120,40,0,0,5,130,180,5,45,57,160,0,0,0,0,0,2,3,18,0,0,140,319,1,20
adsorption__prefactor-x10,3,90409,10000,816.2109,80,139,1,19,1,0,0,0,75,120,40,0,0,5,130,180,5,45,57,160,0,0,0,0,0,2,3,18,0,0,140,319,1,20
adsorption__prefactor-x10,3,90409,12000,969.1301,80,139,1,19,1,0,0,0,75,120,40,0,0,5,130,180,5,45,57,160,0,0,0,0,0,2,3,18,0,0,140,319,1,20
adsorption__prefactor-x10,3,90409,14000,1135.119,80,139,1,19,1,0,0,0,75,120,40,0,0,5,130,180,5,45,57,160,0,0,0,0,0,2,3,18,0,0,140,319,1,20
adsorption__prefactor-x10,3,90409,16000,1293.67,80,140,0,20,0,0,0,0,74,120,40,0,0,6,128,180,6,46,57,160,0,0,0,0,0,3,3,17,0,0,140,320,0,20
adsorption__prefactor-x10,3,90409,18000,1466.081,80,139,1,19,1,0,0,0,73,120,40,0,0,7,126,180,7,47,57,160,0,0,0,0,0,4,3,16,0,0,140,319,1,20
adsorption__prefactor-x10,3,90409,20000,1665.835,80,139,1,19,1,0,0,0,71,120,40,0,0,9,122,180,9,49,57,160,0,0,0,0,0,6,3,14,0,0,140,319,1,20
adsorption__prefactor-x10,4,90413,0,0.0,80,140,0,20,0,0,0,0,80,120,40,0,0,0,140,180,0,40,60,160,0,0,0,0,0,0,0,20,0,0,140,320,0,20
adsorption__prefactor-x10,4,90413,2000,148.1581,80,139,1,19,1,0,0,0,79,120,40,0,0,1,138,180,1,41,60,160,0,0,0,0,0,1,0,19,0,0,140,319,1,20
adsorption__prefactor-x10,4,90413,4000,308.8542,80,140,0,20,0,0,0,0,78,120,40,0,0,2,136,180,2,42,60,160,0,0,0,0,0,2,0,18,0,0,140,320,0,20
adsorption__prefactor-x10,4,90413,6000,470.8121,80,139,1,19,1,0,0,0,75,120,40,0,0,5,130,180,5,45,59,160,0,0,0,0,0,4,1,16,0,0,140,319,1,20
adsorption__prefactor-x10,4,90413,8000,666.7297,80,140,0,20,0,0,0,0,74,120,40,0,0,6,128,180,6,46,59,160,0,0,0,0,0,5,1,15,0,0,140,320,0,20
adsorption__prefactor-x10,4,90413,10000,874.6551,80,140,0,20,0,0,0,0,72,120,40,0,0,8,124,180,8,48,59,160,0,0,0,0,0,7,1,13,0,0,140,320,0,20
adsorption__prefactor-x10,4,90413,12000,1108.65,80,139,1,19,1,0,0,0,71,120,40,0,0,9,122,180,9,49,59,160,0,0,0,0,0,8,1,12,0,0,140,319,1,20
adsorption__prefactor-x10,4,90413,14000,1374.169,80,139,1,19,1,0,0,0,67,120,40,0,0,13,114,180,13,53,58,160,0,0,0,0,0,11,2,9,0,0,140,319,1,20
adsorption__prefactor-x10,4,90413,16000,1699.209,80,139,2,18,1,0,0,0,64,120,40,0,1,15,109,180,17,54,56,160,0,0,0,0,1,11,4,8,0,0,140,319,1,20
adsorption__prefactor-x10,4,90413,18000,2059.976,80,139,2,18,1,0,0,0,58,120,40,0,1,21,98,180,24,58,51,160,0,0,0,0,1,12,9,7,0,0,140,319,1,20
adsorption__prefactor-x10,4,90413,20000,2469.199,80,139,1,20,0,0,0,0,54,120,40,0,1,25,91,180,29,60,48,160,0,0,0,0,1,13,12,6,0,0,140,319,1,20
adsorption__prefactor-x10,5,90419,0,0.0,80,140,0,20,0,0,0,0,80,120,40,0,0,0,140,180,0,40,60,160,0,0,0,0,0,0,0,20,0,0,140,320,0,20
adsorption__prefactor-x10,5,90419,2000,149.8518,80,139,1,19,1,0,0,0,79,120,40,0,0,1,138,180,1,41,60,160,0,0,0,0,0,1,0,19,0,0,140,319,1,20
adsorption__prefactor-x10,5,90419,4000,299.6342,80,139,1,19,1,0,0,0,79,120,40,0,0,1,138,180,1,41,60,160,0,0,0,0,0,1,0,19,0,0,140,319,1,20
adsorption__prefactor-x10,5,90419,6000,459.8301,80,139,1,19,1,0,0,0,77,120,40,0,0,3,134,180,3,43,60,160,0,0,0,0,0,3,0,17,0,0,140,319,1,20
adsorption__prefactor-x10,5,90419,8000,643.7318,80,140,0,20,0,0,0,0,76,120,40,0,0,4,132,180,4,44,60,160,0,0,0,0,0,4,0,16,0,0,140,320,0,20
adsorption__prefactor-x10,5,90419,10000,810.2443,80,140,0,20,0,0,0,0,76,120,40,0,0,4,132,180,4,44,60,160,0,0,0,0,0,4,0,16,0,0,140,320,0,20
adsorption__prefactor-x10,5,90419,12000,1009.742,80,139,1,19,1,0,0,0,73,120,40,0,0,7,126,180,7,47,60,160,0,0,0,0,0,7,0,13,0,0,140,319,1,20
adsorption__prefactor-x10,5,90419,14000,1235.731,80,139,1,19,1,0,0,0,69,120,40,0,0,11,119,180,12,49,57,160,0,0,0,0,0,8,3,12,0,0,140,319,1,20
adsorption__prefactor-x10,5,90419,16000,1474.279,80,140,0,20,0,0,0,0,66,120,40,0,0,14,114,180,16,50,54,160,0,0,0,0,0,8,6,12,0,0,140,320,0,20
adsorption__prefactor-x10,5,90419,18000,1721.739,80,140,0,20,0,0,0,0,64,120,40,0,0,16,110,180,18,52,54,160,0,0,0,0,0,10,6,10,0,0,140,320,0,20
adsorption__prefactor-x10,5,90419,20000,2076.36,80,139,1,19,1,0,0,0,57,120,40,0,0,23,99,180,28,53,51,160,0,0,0,0,0,14,9,6,0,0,140,319,1,20
adsorption__prefactor-x10,6,90421,0,0.0,80,140,0,20,0,0,0,0,80,120,40,0,0,0,140,180,0,40,60,160,0,0,0,0,0,0,0,20,0,0,140,320,0,20
adsorption__prefactor-x10,6,90421,2000,146.4867,80,139,1,19,1,0,0,0,79,120,40,0,0,1,138,180,1,41,60,160,0,0,0,0,0,1,0,19,0,0,140,319,1,20
adsorption__prefactor-x10,6,90421,4000,305.7465,80,140,0,20,0,0,0,0,78,120,40,0,0,2,136,180,2,42,60,160,0,0,0,0,0,2,0,18,0,0,140,320,0,20
adsorption__prefactor-x10,6,90421,6000,452.3345,80,140,0,20,0,0,0,0,78,120,40,0,0,2,136,180,2,42,60,160,0,0,0,0,0,2,0,18,0,0,140,320,0,20
adsorption__prefactor-x10,6,90421,8000,621.0016,80,140,0,20,0,0,0,0,78,120,40,0,0,2,136,180,2,42,60,160,0,0,0,0,0,2,0,18,0,0,140,320,0,20
adsorption__prefactor-x10,6,90421,10000,782.965,80,140,0,20,0,0,0,0,78,120,40,0,0,2,136,180,2,42,60,160,0,0,0,0,0,2,0,18,0,0,140,320,0,20
adsorption__prefactor-x10,6,90421,12000,951.0229,80,140,0,20,0,0,0,0,76,120,40,0,0,4,132,180,4,44,59,160,0,0,0,0,0,3,1,17,0,0,140,320,0,20
adsorption__prefactor-x10,6,90421,14000,1117.433,80,140,0,20,0,0,0,0,76,120,40,0,0,4,132,180,4,44,59,160,0,0,0,0,0,3,1,17,0,0,140,320,0,20
adsorption__prefactor-x10,6,90421,16000,1293.676,80,140,0,20,0,0,0,0,74,120,40,0,0,6,128,180,6,46,59,160,0,0,0,0,0,5,1,15,0,0,140,320,0,20
adsorption__prefactor-x10,6,90421,18000,1479.114,80,140,0,20,0,0,0,0,72,120,40,0,0,8,124,180,8,48,59,160,0,0,0,0,0,7,1,13,0,0,140,320,0,20
adsorption__prefactor-x10,6,90421,20000,1700.647,80,139,1,19,1,0,0,0,71,120,40,0,0,9,122,180,9,49,58,160,0,0,0,0,0,7,2,13,0,0,140,319,1,20
adsorption__prefactor-x10,7,90427,0,0.0,80,140,0,20,0,0,0,0,80,120,40,0,0,0,140,180,0,40,60,160,0,0,0,0,0,0,0,20,0,0,140,320,0,20
adsorption__prefactor-x10,7,90427,2000,148.184,80,139,1,19,1,0,0,0,79,120,40,0,0,1,138,180,1,41,60,160,0,0,0,0,0,1,0,19,0,0,140,319,1,20
adsorption__prefactor-x10,7,90427,4000,300.2684,80,139,1,19,1,0,0,0,79,120,40,0,0,1,138,180,1,41,60,160,0,0,0,0,0,1,0,19,0,0,140,319,1,20
adsorption__prefactor-x10,7,90427,6000,452.3901,80,140,0,20,0,0,0,0,78,120,40,0,0,2,136,180,2,42,60,160,0,0,0,0,0,2,0,18,0,0,140,320,0,20
adsorption__prefactor-x10,7,90427,8000,622.3587,80,140,0,20,0,0,0,0,76,120,40,0,0,4,132,180,4,44,60,160,0,0,0,0,0,4,0,16,0,0,140,320,0,20
adsorption__prefactor-x10,7,90427,10000,823.6935,80,140,0,20,0,0,0,0,74,120,40,0,0,6,128,180,6,46,60,160,0,0,0,0,0,6,0,14,0,0,140,320,0,20
adsorption__prefactor-x10,7,90427,12000,1032.929,80,140,0,20,0,0,0,0,72,120,40,0,0,8,125,180,9,46,58,160,0,0,0,0,0,6,2,14,0,0,140,320,0,20
adsorption__prefactor-x10,7,90427,14000,1249.564,80,140,0,20,0,0,0,0,70,120,40,0,0,10,121,180,11,48,57,160,0,0,0,0,0,7,3,13,0,0,140,320,0,20
adsorption__prefactor-x10,7,90427,16000,1480.614,80,140,0,20,0,0,0,0,70,120,40,0,0,10,121,180,11,48,57,160,0,0,0,0,0,7,3,13,0,0,140,320,0,20
adsorption__prefactor-x10,7,90427,18000,1699.503,80,140,0,20,0,0,0,0,70,120,40,0,0,10,121,180,11,48,57,160,0,0,0,0,0,7,3,13,0,0,140,320,0,20
adsorption__prefactor-x10,7,90427,20000,1950.144,80,139,1,19,1,0,0,0,67,120,40,0,0,13,115,180,14,51,55,160,0,0,0,0,0,8,5,12,0,0,140,319,1,20
cation-desorption__ea-minus-3,0,90401,0,0.0,80,140,0,20,0,0,0,0,80,120,40,0,0,0,140,180,0,40,60,160,0,0,0,0,0,0,0,20,0,0,140,320,0,20
cation-desorption__ea-minus-3,0,90401,2000,145.0588,80,140,0,20,0,0,0,0,80,120,40,0,0,0,140,180,0,40,60,160,0,0,0,0,0,0,0,20,0,0,140,320,0,20
cation-desorption__ea-minus-3,0,90401,4000,288.6243,80,140,0,20,0,0,0,0,80,120,40,0,0,0,140,180,0,40,60,160,0,0,0,0,0,0,0,20,0,0,140,320,0,20
cation-desorption__ea-minus-3,0,90401,6000,437.1405,80,140,0,20,0,0,0,0,80,120,40,0,0,0,140,180,0,40,60,160,0,0,0,0,0,0,0,20,0,0,140,320,0,20
cation-desorption__ea-minus-3,0,90401,8000,578.8338,80,140,0,20,0,0,0,0,80,120,40,0,0,0,140,180,0,40,60,160,0,0,0,0,0,0,0,20,0,0,140,320,0,20
cation-desorption__ea-minus-3,0,90401,10000,719.5576,80,140,0,20,0,0,0,0,80,120,40,0,0,0,140,180,0,40,60,160,0,0,0,0,0,0,0,20,0,0,140,320,0,20
cation-desorption__ea-minus-3,0,90401,12000,858.3491,80,140,0,20,0,0,0,0,80,120,40,0,0,0,140,180,0,40,60,160,0,0,0,0,0,0,0,20,0,0,140,320,0,20
cation-desorption__ea-minus-3,0,90401,14000,995.368,80,140,0,20,0,0,0,0,80,120,40,0,0,0,140,180,0,40,60,160,0,0,0,0,0,0,0,20,0,0,140,320,0,20
cation-desorption__ea-minus-3,0,90401,16000,1138.833,80,140,0,20,0,0,0,0,80,120,40,0,0,0,140,180,0,40,60,160,0,0,0,0,0,0,0,20,0,0,140,320,0,20
cation-desorption__ea-minus-3,0,90401,18000,1278.925,80,140,0,20,0,0,0,0,80,120,40,0,0,0,140,180,0,40,60,160,0,0,0,0,0,0,0,20,0,0,140,320,0,20
cation-desorption__ea-minus-3,0,90401,20000,1419.145,80,140,0,20,0,0,0,0,80,120,40,0,0,0,140,180,0,40,60,160,0,0,0,0,0,0,0,20,0,0,140,320,0,20
cation-desorption__ea-minus-3,1,90403,0,0.0,80,140,0,20,0,0,0,0,80,120,40,0,0,0,140,180,0,40,60,160,0,0,0,0,0,0,0,20,0,0,140,320,0,20
cation-desorption__ea-minus-3,1,90403,2000,142.9856,80,140,0,20,0,0,0,0,80,120,40,0,0,0,140,180,0,40,60,160,0,0,0,0,0,0,0,20,0,0,140,320,0,20
cation-desorption__ea-minus-3,1,90403,4000,286.5905,80,140,0,20,0,0,0,0,80,120,40,0,0,0,140,180,0,40,60,160,0,0,0,0,0,0,0,20,0,0,140,320,0,20
cation-desorption__ea-minus-3,1,90403,6000,424.6695,80,140,0,20,0,0,0,0,80,120,40,0,0,0,140,180,0,40,60,160,0,0,0,0,0,0,0,20,0,0,140,320,0,20
cation-desorption__ea-minus-3,1,90403,8000,574.4201,80,140,0,20,0,0,0,0,80,120,40,0,0,0,140,180,0,40,60,160,0,0,0,0,0,0,0,20,0,0,140,320,0,20
cation-desorption__ea-minus-3,1,90403,10000,712.9999,80,140,0,20,0,0,0,0,80,120,40,0,0,0,140,180,0,40,60,160,0,0,0,0,0,0,0,20,0,0,140,320,0,20
cation-desorption__ea-minus-3,1,90403,12000,860.3508,80,140,0,20,0,0,0,0,80,120,40,0,0,0,140,180,0,40,60,160,0,0,0,0,0,0,0,20,0,0,140,320,0,20
cation-desorption__ea-minus-3,1,90403,14000,1005.387,80,140,0,20,0,0,0,0,80,120,40,0,0,0,140,180,0,40,60,160,0,0,0,0,0,0,0,20,0,0,140,320,0,20
cation-desorption__ea-minus-3,1,90403,16000,1147.633,80,140,0,20,0,0,0,0,80,120,40,0,0,0,140,180,0,40,60,160,0,0,0,0,0,0,0,20,0,0,140,320,0,20
cation-desorption__ea-minus-3,1,90403,18000,1294.272,80,140,0,20,0,0,0,0,80,120,40,0,0,0,140,180,0,40,60,160,0,0,0,0,0,0,0,20,0,0,140,320,0,20
cation-desorption__ea-minus-3,1,90403,20000,1434.076,80,140,0,20,0,0,0,0,80,120,40,0,0,0,140,180,0,40,60,160,0,0,0,0,0,0,0,20,0,0,140,320,0,20
cation-desorption__ea-minus-3,2,90407,0,0.0,80,140,0,20,0,0,0,0,80,120,40,0,0,0,140,180,0,40,60,160,0,0,0,0,0,0,0,20,0,0,140,320,0,20
cation-desorption__ea-minus-3,2,90407,2000,144.4102,80,140,0,20,0,0,0,0,80,120,40,0,0,0,140,180,0,40,60,160,0,0,0,0,0,0,0,20,0,0,140,320,0,20
cation-desorption__ea-minus-3,2,90407,4000,292.1793,80,140,0,20,0,0,0,0,80,120,40,0,0,0,140,180,0,40,60,160,0,0,0,0,0,0,0,20,0,0,140,320,0,20
cation-desorption__ea-minus-3,2,90407,6000,441.9682,80,140,0,20,0,0,0,0,80,120,40,0,0,0,140,180,0,40,60,160,0,0,0,0,0,0,0,20,0,0,140,320,0,20
cation-desorption__ea-minus-3,2,90407,8000,577.6964,80,140,0,20,0,0,0,0,80,120,40,0,0,0,140,180,0,40,60,160,0,0,0,0,0,0,0,20,0,0,140,320,0,20
cation-desorption__ea-minus-3,2,90407,10000,717.1121,80,140,0,20,0,0,0,0,80,120,40,0,0,0,140,180,0,40,60,160,0,0,0,0,0,0,0,20,0,0,140,320,0,20
cation-desorption__ea-minus-3,2,90407,12000,855.5837,80,140,0,20,0,0,0,0,80,120,40,0,0,0,140,180,0,40,60,160,0,0,0,0,0,0,0,20,0,0,140,320,0,20
cation-desorption__ea-minus-3,2,90407,14000,1003.298,80,140,0,20,0,0,0,0,80,120,40,0,0,0,140,180,0,40,60,160,0,0,0,0,0,0,0,20,0,0,140,320,0,20
cation-desorption__ea-minus-3,2,90407,16000,1139.54,80,140,0,20,0,0,0,0,80,120,40,0,0,0,140,180,0,40,60,160,0,0,0,0,0,0,0,20,0,0,140,320,0,20
cation-desorption__ea-minus-3,2,90407,18000,1288.186,80,139,1,19,1,0,0,0,79,120,40,0,0,1,138,180,1,41,60,160,0,0,0,0,0,1,0,19,0,0,140,319,1,20
cation-desorption__ea-minus-3,2,90407,20000,1445.428,80,139,1,19,1,0,0,0,79,120,40,0,0,1,138,180,1,41,60,160,0,0,0,0,0,1,0,19,0,0,140,319,1,20
cation-desorption__ea-minus-3,3,90409,0,0.0,80,140,0,20,0,0,0,0,80,120,40,0,0,0,140,180,0,40,60,160,0,0,0,0,0,0,0,20,0,0,140,320,0,20
cation-desorption__ea-minus-3,3,90409,2000,147.6805,80,140,0,20,0,0,0,0,80,120,40,0,0,0,140,180,0,40,60,160,0,0,0,0,0,0,0,20,0,0,140,320,0,20
cation-desorption__ea-minus-3,3,90409,4000,294.6574,80,140,0,20,0,0,0,0,80,120,40,0,0,0,140,180,0,40,60,160,0,0,0,0,0,0,0,20,0,0,140,320,0,20
cation-desorption__ea-minus-3,3,90409,6000,455.1567,80,139,1,19,1,0,0,0,79,120,40,0,0,1,138,180,1,41,60,160,0,0,0,0,0,1,0,19,0,0,140,319,1,20
cation-desorption__ea-minus-3,3,90409,8000,610.0296,80,139,1,19,1,0,0,0,79,120,40,0,0,1,138,180,1,41,60,160,0,0,0,0,0,1,0,19,0,0,140,319,1,20
cation-desorption__ea-minus-3,3,90409,10000,766.6151,80,139,1,19,1,0,0,0,79,120,40,0,0,1,138,180,1,41,60,160,0,0,0,0,0,1,0,19,0,0,140,319,1,20
cation-desorption__ea-minus-3,3,90409,12000,911.602,80,139,1,19,1,0,0,0,79,120,40,0,0,1,138,180,1,41,60,160,0,0,0,0,0,1,0,19,0,0,140,319,1,20
cation-desorption__ea-minus-3,3,90409,14000,1069.171,80,139,1,19,1,0,0,0,79,120,40,0,0,1,138,180,1,41,60,160,0,0,0,0,0,1,0,19,0,0,140,319,1,20
cation-desorption__ea-minus-3,3,90409,16000,1219.983,80,139,1,19,1,0,0,0,79,120,40,0,0,1,138,180,1,41,60,160,0,0,0,0,0,1,0,19,0,0,140,319,1,20
cation-desorption__ea-minus-3,3,90409,18000,1374.608,80,140,0,20,0,0,0,0,78,120,40,0,0,2,136,180,2,42,60,160,0,0,0,0,0,2,0,18,0,0,140,320,0,20
cation-desorption__ea-minus-3,3,90409,20000,1539.301,80,139,1,19,1,0,0,0,77,120,40,0,0,3,134,180,3,43,60,160,0,0,0,0,0,3,0,17,0,0,140,319,1,20
cation-desorption__ea-minus-3,4,90413,0,0.0,80,140,0,20,0,0,0,0,80,120,40,0,0,0,140,180,0,40,60,160,0,0,0,0,0,0,0,20,0,0,140,320,0,20
cation-desorption__ea-minus-3,4,90413,2000,144.2787,80,140,0,20,0,0,0,0,80,120,40,0,0,0,140,180,0,40,60,160,0,0,0,0,0,0,0,20,0,0,140,320,0,20
cation-desorption__ea-minus-3,4,90413,4000,293.8795,80,140,0,20,0,0,0,0,80,120,40,0,0,0,140,180,0,40,60,160,0,0,0,0,0,0,0,20,0,0,140,320,0,20
cation-desorption__ea-minus-3,4,90413,6000,432.2299,80,140,0,20,0,0,0,0,80,120,40,0,0,0,140,180,0,40,60,160,0,0,0,0,0,0,0,20,0,0,140,320,0,20
cation-desorption__ea-minus-3,4,90413,8000,579.9652,80,140,0,20,0,0,0,0,80,120,40,0,0,0,140,180,0,40,60,160,0,0,0,0,0,0,0,20,0,0,140,320,0,20
cation-desorption__ea-minus-3,4,90413,10000,726.2198,80,140,0,20,0,0,0,0,80,120,40,0,0,0,140,180,0,40,60,160,0,0,0,0,0,0,0,20,0,0,140,320,0,20
cation-desorption__ea-minus-3,4,90413,12000,871.7934,80,140,0,20,0,0,0,0,80,120,40,0,0,0,140,180,0,40,60,160,0,0,0,0,0,0,0,20,0,0,140,320,0,20
cation-desorption__ea-minus-3,4,90413,14000,1017.125,80,140,0,20,0,0,0,0,80,120,40,0,0,0,140,180,0,40,60,160,0,0,0,0,0,0,0,20,0,0,140,320,0,20
cation-desorption__ea-minus-3,4,90413,16000,1162.618,80,140,0,20,0,0,0,0,80,120,40,0,0,0,140,180,0,40,60,160,0,0,0,0,0,0,0,20,0,0,140,320,0,20
cation-desorption__ea-minus-3,4,90413,18000,1305.205,80,139,1,19,1,0,0,0,79,120,40,0,0,1,138,180,1,41,60,160,0,0,0,0,0,1,0,19,0,0,140,319,1,20
cation-desorption__ea-minus-3,4,90413,20000,1456.543,80,139,1,19,1,0,0,0,79,120,40,0,0,1,138,180,1,41,60,160,0,0,0,0,0,1,0,19,0,0,140,319,1,20
cation-desorption__ea-minus-3,5,90419,0,0.0,80,140,0,20,0,0,0,0,80,120,40,0,0,0,140,180,0,40,60,160,0,0,0,0,0,0,0,20,0,0,140,320,0,20
cation-desorption__ea-minus-3,5,90419,2000,150.0076,80,139,1,19,1,0,0,0,79,120,40,0,0,1,138,180,1,41,60,160,0,0,0,0,0,1,0,19,0,0,140,319,1,20
cation-desorption__ea-minus-3,5,90419,4000,299.9473,80,139,1,19,1,0,0,0,79,120,40,0,0,1,138,180,1,41,60,160,0,0,0,0,0,1,0,19,0,0,140,319,1,20
cation-desorption__ea-minus-3,5,90419,6000,453.5396,80,139,1,19,1,0,0,0,79,120,40,0,0,1,138,180,1,41,60,160,0,0,0,0,0,1,0,19,0,0,140,319,1,20
cation-desorption__ea-minus-3,5,90419,8000,611.4099,80,139,1,19,1,0,0,0,79,120,40,0,0,1,138,180,1,41,60,160,0,0,0,0,0,1,0,19,0,0,140,319,1,20
cation-desorption__ea-minus-3,5,90419,10000,766.5827,80,139,1,19,1,0,0,0,79,120,40,0,0,1,138,180,1,41,60,160,0,0,0,0,0,1,0,19,0,0,140,319,1,20
cation-desorption__ea-minus-3,5,90419,12000,908.5637,80,139,1,19,1,0,0,0,79,120,40,0,0,1,138,180,1,41,60,160,0,0,0,0,0,1,0,19,0,0,140,319,1,20
cation-desorption__ea-minus-3,5,90419,14000,1061.609,80,139,1,19,1,0,0,0,79,120,40,0,0,1,138,180,1,41,60,160,0,0,0,0,0,1,0,19,0,0,140,319,1,20
cation-desorption__ea-minus-3,5,90419,16000,1208.838,80,139,1,19,1,0,0,0,79,120,40,0,0,1,138,180,1,41,60,160,0,0,0,0,0,1,0,19,0,0,140,319,1,20
cation-desorption__ea-minus-3,5,90419,18000,1356.063,80,140,0,20,0,0,0,0,78,120,40,0,0,2,136,180,2,42,60,160,0,0,0,0,0,2,0,18,0,0,140,320,0,20
cation-desorption__ea-minus-3,5,90419,20000,1513.534,80,140,0,20,0,0,0,0,78,120,40,0,0,2,136,180,2,42,60,160,0,0,0,0,0,2,0,18,0,0,140,320,0,20
cation-desorption__ea-minus-3,6,90421,0,0.0,80,140,0,20,0,0,0,0,80,120,40,0,0,0,140,180,0,40,60,160,0,0,0,0,0,0,0,20,0,0,140,320,0,20
cation-desorption__ea-minus-3,6,90421,2000,151.4684,80,140,0,20,0,0,0,0,80,120,40,0,0,0,140,180,0,40,60,160,0,0,0,0,0,0,0,20,0,0,140,320,0,20
cation-desorption__ea-minus-3,6,90421,4000,294.9625,80,140,0,20,0,0,0,0,80,120,40,0,0,0,140,180,0,40,60,160,0,0,0,0,0,0,0,20,0,0,140,320,0,20
cation-desorption__ea-minus-3,6,90421,6000,426.4785,80,140,0,20,0,0,0,0,80,120,40,0,0,0,140,180,0,40,60,160,0,0,0,0,0,0,0,20,0,0,140,320,0,20
cation-desorption__ea-minus-3,6,90421,8000,578.3517,80,140,0,20,0,0,0,0,80,120,40,0,0,0,140,180,0,40,60,160,0,0,0,0,0,0,0,20,0,0,140,320,0,20
cation-desorption__ea-minus-3,6,90421,10000,723.5039,80,140,0,20,0,0,0,0,80,120,40,0,0,0,140,180,0,40,60,160,0,0,0,0,0,0,0,20,0,0,140,320,0,20
cation-desorption__ea-minus-3,6,90421,12000,867.4897,80,140,0,20,0,0,0,0,80,120,40,0,0,0,140,180,0,40,60,160,0,0,0,0,0,0,0,20,0,0,140,320,0,20
cation-desorption__ea-minus-3,6,90421,14000,1020.746,80,140,0,20,0,0,0,0,78,120,40,0,0,2,136,180,2,42,60,160,0,0,0,0,0,2,0,18,0,0,140,320,0,20
cation-desorption__ea-minus-3,6,90421,16000,1175.487,80,140,0,20,0,0,0,0,78,120,40,0,0,2,136,180,2,42,60,160,0,0,0,0,0,2,0,18,0,0,140,320,0,20
cation-desorption__ea-minus-3,6,90421,18000,1329.142,80,140,0,20,0,0,0,0,78,120,40,0,0,2,136,180,2,42,60,160,0,0,0,0,0,2,0,18,0,0,140,320,0,20
cation-desorption__ea-minus-3,6,90421,20000,1496.714,80,140,0,20,0,0,0,0,78,120,40,0,0,2,136,180,2,42,60,160,0,0,0,0,0,2,0,18,0,0,140,320,0,20
cation-desorption__ea-minus-3,7,90427,0,0.0,80,140,0,20,0,0,0,0,80,120,40,0,0,0,140,180,0,40,60,160,0,0,0,0,0,0,0,20,0,0,140,320,0,20
cation-desorption__ea-minus-3,7,90427,2000,149.0075,80,139,1,19,1,0,0,0,79,120,40,0,0,1,138,180,1,41,60,160,0,0,0,0,0,1,0,19,0,0,140,319,1,20
cation-desorption__ea-minus-3,7,90427,4000,301.2516,80,139,1,19,1,0,0,0,79,120,40,0,0,1,138,180,1,41,60,160,0,0,0,0,0,1,0,19,0,0,140,319,1,20
cation-desorption__ea-minus-3,7,90427,6000,448.5353,80,139,1,19,1,0,0,0,79,120,40,0,0,1,138,180,1,41,60,160,0,0,0,0,0,1,0,19,0,0,140,319,1,20
cation-desorption__ea-minus-3,7,90427,8000,607.5869,80,139,1,19,1,0,0,0,79,120,40,0,0,1,138,180,1,41,60,160,0,0,0,0,0,1,0,19,0,0,140,319,1,20
cation-desorption__ea-minus-3,7,90427,10000,763.3309,80,139,1,19,1,0,0,0,79,120,40,0,0,1,138,180,1,41,60,160,0,0,0,0,0,1,0,19,0,0,140,319,1,20
cation-desorption__ea-minus-3,7,90427,12000,917.7792,80,139,1,19,1,0,0,0,79,120,40,0,0,1,138,180,1,41,60,160,0,0,0,0,0,1,0,19,0,0,140,319,1,20
cation-desorption__ea-minus-3,7,90427,14000,1067.453,80,140,0,20,0,0,0,0,78,120,40,0,0,2,136,180,2,42,60,160,0,0,0,0,0,2,0,18,0,0,140,320,0,20
cation-desorption__ea-minus-3,7,90427,16000,1235.342,80,140,0,20,0,0,0,0,78,120,40,0,0,2,136,180,2,42,60,160,0,0,0,0,0,2,0,18,0,0,140,320,0,20
cation-desorption__ea-minus-3,7,90427,18000,1394.044,80,140,0,20,0,0,0,0,78,120,40,0,0,2,136,180,2,42,60,160,0,0,0,0,0,2,0,18,0,0,140,320,0,20
cation-desorption__ea-minus-3,7,90427,20000,1549.304,80,140,0,20,0,0,0,0,78,120,40,0,0,2,136,180,2,42,60,160,0,0,0,0,0,2,0,18,0,0,140,320,0,20
cation-desorption__ea-plus-3,0,90401,0,0.0,80,140,0,20,0,0,0,0,80,120,40,0,0,0,140,180,0,40,60,160,0,0,0,0,0,0,0,20,0,0,140,320,0,20
cation-desorption__ea-plus-3,0,90401,2000,145.0588,80,140,0,20,0,0,0,0,80,120,40,0,0,0,140,180,0,40,60,160,0,0,0,0,0,0,0,20,0,0,140,320,0,20
cation-desorption__ea-plus-3,0,90401,4000,288.6243,80,140,0,20,0,0,0,0,80,120,40,0,0,0,140,180,0,40,60,160,0,0,0,0,0,0,0,20,0,0,140,320,0,20
cation-desorption__ea-plus-3,0,90401,6000,437.1405,80,140,0,20,0,0,0,0,80,120,40,0,0,0,140,180,0,40,60,160,0,0,0,0,0,0,0,20,0,0,140,320,0,20
cation-desorption__ea-plus-3,0,90401,8000,578.8338,80,140,0,20,0,0,0,0,80,120,40,0,0,0,140,180,0,40,60,160,0,0,0,0,0,0,0,20,0,0,140,320,0,20
cation-desorption__ea-plus-3,0,90401,10000,719.5576,80,140,0,20,0,0,0,0,80,120,40,0,0,0,140,180,0,40,60,160,0,0,0,0,0,0,0,20,0,0,140,320,0,20
cation-desorption__ea-plus-3,0,90401,12000,858.3491,80,140,0,20,0,0,0,0,80,120,40,0,0,0,140,180,0,40,60,160,0,0,0,0,0,0,0,20,0,0,140,320,0,20
cation-desorption__ea-plus-3,0,90401,14000,995.368,80,140,0,20,0,0,0,0,80,120,40,0,0,0,140,180,0,40,60,160,0,0,0,0,0,0,0,20,0,0,140,320,0,20
cation-desorption__ea-plus-3,0,90401,16000,1138.833,80,140,0,20,0,0,0,0,80,120,40,0,0,0,140,180,0,40,60,160,0,0,0,0,0,0,0,20,0,0,140,320,0,20
cation-desorption__ea-plus-3,0,90401,18000,1278.925,80,140,0,20,0,0,0,0,80,120,40,0,0,0,140,180,0,40,60,160,0,0,0,0,0,0,0,20,0,0,140,320,0,20
cation-desorption__ea-plus-3,0,90401,20000,1419.145,80,140,0,20,0,0,0,0,80,120,40,0,0,0,140,180,0,40,60,160,0,0,0,0,0,0,0,20,0,0,140,320,0,20
cation-desorption__ea-plus-3,1,90403,0,0.0,80,140,0,20,0,0,0,0,80,120,40,0,0,0,140,180,0,40,60,160,0,0,0,0,0,0,0,20,0,0,140,320,0,20
cation-desorption__ea-plus-3,1,90403,2000,142.9856,80,140,0,20,0,0,0,0,80,120,40,0,0,0,140,180,0,40,60,160,0,0,0,0,0,0,0,20,0,0,140,320,0,20
cation-desorption__ea-plus-3,1,90403,4000,286.5905,80,140,0,20,0,0,0,0,80,120,40,0,0,0,140,180,0,40,60,160,0,0,0,0,0,0,0,20,0,0,140,320,0,20
cation-desorption__ea-plus-3,1,90403,6000,424.6695,80,140,0,20,0,0,0,0,80,120,40,0,0,0,140,180,0,40,60,160,0,0,0,0,0,0,0,20,0,0,140,320,0,20
cation-desorption__ea-plus-3,1,90403,8000,574.4201,80,140,0,20,0,0,0,0,80,120,40,0,0,0,140,180,0,40,60,160,0,0,0,0,0,0,0,20,0,0,140,320,0,20
cation-desorption__ea-plus-3,1,90403,10000,712.9999,80,140,0,20,0,0,0,0,80,120,40,0,0,0,140,180,0,40,60,160,0,0,0,0,0,0,0,20,0,0,140,320,0,20
cation-desorption__ea-plus-3,1,90403,12000,860.3508,80,140,0,20,0,0,0,0,80,120,40,0,0,0,140,180,0,40,60,160,0,0,0,0,0,0,0,20,0,0,140,320,0,20
cation-desorption__ea-plus-3,1,90403,14000,1005.387,80,140,0,20,0,0,0,0,80,120,40,0,0,0,140,180,0,40,60,160,0,0,0,0,0,0,0,20,0,0,140,320,0,20
cation-desorption__ea-plus-3,1,90403,16000,1147.633,80,140,0,20,0,0,0,0,80,120,40,0,0,0,140,180,0,40,60,160,0,0,0,0,0,0,0,20,0,0,140,320,0,20
cation-desorption__ea-plus-3,1,90403,18000,1294.272,80,140,0,20,0,0,0,0,80,120,40,0,0,0,140,180,0,40,60,160,0,0,0,0,0,0,0,20,0,0,140,320,0,20
cation-desorption__ea-plus-3,1,90403,20000,1434.076,80,140,0,20,0,0,0,0,80,120,40,0,0,0,140,180,0,40,60,160,0,0,0,0,0,0,0,20,0,0,140,320,0,20
cation-desorption__ea-plus-3,2,90407,0,0.0,80,140,0,20,0,0,0,0,80,120,40,0,0,0,140,180,0,40,60,160,0,0,0,0,0,0,0,20,0,0,140,320,0,20
cation-desorption__ea-plus-3,2,90407,2000,144.4102,80,140,0,20,0,0,0,0,80,120,40,0,0,0,140,180,0,40,60,160,0,0,0,0,0,0,0,20,0,0,140,320,0,20
cation-desorption__ea-plus-3,2,90407,4000,292.1793,80,140,0,20,0,0,0,0,80,120,40,0,0,0,140,180,0,40,60,160,0,0,0,0,0,0,0,20,0,0,140,320,0,20
cation-desorption__ea-plus-3,2,90407,6000,441.9682,80,140,0,20,0,0,0,0,80,120,40,0,0,0,140,180,0,40,60,160,0,0,0,0,0,0,0,20,0,0,140,320,0,20
cation-desorption__ea-plus-3,2,90407,8000,577.6964,80,140,0,20,0,0,0,0,80,120,40,0,0,0,140,180,0,40,60,160,0,0,0,0,0,0,0,20,0,0,140,320,0,20
cation-desorption__ea-plus-3,2,90407,10000,717.1121,80,140,0,20,0,0,0,0,80,120,40,0,0,0,140,180,0,40,60,160,0,0,0,0,0,0,0,20,0,0,140,320,0,20
cation-desorption__ea-plus-3,2,90407,12000,855.5837,80,140,0,20,0,0,0,0,80,120,40,0,0,0,140,180,0,40,60,160,0,0,0,0,0,0,0,20,0,0,140,320,0,20
cation-desorption__ea-plus-3,2,90407,14000,1003.298,80,140,0,20,0,0,0,0,80,120,40,0,0,0,140,180,0,40,60,160,0,0,0,0,0,0,0,20,0,0,140,320,0,20
cation-desorption__ea-plus-3,2,90407,16000,1139.54,80,140,0,20,0,0,0,0,80,120,40,0,0,0,140,180,0,40,60,160,0,0,0,0,0,0,0,20,0,0,140,320,0,20
cation-desorption__ea-plus-3,2,90407,18000,1288.186,80,139,1,19,1,0,0,0,79,120,40,0,0,1,138,180,1,41,60,160,0,0,0,0,0,1,0,19,0,0,140,319,1,20
cation-desorption__ea-plus-3,2,90407,20000,1445.428,80,139,1,19,1,0,0,0,79,120,40,0,0,1,138,180,1,41,60,160,0,0,0,0,0,1,0,19,0,0,140,319,1,20
cation-desorption__ea-plus-3,3,90409,0,0.0,80,140,0,20,0,0,0,0,80,120,40,0,0,0,140,180,0,40,60,160,0,0,0,0,0,0,0,20,0,0,140,320,0,20
cation-desorption__ea-plus-3,3,90409,2000,147.6805,80,140,0,20,0,0,0,0,80,120,40,0,0,0,140,180,0,40,60,160,0,0,0,0,0,0,0,20,0,0,140,320,0,20
cation-desorption__ea-plus-3,3,90409,4000,294.6574,80,140,0,20,0,0,0,0,80,120,40,0,0,0,140,180,0,40,60,160,0,0,0,0,0,0,0,20,0,0,140,320,0,20
cation-desorption__ea-plus-3,3,90409,6000,455.1567,80,139,1,19,1,0,0,0,79,120,40,0,0,1,138,180,1,41,60,160,0,0,0,0,0,1,0,19,0,0,140,319,1,20
cation-desorption__ea-plus-3,3,90409,8000,610.0296,80,139,1,19,1,0,0,0,79,120,40,0,0,1,138,180,1,41,60,160,0,0,0,0,0,1,0,19,0,0,140,319,1,20
cation-desorption__ea-plus-3,3,90409,10000,766.6151,80,139,1,19,1,0,0,0,79,120,40,0,0,1,138,180,1,41,60,160,0,0,0,0,0,1,0,19,0,0,140,319,1,20
cation-desorption__ea-plus-3,3,90409,12000,911.602,80,139,1,19,1,0,0,0,79,120,40,0,0,1,138,180,1,41,60,160,0,0,0,0,0,1,0,19,0,0,140,319,1,20
cation-desorption__ea-plus-3,3,90409,14000,1069.171,80,139,1,19,1,0,0,0,79,120,40,0,0,1,138,180,1,41,60,160,0,0,0,0,0,1,0,19,0,0,140,319,1,20
cation-desorption__ea-plus-3,3,90409,16000,1219.983,80,139,1,19,1,0,0,0,79,120,40,0,0,1,138,180,1,41,60,160,0,0,0,0,0,1,0,19,0,0,140,319,1,20
cation-desorption__ea-plus-3,3,90409,18000,1374.608,80,140,0,20,0,0,0,0,78,120,40,0,0,2,136,180,2,42,60,160,0,0,0,0,0,2,0,18,0,0,140,320,0,20
cation-desorption__ea-plus-3,3,90409,20000,1539.301,80,139,1,19,1,0,0,0,77,120,40,0,0,3,134,180,3,43,60,160,0,0,0,0,0,3,0,17,0,0,140,319,1,20
cation-desorption__ea-plus-3,4,90413,0,0.0,80,140,0,20,0,0,0,0,80,120,40,0,0,0,140,180,0,40,60,160,0,0,0,0,0,0,0,20,0,0,140,320,0,20
cation-desorption__ea-plus-3,4,90413,2000,144.2787,80,140,0,20,0,0,0,0,80,120,40,0,0,0,140,180,0,40,60,160,0,0,0,0,0,0,0,20,0,0,140,320,0,20
cation-desorption__ea-plus-3,4,90413,4000,293.8795,80,140,0,20,0,0,0,0,80,120,40,0,0,0,140,180,0,40,60,160,0,0,0,0,0,0,0,20,0,0,140,320,0,20
cation-desorption__ea-plus-3,4,90413,6000,432.2299,80,140,0,20,0,0,0,0,80,120,40,0,0,0,140,180,0,40,60,160,0,0,0,0,0,0,0,20,0,0,140,320,0,20
cation-desorption__ea-plus-3,4,90413,8000,579.9652,80,140,0,20,0,0,0,0,80,120,40,0,0,0,140,180,0,40,60,160,0,0,0,0,0,0,0,20,0,0,140,320,0,20
cation-desorption__ea-plus-3,4,90413,10000,726.2198,80,140,0,20,0,0,0,0,80,120,40,0,0,0,140,180,0,40,60,160,0,0,0,0,0,0,0,20,0,0,140,320,0,20
cation-desorption__ea-plus-3,4,90413,12000,871.7934,80,140,0,20,0,0,0,0,80,120,40,0,0,0,140,180,0,40,60,160,0,0,0,0,0,0,0,20,0,0,140,320,0,20
cation-desorption__ea-plus-3,4,90413,14000,1017.125,80,140,0,20,0,0,0,0,80,120,40,0,0,0,140,180,0,40,60,160,0,0,0,0,0,0,0,20,0,0,140,320,0,20
cation-desorption__ea-plus-3,4,90413,16000,1162.618,80,140,0,20,0,0,0,0,80,120,40,0,0,0,140,180,0,40,60,160,0,0,0,0,0,0,0,20,0,0,140,320,0,20
cation-desorption__ea-plus-3,4,90413,18000,1305.205,80,139,1,19,1,0,0,0,79,120,40,0,0,1,138,180,1,41,60,160,0,0,0,0,0,1,0,19,0,0,140,319,1,20
cation-desorption__ea-plus-3,4,90413,20000,1456.543,80,139,1,19,1,0,0,0,79,120,40,0,0,1,138,180,1,41,60,160,0,0,0,0,0,1,0,19,0,0,140,319,1,20
cation-desorption__ea-plus-3,5,90419,0,0.0,80,140,0,20,0,0,0,0,80,120,40,0,0,0,140,180,0,40,60,160,0,0,0,0,0,0,0,20,0,0,140,320,0,20
cation-desorption__ea-plus-3,5,90419,2000,150.0076,80,139,1,19,1,0,0,0,79,120,40,0,0,1,138,180,1,41,60,160,0,0,0,0,0,1,0,19,0,0,140,319,1,20
cation-desorption__ea-plus-3,5,90419,4000,299.9473,80,139,1,19,1,0,0,0,79,120,40,0,0,1,138,180,1,41,60,160,0,0,0,0,0,1,0,19,0,0,140,319,1,20
cation-desorption__ea-plus-3,5,90419,6000,453.5396,80,139,1,19,1,0,0,0,79,120,40,0,0,1,138,180,1,41,60,160,0,0,0,0,0,1,0,19,0,0,140,319,1,20
cation-desorption__ea-plus-3,5,90419,8000,611.4099,80,139,1,19,1,0,0,0,79,120,40,0,0,1,138,180,1,41,60,160,0,0,0,0,0,1,0,19,0,0,140,319,1,20
cation-desorption__ea-plus-3,5,90419,10000,766.5827,80,139,1,19,1,0,0,0,79,120,40,0,0,1,138,180,1,41,60,160,0,0,0,0,0,1,0,19,0,0,140,319,1,20
cation-desorption__ea-plus-3,5,90419,12000,908.5637,80,139,1,19,1,0,0,0,79,120,40,0,0,1,138,180,1,41,60,160,0,0,0,0,0,1,0,19,0,0,140,319,1,20
cation-desorption__ea-plus-3,5,90419,14000,1061.609,80,139,1,19,1,0,0,0,79,120,40,0,0,1,138,180,1,41,60,160,0,0,0,0,0,1,0,19,0,0,140,319,1,20
cation-desorption__ea-plus-3,5,90419,16000,1208.838,80,139,1,19,1,0,0,0,79,120,40,0,0,1,138,180,1,41,60,160,0,0,0,0,0,1,0,19,0,0,140,319,1,20
cation-desorption__ea-plus-3,5,90419,18000,1356.063,80,140,0,20,0,0,0,0,78,120,40,0,0,2,136,180,2,42,60,160,0,0,0,0,0,2,0,18,0,0,140,320,0,20
cation-desorption__ea-plus-3,5,90419,20000,1513.534,80,140,0,20,0,0,0,0,78,120,40,0,0,2,136,180,2,42,60,160,0,0,0,0,0,2,0,18,0,0,140,320,0,20
cation-desorption__ea-plus-3,6,90421,0,0.0,80,140,0,20,0,0,0,0,80,120,40,0,0,0,140,180,0,40,60,160,0,0,0,0,0,0,0,20,0,0,140,320,0,20
cation-desorption__ea-plus-3,6,90421,2000,151.4684,80,140,0,20,0,0,0,0,80,120,40,0,0,0,140,180,0,40,60,160,0,0,0,0,0,0,0,20,0,0,140,320,0,20
cation-desorption__ea-plus-3,6,90421,4000,294.9625,80,140,0,20,0,0,0,0,80,120,40,0,0,0,140,180,0,40,60,160,0,0,0,0,0,0,0,20,0,0,140,320,0,20
cation-desorption__ea-plus-3,6,90421,6000,426.4785,80,140,0,20,0,0,0,0,80,120,40,0,0,0,140,180,0,40,60,160,0,0,0,0,0,0,0,20,0,0,140,320,0,20
cation-desorption__ea-plus-3,6,90421,8000,578.3517,80,140,0,20,0,0,0,0,80,120,40,0,0,0,140,180,0,40,60,160,0,0,0,0,0,0,0,20,0,0,140,320,0,20
cation-desorption__ea-plus-3,6,90421,10000,723.5039,80,140,0,20,0,0,0,0,80,120,40,0,0,0,140,180,0,40,60,160,0,0,0,0,0,0,0,20,0,0,140,320,0,20
cation-desorption__ea-plus-3,6,90421,12000,867.4897,80,140,0,20,0,0,0,0,80,120,40,0,0,0,140,180,0,40,60,160,0,0,0,0,0,0,0,20,0,0,140,320,0,20
cation-desorption__ea-plus-3,6,90421,14000,1020.746,80,140,0,20,0,0,0,0,78,120,40,0,0,2,136,180,2,42,60,160,0,0,0,0,0,2,0,18,0,0,140,320,0,20
cation-desorption__ea-plus-3,6,90421,16000,1175.487,80,140,0,20,0,0,0,0,78,120,40,0,0,2,136,180,2,42,60,160,0,0,0,0,0,2,0,18,0,0,140,320,0,20
cation-desorption__ea-plus-3,6,90421,18000,1329.142,80,140,0,20,0,0,0,0,78,120,40,0,0,2,136,180,2,42,60,160,0,0,0,0,0,2,0,18,0,0,140,320,0,20
cation-desorption__ea-plus-3,6,90421,20000,1496.714,80,140,0,20,0,0,0,0,78,120,40,0,0,2,136,180,2,42,60,160,0,0,0,0,0,2,0,18,0,0,140,320,0,20
cation-desorption__ea-plus-3,7,90427,0,0.0,80,140,0,20,0,0,0,0,80,120,40,0,0,0,140,180,0,40,60,160,0,0,0,0,0,0,0,20,0,0,140,320,0,20
cation-desorption__ea-plus-3,7,90427,2000,149.0075,80,139,1,19,1,0,0,0,79,120,40,0,0,1,138,180,1,41,60,160,0,0,0,0,0,1,0,19,0,0,140,319,1,20
cation-desorption__ea-plus-3,7,90427,4000,301.2516,80,139,1,19,1,0,0,0,79,120,40,0,0,1,138,180,1,41,60,160,0,0,0,0,0,1,0,19,0,0,140,319,1,20
cation-desorption__ea-plus-3,7,90427,6000,448.5353,80,139,1,19,1,0,0,0,79,120,40,0,0,1,138,180,1,41,60,160,0,0,0,0,0,1,0,19,0,0,140,319,1,20
cation-desorption__ea-plus-3,7,90427,8000,607.5869,80,139,1,19,1,0,0,0,79,120,40,0,0,1,138,180,1,41,60,160,0,0,0,0,0,1,0,19,0,0,140,319,1,20
cation-desorption__ea-plus-3,7,90427,10000,763.3309,80,139,1,19,1,0,0,0,79,120,40,0,0,1,138,180,1,41,60,160,0,0,0,0,0,1,0,19,0,0,140,319,1,20
cation-desorption__ea-plus-3,7,90427,12000,917.7792,80,139,1,19,1,0,0,0,79,120,40,0,0,1,138,180,1,41,60,160,0,0,0,0,0,1,0,19,0,0,140,319,1,20
cation-desorption__ea-plus-3,7,90427,14000,1067.453,80,140,0,20,0,0,0,0,78,120,40,0,0,2,136,180,2,42,60,160,0,0,0,0,0,2,0,18,0,0,140,320,0,20
cation-desorption__ea-plus-3,7,90427,16000,1235.342,80,140,0,20,0,0,0,0,78,120,40,0,0,2,136,180,2,42,60,160,0,0,0,0,0,2,0,18,0,0,140,320,0,20
cation-desorption__ea-plus-3,7,90427,18000,1394.044,80,140,0,20,0,0,0,0,78,120,40,0,0,2,136,180,2,42,60,160,0,0,0,0,0,2,0,18,0,0,140,320,0,20
cation-desorption__ea-plus-3,7,90427,20000,1549.304,80,140,0,20,0,0,0,0,78,120,40,0,0,2,136,180,2,42,60,160,0,0,0,0,0,2,0,18,0,0,140,320,0,20
cation-desorption__prefactor-x0.1,0,90401,0,0.0,80,140,0,20,0,0,0,0,80,120,40,0,0,0,140,180,0,40,60,160,0,0,0,0,0,0,0,20,0,0,140,320,0,20
cation-desorption__prefactor-x0.1,0,90401,2000,145.0588,80,140,0,20,0,0,0,0,80,120,40,0,0,0,140,180,0,40,60,160,0,0,0,0,0,0,0,20,0,0,140,320,0,20
cation-desorption__prefactor-x0.1,0,90401,4000,288.6243,80,140,0,20,0,0,0,0,80,120,40,0,0,0,140,180,0,40,60,160,0,0,0,0,0,0,0,20,0,0,140,320,0,20
cation-desorption__prefactor-x0.1,0,90401,6000,437.1405,80,140,0,20,0,0,0,0,80,120,40,0,0,0,140,180,0,40,60,160,0,0,0,0,0,0,0,20,0,0,140,320,0,20
cation-desorption__prefactor-x0.1,0,90401,8000,578.8338,80,140,0,20,0,0,0,0,80,120,40,0,0,0,140,180,0,40,60,160,0,0,0,0,0,0,0,20,0,0,140,320,0,20
cation-desorption__prefactor-x0.1,0,90401,10000,719.5576,80,140,0,20,0,0,0,0,80,120,40,0,0,0,140,180,0,40,60,160,0,0,0,0,0,0,0,20,0,0,140,320,0,20
cation-desorption__prefactor-x0.1,0,90401,12000,858.3491,80,140,0,20,0,0,0,0,80,120,40,0,0,0,140,180,0,40,60,160,0,0,0,0,0,0,0,20,0,0,140,320,0,20
cation-desorption__prefactor-x0.1,0,90401,14000,995.368,80,140,0,20,0,0,0,0,80,120,40,0,0,0,140,180,0,40,60,160,0,0,0,0,0,0,0,20,0,0,140,320,0,20
cation-desorption__prefactor-x0.1,0,90401,16000,1138.833,80,140,0,20,0,0,0,0,80,120,40,0,0,0,140,180,0,40,60,160,0,0,0,0,0,0,0,20,0,0,140,320,0,20
cation-desorption__prefactor-x0.1,0,90401,18000,1278.925,80,140,0,20,0,0,0,0,80,120,40,0,0,0,140,180,0,40,60,160,0,0,0,0,0,0,0,20,0,0,140,320,0,20
cation-desorption__prefactor-x0.1,0,90401,20000,1419.145,80,140,0,20,0,0,0,0,80,120,40,0,0,0,140,180,0,40,60,160,0,0,0,0,0,0,0,20,0,0,140,320,0,20
cation-desorption__prefactor-x0.1,1,90403,0,0.0,80,140,0,20,0,0,0,0,80,120,40,0,0,0,140,180,0,40,60,160,0,0,0,0,0,0,0,20,0,0,140,320,0,20
cation-desorption__prefactor-x0.1,1,90403,2000,142.9856,80,140,0,20,0,0,0,0,80,120,40,0,0,0,140,180,0,40,60,160,0,0,0,0,0,0,0,20,0,0,140,320,0,20
cation-desorption__prefactor-x0.1,1,90403,4000,286.5905,80,140,0,20,0,0,0,0,80,120,40,0,0,0,140,180,0,40,60,160,0,0,0,0,0,0,0,20,0,0,140,320,0,20
cation-desorption__prefactor-x0.1,1,90403,6000,424.6695,80,140,0,20,0,0,0,0,80,120,40,0,0,0,140,180,0,40,60,160,0,0,0,0,0,0,0,20,0,0,140,320,0,20
cation-desorption__prefactor-x0.1,1,90403,8000,574.4201,80,140,0,20,0,0,0,0,80,120,40,0,0,0,140,180,0,40,60,160,0,0,0,0,0,0,0,20,0,0,140,320,0,20
cation-desorption__prefactor-x0.1,1,90403,10000,712.9999,80,140,0,20,0,0,0,0,80,120,40,0,0,0,140,180,0,40,60,160,0,0,0,0,0,0,0,20,0,0,140,320,0,20
cation-desorption__prefactor-x0.1,1,90403,12000,860.3508,80,140,0,20,0,0,0,0,80,120,40,0,0,0,140,180,0,40,60,160,0,0,0,0,0,0,0,20,0,0,140,320,0,20
cation-desorption__prefactor-x0.1,1,90403,14000,1005.387,80,140,0,20,0,0,0,0,80,120,40,0,0,0,140,180,0,40,60,160,0,0,0,0,0,0,0,20,0,0,140,320,0,20
cation-desorption__prefactor-x0.1,1,90403,16000,1147.633,80,140,0,20,0,0,0,0,80,120,40,0,0,0,140,180,0,40,60,160,0,0,0,0,0,0,0,20,0,0,140,320,0,20
cation-desorption__prefactor-x0.1,1,90403,18000,1294.272,80,140,0,20,0,0,0,0,80,120,40,0,0,0,140,180,0,40,60,160,0,0,0,0,0,0,0,20,0,0,140,320,0,20
cation-desorption__prefactor-x0.1,1,90403,20000,1434.076,80,140,0,20,0,0,0,0,80,120,40,0,0,0,140,180,0,40,60,160,0,0,0,0,0,0,0,20,0,0,140,320,0,20
cation-desorption__prefactor-x0.1,2,90407,0,0.0,80,140,0,20,0,0,0,0,80,120,40,0,0,0,140,180,0,40,60,160,0,0,0,0,0,0,0,20,0,0,140,320,0,20
cation-desorption__prefactor-x0.1,2,90407,2000,144.4102,80,140,0,20,0,0,0,0,80,120,40,0,0,0,140,180,0,40,60,160,0,0,0,0,0,0,0,20,0,0,140,320,0,20
cation-desorption__prefactor-x0.1,2,90407,4000,292.1793,80,140,0,20,0,0,0,0,80,120,40,0,0,0,140,180,0,40,60,160,0,0,0,0,0,0,0,20,0,0,140,320,0,20
cation-desorption__prefactor-x0.1,2,90407,6000,441.9682,80,140,0,20,0,0,0,0,80,120,40,0,0,0,140,180,0,40,60,160,0,0,0,0,0,0,0,20,0,0,140,320,0,20
cation-desorption__prefactor-x0.1,2,90407,8000,577.6964,80,140,0,20,0,0,0,0,80,120,40,0,0,0,140,180,0,40,60,160,0,0,0,0,0,0,0,20,0,0,140,320,0,20
cation-desorption__prefactor-x0.1,2,90407,10000,717.1121,80,140,0,20,0,0,0,0,80,120,40,0,0,0,140,180,0,40,60,160,0,0,0,0,0,0,0,20,0,0,140,320,0,20
cation-desorption__prefactor-x0.1,2,90407,12000,855.5837,80,140,0,20,0,0,0,0,80,120,40,0,0,0,140,180,0,40,60,160,0,0,0,0,0,0,0,20,0,0,140,320,0,20
cation-desorption__prefactor-x0.1,2,90407,14000,1003.298,80,140,0,20,0,0,0,0,80,120,40,0,0,0,140,180,0,40,60,160,0,0,0,0,0,0,0,20,0,0,140,320,0,20
cation-desorption__prefactor-x0.1,2,90407,16000,1139.54,80,140,0,20,0,0,0,0,80,120,40,0,0,0,140,180,0,40,60,160,0,0,0,0,0,0,0,20,0,0,140,320,0,20
cation-desorption__prefactor-x0.1,2,90407,18000,1288.186,80,139,1,19,1,0,0,0,79,120,40,0,0,1,138,180,1,41,60,160,0,0,0,0,0,1,0,19,0,0,140,319,1,20
cation-desorption__prefactor-x0.1,2,90407,20000,1445.428,80,139,1,19,1,0,0,0,79,120,40,0,0,1,138,180,1,41,60,160,0,0,0,0,0,1,0,19,0,0,140,319,1,20
cation-desorption__prefactor-x0.1,3,90409,0,0.0,80,140,0,20,0,0,0,0,80,120,40,0,0,0,140,180,0,40,60,160,0,0,0,0,0,0,0,20,0,0,140,320,0,20
cation-desorption__prefactor-x0.1,3,90409,2000,147.6805,80,140,0,20,0,0,0,0,80,120,40,0,0,0,140,180,0,40,60,160,0,0,0,0,0,0,0,20,0,0,140,320,0,20
cation-desorption__prefactor-x0.1,3,90409,4000,294.6574,80,140,0,20,0,0,0,0,80,120,40,0,0,0,140,180,0,40,60,160,0,0,0,0,0,0,0,20,0,0,140,320,0,20
cation-desorption__prefactor-x0.1,3,90409,6000,455.1567,80,139,1,19,1,0,0,0,79,120,40,0,0,1,138,180,1,41,60,160,0,0,0,0,0,1,0,19,0,0,140,319,1,20
cation-desorption__prefactor-x0.1,3,90409,8000,610.0296,80,139,1,19,1,0,0,0,79,120,40,0,0,1,138,180,1,41,60,160,0,0,0,0,0,1,0,19,0,0,140,319,1,20
cation-desorption__prefactor-x0.1,3,90409,10000,766.6151,80,139,1,19,1,0,0,0,79,120,40,0,0,1,138,180,1,41,60,160,0,0,0,0,0,1,0,19,0,0,140,319,1,20
cation-desorption__prefactor-x0.1,3,90409,12000,911.602,80,139,1,19,1,0,0,0,79,120,40,0,0,1,138,180,1,41,60,160,0,0,0,0,0,1,0,19,0,0,140,319,1,20
cation-desorption__prefactor-x0.1,3,90409,14000,1069.171,80,139,1,19,1,0,0,0,79,120,40,0,0,1,138,180,1,41,60,160,0,0,0,0,0,1,0,19,0,0,140,319,1,20
cation-desorption__prefactor-x0.1,3,90409,16000,1219.983,80,139,1,19,1,0,0,0,79,120,40,0,0,1,138,180,1,41,60,160,0,0,0,0,0,1,0,19,0,0,140,319,1,20
cation-desorption__prefactor-x0.1,3,90409,18000,1374.608,80,140,0,20,0,0,0,0,78,120,40,0,0,2,136,180,2,42,60,160,0,0,0,0,0,2,0,18,0,0,140,320,0,20
cation-desorption__prefactor-x0.1,3,90409,20000,1539.301,80,139,1,19,1,0,0,0,77,120,40,0,0,3,134,180,3,43,60,160,0,0,0,0,0,3,0,17,0,0,140,319,1,20
cation-desorption__prefactor-x0.1,4,90413,0,0.0,80,140,0,20,0,0,0,0,80,120,40,0,0,0,140,180,0,40,60,160,0,0,0,0,0,0,0,20,0,0,140,320,0,20
cation-desorption__prefactor-x0.1,4,90413,2000,144.2787,80,140,0,20,0,0,0,0,80,120,40,0,0,0,140,180,0,40,60,160,0,0,0,0,0,0,0,20,0,0,140,320,0,20
cation-desorption__prefactor-x0.1,4,90413,4000,293.8795,80,140,0,20,0,0,0,0,80,120,40,0,0,0,140,180,0,40,60,160,0,0,0,0,0,0,0,20,0,0,140,320,0,20
cation-desorption__prefactor-x0.1,4,90413,6000,432.2299,80,140,0,20,0,0,0,0,80,120,40,0,0,0,140,180,0,40,60,160,0,0,0,0,0,0,0,20,0,0,140,320,0,20
cation-desorption__prefactor-x0.1,4,90413,8000,579.9652,80,140,0,20,0,0,0,0,80,120,40,0,0,0,140,180,0,40,60,160,0,0,0,0,0,0,0,20,0,0,140,320,0,20
cation-desorption__prefactor-x0.1,4,90413,10000,726.2198,80,140,0,20,0,0,0,0,80,120,40,0,0,0,140,180,0,40,60,160,0,0,0,0,0,0,0,20,0,0,140,320,0,20
cation-desorption__prefactor-x0.1,4,90413,12000,871.7934,80,140,0,20,0,0,0,0,80,120,40,0,0,0,140,180,0,40,60,160,0,0,0,0,0,0,0,20,0,0,140,320,0,20
cation-desorption__prefactor-x0.1,4,90413,14000,1017.125,80,140,0,20,0,0,0,0,80,120,40,0,0,0,140,180,0,40,60,160,0,0,0,0,0,0,0,20,0,0,140,320,0,20
cation-desorption__prefactor-x0.1,4,90413,16000,1162.618,80,140,0,20,0,0,0,0,80,120,40,0,0,0,140,180,0,40,60,160,0,0,0,0,0,0,0,20,0,0,140,320,0,20
cation-desorption__prefactor-x0.1,4,90413,18000,1305.205,80,139,1,19,1,0,0,0,79,120,40,0,0,1,138,180,1,41,60,160,0,0,0,0,0,1,0,19,0,0,140,319,1,20
cation-desorption__prefactor-x0.1,4,90413,20000,1456.543,80,139,1,19,1,0,0,0,79,120,40,0,0,1,138,180,1,41,60,160,0,0,0,0,0,1,0,19,0,0,140,319,1,20
cation-desorption__prefactor-x0.1,5,90419,0,0.0,80,140,0,20,0,0,0,0,80,120,40,0,0,0,140,180,0,40,60,160,0,0,0,0,0,0,0,20,0,0,140,320,0,20
cation-desorption__prefactor-x0.1,5,90419,2000,150.0076,80,139,1,19,1,0,0,0,79,120,40,0,0,1,138,180,1,41,60,160,0,0,0,0,0,1,0,19,0,0,140,319,1,20
cation-desorption__prefactor-x0.1,5,90419,4000,299.9473,80,139,1,19,1,0,0,0,79,120,40,0,0,1,138,180,1,41,60,160,0,0,0,0,0,1,0,19,0,0,140,319,1,20
cation-desorption__prefactor-x0.1,5,90419,6000,453.5396,80,139,1,19,1,0,0,0,79,120,40,0,0,1,138,180,1,41,60,160,0,0,0,0,0,1,0,19,0,0,140,319,1,20
cation-desorption__prefactor-x0.1,5,90419,8000,611.4099,80,139,1,19,1,0,0,0,79,120,40,0,0,1,138,180,1,41,60,160,0,0,0,0,0,1,0,19,0,0,140,319,1,20
cation-desorption__prefactor-x0.1,5,90419,10000,766.5827,80,139,1,19,1,0,0,0,79,120,40,0,0,1,138,180,1,41,60,160,0,0,0,0,0,1,0,19,0,0,140,319,1,20
cation-desorption__prefactor-x0.1,5,90419,12000,908.5637,80,139,1,19,1,0,0,0,79,120,40,0,0,1,138,180,1,41,60,160,0,0,0,0,0,1,0,19,0,0,140,319,1,20
cation-desorption__prefactor-x0.1,5,90419,14000,1061.609,80,139,1,19,1,0,0,0,79,120,40,0,0,1,138,180,1,41,60,160,0,0,0,0,0,1,0,19,0,0,140,319,1,20
cation-desorption__prefactor-x0.1,5,90419,16000,1208.838,80,139,1,19,1,0,0,0,79,120,40,0,0,1,138,180,1,41,60,160,0,0,0,0,0,1,0,19,0,0,140,319,1,20
cation-desorption__prefactor-x0.1,5,90419,18000,1356.063,80,140,0,20,0,0,0,0,78,120,40,0,0,2,136,180,2,42,60,160,0,0,0,0,0,2,0,18,0,0,140,320,0,20
cation-desorption__prefactor-x0.1,5,90419,20000,1513.534,80,140,0,20,0,0,0,0,78,120,40,0,0,2,136,180,2,42,60,160,0,0,0,0,0,2,0,18,0,0,140,320,0,20
cation-desorption__prefactor-x0.1,6,90421,0,0.0,80,140,0,20,0,0,0,0,80,120,40,0,0,0,140,180,0,40,60,160,0,0,0,0,0,0,0,20,0,0,140,320,0,20
cation-desorption__prefactor-x0.1,6,90421,2000,151.4684,80,140,0,20,0,0,0,0,80,120,40,0,0,0,140,180,0,40,60,160,0,0,0,0,0,0,0,20,0,0,140,320,0,20
cation-desorption__prefactor-x0.1,6,90421,4000,294.9625,80,140,0,20,0,0,0,0,80,120,40,0,0,0,140,180,0,40,60,160,0,0,0,0,0,0,0,20,0,0,140,320,0,20
cation-desorption__prefactor-x0.1,6,90421,6000,426.4785,80,140,0,20,0,0,0,0,80,120,40,0,0,0,140,180,0,40,60,160,0,0,0,0,0,0,0,20,0,0,140,320,0,20
cation-desorption__prefactor-x0.1,6,90421,8000,578.3517,80,140,0,20,0,0,0,0,80,120,40,0,0,0,140,180,0,40,60,160,0,0,0,0,0,0,0,20,0,0,140,320,0,20
cation-desorption__prefactor-x0.1,6,90421,10000,723.5039,80,140,0,20,0,0,0,0,80,120,40,0,0,0,140,180,0,40,60,160,0,0,0,0,0,0,0,20,0,0,140,320,0,20
cation-desorption__prefactor-x0.1,6,90421,12000,867.4897,80,140,0,20,0,0,0,0,80,120,40,0,0,0,140,180,0,40,60,160,0,0,0,0,0,0,0,20,0,0,140,320,0,20
cation-desorption__prefactor-x0.1,6,90421,14000,1020.746,80,140,0,20,0,0,0,0,78,120,40,0,0,2,136,180,2,42,60,160,0,0,0,0,0,2,0,18,0,0,140,320,0,20
cation-desorption__prefactor-x0.1,6,90421,16000,1175.487,80,140,0,20,0,0,0,0,78,120,40,0,0,2,136,180,2,42,60,160,0,0,0,0,0,2,0,18,0,0,140,320,0,20
cation-desorption__prefactor-x0.1,6,90421,18000,1329.142,80,140,0,20,0,0,0,0,78,120,40,0,0,2,136,180,2,42,60,160,0,0,0,0,0,2,0,18,0,0,140,320,0,20
cation-desorption__prefactor-x0.1,6,90421,20000,1496.714,80,140,0,20,0,0,0,0,78,120,40,0,0,2,136,180,2,42,60,160,0,0,0,0,0,2,0,18,0,0,140,320,0,20
cation-desorption__prefactor-x0.1,7,90427,0,0.0,80,140,0,20,0,0,0,0,80,120,40,0,0,0,140,180,0,40,60,160,0,0,0,0,0,0,0,20,0,0,140,320,0,20
cation-desorption__prefactor-x0.1,7,90427,2000,149.0075,80,139,1,19,1,0,0,0,79,120,40,0,0,1,138,180,1,41,60,160,0,0,0,0,0,1,0,19,0,0,140,319,1,20
cation-desorption__prefactor-x0.1,7,90427,4000,301.2516,80,139,1,19,1,0,0,0,79,120,40,0,0,1,138,180,1,41,60,160,0,0,0,0,0,1,0,19,0,0,140,319,1,20
cation-desorption__prefactor-x0.1,7,90427,6000,448.5353,80,139,1,19,1,0,0,0,79,120,40,0,0,1,138,180,1,41,60,160,0,0,0,0,0,1,0,19,0,0,140,319,1,20
cation-desorption__prefactor-x0.1,7,90427,8000,607.5869,80,139,1,19,1,0,0,0,79,120,40,0,0,1,138,180,1,41,60,160,0,0,0,0,0,1,0,19,0,0,140,319,1,20
cation-desorption__prefactor-x0.1,7,90427,10000,763.3309,80,139,1,19,1,0,0,0,79,120,40,0,0,1,138,180,1,41,60,160,0,0,0,0,0,1,0,19,0,0,140,319,1,20
cation-desorption__prefactor-x0.1,7,90427,12000,917.7792,80,139,1,19,1,0,0,0,79,120,40,0,0,1,138,180,1,41,60,160,0,0,0,0,0,1,0,19,0,0,140,319,1,20
cation-desorption__prefactor-x0.1,7,90427,14000,1067.453,80,140,0,20,0,0,0,0,78,120,40,0,0,2,136,180,2,42,60,160,0,0,0,0,0,2,0,18,0,0,140,320,0,20
cation-desorption__prefactor-x0.1,7,90427,16000,1235.342,80,140,0,20,0,0,0,0,78,120,40,0,0,2,136,180,2,42,60,160,0,0,0,0,0,2,0,18,0,0,140,320,0,20
cation-desorption__prefactor-x0.1,7,90427,18000,1394.044,80,140,0,20,0,0,0,0,78,120,40,0,0,2,136,180,2,42,60,160,0,0,0,0,0,2,0,18,0,0,140,320,0,20
cation-desorption__prefactor-x0.1,7,90427,20000,1549.304,80,140,0,20,0,0,0,0,78,120,40,0,0,2,136,180,2,42,60,160,0,0,0,0,0,2,0,18,0,0,140,320,0,20
cation-desorption__prefactor-x10,0,90401,0,0.0,80,140,0,20,0,0,0,0,80,120,40,0,0,0,140,180,0,40,60,160,0,0,0,0,0,0,0,20,0,0,140,320,0,20
cation-desorption__prefactor-x10,0,90401,2000,145.0588,80,140,0,20,0,0,0,0,80,120,40,0,0,0,140,180,0,40,60,160,0,0,0,0,0,0,0,20,0,0,140,320,0,20
cation-desorption__prefactor-x10,0,90401,4000,288.6243,80,140,0,20,0,0,0,0,80,120,40,0,0,0,140,180,0,40,60,160,0,0,0,0,0,0,0,20,0,0,140,320,0,20
cation-desorption__prefactor-x10,0,90401,6000,437.1405,80,140,0,20,0,0,0,0,80,120,40,0,0,0,140,180,0,40,60,160,0,0,0,0,0,0,0,20,0,0,140,320,0,20
cation-desorption__prefactor-x10,0,90401,8000,578.8338,80,140,0,20,0,0,0,0,80,120,40,0,0,0,140,180,0,40,60,160,0,0,0,0,0,0,0,20,0,0,140,320,0,20
cation-desorption__prefactor-x10,0,90401,10000,719.5576,80,140,0,20,0,0,0,0,80,120,40,0,0,0,140,180,0,40,60,160,0,0,0,0,0,0,0,20,0,0,140,320,0,20
cation-desorption__prefactor-x10,0,90401,12000,858.3491,80,140,0,20,0,0,0,0,80,120,40,0,0,0,140,180,0,40,60,160,0,0,0,0,0,0,0,20,0,0,140,320,0,20
cation-desorption__prefactor-x10,0,90401,14000,995.368,80,140,0,20,0,0,0,0,80,120,40,0,0,0,140,180,0,40,60,160,0,0,0,0,0,0,0,20,0,0,140,320,0,20
cation-desorption__prefactor-x10,0,90401,16000,1138.833,80,140,0,20,0,0,0,0,80,120,40,0,0,0,140,180,0,40,60,160,0,0,0,0,0,0,0,20,0,0,140,320,0,20
cation-desorption__prefactor-x10,0,90401,18000,1278.925,80,140,0,20,0,0,0,0,80,120,40,0,0,0,140,180,0,40,60,160,0,0,0,0,0,0,0,20,0,0,140,320,0,20
cation-desorption__prefactor-x10,0,90401,20000,1419.145,80,140,0,20,0,0,0,0,80,120,40,0,0,0,140,180,0,40,60,160,0,0,0,0,0,0,0,20,0,0,140,320,0,20
cation-desorption__prefactor-x10,1,90403,0,0.0,80,140,0,20,0,0,0,0,80,120,40,0,0,0,140,180,0,40,60,160,0,0,0,0,0,0,0,20,0,0,140,320,0,20
cation-desorption__prefactor-x10,1,90403,2000,142.9856,80,140,0,20,0,0,0,0,80,120,40,0,0,0,140,180,0,40,60,160,0,0,0,0,0,0,0,20,0,0,140,320,0,20
cation-desorption__prefactor-x10,1,90403,4000,286.5905,80,140,0,20,0,0,0,0,80,120,40,0,0,0,140,180,0,40,60,160,0,0,0,0,0,0,0,20,0,0,140,320,0,20
cation-desorption__prefactor-x10,1,90403,6000,424.6695,80,140,0,20,0,0,0,0,80,120,40,0,0,0,140,180,0,40,60,160,0,0,0,0,0,0,0,20,0,0,140,320,0,20
cation-desorption__prefactor-x10,1,90403,8000,574.4201,80,140,0,20,0,0,0,0,80,120,40,0,0,0,140,180,0,40,60,160,0,0,0,0,0,0,0,20,0,0,140,320,0,20
cation-desorption__prefactor-x10,1,90403,10000,712.9999,80,140,0,20,0,0,0,0,80,120,40,0,0,0,140,180,0,40,60,160,0,0,0,0,0,0,0,20,0,0,140,320,0,20
cation-desorption__prefactor-x10,1,90403,12000,860.3508,80,140,0,20,0,0,0,0,80,120,40,0,0,0,140,180,0,40,60,160,0,0,0,0,0,0,0,20,0,0,140,320,0,20
cation-desorption__prefactor-x10,1,90403,14000,1005.387,80,140,0,20,0,0,0,0,80,120,40,0,0,0,140,180,0,40,60,160,0,0,0,0,0,0,0,20,0,0,140,320,0,20
cation-desorption__prefactor-x10,1,90403,16000,1147.633,80,140,0,20,0,0,0,0,80,120,40,0,0,0,140,180,0,40,60,160,0,0,0,0,0,0,0,20,0,0,140,320,0,20
cation-desorption__prefactor-x10,1,90403,18000,1294.272,80,140,0,20,0,0,0,0,80,120,40,0,0,0,140,180,0,40,60,160,0,0,0,0,0,0,0,20,0,0,140,320,0,20
cation-desorption__prefactor-x10,1,90403,20000,1434.076,80,140,0,20,0,0,0,0,80,120,40,0,0,0,140,180,0,40,60,160,0,0,0,0,0,0,0,20,0,0,140,320,0,20
cation-desorption__prefactor-x10,2,90407,0,0.0,80,140,0,20,0,0,0,0,80,120,40,0,0,0,140,180,0,40,60,160,0,0,0,0,0,0,0,20,0,0,140,320,0,20
cation-desorption__prefactor-x10,2,90407,2000,144.4102,80,140,0,20,0,0,0,0,80,120,40,0,0,0,140,180,0,40,60,160,0,0,0,0,0,0,0,20,0,0,140,320,0,20
cation-desorption__prefactor-x10,2,90407,4000,292.1793,80,140,0,20,0,0,0,0,80,120,40,0,0,0,140,180,0,40,60,160,0,0,0,0,0,0,0,20,0,0,140,320,0,20
cation-desorption__prefactor-x10,2,90407,6000,441.9682,80,140,0,20,0,0,0,0,80,120,40,0,0,0,140,180,0,40,60,160,0,0,0,0,0,0,0,20,0,0,140,320,0,20
cation-desorption__prefactor-x10,2,90407,8000,577.6964,80,140,0,20,0,0,0,0,80,120,40,0,0,0,140,180,0,40,60,160,0,0,0,0,0,0,0,20,0,0,140,320,0,20
cation-desorption__prefactor-x10,2,90407,10000,717.1121,80,140,0,20,0,0,0,0,80,120,40,0,0,0,140,180,0,40,60,160,0,0,0,0,0,0,0,20,0,0,140,320,0,20
cation-desorption__prefactor-x10,2,90407,12000,855.5837,80,140,0,20,0,0,0,0,80,120,40,0,0,0,140,180,0,40,60,160,0,0,0,0,0,0,0,20,0,0,140,320,0,20
cation-desorption__prefactor-x10,2,90407,14000,1003.298,80,140,0,20,0,0,0,0,80,120,40,0,0,0,140,180,0,40,60,160,0,0,0,0,0,0,0,20,0,0,140,320,0,20
cation-desorption__prefactor-x10,2,90407,16000,1139.54,80,140,0,20,0,0,0,0,80,120,40,0,0,0,140,180,0,40,60,160,0,0,0,0,0,0,0,20,0,0,140,320,0,20
cation-desorption__prefactor-x10,2,90407,18000,1288.186,80,139,1,19,1,0,0,0,79,120,40,0,0,1,138,180,1,41,60,160,0,0,0,0,0,1,0,19,0,0,140,319,1,20
cation-desorption__prefactor-x10,2,90407,20000,1445.428,80,139,1,19,1,0,0,0,79,120,40,0,0,1,138,180,1,41,60,160,0,0,0,0,0,1,0,19,0,0,140,319,1,20
cation-desorption__prefactor-x10,3,90409,0,0.0,80,140,0,20,0,0,0,0,80,120,40,0,0,0,140,180,0,40,60,160,0,0,0,0,0,0,0,20,0,0,140,320,0,20
cation-desorption__prefactor-x10,3,90409,2000,147.6805,80,140,0,20,0,0,0,0,80,120,40,0,0,0,140,180,0,40,60,160,0,0,0,0,0,0,0,20,0,0,140,320,0,20
cation-desorption__prefactor-x10,3,90409,4000,294.6574,80,140,0,20,0,0,0,0,80,120,40,0,0,0,140,180,0,40,60,160,0,0,0,0,0,0,0,20,0,0,140,320,0,20
cation-desorption__prefactor-x10,3,90409,6000,455.1567,80,139,1,19,1,0,0,0,79,120,40,0,0,1,138,180,1,41,60,160,0,0,0,0,0,1,0,19,0,0,140,319,1,20
cation-desorption__prefactor-x10,3,90409,8000,610.0296,80,139,1,19,1,0,0,0,79,120,40,0,0,1,138,180,1,41,60,160,0,0,0,0,0,1,0,19,0,0,140,319,1,20
cation-desorption__prefactor-x10,3,90409,10000,766.6151,80,139,1,19,1,0,0,0,79,120,40,0,0,1,138,180,1,41,60,160,0,0,0,0,0,1,0,19,0,0,140,319,1,20
cation-desorption__prefactor-x10,3,90409,12000,911.602,80,139,1,19,1,0,0,0,79,120,40,0,0,1,138,180,1,41,60,160,0,0,0,0,0,1,0,19,0,0,140,319,1,20
cation-desorption__prefactor-x10,3,90409,14000,1069.171,80,139,1,19,1,0,0,0,79,120,40,0,0,1,138,180,1,41,60,160,0,0,0,0,0,1,0,19,0,0,140,319,1,20
cation-desorption__prefactor-x10,3,90409,16000,1219.983,80,139,1,19,1,0,0,0,79,120,40,0,0,1,138,180,1,41,60,160,0,0,0,0,0,1,0,19,0,0,140,319,1,20
cation-desorption__prefactor-x10,3,90409,18000,1374.608,80,140,0,20,0,0,0,0,78,120,40,0,0,2,136,180,2,42,60,160,0,0,0,0,0,2,0,18,0,0,140,320,0,20
cation-desorption__prefactor-x10,3,90409,20000,1539.301,80,139,1,19,1,0,0,0,77,120,40,0,0,3,134,180,3,43,60,160,0,0,0,0,0,3,0,17,0,0,140,319,1,20
cation-desorption__prefactor-x10,4,90413,0,0.0,80,140,0,20,0,0,0,0,80,120,40,0,0,0,140,180,0,40,60,160,0,0,0,0,0,0,0,20,0,0,140,320,0,20
cation-desorption__prefactor-x10,4,90413,2000,144.2787,80,140,0,20,0,0,0,0,80,120,40,0,0,0,140,180,0,40,60,160,0,0,0,0,0,0,0,20,0,0,140,320,0,20
cation-desorption__prefactor-x10,4,90413,4000,293.8795,80,140,0,20,0,0,0,0,80,120,40,0,0,0,140,180,0,40,60,160,0,0,0,0,0,0,0,20,0,0,140,320,0,20
cation-desorption__prefactor-x10,4,90413,6000,432.2299,80,140,0,20,0,0,0,0,80,120,40,0,0,0,140,180,0,40,60,160,0,0,0,0,0,0,0,20,0,0,140,320,0,20
cation-desorption__prefactor-x10,4,90413,8000,579.9652,80,140,0,20,0,0,0,0,80,120,40,0,0,0,140,180,0,40,60,160,0,0,0,0,0,0,0,20,0,0,140,320,0,20
cation-desorption__prefactor-x10,4,90413,10000,726.2198,80,140,0,20,0,0,0,0,80,120,40,0,0,0,140,180,0,40,60,160,0,0,0,0,0,0,0,20,0,0,140,320,0,20
cation-desorption__prefactor-x10,4,90413,12000,871.7934,80,140,0,20,0,0,0,0,80,120,40,0,0,0,140,180,0,40,60,160,0,0,0,0,0,0,0,20,0,0,140,320,0,20
cation-desorption__prefactor-x10,4,90413,14000,1017.125,80,140,0,20,0,0,0,0,80,120,40,0,0,0,140,180,0,40,60,160,0,0,0,0,0,0,0,20,0,0,140,320,0,20
cation-desorption__prefactor-x10,4,90413,16000,1162.618,80,140,0,20,0,0,0,0,80,120,40,0,0,0,140,180,0,40,60,160,0,0,0,0,0,0,0,20,0,0,140,320,0,20
cation-desorption__prefactor-x10,4,90413,18000,1305.205,80,139,1,19,1,0,0,0,79,120,40,0,0,1,138,180,1,41,60,160,0,0,0,0,0,1,0,19,0,0,140,319,1,20
cation-desorption__prefactor-x10,4,90413,20000,1456.543,80,139,1,19,1,0,0,0,79,120,40,0,0,1,138,180,1,41,60,160,0,0,0,0,0,1,0,19,0,0,140,319,1,20
cation-desorption__prefactor-x10,5,90419,0,0.0,80,140,0,20,0,0,0,0,80,120,40,0,0,0,140,180,0,40,60,160,0,0,0,0,0,0,0,20,0,0,140,320,0,20
cation-desorption__prefactor-x10,5,90419,2000,150.0076,80,139,1,19,1,0,0,0,79,120,40,0,0,1,138,180,1,41,60,160,0,0,0,0,0,1,0,19,0,0,140,319,1,20
cation-desorption__prefactor-x10,5,90419,4000,299.9473,80,139,1,19,1,0,0,0,79,120,40,0,0,1,138,180,1,41,60,160,0,0,0,0,0,1,0,19,0,0,140,319,1,20
cation-desorption__prefactor-x10,5,90419,6000,453.5396,80,139,1,19,1,0,0,0,79,120,40,0,0,1,138,180,1,41,60,160,0,0,0,0,0,1,0,19,0,0,140,319,1,20
cation-desorption__prefactor-x10,5,90419,8000,611.4099,80,139,1,19,1,0,0,0,79,120,40,0,0,1,138,180,1,41,60,160,0,0,0,0,0,1,0,19,0,0,140,319,1,20
cation-desorption__prefactor-x10,5,90419,10000,766.5827,80,139,1,19,1,0,0,0,79,120,40,0,0,1,138,180,1,41,60,160,0,0,0,0,0,1,0,19,0,0,140,319,1,20
cation-desorption__prefactor-x10,5,90419,12000,908.5637,80,139,1,19,1,0,0,0,79,120,40,0,0,1,138,180,1,41,60,160,0,0,0,0,0,1,0,19,0,0,140,319,1,20
cation-desorption__prefactor-x10,5,90419,14000,1061.609,80,139,1,19,1,0,0,0,79,120,40,0,0,1,138,180,1,41,60,160,0,0,0,0,0,1,0,19,0,0,140,319,1,20
cation-desorption__prefactor-x10,5,90419,16000,1208.838,80,139,1,19,1,0,0,0,79,120,40,0,0,1,138,180,1,41,60,160,0,0,0,0,0,1,0,19,0,0,140,319,1,20
cation-desorption__prefactor-x10,5,90419,18000,1356.063,80,140,0,20,0,0,0,0,78,120,40,0,0,2,136,180,2,42,60,160,0,0,0,0,0,2,0,18,0,0,140,320,0,20
cation-desorption__prefactor-x10,5,90419,20000,1513.534,80,140,0,20,0,0,0,0,78,120,40,0,0,2,136,180,2,42,60,160,0,0,0,0,0,2,0,18,0,0,140,320,0,20
cation-desorption__prefactor-x10,6,90421,0,0.0,80,140,0,20,0,0,0,0,80,120,40,0,0,0,140,180,0,40,60,160,0,0,0,0,0,0,0,20,0,0,140,320,0,20
cation-desorption__prefactor-x10,6,90421,2000,151.4684,80,140,0,20,0,0,0,0,80,120,40,0,0,0,140,180,0,40,60,160,0,0,0,0,0,0,0,20,0,0,140,320,0,20
cation-desorption__prefactor-x10,6,90421,4000,294.9625,80,140,0,20,0,0,0,0,80,120,40,0,0,0,140,180,0,40,60,160,0,0,0,0,0,0,0,20,0,0,140,320,0,20
cation-desorption__prefactor-x10,6,90421,6000,426.4785,80,140,0,20,0,0,0,0,80,120,40,0,0,0,140,180,0,40,60,160,0,0,0,0,0,0,0,20,0,0,140,320,0,20
cation-desorption__prefactor-x10,6,90421,8000,578.3517,80,140,0,20,0,0,0,0,80,120,40,0,0,0,140,180,0,40,60,160,0,0,0,0,0,0,0,20,0,0,140,320,0,20
cation-desorption__prefactor-x10,6,90421,10000,723.5039,80,140,0,20,0,0,0,0,80,120,40,0,0,0,140,180,0,40,60,160,0,0,0,0,0,0,0,20,0,0,140,320,0,20
cation-desorption__prefactor-x10,6,90421,12000,867.4897,80,140,0,20,0,0,0,0,80,120,40,0,0,0,140,180,0,40,60,160,0,0,0,0,0,0,0,20,0,0,140,320,0,20
cation-desorption__prefactor-x10,6,90421,14000,1020.746,80,140,0,20,0,0,0,0,78,120,40,0,0,2,136,180,2,42,60,160,0,0,0,0,0,2,0,18,0,0,140,320,0,20
cation-desorption__prefactor-x10,6,90421,16000,1175.487,80,140,0,20,0,0,0,0,78,120,40,0,0,2,136,180,2,42,60,160,0,0,0,0,0,2,0,18,0,0,140,320,0,20
cation-desorption__prefactor-x10,6,90421,18000,1329.142,80,140,0,20,0,0,0,0,78,120,40,0,0,2,136,180,2,42,60,160,0,0,0,0,0,2,0,18,0,0,140,320,0,20
cation-desorption__prefactor-x10,6,90421,20000,1496.714,80,140,0,20,0,0,0,0,78,120,40,0,0,2,136,180,2,42,60,160,0,0,0,0,0,2,0,18,0,0,140,320,0,20
cation-desorption__prefactor-x10,7,90427,0,0.0,80,140,0,20,0,0,0,0,80,120,40,0,0,0,140,180,0,40,60,160,0,0,0,0,0,0,0,20,0,0,140,320,0,20
cation-desorption__prefactor-x10,7,90427,2000,149.0075,80,139,1,19,1,0,0,0,79,120,40,0,0,1,138,180,1,41,60,160,0,0,0,0,0,1,0,19,0,0,140,319,1,20
cation-desorption__prefactor-x10,7,90427,4000,301.2516,80,139,1,19,1,0,0,0,79,120,40,0,0,1,138,180,1,41,60,160,0,0,0,0,0,1,0,19,0,0,140,319,1,20
cation-desorption__prefactor-x10,7,90427,6000,448.5353,80,139,1,19,1,0,0,0,79,120,40,0,0,1,138,180,1,41,60,160,0,0,0,0,0,1,0,19,0,0,140,319,1,20
cation-desorption__prefactor-x10,7,90427,8000,607.5869,80,139,1,19,1,0,0,0,79,120,40,0,0,1,138,180,1,41,60,160,0,0,0,0,0,1,0,19,0,0,140,319,1,20
cation-desorption__prefactor-x10,7,90427,10000,763.3309,80,139,1,19,1,0,0,0,79,120,40,0,0,1,138,180,1,41,60,160,0,0,0,0,0,1,0,19,0,0,140,319,1,20
cation-desorption__prefactor-x10,7,90427,12000,917.7792,80,139,1,19,1,0,0,0,79,120,40,0,0,1,138,180,1,41,60,160,0,0,0,0,0,1,0,19,0,0,140,319,1,20
cation-desorption__prefactor-x10,7,90427,14000,1067.453,80,140,0,20,0,0,0,0,78,120,40,0,0,2,136,180,2,42,60,160,0,0,0,0,0,2,0,18,0,0,140,320,0,20
cation-desorption__prefactor-x10,7,90427,16000,1235.342,80,140,0,20,0,0,0,0,78,120,40,0,0,2,136,180,2,42,60,160,0,0,0,0,0,2,0,18,0,0,140,320,0,20
cation-desorption__prefactor-x10,7,90427,18000,1394.044,80,140,0,20,0,0,0,0,78,120,40,0,0,2,136,180,2,42,60,160,0,0,0,0,0,2,0,18,0,0,140,320,0,20
cation-desorption__prefactor-x10,7,90427,20000,1549.304,80,140,0,20,0,0,0,0,78,120,40,0,0,2,136,180,2,42,60,160,0,0,0,0,0,2,0,18,0,0,140,320,0,20
