potential_mu_kcal_mol,replica,seed,observed_time_s,initiated,censored_at_s
-0.20,0,11586010233531586918,600.000000000,false,600.0
-0.20,1,7435275229452103958,600.000000000,false,600.0
-0.20,2,17377466536114428149,498.759161375,true,
-0.20,3,6199957159904866235,600.000000000,false,600.0
-0.20,4,12032831652220777203,600.000000000,false,600.0
-0.20,5,12824817159816449082,600.000000000,false,600.0
-0.20,6,13127086010505558010,600.000000000,false,600.0
-0.20,7,8614443013277031389,600.000000000,false,600.0
-0.20,8,3349677325774699018,600.000000000,false,600.0
-0.20,9,6739777678050942568,600.000000000,false,600.0
-0.20,10,13292573669742727768,600.000000000,false,600.0
-0.20,11,8344065747443815322,600.000000000,false,600.0
-0.20,12,7490701265514071955,600.000000000,false,600.0
-0.20,13,8195868551367103870,600.000000000,false,600.0
-0.20,14,143160498584173569,600.000000000,false,600.0
-0.20,15,13991331147305667756,600.000000000,false,600.0
-0.20,16,8852702049133514447,600.000000000,false,600.0
-0.20,17,9212052921636300388,600.000000000,false,600.0
-0.20,18,402961943671700872,600.000000000,false,600.0
-0.20,19,6986561947402773466,600.000000000,false,600.0
-0.20,20,16005634800982363428,600.000000000,false,600.0
-0.20,21,3103801612665070996,600.000000000,false,600.0
-0.20,22,3967502247431635178,600.000000000,false,600.0
-0.20,23,4878733458379586603,600.000000000,false,600.0
-0.20,24,6374048190185089496,600.000000000,false,600.0
-0.20,25,13912929966655383479,600.000000000,false,600.0
-0.20,26,16086834953004871649,600.000000000,false,600.0
-0.20,27,2478123085070656810,348.514356405,true,
-0.20,28,14635557844392384166,600.000000000,false,600.0
-0.20,29,6080612373390493676,600.000000000,false,600.0
-0.20,30,7285233852844147061,600.000000000,false,600.0
-0.20,31,4284981539987200484,600.000000000,false,600.0
-0.20,32,5229969725615578831,600.000000000,false,600.0
-0.20,33,6017621187618602676,600.000000000,false,600.0
-0.20,34,5006037289733106038,600.000000000,false,600.0
-0.20,35,94026960689992213,600.000000000,false,600.0
-0.20,36,16023111684548549502,600.000000000,false,600.0
-0.20,37,4123542768283089362,600.000000000,false,600.0
-0.20,38,18273720443064795229,600.000000000,false,600.0
-0.20,39,7308382854868630486,600.000000000,false,600.0
-0.20,40,18330358637461004994,600.000000000,false,600.0
-0.20,41,11905914159669202064,600.000000000,false,600.0
-0.20,42,17637540017576690502,600.000000000,false,600.0
-0.20,43,661429975524367304,600.000000000,false,600.0
-0.20,44,13409202050816243051,600.000000000,false,600.0
-0.20,45,9291209431799968336,600.000000000,false,600.0
-0.20,46,12075984238392641087,600.000000000,false,600.0
-0.20,47,15008836325149527053,600.000000000,false,600.0
-0.20,48,41587549567496549,600.000000000,false,600.0
-0.20,49,12471385441346939818,600.000000000,false,600.0
-0.20,50,12642926623722063729,600.000000000,false,600.0
-0.20,51,6411694168543511841,600.000000000,false,600.0
-0.20,52,16007157424898269808,600.000000000,false,600.0
-0.20,53,596611917824161112,600.000000000,false,600.0
-0.20,54,329530629545946500,600.000000000,false,600.0
-0.20,55,7544339618485416267,600.000000000,false,600.0
-0.20,56,11151804204197510087,600.000000000,false,600.0
-0.20,57,5970962798516755823,600.000000000,false,600.0
-0.20,58,7069135117920926953,600.000000000,false,600.0
-0.20,59,6448828767640842934,600.000000000,false,600.0
-0.20,60,13700425208390203654,600.000000000,false,600.0
-0.20,61,1629335256854327433,600.000000000,false,600.0
-0.20,62,18340523841166392240,600.000000000,false,600.0
-0.20,63,1579184371038568964,600.000000000,false,600.0
-0.20,64,10060009355697635971,600.000000000,false,600.0
-0.20,65,2490894998454975032,600.000000000,false,600.0
-0.20,66,4026796705605799191,600.000000000,false,600.0
-0.20,67,13281742923566256733,600.000000000,false,600.0
-0.20,68,14573032562397221403,600.000000000,false,600.0
-0.20,69,16209105765482294902,600.000000000,false,600.0
-0.20,70,7410678920453031381,600.000000000,false,600.0
-0.20,71,3567426766877724505,600.000000000,false,600.0
-0.20,72,17281180467556638489,600.000000000,false,600.0
-0.20,73,17878613768361448639,600.000000000,false,600.0
-0.20,74,2584816482046512736,465.958071877,true,
-0.20,75,9507480745188483787,600.000000000,false,600.0
-0.20,76,2172695059529466181,600.000000000,false,600.0
-0.20,77,256168968072043903,600.000000000,false,600.0
-0.20,78,6066888969316372924,600.000000000,false,600.0
-0.20,79,5937476969184631433,600.000000000,false,600.0
-0.20,80,3157292218875704738,600.000000000,false,600.0
-0.20,81,7904829631649703878,600.000000000,false,600.0
-0.20,82,9510961565592505163,600.000000000,false,600.0
-0.20,83,11611087686775761763,600.000000000,false,600.0
-0.20,84,4536208246801870042,600.000000000,false,600.0
-0.20,85,17184119116985185141,600.000000000,false,600.0
-0.20,86,1513103298406039877,600.000000000,false,600.0
-0.20,87,12959701651174215037,600.000000000,false,600.0
-0.20,88,3324471800946518941,600.000000000,false,600.0
-0.20,89,2574679205249620422,600.000000000,false,600.0
-0.20,90,14250558868356640378,600.000000000,false,600.0
-0.20,91,12438211271880044426,600.000000000,false,600.0
-0.20,92,4947232849039482618,600.000000000,false,600.0
-0.20,93,11068131976095775995,600.000000000,false,600.0
-0.20,94,9770901992631974207,600.000000000,false,600.0
-0.20,95,8744211744191097816,600.000000000,false,600.0
-0.20,96,17237795978825158898,600.000000000,false,600.0
-0.20,97,1637877860410267038,600.000000000,false,600.0
-0.20,98,1724904208374227901,600.000000000,false,600.0
-0.20,99,16212814543818921959,600.000000000,false,600.0
-0.20,100,17686074640022404956,600.000000000,false,600.0
-0.20,101,8718032823378208138,600.000000000,false,600.0
-0.20,102,6240890385604034909,600.000000000,false,600.0
-0.20,103,14627650360984893070,600.000000000,false,600.0
-0.20,104,15681970994688006322,600.000000000,false,600.0
-0.20,105,9662661825869755535,600.000000000,false,600.0
-0.20,106,6056304900034551410,600.000000000,false,600.0
-0.20,107,12453677962036856399,600.000000000,false,600.0
-0.20,108,11317994301526824314,600.000000000,false,600.0
-0.20,109,16991895322501919685,600.000000000,false,600.0
-0.20,110,3227393980322165312,600.000000000,false,600.0
-0.20,111,10104887854072508055,600.000000000,false,600.0
-0.20,112,6080453939590560891,600.000000000,false,600.0
-0.20,113,10739075444001619105,595.416680547,true,
-0.20,114,10257199808777196517,600.000000000,false,600.0
-0.20,115,4619828531453571901,600.000000000,false,600.0
-0.20,116,9354221596266311174,333.881834299,true,
-0.20,117,14946961828416444395,600.000000000,false,600.0
-0.20,118,9981438511891672853,600.000000000,false,600.0
-0.20,119,15992584006124026805,600.000000000,false,600.0
-0.20,120,4590155864510027627,505.537168999,true,
-0.20,121,6694004329108266830,600.000000000,false,600.0
-0.20,122,6514603063664169887,600.000000000,false,600.0
-0.20,123,13223842604403546615,600.000000000,false,600.0
-0.20,124,8036786921336895733,600.000000000,false,600.0
-0.20,125,2756793674981860446,600.000000000,false,600.0
-0.20,126,11652485569043347757,600.000000000,false,600.0
-0.20,127,6219043831109360161,600.000000000,false,600.0
-0.20,128,2308414437201664664,600.000000000,false,600.0
-0.20,129,16793780611935290057,600.000000000,false,600.0
-0.20,130,11992869741488739625,600.000000000,false,600.0
-0.20,131,6190688006702356822,600.000000000,false,600.0
-0.20,132,13381364082340880771,600.000000000,false,600.0
-0.20,133,12282835251511589515,600.000000000,false,600.0
-0.20,134,2362579112898670767,600.000000000,false,600.0
-0.20,135,11090677208237700990,600.000000000,false,600.0
-0.20,136,14447235999179488685,600.000000000,false,600.0
-0.20,137,3238649255527543122,600.000000000,false,600.0
-0.20,138,10625345972599543899,600.000000000,false,600.0
-0.20,139,1184912142700000497,600.000000000,false,600.0
-0.20,140,7336263636649608786,600.000000000,false,600.0
-0.20,141,1120065434786104817,600.000000000,false,600.0
-0.20,142,10781492228395752457,600.000000000,false,600.0
-0.20,143,7179002354009830276,600.000000000,false,600.0
-0.20,144,14816585198746660586,600.000000000,false,600.0
-0.20,145,12345268748611113365,600.000000000,false,600.0
-0.20,146,16808259228528730560,600.000000000,false,600.0
-0.20,147,4287858865099480545,600.000000000,false,600.0
-0.20,148,2159124086709180333,600.000000000,false,600.0
-0.20,149,8724432932696772255,600.000000000,false,600.0
-0.20,150,5821172676946089108,600.000000000,false,600.0
-0.20,151,4642743041857584563,600.000000000,false,600.0
-0.20,152,9809258597804170161,600.000000000,false,600.0
-0.20,153,6375444539940864774,600.000000000,false,600.0
-0.20,154,10894297338848002769,600.000000000,false,600.0
-0.20,155,16292879917286714098,600.000000000,false,600.0
-0.20,156,17903216372016796956,600.000000000,false,600.0
-0.20,157,12694919531937672451,600.000000000,false,600.0
-0.20,158,5764256823037926109,600.000000000,false,600.0
-0.20,159,6929906285052133938,565.795824017,true,
-0.20,160,13386096930873136392,600.000000000,false,600.0
-0.20,161,1374640518560384222,600.000000000,false,600.0
-0.20,162,18081800509720369600,600.000000000,false,600.0
-0.20,163,8028948996653498972,600.000000000,false,600.0
-0.20,164,10910025554758038408,600.000000000,false,600.0
-0.20,165,5499210798291061548,600.000000000,false,600.0
-0.20,166,14823924768833936445,600.000000000,false,600.0
-0.20,167,9375039479180605491,600.000000000,false,600.0
-0.20,168,587203936550584734,344.275010836,true,
-0.20,169,7023062498771247427,600.000000000,false,600.0
-0.20,170,14443756267455586908,600.000000000,false,600.0
-0.20,171,1660989235356971646,600.000000000,false,600.0
-0.20,172,16629760624891390060,600.000000000,false,600.0
-0.20,173,8828233498580164067,600.000000000,false,600.0
-0.20,174,15904938436956276809,334.396512076,true,
-0.20,175,853759011744270452,600.000000000,false,600.0
-0.20,176,12077733151128023192,600.000000000,false,600.0
-0.20,177,5431343548139908152,600.000000000,false,600.0
-0.20,178,14464466714887776830,600.000000000,false,600.0
-0.20,179,3872586297844455659,590.769568193,true,
-0.20,180,8251316649499332729,600.000000000,false,600.0
-0.20,181,13768574421513410959,600.000000000,false,600.0
-0.20,182,2395129733554949617,600.000000000,false,600.0
-0.20,183,5959134789798070874,600.000000000,false,600.0
-0.20,184,11334347819963202668,600.000000000,false,600.0
-0.20,185,11299846577224429769,600.000000000,false,600.0
-0.20,186,4177281384904223726,600.000000000,false,600.0
-0.20,187,17731211758507050318,600.000000000,false,600.0
-0.20,188,909582936076228165,600.000000000,false,600.0
-0.20,189,16952797831251311168,600.000000000,false,600.0
-0.20,190,5582957937741785073,600.000000000,false,600.0
-0.20,191,12113876592819114155,600.000000000,false,600.0
-0.20,192,6761392671837125469,600.000000000,false,600.0
-0.20,193,18170883110629089889,600.000000000,false,600.0
-0.20,194,8545307910871506685,600.000000000,false,600.0
-0.20,195,7701648147245862448,600.000000000,false,600.0
-0.20,196,9327960049309272333,600.000000000,false,600.0
-0.20,197,7331229142298487523,600.000000000,false,600.0
-0.20,198,10942891325025840830,600.000000000,false,600.0
-0.20,199,15943499863363013489,600.000000000,false,600.0
-0.20,200,3113777020019007139,600.000000000,false,600.0
-0.20,201,5818284862823947143,600.000000000,false,600.0
-0.20,202,17385602768584545957,600.000000000,false,600.0
-0.20,203,3655680359959557277,367.939693747,true,
-0.20,204,9509865509674950770,600.000000000,false,600.0
-0.20,205,3812107014719288311,600.000000000,false,600.0
-0.20,206,7006336812600072112,600.000000000,false,600.0
-0.20,207,3179223968139728126,600.000000000,false,600.0
-0.20,208,10761453805471220991,600.000000000,false,600.0
-0.20,209,11921867793501616081,600.000000000,false,600.0
-0.20,210,10111367152867274050,491.893075598,true,
-0.20,211,4904481117980378385,600.000000000,false,600.0
-0.20,212,14569990701747480298,600.000000000,false,600.0
-0.20,213,15190399103318053385,600.000000000,false,600.0
-0.20,214,15449727497988196806,600.000000000,false,600.0
-0.20,215,820787427272650293,600.000000000,false,600.0
-0.20,216,5307821758355038576,600.000000000,false,600.0
-0.20,217,11812223012432297026,600.000000000,false,600.0
-0.20,218,11814045155171275338,600.000000000,false,600.0
-0.20,219,8228864566917029480,600.000000000,false,600.0
-0.20,220,17305545577262328016,600.000000000,false,600.0
-0.20,221,1116346966554113914,600.000000000,false,600.0
-0.20,222,13786438269547531238,600.000000000,false,600.0
-0.20,223,15396871550441008130,600.000000000,false,600.0
-0.20,224,2510593068319815157,600.000000000,false,600.0
-0.20,225,11641752946588234009,600.000000000,false,600.0
-0.20,226,10987694153087145781,600.000000000,false,600.0
-0.20,227,3564497120731823788,600.000000000,false,600.0
-0.20,228,3140251913915134873,600.000000000,false,600.0
-0.20,229,860086512756865854,600.000000000,false,600.0
-0.20,230,4767795065398708950,600.000000000,false,600.0
-0.20,231,11587888818995485148,600.000000000,false,600.0
-0.20,232,13188483554273150705,600.000000000,false,600.0
-0.20,233,12972839088249540308,600.000000000,false,600.0
-0.20,234,9774907240976580634,600.000000000,false,600.0
-0.20,235,12665933611074770632,600.000000000,false,600.0
-0.20,236,18104154891471011725,600.000000000,false,600.0
-0.20,237,17261824108098172117,600.000000000,false,600.0
-0.20,238,6588674474728611540,600.000000000,false,600.0
-0.20,239,5106831533912126486,600.000000000,false,600.0
-0.20,240,17754963126205562813,600.000000000,false,600.0
-0.20,241,3863207217449653484,600.000000000,false,600.0
-0.20,242,4802153968110386661,600.000000000,false,600.0
-0.20,243,6249511377586482411,600.000000000,false,600.0
-0.20,244,7886642544989050030,600.000000000,false,600.0
-0.20,245,536266857943486106,600.000000000,false,600.0
-0.20,246,8487214934768386099,600.000000000,false,600.0
-0.20,247,16118899246876152949,600.000000000,false,600.0
-0.20,248,2167600576180410023,600.000000000,false,600.0
-0.20,249,18035596731850175928,600.000000000,false,600.0
-0.20,250,10091755837383794904,600.000000000,false,600.0
-0.20,251,14956634114550114378,600.000000000,false,600.0
-0.20,252,5736842911363710086,600.000000000,false,600.0
-0.20,253,13545414297103171755,600.000000000,false,600.0
-0.20,254,17676207231418827186,600.000000000,false,600.0
-0.20,255,775170366018200288,600.000000000,false,600.0
-0.05,0,11586010233531586918,600.000000000,false,600.0
-0.05,1,7435275229452103958,600.000000000,false,600.0
-0.05,2,17377466536114428149,600.000000000,false,600.0
-0.05,3,6199957159904866235,600.000000000,false,600.0
-0.05,4,12032831652220777203,600.000000000,false,600.0
-0.05,5,12824817159816449082,600.000000000,false,600.0
-0.05,6,13127086010505558010,600.000000000,false,600.0
-0.05,7,8614443013277031389,600.000000000,false,600.0
-0.05,8,3349677325774699018,600.000000000,false,600.0
-0.05,9,6739777678050942568,105.528807763,true,
-0.05,10,13292573669742727768,600.000000000,false,600.0
-0.05,11,8344065747443815322,600.000000000,false,600.0
-0.05,12,7490701265514071955,600.000000000,false,600.0
-0.05,13,8195868551367103870,600.000000000,false,600.0
-0.05,14,143160498584173569,481.789308746,true,
-0.05,15,13991331147305667756,600.000000000,false,600.0
-0.05,16,8852702049133514447,600.000000000,false,600.0
-0.05,17,9212052921636300388,600.000000000,false,600.0
-0.05,18,402961943671700872,600.000000000,false,600.0
-0.05,19,6986561947402773466,430.253406160,true,
-0.05,20,16005634800982363428,600.000000000,false,600.0
-0.05,21,3103801612665070996,600.000000000,false,600.0
-0.05,22,3967502247431635178,600.000000000,false,600.0
-0.05,23,4878733458379586603,600.000000000,false,600.0
-0.05,24,6374048190185089496,600.000000000,false,600.0
-0.05,25,13912929966655383479,600.000000000,false,600.0
-0.05,26,16086834953004871649,600.000000000,false,600.0
-0.05,27,2478123085070656810,600.000000000,false,600.0
-0.05,28,14635557844392384166,600.000000000,false,600.0
-0.05,29,6080612373390493676,503.361141453,true,
-0.05,30,7285233852844147061,600.000000000,false,600.0
-0.05,31,4284981539987200484,578.343130085,true,
-0.05,32,5229969725615578831,600.000000000,false,600.0
-0.05,33,6017621187618602676,600.000000000,false,600.0
-0.05,34,5006037289733106038,600.000000000,false,600.0
-0.05,35,94026960689992213,600.000000000,false,600.0
-0.05,36,16023111684548549502,181.151298778,true,
-0.05,37,4123542768283089362,592.115477612,true,
-0.05,38,18273720443064795229,600.000000000,false,600.0
-0.05,39,7308382854868630486,600.000000000,false,600.0
-0.05,40,18330358637461004994,383.066532944,true,
-0.05,41,11905914159669202064,588.767414901,true,
-0.05,42,17637540017576690502,600.000000000,false,600.0
-0.05,43,661429975524367304,600.000000000,false,600.0
-0.05,44,13409202050816243051,600.000000000,false,600.0
-0.05,45,9291209431799968336,277.143874060,true,
-0.05,46,12075984238392641087,600.000000000,false,600.0
-0.05,47,15008836325149527053,600.000000000,false,600.0
-0.05,48,41587549567496549,600.000000000,false,600.0
-0.05,49,12471385441346939818,600.000000000,false,600.0
-0.05,50,12642926623722063729,600.000000000,false,600.0
-0.05,51,6411694168543511841,600.000000000,false,600.0
-0.05,52,16007157424898269808,600.000000000,false,600.0
-0.05,53,596611917824161112,267.375741046,true,
-0.05,54,329530629545946500,600.000000000,false,600.0
-0.05,55,7544339618485416267,600.000000000,false,600.0
-0.05,56,11151804204197510087,600.000000000,false,600.0
-0.05,57,5970962798516755823,600.000000000,false,600.0
-0.05,58,7069135117920926953,600.000000000,false,600.0
-0.05,59,6448828767640842934,600.000000000,false,600.0
-0.05,60,13700425208390203654,600.000000000,false,600.0
-0.05,61,1629335256854327433,600.000000000,false,600.0
-0.05,62,18340523841166392240,600.000000000,false,600.0
-0.05,63,1579184371038568964,600.000000000,false,600.0
-0.05,64,10060009355697635971,600.000000000,false,600.0
-0.05,65,2490894998454975032,600.000000000,false,600.0
-0.05,66,4026796705605799191,455.625999590,true,
-0.05,67,13281742923566256733,600.000000000,false,600.0
-0.05,68,14573032562397221403,600.000000000,false,600.0
-0.05,69,16209105765482294902,600.000000000,false,600.0
-0.05,70,7410678920453031381,600.000000000,false,600.0
-0.05,71,3567426766877724505,408.953753600,true,
-0.05,72,17281180467556638489,600.000000000,false,600.0
-0.05,73,17878613768361448639,463.014938792,true,
-0.05,74,2584816482046512736,600.000000000,false,600.0
-0.05,75,9507480745188483787,482.028861671,true,
-0.05,76,2172695059529466181,600.000000000,false,600.0
-0.05,77,256168968072043903,600.000000000,false,600.0
-0.05,78,6066888969316372924,600.000000000,false,600.0
-0.05,79,5937476969184631433,552.574296614,true,
-0.05,80,3157292218875704738,600.000000000,false,600.0
-0.05,81,7904829631649703878,600.000000000,false,600.0
-0.05,82,9510961565592505163,472.510125391,true,
-0.05,83,11611087686775761763,600.000000000,false,600.0
-0.05,84,4536208246801870042,461.301830972,true,
-0.05,85,17184119116985185141,600.000000000,false,600.0
-0.05,86,1513103298406039877,600.000000000,false,600.0
-0.05,87,12959701651174215037,195.638092342,true,
-0.05,88,3324471800946518941,600.000000000,false,600.0
-0.05,89,2574679205249620422,600.000000000,false,600.0
-0.05,90,14250558868356640378,600.000000000,false,600.0
-0.05,91,12438211271880044426,600.000000000,false,600.0
-0.05,92,4947232849039482618,600.000000000,false,600.0
-0.05,93,11068131976095775995,502.967855508,true,
-0.05,94,9770901992631974207,600.000000000,false,600.0
-0.05,95,8744211744191097816,600.000000000,false,600.0
-0.05,96,17237795978825158898,600.000000000,false,600.0
-0.05,97,1637877860410267038,600.000000000,false,600.0
-0.05,98,1724904208374227901,600.000000000,false,600.0
-0.05,99,16212814543818921959,600.000000000,false,600.0
-0.05,100,17686074640022404956,249.945837193,true,
-0.05,101,8718032823378208138,600.000000000,false,600.0
-0.05,102,6240890385604034909,600.000000000,false,600.0
-0.05,103,14627650360984893070,600.000000000,false,600.0
-0.05,104,15681970994688006322,600.000000000,false,600.0
-0.05,105,9662661825869755535,600.000000000,false,600.0
-0.05,106,6056304900034551410,600.000000000,false,600.0
-0.05,107,12453677962036856399,600.000000000,false,600.0
-0.05,108,11317994301526824314,600.000000000,false,600.0
-0.05,109,16991895322501919685,600.000000000,false,600.0
-0.05,110,3227393980322165312,600.000000000,false,600.0
-0.05,111,10104887854072508055,600.000000000,false,600.0
-0.05,112,6080453939590560891,600.000000000,false,600.0
-0.05,113,10739075444001619105,600.000000000,false,600.0
-0.05,114,10257199808777196517,600.000000000,false,600.0
-0.05,115,4619828531453571901,600.000000000,false,600.0
-0.05,116,9354221596266311174,600.000000000,false,600.0
-0.05,117,14946961828416444395,600.000000000,false,600.0
-0.05,118,9981438511891672853,499.600526317,true,
-0.05,119,15992584006124026805,600.000000000,false,600.0
-0.05,120,4590155864510027627,600.000000000,false,600.0
-0.05,121,6694004329108266830,600.000000000,false,600.0
-0.05,122,6514603063664169887,600.000000000,false,600.0
-0.05,123,13223842604403546615,600.000000000,false,600.0
-0.05,124,8036786921336895733,600.000000000,false,600.0
-0.05,125,2756793674981860446,600.000000000,false,600.0
-0.05,126,11652485569043347757,600.000000000,false,600.0
-0.05,127,6219043831109360161,600.000000000,false,600.0
-0.05,128,2308414437201664664,600.000000000,false,600.0
-0.05,129,16793780611935290057,600.000000000,false,600.0
-0.05,130,11992869741488739625,600.000000000,false,600.0
-0.05,131,6190688006702356822,600.000000000,false,600.0
-0.05,132,13381364082340880771,600.000000000,false,600.0
-0.05,133,12282835251511589515,600.000000000,false,600.0
-0.05,134,2362579112898670767,600.000000000,false,600.0
-0.05,135,11090677208237700990,600.000000000,false,600.0
-0.05,136,14447235999179488685,600.000000000,false,600.0
-0.05,137,3238649255527543122,600.000000000,false,600.0
-0.05,138,10625345972599543899,600.000000000,false,600.0
-0.05,139,1184912142700000497,600.000000000,false,600.0
-0.05,140,7336263636649608786,600.000000000,false,600.0
-0.05,141,1120065434786104817,600.000000000,false,600.0
-0.05,142,10781492228395752457,600.000000000,false,600.0
-0.05,143,7179002354009830276,600.000000000,false,600.0
-0.05,144,14816585198746660586,600.000000000,false,600.0
-0.05,145,12345268748611113365,600.000000000,false,600.0
-0.05,146,16808259228528730560,600.000000000,false,600.0
-0.05,147,4287858865099480545,600.000000000,false,600.0
-0.05,148,2159124086709180333,600.000000000,false,600.0
-0.05,149,8724432932696772255,600.000000000,false,600.0
-0.05,150,5821172676946089108,600.000000000,false,600.0
-0.05,151,4642743041857584563,600.000000000,false,600.0
-0.05,152,9809258597804170161,600.000000000,false,600.0
-0.05,153,6375444539940864774,600.000000000,false,600.0
-0.05,154,10894297338848002769,600.000000000,false,600.0
-0.05,155,16292879917286714098,600.000000000,false,600.0
-0.05,156,17903216372016796956,600.000000000,false,600.0
-0.05,157,12694919531937672451,600.000000000,false,600.0
-0.05,158,5764256823037926109,600.000000000,false,600.0
-0.05,159,6929906285052133938,600.000000000,false,600.0
-0.05,160,13386096930873136392,600.000000000,false,600.0
-0.05,161,1374640518560384222,600.000000000,false,600.0
-0.05,162,18081800509720369600,600.000000000,false,600.0
-0.05,163,8028948996653498972,600.000000000,false,600.0
-0.05,164,10910025554758038408,600.000000000,false,600.0
-0.05,165,5499210798291061548,600.000000000,false,600.0
-0.05,166,14823924768833936445,600.000000000,false,600.0
-0.05,167,9375039479180605491,600.000000000,false,600.0
-0.05,168,587203936550584734,440.343419757,true,
-0.05,169,7023062498771247427,600.000000000,false,600.0
-0.05,170,14443756267455586908,600.000000000,false,600.0
-0.05,171,1660989235356971646,600.000000000,false,600.0
-0.05,172,16629760624891390060,446.418489648,true,
-0.05,173,8828233498580164067,600.000000000,false,600.0
-0.05,174,15904938436956276809,600.000000000,false,600.0
-0.05,175,853759011744270452,600.000000000,false,600.0
-0.05,176,12077733151128023192,600.000000000,false,600.0
-0.05,177,5431343548139908152,600.000000000,false,600.0
-0.05,178,14464466714887776830,600.000000000,false,600.0
-0.05,179,3872586297844455659,600.000000000,false,600.0
-0.05,180,8251316649499332729,600.000000000,false,600.0
-0.05,181,13768574421513410959,384.395740870,true,
-0.05,182,2395129733554949617,600.000000000,false,600.0
-0.05,183,5959134789798070874,402.183838530,true,
-0.05,184,11334347819963202668,600.000000000,false,600.0
-0.05,185,11299846577224429769,600.000000000,false,600.0
-0.05,186,4177281384904223726,600.000000000,false,600.0
-0.05,187,17731211758507050318,442.196428781,true,
-0.05,188,909582936076228165,585.208817305,true,
-0.05,189,16952797831251311168,600.000000000,false,600.0
-0.05,190,5582957937741785073,600.000000000,false,600.0
-0.05,191,12113876592819114155,600.000000000,false,600.0
-0.05,192,6761392671837125469,600.000000000,false,600.0
-0.05,193,18170883110629089889,600.000000000,false,600.0
-0.05,194,8545307910871506685,600.000000000,false,600.0
-0.05,195,7701648147245862448,600.000000000,false,600.0
-0.05,196,9327960049309272333,600.000000000,false,600.0
-0.05,197,7331229142298487523,600.000000000,false,600.0
-0.05,198,10942891325025840830,600.000000000,false,600.0
-0.05,199,15943499863363013489,600.000000000,false,600.0
-0.05,200,3113777020019007139,600.000000000,false,600.0
-0.05,201,5818284862823947143,600.000000000,false,600.0
-0.05,202,17385602768584545957,600.000000000,false,600.0
-0.05,203,3655680359959557277,600.000000000,false,600.0
-0.05,204,9509865509674950770,600.000000000,false,600.0
-0.05,205,3812107014719288311,600.000000000,false,600.0
-0.05,206,7006336812600072112,600.000000000,false,600.0
-0.05,207,3179223968139728126,600.000000000,false,600.0
-0.05,208,10761453805471220991,600.000000000,false,600.0
-0.05,209,11921867793501616081,600.000000000,false,600.0
-0.05,210,10111367152867274050,600.000000000,false,600.0
-0.05,211,4904481117980378385,600.000000000,false,600.0
-0.05,212,14569990701747480298,600.000000000,false,600.0
-0.05,213,15190399103318053385,600.000000000,false,600.0
-0.05,214,15449727497988196806,600.000000000,false,600.0
-0.05,215,820787427272650293,575.377888565,true,
-0.05,216,5307821758355038576,600.000000000,false,600.0
-0.05,217,11812223012432297026,600.000000000,false,600.0
-0.05,218,11814045155171275338,600.000000000,false,600.0
-0.05,219,8228864566917029480,600.000000000,false,600.0
-0.05,220,17305545577262328016,600.000000000,false,600.0
-0.05,221,1116346966554113914,600.000000000,false,600.0
-0.05,222,13786438269547531238,600.000000000,false,600.0
-0.05,223,15396871550441008130,600.000000000,false,600.0
-0.05,224,2510593068319815157,600.000000000,false,600.0
-0.05,225,11641752946588234009,553.520677051,true,
-0.05,226,10987694153087145781,460.937084084,true,
-0.05,227,3564497120731823788,600.000000000,false,600.0
-0.05,228,3140251913915134873,600.000000000,false,600.0
-0.05,229,860086512756865854,249.328015431,true,
-0.05,230,4767795065398708950,600.000000000,false,600.0
-0.05,231,11587888818995485148,600.000000000,false,600.0
-0.05,232,13188483554273150705,600.000000000,false,600.0
-0.05,233,12972839088249540308,600.000000000,false,600.0
-0.05,234,9774907240976580634,543.620011244,true,
-0.05,235,12665933611074770632,600.000000000,false,600.0
-0.05,236,18104154891471011725,600.000000000,false,600.0
-0.05,237,17261824108098172117,600.000000000,false,600.0
-0.05,238,6588674474728611540,600.000000000,false,600.0
-0.05,239,5106831533912126486,600.000000000,false,600.0
-0.05,240,17754963126205562813,600.000000000,false,600.0
-0.05,241,3863207217449653484,600.000000000,false,600.0
-0.05,242,4802153968110386661,600.000000000,false,600.0
-0.05,243,6249511377586482411,600.000000000,false,600.0
-0.05,244,7886642544989050030,600.000000000,false,600.0
-0.05,245,536266857943486106,600.000000000,false,600.0
-0.05,246,8487214934768386099,600.000000000,false,600.0
-0.05,247,16118899246876152949,600.000000000,false,600.0
-0.05,248,2167600576180410023,600.000000000,false,600.0
-0.05,249,18035596731850175928,600.000000000,false,600.0
-0.05,250,10091755837383794904,600.000000000,false,600.0
-0.05,251,14956634114550114378,600.000000000,false,600.0
-0.05,252,5736842911363710086,600.000000000,false,600.0
-0.05,253,13545414297103171755,600.000000000,false,600.0
-0.05,254,17676207231418827186,600.000000000,false,600.0
-0.05,255,775170366018200288,600.000000000,false,600.0
0.05,0,11586010233531586918,174.078156268,true,
0.05,1,7435275229452103958,505.960875218,true,
0.05,2,17377466536114428149,498.873262333,true,
0.05,3,6199957159904866235,529.798163011,true,
0.05,4,12032831652220777203,600.000000000,false,600.0
0.05,5,12824817159816449082,362.422736960,true,
0.05,6,13127086010505558010,600.000000000,false,600.0
0.05,7,8614443013277031389,600.000000000,false,600.0
0.05,8,3349677325774699018,250.879162747,true,
0.05,9,6739777678050942568,344.049115315,true,
0.05,10,13292573669742727768,600.000000000,false,600.0
0.05,11,8344065747443815322,600.000000000,false,600.0
0.05,12,7490701265514071955,494.879118419,true,
0.05,13,8195868551367103870,350.745752838,true,
0.05,14,143160498584173569,595.449700238,true,
0.05,15,13991331147305667756,600.000000000,false,600.0
0.05,16,8852702049133514447,377.487852320,true,
0.05,17,9212052921636300388,257.166326871,true,
0.05,18,402961943671700872,600.000000000,false,600.0
0.05,19,6986561947402773466,600.000000000,false,600.0
0.05,20,16005634800982363428,164.967604802,true,
0.05,21,3103801612665070996,363.311074788,true,
0.05,22,3967502247431635178,600.000000000,false,600.0
0.05,23,4878733458379586603,600.000000000,false,600.0
0.05,24,6374048190185089496,600.000000000,false,600.0
0.05,25,13912929966655383479,600.000000000,false,600.0
0.05,26,16086834953004871649,600.000000000,false,600.0
0.05,27,2478123085070656810,600.000000000,false,600.0
0.05,28,14635557844392384166,471.407297180,true,
0.05,29,6080612373390493676,600.000000000,false,600.0
0.05,30,7285233852844147061,590.546044450,true,
0.05,31,4284981539987200484,600.000000000,false,600.0
0.05,32,5229969725615578831,600.000000000,false,600.0
0.05,33,6017621187618602676,600.000000000,false,600.0
0.05,34,5006037289733106038,363.584969962,true,
0.05,35,94026960689992213,583.854669858,true,
0.05,36,16023111684548549502,600.000000000,false,600.0
0.05,37,4123542768283089362,554.211233568,true,
0.05,38,18273720443064795229,600.000000000,false,600.0
0.05,39,7308382854868630486,600.000000000,false,600.0
0.05,40,18330358637461004994,600.000000000,false,600.0
0.05,41,11905914159669202064,124.131510415,true,
0.05,42,17637540017576690502,387.413472059,true,
0.05,43,661429975524367304,600.000000000,false,600.0
0.05,44,13409202050816243051,475.132396995,true,
0.05,45,9291209431799968336,600.000000000,false,600.0
0.05,46,12075984238392641087,600.000000000,false,600.0
0.05,47,15008836325149527053,388.924735869,true,
0.05,48,41587549567496549,203.433736881,true,
0.05,49,12471385441346939818,600.000000000,false,600.0
0.05,50,12642926623722063729,152.239556110,true,
0.05,51,6411694168543511841,574.778726378,true,
0.05,52,16007157424898269808,600.000000000,false,600.0
0.05,53,596611917824161112,461.529268324,true,
0.05,54,329530629545946500,600.000000000,false,600.0
0.05,55,7544339618485416267,168.568224747,true,
0.05,56,11151804204197510087,337.699480495,true,
0.05,57,5970962798516755823,546.932172461,true,
0.05,58,7069135117920926953,340.518159700,true,
0.05,59,6448828767640842934,600.000000000,false,600.0
0.05,60,13700425208390203654,557.425688826,true,
0.05,61,1629335256854327433,600.000000000,false,600.0
0.05,62,18340523841166392240,600.000000000,false,600.0
0.05,63,1579184371038568964,600.000000000,false,600.0
0.05,64,10060009355697635971,600.000000000,false,600.0
0.05,65,2490894998454975032,600.000000000,false,600.0
0.05,66,4026796705605799191,368.614212264,true,
0.05,67,13281742923566256733,600.000000000,false,600.0
0.05,68,14573032562397221403,600.000000000,false,600.0
0.05,69,16209105765482294902,600.000000000,false,600.0
0.05,70,7410678920453031381,600.000000000,false,600.0
0.05,71,3567426766877724505,600.000000000,false,600.0
0.05,72,17281180467556638489,165.924923767,true,
0.05,73,17878613768361448639,225.234700803,true,
0.05,74,2584816482046512736,600.000000000,false,600.0
0.05,75,9507480745188483787,600.000000000,false,600.0
0.05,76,2172695059529466181,600.000000000,false,600.0
0.05,77,256168968072043903,600.000000000,false,600.0
0.05,78,6066888969316372924,600.000000000,false,600.0
0.05,79,5937476969184631433,600.000000000,false,600.0
0.05,80,3157292218875704738,600.000000000,false,600.0
0.05,81,7904829631649703878,600.000000000,false,600.0
0.05,82,9510961565592505163,353.816269846,true,
0.05,83,11611087686775761763,600.000000000,false,600.0
0.05,84,4536208246801870042,600.000000000,false,600.0
0.05,85,17184119116985185141,600.000000000,false,600.0
0.05,86,1513103298406039877,600.000000000,false,600.0
0.05,87,12959701651174215037,600.000000000,false,600.0
0.05,88,3324471800946518941,600.000000000,false,600.0
0.05,89,2574679205249620422,600.000000000,false,600.0
0.05,90,14250558868356640378,170.871755031,true,
0.05,91,12438211271880044426,600.000000000,false,600.0
0.05,92,4947232849039482618,600.000000000,false,600.0
0.05,93,11068131976095775995,600.000000000,false,600.0
0.05,94,9770901992631974207,498.539578183,true,
0.05,95,8744211744191097816,600.000000000,false,600.0
0.05,96,17237795978825158898,600.000000000,false,600.0
0.05,97,1637877860410267038,600.000000000,false,600.0
0.05,98,1724904208374227901,600.000000000,false,600.0
0.05,99,16212814543818921959,600.000000000,false,600.0
0.05,100,17686074640022404956,600.000000000,false,600.0
0.05,101,8718032823378208138,548.271843033,true,
0.05,102,6240890385604034909,600.000000000,false,600.0
0.05,103,14627650360984893070,600.000000000,false,600.0
0.05,104,15681970994688006322,600.000000000,false,600.0
0.05,105,9662661825869755535,265.179085825,true,
0.05,106,6056304900034551410,600.000000000,false,600.0
0.05,107,12453677962036856399,600.000000000,false,600.0
0.05,108,11317994301526824314,412.639516037,true,
0.05,109,16991895322501919685,238.030442980,true,
0.05,110,3227393980322165312,600.000000000,false,600.0
0.05,111,10104887854072508055,600.000000000,false,600.0
0.05,112,6080453939590560891,600.000000000,false,600.0
0.05,113,10739075444001619105,493.080030314,true,
0.05,114,10257199808777196517,600.000000000,false,600.0
0.05,115,4619828531453571901,553.062588882,true,
0.05,116,9354221596266311174,600.000000000,false,600.0
0.05,117,14946961828416444395,600.000000000,false,600.0
0.05,118,9981438511891672853,287.091772306,true,
0.05,119,15992584006124026805,600.000000000,false,600.0
0.05,120,4590155864510027627,428.303095023,true,
0.05,121,6694004329108266830,600.000000000,false,600.0
0.05,122,6514603063664169887,600.000000000,false,600.0
0.05,123,13223842604403546615,600.000000000,false,600.0
0.05,124,8036786921336895733,600.000000000,false,600.0
0.05,125,2756793674981860446,600.000000000,false,600.0
0.05,126,11652485569043347757,600.000000000,false,600.0
0.05,127,6219043831109360161,600.000000000,false,600.0
0.05,128,2308414437201664664,359.340720574,true,
0.05,129,16793780611935290057,577.488908605,true,
0.05,130,11992869741488739625,600.000000000,false,600.0
0.05,131,6190688006702356822,530.801303879,true,
0.05,132,13381364082340880771,600.000000000,false,600.0
0.05,133,12282835251511589515,600.000000000,false,600.0
0.05,134,2362579112898670767,600.000000000,false,600.0
0.05,135,11090677208237700990,600.000000000,false,600.0
0.05,136,14447235999179488685,600.000000000,false,600.0
0.05,137,3238649255527543122,600.000000000,false,600.0
0.05,138,10625345972599543899,600.000000000,false,600.0
0.05,139,1184912142700000497,600.000000000,false,600.0
0.05,140,7336263636649608786,600.000000000,false,600.0
0.05,141,1120065434786104817,600.000000000,false,600.0
0.05,142,10781492228395752457,526.982361006,true,
0.05,143,7179002354009830276,600.000000000,false,600.0
0.05,144,14816585198746660586,600.000000000,false,600.0
0.05,145,12345268748611113365,600.000000000,false,600.0
0.05,146,16808259228528730560,600.000000000,false,600.0
0.05,147,4287858865099480545,600.000000000,false,600.0
0.05,148,2159124086709180333,600.000000000,false,600.0
0.05,149,8724432932696772255,526.794432638,true,
0.05,150,5821172676946089108,600.000000000,false,600.0
0.05,151,4642743041857584563,404.165462246,true,
0.05,152,9809258597804170161,600.000000000,false,600.0
0.05,153,6375444539940864774,600.000000000,false,600.0
0.05,154,10894297338848002769,600.000000000,false,600.0
0.05,155,16292879917286714098,490.253931686,true,
0.05,156,17903216372016796956,600.000000000,false,600.0
0.05,157,12694919531937672451,247.976643918,true,
0.05,158,5764256823037926109,388.936365059,true,
0.05,159,6929906285052133938,168.909413816,true,
0.05,160,13386096930873136392,600.000000000,false,600.0
0.05,161,1374640518560384222,600.000000000,false,600.0
0.05,162,18081800509720369600,600.000000000,false,600.0
0.05,163,8028948996653498972,600.000000000,false,600.0
0.05,164,10910025554758038408,600.000000000,false,600.0
0.05,165,5499210798291061548,600.000000000,false,600.0
0.05,166,14823924768833936445,370.856419628,true,
0.05,167,9375039479180605491,566.753090054,true,
0.05,168,587203936550584734,600.000000000,false,600.0
0.05,169,7023062498771247427,600.000000000,false,600.0
0.05,170,14443756267455586908,600.000000000,false,600.0
0.05,171,1660989235356971646,600.000000000,false,600.0
0.05,172,16629760624891390060,429.164707751,true,
0.05,173,8828233498580164067,600.000000000,false,600.0
0.05,174,15904938436956276809,600.000000000,false,600.0
0.05,175,853759011744270452,600.000000000,false,600.0
0.05,176,12077733151128023192,600.000000000,false,600.0
0.05,177,5431343548139908152,420.175219999,true,
0.05,178,14464466714887776830,600.000000000,false,600.0
0.05,179,3872586297844455659,600.000000000,false,600.0
0.05,180,8251316649499332729,600.000000000,false,600.0
0.05,181,13768574421513410959,600.000000000,false,600.0
0.05,182,2395129733554949617,564.322014836,true,
0.05,183,5959134789798070874,468.454797513,true,
0.05,184,11334347819963202668,600.000000000,false,600.0
0.05,185,11299846577224429769,600.000000000,false,600.0
0.05,186,4177281384904223726,600.000000000,false,600.0
0.05,187,17731211758507050318,600.000000000,false,600.0
0.05,188,909582936076228165,600.000000000,false,600.0
0.05,189,16952797831251311168,600.000000000,false,600.0
0.05,190,5582957937741785073,439.514158964,true,
0.05,191,12113876592819114155,600.000000000,false,600.0
0.05,192,6761392671837125469,600.000000000,false,600.0
0.05,193,18170883110629089889,600.000000000,false,600.0
0.05,194,8545307910871506685,600.000000000,false,600.0
0.05,195,7701648147245862448,369.368082255,true,
0.05,196,9327960049309272333,600.000000000,false,600.0
0.05,197,7331229142298487523,600.000000000,false,600.0
0.05,198,10942891325025840830,600.000000000,false,600.0
0.05,199,15943499863363013489,600.000000000,false,600.0
0.05,200,3113777020019007139,600.000000000,false,600.0
0.05,201,5818284862823947143,600.000000000,false,600.0
0.05,202,17385602768584545957,600.000000000,false,600.0
0.05,203,3655680359959557277,600.000000000,false,600.0
0.05,204,9509865509674950770,600.000000000,false,600.0
0.05,205,3812107014719288311,558.039822371,true,
0.05,206,7006336812600072112,600.000000000,false,600.0
0.05,207,3179223968139728126,600.000000000,false,600.0
0.05,208,10761453805471220991,600.000000000,false,600.0
0.05,209,11921867793501616081,478.686274287,true,
0.05,210,10111367152867274050,600.000000000,false,600.0
0.05,211,4904481117980378385,600.000000000,false,600.0
0.05,212,14569990701747480298,600.000000000,false,600.0
0.05,213,15190399103318053385,600.000000000,false,600.0
0.05,214,15449727497988196806,600.000000000,false,600.0
0.05,215,820787427272650293,600.000000000,false,600.0
0.05,216,5307821758355038576,600.000000000,false,600.0
0.05,217,11812223012432297026,600.000000000,false,600.0
0.05,218,11814045155171275338,600.000000000,false,600.0
0.05,219,8228864566917029480,600.000000000,false,600.0
0.05,220,17305545577262328016,600.000000000,false,600.0
0.05,221,1116346966554113914,547.564202808,true,
0.05,222,13786438269547531238,600.000000000,false,600.0
0.05,223,15396871550441008130,600.000000000,false,600.0
0.05,224,2510593068319815157,237.267832827,true,
0.05,225,11641752946588234009,600.000000000,false,600.0
0.05,226,10987694153087145781,600.000000000,false,600.0
0.05,227,3564497120731823788,600.000000000,false,600.0
0.05,228,3140251913915134873,427.600015282,true,
0.05,229,860086512756865854,600.000000000,false,600.0
0.05,230,4767795065398708950,466.890195938,true,
0.05,231,11587888818995485148,600.000000000,false,600.0
0.05,232,13188483554273150705,455.938304655,true,
0.05,233,12972839088249540308,600.000000000,false,600.0
0.05,234,9774907240976580634,600.000000000,false,600.0
0.05,235,12665933611074770632,600.000000000,false,600.0
0.05,236,18104154891471011725,600.000000000,false,600.0
0.05,237,17261824108098172117,600.000000000,false,600.0
0.05,238,6588674474728611540,600.000000000,false,600.0
0.05,239,5106831533912126486,532.308330142,true,
0.05,240,17754963126205562813,241.592486049,true,
0.05,241,3863207217449653484,600.000000000,false,600.0
0.05,242,4802153968110386661,482.221230607,true,
0.05,243,6249511377586482411,600.000000000,false,600.0
0.05,244,7886642544989050030,600.000000000,false,600.0
0.05,245,536266857943486106,600.000000000,false,600.0
0.05,246,8487214934768386099,600.000000000,false,600.0
0.05,247,16118899246876152949,600.000000000,false,600.0
0.05,248,2167600576180410023,600.000000000,false,600.0
0.05,249,18035596731850175928,600.000000000,false,600.0
0.05,250,10091755837383794904,600.000000000,false,600.0
0.05,251,14956634114550114378,600.000000000,false,600.0
0.05,252,5736842911363710086,600.000000000,false,600.0
0.05,253,13545414297103171755,375.918133879,true,
0.05,254,17676207231418827186,600.000000000,false,600.0
0.05,255,775170366018200288,600.000000000,false,600.0
0.15,0,11586010233531586918,600.000000000,false,600.0
0.15,1,7435275229452103958,600.000000000,false,600.0
0.15,2,17377466536114428149,600.000000000,false,600.0
0.15,3,6199957159904866235,600.000000000,false,600.0
0.15,4,12032831652220777203,600.000000000,false,600.0
0.15,5,12824817159816449082,481.259641767,true,
0.15,6,13127086010505558010,248.369354718,true,
0.15,7,8614443013277031389,243.417695932,true,
0.15,8,3349677325774699018,471.864733015,true,
0.15,9,6739777678050942568,600.000000000,false,600.0
0.15,10,13292573669742727768,600.000000000,false,600.0
0.15,11,8344065747443815322,261.079884295,true,
0.15,12,7490701265514071955,600.000000000,false,600.0
0.15,13,8195868551367103870,600.000000000,false,600.0
0.15,14,143160498584173569,600.000000000,false,600.0
0.15,15,13991331147305667756,600.000000000,false,600.0
0.15,16,8852702049133514447,447.080159966,true,
0.15,17,9212052921636300388,252.584620252,true,
0.15,18,402961943671700872,600.000000000,false,600.0
0.15,19,6986561947402773466,600.000000000,false,600.0
0.15,20,16005634800982363428,600.000000000,false,600.0
0.15,21,3103801612665070996,248.992124582,true,
0.15,22,3967502247431635178,450.780069932,true,
0.15,23,4878733458379586603,404.102104158,true,
0.15,24,6374048190185089496,499.604274635,true,
0.15,25,13912929966655383479,600.000000000,false,600.0
0.15,26,16086834953004871649,518.721638105,true,
0.15,27,2478123085070656810,179.962026533,true,
0.15,28,14635557844392384166,322.028381416,true,
0.15,29,6080612373390493676,600.000000000,false,600.0
0.15,30,7285233852844147061,600.000000000,false,600.0
0.15,31,4284981539987200484,600.000000000,false,600.0
0.15,32,5229969725615578831,423.097283349,true,
0.15,33,6017621187618602676,349.025498292,true,
0.15,34,5006037289733106038,569.812980737,true,
0.15,35,94026960689992213,600.000000000,false,600.0
0.15,36,16023111684548549502,600.000000000,false,600.0
0.15,37,4123542768283089362,144.912531060,true,
0.15,38,18273720443064795229,275.985007014,true,
0.15,39,7308382854868630486,573.988666554,true,
0.15,40,18330358637461004994,256.843464522,true,
0.15,41,11905914159669202064,220.286202917,true,
0.15,42,17637540017576690502,189.489348160,true,
0.15,43,661429975524367304,600.000000000,false,600.0
0.15,44,13409202050816243051,567.557452779,true,
0.15,45,9291209431799968336,600.000000000,false,600.0
0.15,46,12075984238392641087,600.000000000,false,600.0
0.15,47,15008836325149527053,571.432679382,true,
0.15,48,41587549567496549,600.000000000,false,600.0
0.15,49,12471385441346939818,320.567602229,true,
0.15,50,12642926623722063729,290.402440192,true,
0.15,51,6411694168543511841,281.729035684,true,
0.15,52,16007157424898269808,600.000000000,false,600.0
0.15,53,596611917824161112,448.198914629,true,
0.15,54,329530629545946500,600.000000000,false,600.0
0.15,55,7544339618485416267,419.524529948,true,
0.15,56,11151804204197510087,600.000000000,false,600.0
0.15,57,5970962798516755823,600.000000000,false,600.0
0.15,58,7069135117920926953,401.641840619,true,
0.15,59,6448828767640842934,384.858690441,true,
0.15,60,13700425208390203654,229.820009489,true,
0.15,61,1629335256854327433,191.984290853,true,
0.15,62,18340523841166392240,362.399666300,true,
0.15,63,1579184371038568964,600.000000000,false,600.0
0.15,64,10060009355697635971,600.000000000,false,600.0
0.15,65,2490894998454975032,600.000000000,false,600.0
0.15,66,4026796705605799191,600.000000000,false,600.0
0.15,67,13281742923566256733,250.538953999,true,
0.15,68,14573032562397221403,398.512196408,true,
0.15,69,16209105765482294902,532.156013919,true,
0.15,70,7410678920453031381,440.003533961,true,
0.15,71,3567426766877724505,180.769429039,true,
0.15,72,17281180467556638489,600.000000000,false,600.0
0.15,73,17878613768361448639,448.378381387,true,
0.15,74,2584816482046512736,153.561472371,true,
0.15,75,9507480745188483787,374.800740442,true,
0.15,76,2172695059529466181,137.825764590,true,
0.15,77,256168968072043903,600.000000000,false,600.0
0.15,78,6066888969316372924,600.000000000,false,600.0
0.15,79,5937476969184631433,600.000000000,false,600.0
0.15,80,3157292218875704738,600.000000000,false,600.0
0.15,81,7904829631649703878,600.000000000,false,600.0
0.15,82,9510961565592505163,566.100865754,true,
0.15,83,11611087686775761763,600.000000000,false,600.0
0.15,84,4536208246801870042,600.000000000,false,600.0
0.15,85,17184119116985185141,255.001339226,true,
0.15,86,1513103298406039877,308.178490903,true,
0.15,87,12959701651174215037,144.013544707,true,
0.15,88,3324471800946518941,443.086693938,true,
0.15,89,2574679205249620422,600.000000000,false,600.0
0.15,90,14250558868356640378,600.000000000,false,600.0
0.15,91,12438211271880044426,600.000000000,false,600.0
0.15,92,4947232849039482618,600.000000000,false,600.0
0.15,93,11068131976095775995,600.000000000,false,600.0
0.15,94,9770901992631974207,260.734413272,true,
0.15,95,8744211744191097816,163.308068874,true,
0.15,96,17237795978825158898,600.000000000,false,600.0
0.15,97,1637877860410267038,600.000000000,false,600.0
0.15,98,1724904208374227901,600.000000000,false,600.0
0.15,99,16212814543818921959,600.000000000,false,600.0
0.15,100,17686074640022404956,600.000000000,false,600.0
0.15,101,8718032823378208138,293.051632331,true,
0.15,102,6240890385604034909,600.000000000,false,600.0
0.15,103,14627650360984893070,256.323175737,true,
0.15,104,15681970994688006322,311.370090448,true,
0.15,105,9662661825869755535,600.000000000,false,600.0
0.15,106,6056304900034551410,600.000000000,false,600.0
0.15,107,12453677962036856399,600.000000000,false,600.0
0.15,108,11317994301526824314,600.000000000,false,600.0
0.15,109,16991895322501919685,600.000000000,false,600.0
0.15,110,3227393980322165312,600.000000000,false,600.0
0.15,111,10104887854072508055,203.629186556,true,
0.15,112,6080453939590560891,533.319850814,true,
0.15,113,10739075444001619105,433.951985659,true,
0.15,114,10257199808777196517,600.000000000,false,600.0
0.15,115,4619828531453571901,600.000000000,false,600.0
0.15,116,9354221596266311174,600.000000000,false,600.0
0.15,117,14946961828416444395,600.000000000,false,600.0
0.15,118,9981438511891672853,325.605075524,true,
0.15,119,15992584006124026805,600.000000000,false,600.0
0.15,120,4590155864510027627,600.000000000,false,600.0
0.15,121,6694004329108266830,600.000000000,false,600.0
0.15,122,6514603063664169887,600.000000000,false,600.0
0.15,123,13223842604403546615,600.000000000,false,600.0
0.15,124,8036786921336895733,600.000000000,false,600.0
0.15,125,2756793674981860446,600.000000000,false,600.0
0.15,126,11652485569043347757,305.493561451,true,
0.15,127,6219043831109360161,229.219306617,true,
0.15,128,2308414437201664664,600.000000000,false,600.0
0.15,129,16793780611935290057,600.000000000,false,600.0
0.15,130,11992869741488739625,600.000000000,false,600.0
0.15,131,6190688006702356822,600.000000000,false,600.0
0.15,132,13381364082340880771,600.000000000,false,600.0
0.15,133,12282835251511589515,600.000000000,false,600.0
0.15,134,2362579112898670767,439.846435597,true,
0.15,135,11090677208237700990,600.000000000,false,600.0
0.15,136,14447235999179488685,192.923077039,true,
0.15,137,3238649255527543122,244.372366391,true,
0.15,138,10625345972599543899,495.682366175,true,
0.15,139,1184912142700000497,304.990741346,true,
0.15,140,7336263636649608786,138.461053987,true,
0.15,141,1120065434786104817,600.000000000,false,600.0
0.15,142,10781492228395752457,202.701849938,true,
0.15,143,7179002354009830276,600.000000000,false,600.0
0.15,144,14816585198746660586,136.323393206,true,
0.15,145,12345268748611113365,579.617765423,true,
0.15,146,16808259228528730560,337.802133119,true,
0.15,147,4287858865099480545,600.000000000,false,600.0
0.15,148,2159124086709180333,600.000000000,false,600.0
0.15,149,8724432932696772255,600.000000000,false,600.0
0.15,150,5821172676946089108,370.971894501,true,
0.15,151,4642743041857584563,503.372568280,true,
0.15,152,9809258597804170161,600.000000000,false,600.0
0.15,153,6375444539940864774,600.000000000,false,600.0
0.15,154,10894297338848002769,600.000000000,false,600.0
0.15,155,16292879917286714098,327.678680740,true,
0.15,156,17903216372016796956,284.767455523,true,
0.15,157,12694919531937672451,313.370603342,true,
0.15,158,5764256823037926109,194.856305789,true,
0.15,159,6929906285052133938,600.000000000,false,600.0
0.15,160,13386096930873136392,600.000000000,false,600.0
0.15,161,1374640518560384222,231.309190394,true,
0.15,162,18081800509720369600,600.000000000,false,600.0
0.15,163,8028948996653498972,600.000000000,false,600.0
0.15,164,10910025554758038408,540.305802229,true,
0.15,165,5499210798291061548,430.019970624,true,
0.15,166,14823924768833936445,286.849947882,true,
0.15,167,9375039479180605491,600.000000000,false,600.0
0.15,168,587203936550584734,600.000000000,false,600.0
0.15,169,7023062498771247427,213.683015674,true,
0.15,170,14443756267455586908,359.992762081,true,
0.15,171,1660989235356971646,266.550036862,true,
0.15,172,16629760624891390060,600.000000000,false,600.0
0.15,173,8828233498580164067,201.458108961,true,
0.15,174,15904938436956276809,600.000000000,false,600.0
0.15,175,853759011744270452,596.970803332,true,
0.15,176,12077733151128023192,600.000000000,false,600.0
0.15,177,5431343548139908152,600.000000000,false,600.0
0.15,178,14464466714887776830,543.631777427,true,
0.15,179,3872586297844455659,600.000000000,false,600.0
0.15,180,8251316649499332729,304.787234291,true,
0.15,181,13768574421513410959,600.000000000,false,600.0
0.15,182,2395129733554949617,446.531434888,true,
0.15,183,5959134789798070874,600.000000000,false,600.0
0.15,184,11334347819963202668,600.000000000,false,600.0
0.15,185,11299846577224429769,331.205578030,true,
0.15,186,4177281384904223726,600.000000000,false,600.0
0.15,187,17731211758507050318,600.000000000,false,600.0
0.15,188,909582936076228165,107.357307496,true,
0.15,189,16952797831251311168,600.000000000,false,600.0
0.15,190,5582957937741785073,279.474081254,true,
0.15,191,12113876592819114155,600.000000000,false,600.0
0.15,192,6761392671837125469,600.000000000,false,600.0
0.15,193,18170883110629089889,292.468669842,true,
0.15,194,8545307910871506685,502.938293233,true,
0.15,195,7701648147245862448,534.219937219,true,
0.15,196,9327960049309272333,285.055706650,true,
0.15,197,7331229142298487523,343.463697479,true,
0.15,198,10942891325025840830,600.000000000,false,600.0
0.15,199,15943499863363013489,553.860195169,true,
0.15,200,3113777020019007139,600.000000000,false,600.0
0.15,201,5818284862823947143,600.000000000,false,600.0
0.15,202,17385602768584545957,600.000000000,false,600.0
0.15,203,3655680359959557277,600.000000000,false,600.0
0.15,204,9509865509674950770,600.000000000,false,600.0
0.15,205,3812107014719288311,600.000000000,false,600.0
0.15,206,7006336812600072112,376.612823295,true,
0.15,207,3179223968139728126,482.351743706,true,
0.15,208,10761453805471220991,600.000000000,false,600.0
0.15,209,11921867793501616081,600.000000000,false,600.0
0.15,210,10111367152867274050,479.267998668,true,
0.15,211,4904481117980378385,600.000000000,false,600.0
0.15,212,14569990701747480298,195.616541443,true,
0.15,213,15190399103318053385,378.510309982,true,
0.15,214,15449727497988196806,600.000000000,false,600.0
0.15,215,820787427272650293,600.000000000,false,600.0
0.15,216,5307821758355038576,600.000000000,false,600.0
0.15,217,11812223012432297026,600.000000000,false,600.0
0.15,218,11814045155171275338,248.104367629,true,
0.15,219,8228864566917029480,600.000000000,false,600.0
0.15,220,17305545577262328016,600.000000000,false,600.0
0.15,221,1116346966554113914,600.000000000,false,600.0
0.15,222,13786438269547531238,600.000000000,false,600.0
0.15,223,15396871550441008130,568.404811891,true,
0.15,224,2510593068319815157,600.000000000,false,600.0
0.15,225,11641752946588234009,600.000000000,false,600.0
0.15,226,10987694153087145781,600.000000000,false,600.0
0.15,227,3564497120731823788,600.000000000,false,600.0
0.15,228,3140251913915134873,600.000000000,false,600.0
0.15,229,860086512756865854,600.000000000,false,600.0
0.15,230,4767795065398708950,600.000000000,false,600.0
0.15,231,11587888818995485148,600.000000000,false,600.0
0.15,232,13188483554273150705,600.000000000,false,600.0
0.15,233,12972839088249540308,600.000000000,false,600.0
0.15,234,9774907240976580634,371.400552861,true,
0.15,235,12665933611074770632,600.000000000,false,600.0
0.15,236,18104154891471011725,600.000000000,false,600.0
0.15,237,17261824108098172117,584.595202244,true,
0.15,238,6588674474728611540,600.000000000,false,600.0
0.15,239,5106831533912126486,600.000000000,false,600.0
0.15,240,17754963126205562813,600.000000000,false,600.0
0.15,241,3863207217449653484,396.537319103,true,
0.15,242,4802153968110386661,600.000000000,false,600.0
0.15,243,6249511377586482411,600.000000000,false,600.0
0.15,244,7886642544989050030,600.000000000,false,600.0
0.15,245,536266857943486106,600.000000000,false,600.0
0.15,246,8487214934768386099,540.982775483,true,
0.15,247,16118899246876152949,600.000000000,false,600.0
0.15,248,2167600576180410023,600.000000000,false,600.0
0.15,249,18035596731850175928,600.000000000,false,600.0
0.15,250,10091755837383794904,600.000000000,false,600.0
0.15,251,14956634114550114378,218.508665160,true,
0.15,252,5736842911363710086,296.156226444,true,
0.15,253,13545414297103171755,600.000000000,false,600.0
0.15,254,17676207231418827186,600.000000000,false,600.0
0.15,255,775170366018200288,225.509314821,true,
0.25,0,11586010233531586918,600.000000000,false,600.0
0.25,1,7435275229452103958,600.000000000,false,600.0
0.25,2,17377466536114428149,328.514406601,true,
0.25,3,6199957159904866235,273.155152703,true,
0.25,4,12032831652220777203,290.310764702,true,
0.25,5,12824817159816449082,273.866299820,true,
0.25,6,13127086010505558010,413.505441101,true,
0.25,7,8614443013277031389,600.000000000,false,600.0
0.25,8,3349677325774699018,440.710371806,true,
0.25,9,6739777678050942568,181.700321930,true,
0.25,10,13292573669742727768,213.540030757,true,
0.25,11,8344065747443815322,240.569025142,true,
0.25,12,7490701265514071955,179.848825685,true,
0.25,13,8195868551367103870,600.000000000,false,600.0
0.25,14,143160498584173569,151.896109980,true,
0.25,15,13991331147305667756,418.172669188,true,
0.25,16,8852702049133514447,598.702528977,true,
0.25,17,9212052921636300388,202.682966915,true,
0.25,18,402961943671700872,231.912149391,true,
0.25,19,6986561947402773466,425.761527523,true,
0.25,20,16005634800982363428,600.000000000,false,600.0
0.25,21,3103801612665070996,173.535009722,true,
0.25,22,3967502247431635178,480.914601874,true,
0.25,23,4878733458379586603,600.000000000,false,600.0
0.25,24,6374048190185089496,243.758300082,true,
0.25,25,13912929966655383479,306.566368098,true,
0.25,26,16086834953004871649,600.000000000,false,600.0
0.25,27,2478123085070656810,403.421358543,true,
0.25,28,14635557844392384166,600.000000000,false,600.0
0.25,29,6080612373390493676,600.000000000,false,600.0
0.25,30,7285233852844147061,600.000000000,false,600.0
0.25,31,4284981539987200484,600.000000000,false,600.0
0.25,32,5229969725615578831,600.000000000,false,600.0
0.25,33,6017621187618602676,182.399851922,true,
0.25,34,5006037289733106038,290.245919220,true,
0.25,35,94026960689992213,600.000000000,false,600.0
0.25,36,16023111684548549502,287.579162488,true,
0.25,37,4123542768283089362,459.267528489,true,
0.25,38,18273720443064795229,342.522086626,true,
0.25,39,7308382854868630486,600.000000000,false,600.0
0.25,40,18330358637461004994,600.000000000,false,600.0
0.25,41,11905914159669202064,600.000000000,false,600.0
0.25,42,17637540017576690502,600.000000000,false,600.0
0.25,43,661429975524367304,332.590873488,true,
0.25,44,13409202050816243051,516.209248342,true,
0.25,45,9291209431799968336,291.351400061,true,
0.25,46,12075984238392641087,432.796294302,true,
0.25,47,15008836325149527053,600.000000000,false,600.0
0.25,48,41587549567496549,600.000000000,false,600.0
0.25,49,12471385441346939818,600.000000000,false,600.0
0.25,50,12642926623722063729,311.315197436,true,
0.25,51,6411694168543511841,600.000000000,false,600.0
0.25,52,16007157424898269808,323.195585992,true,
0.25,53,596611917824161112,457.045219043,true,
0.25,54,329530629545946500,600.000000000,false,600.0
0.25,55,7544339618485416267,194.862254588,true,
0.25,56,11151804204197510087,399.768237665,true,
0.25,57,5970962798516755823,312.091945493,true,
0.25,58,7069135117920926953,309.913055458,true,
0.25,59,6448828767640842934,600.000000000,false,600.0
0.25,60,13700425208390203654,391.724601656,true,
0.25,61,1629335256854327433,258.250258248,true,
0.25,62,18340523841166392240,600.000000000,false,600.0
0.25,63,1579184371038568964,187.816492687,true,
0.25,64,10060009355697635971,600.000000000,false,600.0
0.25,65,2490894998454975032,600.000000000,false,600.0
0.25,66,4026796705605799191,229.768451726,true,
0.25,67,13281742923566256733,325.834789224,true,
0.25,68,14573032562397221403,600.000000000,false,600.0
0.25,69,16209105765482294902,298.233199252,true,
0.25,70,7410678920453031381,600.000000000,false,600.0
0.25,71,3567426766877724505,176.654832321,true,
0.25,72,17281180467556638489,527.338267318,true,
0.25,73,17878613768361448639,554.166450417,true,
0.25,74,2584816482046512736,600.000000000,false,600.0
0.25,75,9507480745188483787,265.113507741,true,
0.25,76,2172695059529466181,600.000000000,false,600.0
0.25,77,256168968072043903,561.777934818,true,
0.25,78,6066888969316372924,277.421778174,true,
0.25,79,5937476969184631433,298.677044061,true,
0.25,80,3157292218875704738,289.921002670,true,
0.25,81,7904829631649703878,102.515726875,true,
0.25,82,9510961565592505163,600.000000000,false,600.0
0.25,83,11611087686775761763,600.000000000,false,600.0
0.25,84,4536208246801870042,570.844062443,true,
0.25,85,17184119116985185141,185.379054908,true,
0.25,86,1513103298406039877,600.000000000,false,600.0
0.25,87,12959701651174215037,294.609415963,true,
0.25,88,3324471800946518941,600.000000000,false,600.0
0.25,89,2574679205249620422,213.233315854,true,
0.25,90,14250558868356640378,357.435856403,true,
0.25,91,12438211271880044426,263.082570529,true,
0.25,92,4947232849039482618,600.000000000,false,600.0
0.25,93,11068131976095775995,600.000000000,false,600.0
0.25,94,9770901992631974207,600.000000000,false,600.0
0.25,95,8744211744191097816,357.072876968,true,
0.25,96,17237795978825158898,600.000000000,false,600.0
0.25,97,1637877860410267038,256.403684459,true,
0.25,98,1724904208374227901,224.603192087,true,
0.25,99,16212814543818921959,418.034860438,true,
0.25,100,17686074640022404956,201.031511113,true,
0.25,101,8718032823378208138,273.938077623,true,
0.25,102,6240890385604034909,300.437304731,true,
0.25,103,14627650360984893070,600.000000000,false,600.0
0.25,104,15681970994688006322,300.621085895,true,
0.25,105,9662661825869755535,98.378178841,true,
0.25,106,6056304900034551410,374.507066990,true,
0.25,107,12453677962036856399,335.769087050,true,
0.25,108,11317994301526824314,600.000000000,false,600.0
0.25,109,16991895322501919685,326.751187323,true,
0.25,110,3227393980322165312,600.000000000,false,600.0
0.25,111,10104887854072508055,368.226570458,true,
0.25,112,6080453939590560891,381.049386053,true,
0.25,113,10739075444001619105,325.764152622,true,
0.25,114,10257199808777196517,532.446041631,true,
0.25,115,4619828531453571901,127.901843648,true,
0.25,116,9354221596266311174,497.804063107,true,
0.25,117,14946961828416444395,600.000000000,false,600.0
0.25,118,9981438511891672853,577.787654937,true,
0.25,119,15992584006124026805,600.000000000,false,600.0
0.25,120,4590155864510027627,270.684209732,true,
0.25,121,6694004329108266830,343.408536361,true,
0.25,122,6514603063664169887,255.532841014,true,
0.25,123,13223842604403546615,497.988592421,true,
0.25,124,8036786921336895733,532.599650879,true,
0.25,125,2756793674981860446,600.000000000,false,600.0
0.25,126,11652485569043347757,600.000000000,false,600.0
0.25,127,6219043831109360161,226.665601486,true,
0.25,128,2308414437201664664,600.000000000,false,600.0
0.25,129,16793780611935290057,600.000000000,false,600.0
0.25,130,11992869741488739625,220.636171275,true,
0.25,131,6190688006702356822,185.430976669,true,
0.25,132,13381364082340880771,485.209170855,true,
0.25,133,12282835251511589515,383.371306402,true,
0.25,134,2362579112898670767,600.000000000,false,600.0
0.25,135,11090677208237700990,600.000000000,false,600.0
0.25,136,14447235999179488685,463.529507821,true,
0.25,137,3238649255527543122,145.013038458,true,
0.25,138,10625345972599543899,191.407241308,true,
0.25,139,1184912142700000497,600.000000000,false,600.0
0.25,140,7336263636649608786,502.488397254,true,
0.25,141,1120065434786104817,401.675450040,true,
0.25,142,10781492228395752457,370.185974615,true,
0.25,143,7179002354009830276,600.000000000,false,600.0
0.25,144,14816585198746660586,428.936587915,true,
0.25,145,12345268748611113365,201.612307342,true,
0.25,146,16808259228528730560,276.324263795,true,
0.25,147,4287858865099480545,600.000000000,false,600.0
0.25,148,2159124086709180333,600.000000000,false,600.0
0.25,149,8724432932696772255,315.182754937,true,
0.25,150,5821172676946089108,391.994969968,true,
0.25,151,4642743041857584563,600.000000000,false,600.0
0.25,152,9809258597804170161,600.000000000,false,600.0
0.25,153,6375444539940864774,264.235298299,true,
0.25,154,10894297338848002769,415.390108921,true,
0.25,155,16292879917286714098,559.554566246,true,
0.25,156,17903216372016796956,600.000000000,false,600.0
0.25,157,12694919531937672451,600.000000000,false,600.0
0.25,158,5764256823037926109,600.000000000,false,600.0
0.25,159,6929906285052133938,555.333396339,true,
0.25,160,13386096930873136392,271.003797082,true,
0.25,161,1374640518560384222,304.640416337,true,
0.25,162,18081800509720369600,600.000000000,false,600.0
0.25,163,8028948996653498972,200.028744708,true,
0.25,164,10910025554758038408,600.000000000,false,600.0
0.25,165,5499210798291061548,321.297632476,true,
0.25,166,14823924768833936445,363.145034015,true,
0.25,167,9375039479180605491,600.000000000,false,600.0
0.25,168,587203936550584734,148.000101906,true,
0.25,169,7023062498771247427,157.023155647,true,
0.25,170,14443756267455586908,228.620945924,true,
0.25,171,1660989235356971646,600.000000000,false,600.0
0.25,172,16629760624891390060,409.211229876,true,
0.25,173,8828233498580164067,600.000000000,false,600.0
0.25,174,15904938436956276809,230.040093035,true,
0.25,175,853759011744270452,600.000000000,false,600.0
0.25,176,12077733151128023192,218.255819914,true,
0.25,177,5431343548139908152,162.434480799,true,
0.25,178,14464466714887776830,600.000000000,false,600.0
0.25,179,3872586297844455659,564.077935823,true,
0.25,180,8251316649499332729,600.000000000,false,600.0
0.25,181,13768574421513410959,289.113429184,true,
0.25,182,2395129733554949617,190.126978190,true,
0.25,183,5959134789798070874,153.201281137,true,
0.25,184,11334347819963202668,208.113238341,true,
0.25,185,11299846577224429769,600.000000000,false,600.0
0.25,186,4177281384904223726,600.000000000,false,600.0
0.25,187,17731211758507050318,600.000000000,false,600.0
0.25,188,909582936076228165,600.000000000,false,600.0
0.25,189,16952797831251311168,398.922535605,true,
0.25,190,5582957937741785073,600.000000000,false,600.0
0.25,191,12113876592819114155,207.438916417,true,
0.25,192,6761392671837125469,259.720961893,true,
0.25,193,18170883110629089889,594.416369851,true,
0.25,194,8545307910871506685,554.083386736,true,
0.25,195,7701648147245862448,216.566346632,true,
0.25,196,9327960049309272333,600.000000000,false,600.0
0.25,197,7331229142298487523,313.310584149,true,
0.25,198,10942891325025840830,600.000000000,false,600.0
0.25,199,15943499863363013489,600.000000000,false,600.0
0.25,200,3113777020019007139,214.942934218,true,
0.25,201,5818284862823947143,251.927877235,true,
0.25,202,17385602768584545957,257.318040788,true,
0.25,203,3655680359959557277,220.301970779,true,
0.25,204,9509865509674950770,600.000000000,false,600.0
0.25,205,3812107014719288311,600.000000000,false,600.0
0.25,206,7006336812600072112,600.000000000,false,600.0
0.25,207,3179223968139728126,392.240279689,true,
0.25,208,10761453805471220991,331.808037218,true,
0.25,209,11921867793501616081,201.728282913,true,
0.25,210,10111367152867274050,492.560650381,true,
0.25,211,4904481117980378385,367.067000459,true,
0.25,212,14569990701747480298,352.561525095,true,
0.25,213,15190399103318053385,397.471827089,true,
0.25,214,15449727497988196806,600.000000000,false,600.0
0.25,215,820787427272650293,422.742513875,true,
0.25,216,5307821758355038576,519.020209096,true,
0.25,217,11812223012432297026,543.364418452,true,
0.25,218,11814045155171275338,467.316625251,true,
0.25,219,8228864566917029480,119.441744001,true,
0.25,220,17305545577262328016,224.238841867,true,
0.25,221,1116346966554113914,221.234018491,true,
0.25,222,13786438269547531238,600.000000000,false,600.0
0.25,223,15396871550441008130,120.521880557,true,
0.25,224,2510593068319815157,499.796749406,true,
0.25,225,11641752946588234009,600.000000000,false,600.0
0.25,226,10987694153087145781,600.000000000,false,600.0
0.25,227,3564497120731823788,463.471544777,true,
0.25,228,3140251913915134873,212.107253300,true,
0.25,229,860086512756865854,314.046900807,true,
0.25,230,4767795065398708950,275.043310320,true,
0.25,231,11587888818995485148,277.695589510,true,
0.25,232,13188483554273150705,600.000000000,false,600.0
0.25,233,12972839088249540308,433.800880949,true,
0.25,234,9774907240976580634,178.132866093,true,
0.25,235,12665933611074770632,321.445792701,true,
0.25,236,18104154891471011725,600.000000000,false,600.0
0.25,237,17261824108098172117,600.000000000,false,600.0
0.25,238,6588674474728611540,346.781312163,true,
0.25,239,5106831533912126486,573.473166579,true,
0.25,240,17754963126205562813,290.042400211,true,
0.25,241,3863207217449653484,134.629747923,true,
0.25,242,4802153968110386661,213.000654531,true,
0.25,243,6249511377586482411,600.000000000,false,600.0
0.25,244,7886642544989050030,206.267559240,true,
0.25,245,536266857943486106,221.451862466,true,
0.25,246,8487214934768386099,246.259879425,true,
0.25,247,16118899246876152949,217.246137311,true,
0.25,248,2167600576180410023,440.182638724,true,
0.25,249,18035596731850175928,505.396388417,true,
0.25,250,10091755837383794904,173.568173051,true,
0.25,251,14956634114550114378,600.000000000,false,600.0
0.25,252,5736842911363710086,275.811255779,true,
0.25,253,13545414297103171755,520.477814657,true,
0.25,254,17676207231418827186,174.129964368,true,
0.25,255,775170366018200288,600.000000000,false,600.0
0.35,0,11586010233531586918,354.976330334,true,
0.35,1,7435275229452103958,314.210372417,true,
0.35,2,17377466536114428149,186.919143381,true,
0.35,3,6199957159904866235,473.357171661,true,
0.35,4,12032831652220777203,167.243419198,true,
0.35,5,12824817159816449082,374.386260748,true,
0.35,6,13127086010505558010,190.047686674,true,
0.35,7,8614443013277031389,344.818192765,true,
0.35,8,3349677325774699018,109.855032240,true,
0.35,9,6739777678050942568,319.480663487,true,
0.35,10,13292573669742727768,225.605775083,true,
0.35,11,8344065747443815322,585.347419188,true,
0.35,12,7490701265514071955,298.344502619,true,
0.35,13,8195868551367103870,174.650817079,true,
0.35,14,143160498584173569,254.827708224,true,
0.35,15,13991331147305667756,305.568639441,true,
0.35,16,8852702049133514447,405.444531180,true,
0.35,17,9212052921636300388,366.287158521,true,
0.35,18,402961943671700872,124.371437778,true,
0.35,19,6986561947402773466,237.054891244,true,
0.35,20,16005634800982363428,115.557428240,true,
0.35,21,3103801612665070996,388.519469645,true,
0.35,22,3967502247431635178,376.184966885,true,
0.35,23,4878733458379586603,232.696611660,true,
0.35,24,6374048190185089496,219.114449181,true,
0.35,25,13912929966655383479,288.960330359,true,
0.35,26,16086834953004871649,222.357586872,true,
0.35,27,2478123085070656810,222.718028226,true,
0.35,28,14635557844392384166,202.786498293,true,
0.35,29,6080612373390493676,100.125677552,true,
0.35,30,7285233852844147061,211.736908816,true,
0.35,31,4284981539987200484,430.702102686,true,
0.35,32,5229969725615578831,295.118833012,true,
0.35,33,6017621187618602676,530.594451494,true,
0.35,34,5006037289733106038,106.429335877,true,
0.35,35,94026960689992213,156.542981922,true,
0.35,36,16023111684548549502,213.954247002,true,
0.35,37,4123542768283089362,469.716254852,true,
0.35,38,18273720443064795229,256.851695170,true,
0.35,39,7308382854868630486,600.000000000,false,600.0
0.35,40,18330358637461004994,245.600359127,true,
0.35,41,11905914159669202064,201.202375292,true,
0.35,42,17637540017576690502,346.280926088,true,
0.35,43,661429975524367304,398.697800781,true,
0.35,44,13409202050816243051,303.290529190,true,
0.35,45,9291209431799968336,490.608162891,true,
0.35,46,12075984238392641087,161.278614694,true,
0.35,47,15008836325149527053,207.487712719,true,
0.35,48,41587549567496549,170.485121954,true,
0.35,49,12471385441346939818,503.785825894,true,
0.35,50,12642926623722063729,266.613519703,true,
0.35,51,6411694168543511841,411.645646876,true,
0.35,52,16007157424898269808,140.570826298,true,
0.35,53,596611917824161112,220.442340784,true,
0.35,54,329530629545946500,168.633378829,true,
0.35,55,7544339618485416267,275.043821291,true,
0.35,56,11151804204197510087,192.303943658,true,
0.35,57,5970962798516755823,505.080925768,true,
0.35,58,7069135117920926953,290.680805025,true,
0.35,59,6448828767640842934,137.648763705,true,
0.35,60,13700425208390203654,518.256639644,true,
0.35,61,1629335256854327433,554.992982856,true,
0.35,62,18340523841166392240,426.132736146,true,
0.35,63,1579184371038568964,147.389714582,true,
0.35,64,10060009355697635971,315.229903839,true,
0.35,65,2490894998454975032,531.470968779,true,
0.35,66,4026796705605799191,236.923111932,true,
0.35,67,13281742923566256733,330.358970473,true,
0.35,68,14573032562397221403,165.988504245,true,
0.35,69,16209105765482294902,230.842630673,true,
0.35,70,7410678920453031381,389.377439552,true,
0.35,71,3567426766877724505,156.232596991,true,
0.35,72,17281180467556638489,600.000000000,false,600.0
0.35,73,17878613768361448639,434.549826110,true,
0.35,74,2584816482046512736,215.611454423,true,
0.35,75,9507480745188483787,443.978052434,true,
0.35,76,2172695059529466181,91.144319108,true,
0.35,77,256168968072043903,449.718744959,true,
0.35,78,6066888969316372924,153.010672802,true,
0.35,79,5937476969184631433,240.822630966,true,
0.35,80,3157292218875704738,238.040479929,true,
0.35,81,7904829631649703878,325.163983075,true,
0.35,82,9510961565592505163,177.561867067,true,
0.35,83,11611087686775761763,159.145707320,true,
0.35,84,4536208246801870042,374.249198060,true,
0.35,85,17184119116985185141,561.069432950,true,
0.35,86,1513103298406039877,156.711788716,true,
0.35,87,12959701651174215037,178.499345834,true,
0.35,88,3324471800946518941,251.370776512,true,
0.35,89,2574679205249620422,293.819540807,true,
0.35,90,14250558868356640378,278.045768999,true,
0.35,91,12438211271880044426,375.722320664,true,
0.35,92,4947232849039482618,176.724377847,true,
0.35,93,11068131976095775995,140.908192016,true,
0.35,94,9770901992631974207,91.881974256,true,
0.35,95,8744211744191097816,500.182742400,true,
0.35,96,17237795978825158898,292.369053548,true,
0.35,97,1637877860410267038,67.273511022,true,
0.35,98,1724904208374227901,172.096614360,true,
0.35,99,16212814543818921959,161.748392466,true,
0.35,100,17686074640022404956,406.664176143,true,
0.35,101,8718032823378208138,80.693343548,true,
0.35,102,6240890385604034909,110.666916404,true,
0.35,103,14627650360984893070,130.897834503,true,
0.35,104,15681970994688006322,600.000000000,false,600.0
0.35,105,9662661825869755535,89.933419717,true,
0.35,106,6056304900034551410,361.958310516,true,
0.35,107,12453677962036856399,249.347498542,true,
0.35,108,11317994301526824314,298.847978075,true,
0.35,109,16991895322501919685,415.473749907,true,
0.35,110,3227393980322165312,295.168700722,true,
0.35,111,10104887854072508055,121.156257107,true,
0.35,112,6080453939590560891,161.371563381,true,
0.35,113,10739075444001619105,158.256013416,true,
0.35,114,10257199808777196517,190.293747540,true,
0.35,115,4619828531453571901,326.370917351,true,
0.35,116,9354221596266311174,217.167401766,true,
0.35,117,14946961828416444395,131.949366071,true,
0.35,118,9981438511891672853,195.173051040,true,
0.35,119,15992584006124026805,162.663135410,true,
0.35,120,4590155864510027627,323.752419506,true,
0.35,121,6694004329108266830,600.000000000,false,600.0
0.35,122,6514603063664169887,572.797200144,true,
0.35,123,13223842604403546615,368.945097163,true,
0.35,124,8036786921336895733,355.134879773,true,
0.35,125,2756793674981860446,498.755725156,true,
0.35,126,11652485569043347757,420.600653032,true,
0.35,127,6219043831109360161,529.885576994,true,
0.35,128,2308414437201664664,184.497809224,true,
0.35,129,16793780611935290057,252.460277218,true,
0.35,130,11992869741488739625,413.207829308,true,
0.35,131,6190688006702356822,474.896365006,true,
0.35,132,13381364082340880771,282.942498739,true,
0.35,133,12282835251511589515,118.544818658,true,
0.35,134,2362579112898670767,175.521888993,true,
0.35,135,11090677208237700990,363.152919237,true,
0.35,136,14447235999179488685,83.924522553,true,
0.35,137,3238649255527543122,228.761870733,true,
0.35,138,10625345972599543899,600.000000000,false,600.0
0.35,139,1184912142700000497,139.805120063,true,
0.35,140,7336263636649608786,454.371916030,true,
0.35,141,1120065434786104817,155.491403777,true,
0.35,142,10781492228395752457,274.841978380,true,
0.35,143,7179002354009830276,284.508977083,true,
0.35,144,14816585198746660586,537.303125788,true,
0.35,145,12345268748611113365,158.824233371,true,
0.35,146,16808259228528730560,162.034454275,true,
0.35,147,4287858865099480545,384.593875836,true,
0.35,148,2159124086709180333,254.280426450,true,
0.35,149,8724432932696772255,146.468200729,true,
0.35,150,5821172676946089108,505.381278644,true,
0.35,151,4642743041857584563,600.000000000,false,600.0
0.35,152,9809258597804170161,234.761045151,true,
0.35,153,6375444539940864774,257.925615632,true,
0.35,154,10894297338848002769,124.848300286,true,
0.35,155,16292879917286714098,201.695785192,true,
0.35,156,17903216372016796956,170.226191411,true,
0.35,157,12694919531937672451,84.716231157,true,
0.35,158,5764256823037926109,428.591250803,true,
0.35,159,6929906285052133938,128.843572378,true,
0.35,160,13386096930873136392,582.997065747,true,
0.35,161,1374640518560384222,600.000000000,false,600.0
0.35,162,18081800509720369600,271.537710635,true,
0.35,163,8028948996653498972,281.925677843,true,
0.35,164,10910025554758038408,600.000000000,false,600.0
0.35,165,5499210798291061548,367.225283106,true,
0.35,166,14823924768833936445,447.752429115,true,
0.35,167,9375039479180605491,98.153487911,true,
0.35,168,587203936550584734,173.448202399,true,
0.35,169,7023062498771247427,236.813672562,true,
0.35,170,14443756267455586908,158.171547715,true,
0.35,171,1660989235356971646,591.249895906,true,
0.35,172,16629760624891390060,311.051527197,true,
0.35,173,8828233498580164067,223.036309244,true,
0.35,174,15904938436956276809,461.008285204,true,
0.35,175,853759011744270452,169.786127408,true,
0.35,176,12077733151128023192,174.524544691,true,
0.35,177,5431343548139908152,183.585969361,true,
0.35,178,14464466714887776830,63.578358367,true,
0.35,179,3872586297844455659,232.007053984,true,
0.35,180,8251316649499332729,341.274038263,true,
0.35,181,13768574421513410959,281.092346672,true,
0.35,182,2395129733554949617,212.121372483,true,
0.35,183,5959134789798070874,115.776027005,true,
0.35,184,11334347819963202668,600.000000000,false,600.0
0.35,185,11299846577224429769,359.499543210,true,
0.35,186,4177281384904223726,227.329291031,true,
0.35,187,17731211758507050318,452.738307731,true,
0.35,188,909582936076228165,266.258569945,true,
0.35,189,16952797831251311168,261.074951079,true,
0.35,190,5582957937741785073,528.059936251,true,
0.35,191,12113876592819114155,141.119700369,true,
0.35,192,6761392671837125469,322.998479502,true,
0.35,193,18170883110629089889,419.691191446,true,
0.35,194,8545307910871506685,126.412195219,true,
0.35,195,7701648147245862448,374.085478093,true,
0.35,196,9327960049309272333,136.850017603,true,
0.35,197,7331229142298487523,259.358240053,true,
0.35,198,10942891325025840830,275.015544526,true,
0.35,199,15943499863363013489,346.084677520,true,
0.35,200,3113777020019007139,391.719039845,true,
0.35,201,5818284862823947143,91.641354564,true,
0.35,202,17385602768584545957,501.151150241,true,
0.35,203,3655680359959557277,364.548937855,true,
0.35,204,9509865509674950770,589.127884691,true,
0.35,205,3812107014719288311,330.797103186,true,
0.35,206,7006336812600072112,130.451847887,true,
0.35,207,3179223968139728126,424.623831017,true,
0.35,208,10761453805471220991,480.927819036,true,
0.35,209,11921867793501616081,600.000000000,false,600.0
0.35,210,10111367152867274050,328.689248224,true,
0.35,211,4904481117980378385,553.764300573,true,
0.35,212,14569990701747480298,600.000000000,false,600.0
0.35,213,15190399103318053385,170.779020471,true,
0.35,214,15449727497988196806,172.713206936,true,
0.35,215,820787427272650293,434.753109309,true,
0.35,216,5307821758355038576,187.279295909,true,
0.35,217,11812223012432297026,320.767227530,true,
0.35,218,11814045155171275338,600.000000000,false,600.0
0.35,219,8228864566917029480,145.922690906,true,
0.35,220,17305545577262328016,221.477450122,true,
0.35,221,1116346966554113914,194.334656378,true,
0.35,222,13786438269547531238,226.335680578,true,
0.35,223,15396871550441008130,109.661685778,true,
0.35,224,2510593068319815157,600.000000000,false,600.0
0.35,225,11641752946588234009,328.754879601,true,
0.35,226,10987694153087145781,600.000000000,false,600.0
0.35,227,3564497120731823788,244.533337652,true,
0.35,228,3140251913915134873,148.871507720,true,
0.35,229,860086512756865854,332.891362604,true,
0.35,230,4767795065398708950,144.762310245,true,
0.35,231,11587888818995485148,239.352266440,true,
0.35,232,13188483554273150705,212.218190838,true,
0.35,233,12972839088249540308,203.874978079,true,
0.35,234,9774907240976580634,132.985578103,true,
0.35,235,12665933611074770632,190.922390936,true,
0.35,236,18104154891471011725,600.000000000,false,600.0
0.35,237,17261824108098172117,338.131895296,true,
0.35,238,6588674474728611540,287.113839988,true,
0.35,239,5106831533912126486,444.726284639,true,
0.35,240,17754963126205562813,145.368995588,true,
0.35,241,3863207217449653484,235.584189714,true,
0.35,242,4802153968110386661,326.555263992,true,
0.35,243,6249511377586482411,163.868073048,true,
0.35,244,7886642544989050030,600.000000000,false,600.0
0.35,245,536266857943486106,192.259875336,true,
0.35,246,8487214934768386099,597.212181812,true,
0.35,247,16118899246876152949,600.000000000,false,600.0
0.35,248,2167600576180410023,148.795633075,true,
0.35,249,18035596731850175928,254.639393078,true,
0.35,250,10091755837383794904,129.982296016,true,
0.35,251,14956634114550114378,175.950486081,true,
0.35,252,5736842911363710086,151.480802656,true,
0.35,253,13545414297103171755,420.219686692,true,
0.35,254,17676207231418827186,445.685414946,true,
0.35,255,775170366018200288,285.270807649,true,
0.45,0,11586010233531586918,256.402137301,true,
0.45,1,7435275229452103958,234.488921632,true,
0.45,2,17377466536114428149,275.192780462,true,
0.45,3,6199957159904866235,304.460504230,true,
0.45,4,12032831652220777203,276.166057799,true,
0.45,5,12824817159816449082,169.812491205,true,
0.45,6,13127086010505558010,117.925004138,true,
0.45,7,8614443013277031389,134.369307658,true,
0.45,8,3349677325774699018,276.410393621,true,
0.45,9,6739777678050942568,170.788298923,true,
0.45,10,13292573669742727768,169.411797605,true,
0.45,11,8344065747443815322,101.609561398,true,
0.45,12,7490701265514071955,113.650101024,true,
0.45,13,8195868551367103870,405.918693719,true,
0.45,14,143160498584173569,219.064005346,true,
0.45,15,13991331147305667756,292.504057854,true,
0.45,16,8852702049133514447,147.997558359,true,
0.45,17,9212052921636300388,118.970727586,true,
0.45,18,402961943671700872,190.367286491,true,
0.45,19,6986561947402773466,282.578941544,true,
0.45,20,16005634800982363428,273.974905228,true,
0.45,21,3103801612665070996,97.461939199,true,
0.45,22,3967502247431635178,188.689641692,true,
0.45,23,4878733458379586603,210.102208082,true,
0.45,24,6374048190185089496,427.175779266,true,
0.45,25,13912929966655383479,154.240530606,true,
0.45,26,16086834953004871649,303.347264863,true,
0.45,27,2478123085070656810,182.438925771,true,
0.45,28,14635557844392384166,325.193798887,true,
0.45,29,6080612373390493676,170.837479995,true,
0.45,30,7285233852844147061,152.268983161,true,
0.45,31,4284981539987200484,487.672764154,true,
0.45,32,5229969725615578831,193.442116666,true,
0.45,33,6017621187618602676,456.629136848,true,
0.45,34,5006037289733106038,183.467658335,true,
0.45,35,94026960689992213,109.284173148,true,
0.45,36,16023111684548549502,381.994834228,true,
0.45,37,4123542768283089362,141.812926696,true,
0.45,38,18273720443064795229,324.574718048,true,
0.45,39,7308382854868630486,333.596555154,true,
0.45,40,18330358637461004994,168.932653098,true,
0.45,41,11905914159669202064,164.979633696,true,
0.45,42,17637540017576690502,280.727696024,true,
0.45,43,661429975524367304,226.775274548,true,
0.45,44,13409202050816243051,255.991986448,true,
0.45,45,9291209431799968336,113.272905206,true,
0.45,46,12075984238392641087,161.576854206,true,
0.45,47,15008836325149527053,142.860003076,true,
0.45,48,41587549567496549,400.538905010,true,
0.45,49,12471385441346939818,202.682280478,true,
0.45,50,12642926623722063729,432.029945457,true,
0.45,51,6411694168543511841,301.766090603,true,
0.45,52,16007157424898269808,92.132409346,true,
0.45,53,596611917824161112,600.000000000,false,600.0
0.45,54,329530629545946500,596.931202971,true,
0.45,55,7544339618485416267,199.912310400,true,
0.45,56,11151804204197510087,100.426240949,true,
0.45,57,5970962798516755823,272.231451287,true,
0.45,58,7069135117920926953,187.183735421,true,
0.45,59,6448828767640842934,125.461521322,true,
0.45,60,13700425208390203654,302.116934021,true,
0.45,61,1629335256854327433,202.825219725,true,
0.45,62,18340523841166392240,196.001119666,true,
0.45,63,1579184371038568964,305.185544348,true,
0.45,64,10060009355697635971,226.824586836,true,
0.45,65,2490894998454975032,380.768626328,true,
0.45,66,4026796705605799191,103.182930579,true,
0.45,67,13281742923566256733,268.408307176,true,
0.45,68,14573032562397221403,115.698412751,true,
0.45,69,16209105765482294902,162.685790340,true,
0.45,70,7410678920453031381,114.407299997,true,
0.45,71,3567426766877724505,133.756684851,true,
0.45,72,17281180467556638489,118.037123191,true,
0.45,73,17878613768361448639,121.103798673,true,
0.45,74,2584816482046512736,140.211964581,true,
0.45,75,9507480745188483787,100.101834275,true,
0.45,76,2172695059529466181,152.096547363,true,
0.45,77,256168968072043903,155.949557760,true,
0.45,78,6066888969316372924,384.865792472,true,
0.45,79,5937476969184631433,322.099871801,true,
0.45,80,3157292218875704738,347.706642074,true,
0.45,81,7904829631649703878,348.928650293,true,
0.45,82,9510961565592505163,382.440512574,true,
0.45,83,11611087686775761763,302.332447504,true,
0.45,84,4536208246801870042,313.031841522,true,
0.45,85,17184119116985185141,128.730508489,true,
0.45,86,1513103298406039877,225.774420049,true,
0.45,87,12959701651174215037,148.442185388,true,
0.45,88,3324471800946518941,164.377257241,true,
0.45,89,2574679205249620422,84.354464838,true,
0.45,90,14250558868356640378,186.820530249,true,
0.45,91,12438211271880044426,223.773566960,true,
0.45,92,4947232849039482618,326.162359135,true,
0.45,93,11068131976095775995,187.466279301,true,
0.45,94,9770901992631974207,164.697804050,true,
0.45,95,8744211744191097816,197.525062536,true,
0.45,96,17237795978825158898,244.256449942,true,
0.45,97,1637877860410267038,222.327421452,true,
0.45,98,1724904208374227901,107.547548448,true,
0.45,99,16212814543818921959,253.758123157,true,
0.45,100,17686074640022404956,305.228385488,true,
0.45,101,8718032823378208138,134.358643434,true,
0.45,102,6240890385604034909,137.377558813,true,
0.45,103,14627650360984893070,437.193516174,true,
0.45,104,15681970994688006322,242.622356490,true,
0.45,105,9662661825869755535,159.423190176,true,
0.45,106,6056304900034551410,519.099179471,true,
0.45,107,12453677962036856399,379.107496915,true,
0.45,108,11317994301526824314,88.376357969,true,
0.45,109,16991895322501919685,172.082259824,true,
0.45,110,3227393980322165312,338.746573603,true,
0.45,111,10104887854072508055,164.488024238,true,
0.45,112,6080453939590560891,132.560236496,true,
0.45,113,10739075444001619105,249.971703347,true,
0.45,114,10257199808777196517,234.292554438,true,
0.45,115,4619828531453571901,202.298583264,true,
0.45,116,9354221596266311174,166.548381425,true,
0.45,117,14946961828416444395,87.220541984,true,
0.45,118,9981438511891672853,600.000000000,false,600.0
0.45,119,15992584006124026805,145.503583936,true,
0.45,120,4590155864510027627,241.433418845,true,
0.45,121,6694004329108266830,170.139867066,true,
0.45,122,6514603063664169887,374.026456888,true,
0.45,123,13223842604403546615,223.256954506,true,
0.45,124,8036786921336895733,99.665013658,true,
0.45,125,2756793674981860446,161.725767499,true,
0.45,126,11652485569043347757,225.775428331,true,
0.45,127,6219043831109360161,208.392958104,true,
0.45,128,2308414437201664664,289.094249523,true,
0.45,129,16793780611935290057,225.650995255,true,
0.45,130,11992869741488739625,136.311905619,true,
0.45,131,6190688006702356822,113.690505978,true,
0.45,132,13381364082340880771,132.439154549,true,
0.45,133,12282835251511589515,286.732600093,true,
0.45,134,2362579112898670767,220.093566116,true,
0.45,135,11090677208237700990,205.380255609,true,
0.45,136,14447235999179488685,206.224597493,true,
0.45,137,3238649255527543122,291.488644405,true,
0.45,138,10625345972599543899,155.275143492,true,
0.45,139,1184912142700000497,101.606940668,true,
0.45,140,7336263636649608786,210.633145897,true,
0.45,141,1120065434786104817,123.545573640,true,
0.45,142,10781492228395752457,191.097282778,true,
0.45,143,7179002354009830276,115.239128234,true,
0.45,144,14816585198746660586,133.068544932,true,
0.45,145,12345268748611113365,79.297245256,true,
0.45,146,16808259228528730560,434.337206642,true,
0.45,147,4287858865099480545,167.201989455,true,
0.45,148,2159124086709180333,259.812315365,true,
0.45,149,8724432932696772255,133.535665732,true,
0.45,150,5821172676946089108,130.778851985,true,
0.45,151,4642743041857584563,181.810090796,true,
0.45,152,9809258597804170161,216.645551013,true,
0.45,153,6375444539940864774,93.801056943,true,
0.45,154,10894297338848002769,201.260800215,true,
0.45,155,16292879917286714098,203.000660628,true,
0.45,156,17903216372016796956,160.831929205,true,
0.45,157,12694919531937672451,220.282050490,true,
0.45,158,5764256823037926109,137.064295872,true,
0.45,159,6929906285052133938,188.378619200,true,
0.45,160,13386096930873136392,122.479690485,true,
0.45,161,1374640518560384222,110.989188518,true,
0.45,162,18081800509720369600,268.149826533,true,
0.45,163,8028948996653498972,145.883443948,true,
0.45,164,10910025554758038408,112.596059103,true,
0.45,165,5499210798291061548,144.684103633,true,
0.45,166,14823924768833936445,231.835483227,true,
0.45,167,9375039479180605491,322.347649573,true,
0.45,168,587203936550584734,271.248519194,true,
0.45,169,7023062498771247427,55.565583314,true,
0.45,170,14443756267455586908,272.610314316,true,
0.45,171,1660989235356971646,345.507204612,true,
0.45,172,16629760624891390060,89.359784371,true,
0.45,173,8828233498580164067,397.115438744,true,
0.45,174,15904938436956276809,173.225628152,true,
0.45,175,853759011744270452,134.788426203,true,
0.45,176,12077733151128023192,138.850630452,true,
0.45,177,5431343548139908152,175.969973588,true,
0.45,178,14464466714887776830,259.146983588,true,
0.45,179,3872586297844455659,134.501302240,true,
0.45,180,8251316649499332729,242.192356451,true,
0.45,181,13768574421513410959,191.819870985,true,
0.45,182,2395129733554949617,600.000000000,false,600.0
0.45,183,5959134789798070874,153.762204387,true,
0.45,184,11334347819963202668,312.200251936,true,
0.45,185,11299846577224429769,150.323397315,true,
0.45,186,4177281384904223726,307.602792874,true,
0.45,187,17731211758507050318,153.887558245,true,
0.45,188,909582936076228165,311.589259755,true,
0.45,189,16952797831251311168,349.602175293,true,
0.45,190,5582957937741785073,74.256773812,true,
0.45,191,12113876592819114155,225.969927265,true,
0.45,192,6761392671837125469,145.206777081,true,
0.45,193,18170883110629089889,269.095065962,true,
0.45,194,8545307910871506685,174.595481472,true,
0.45,195,7701648147245862448,342.560664724,true,
0.45,196,9327960049309272333,112.497878920,true,
0.45,197,7331229142298487523,146.092654607,true,
0.45,198,10942891325025840830,226.939506509,true,
0.45,199,15943499863363013489,262.767201418,true,
0.45,200,3113777020019007139,190.234299247,true,
0.45,201,5818284862823947143,276.194296811,true,
0.45,202,17385602768584545957,276.156520263,true,
0.45,203,3655680359959557277,126.385582992,true,
0.45,204,9509865509674950770,67.249063327,true,
0.45,205,3812107014719288311,237.233897383,true,
0.45,206,7006336812600072112,145.390044316,true,
0.45,207,3179223968139728126,218.165517563,true,
0.45,208,10761453805471220991,368.448578618,true,
0.45,209,11921867793501616081,137.415289807,true,
0.45,210,10111367152867274050,484.737839862,true,
0.45,211,4904481117980378385,406.179288595,true,
0.45,212,14569990701747480298,259.711121603,true,
0.45,213,15190399103318053385,177.164196162,true,
0.45,214,15449727497988196806,178.734274405,true,
0.45,215,820787427272650293,320.277815377,true,
0.45,216,5307821758355038576,145.469812172,true,
0.45,217,11812223012432297026,158.489094838,true,
0.45,218,11814045155171275338,272.874712532,true,
0.45,219,8228864566917029480,412.218653486,true,
0.45,220,17305545577262328016,204.903332376,true,
0.45,221,1116346966554113914,128.712351099,true,
0.45,222,13786438269547531238,108.935824323,true,
0.45,223,15396871550441008130,143.556539416,true,
0.45,224,2510593068319815157,432.074496908,true,
0.45,225,11641752946588234009,275.358770376,true,
0.45,226,10987694153087145781,143.158844816,true,
0.45,227,3564497120731823788,153.427747216,true,
0.45,228,3140251913915134873,74.004202436,true,
0.45,229,860086512756865854,218.577631249,true,
0.45,230,4767795065398708950,335.331320481,true,
0.45,231,11587888818995485148,600.000000000,false,600.0
0.45,232,13188483554273150705,277.557369453,true,
0.45,233,12972839088249540308,191.260011473,true,
0.45,234,9774907240976580634,248.983634212,true,
0.45,235,12665933611074770632,202.413772637,true,
0.45,236,18104154891471011725,110.959029243,true,
0.45,237,17261824108098172117,293.189331034,true,
0.45,238,6588674474728611540,99.461983625,true,
0.45,239,5106831533912126486,184.612850651,true,
0.45,240,17754963126205562813,184.615513903,true,
0.45,241,3863207217449653484,156.868979620,true,
0.45,242,4802153968110386661,150.307604032,true,
0.45,243,6249511377586482411,162.738662794,true,
0.45,244,7886642544989050030,158.832260986,true,
0.45,245,536266857943486106,145.338760476,true,
0.45,246,8487214934768386099,216.238926103,true,
0.45,247,16118899246876152949,244.690265941,true,
0.45,248,2167600576180410023,183.624629287,true,
0.45,249,18035596731850175928,318.101618388,true,
0.45,250,10091755837383794904,156.237473970,true,
0.45,251,14956634114550114378,112.385722436,true,
0.45,252,5736842911363710086,109.182652630,true,
0.45,253,13545414297103171755,302.978746466,true,
0.45,254,17676207231418827186,407.317189442,true,
0.45,255,775170366018200288,369.150324077,true,
0.55,0,11586010233531586918,198.895813934,true,
0.55,1,7435275229452103958,232.974868324,true,
0.55,2,17377466536114428149,124.108189758,true,
0.55,3,6199957159904866235,171.188062087,true,
0.55,4,12032831652220777203,105.062596041,true,
0.55,5,12824817159816449082,184.887042182,true,
0.55,6,13127086010505558010,88.396705858,true,
0.55,7,8614443013277031389,117.573256014,true,
0.55,8,3349677325774699018,358.735410748,true,
0.55,9,6739777678050942568,169.688266814,true,
0.55,10,13292573669742727768,108.315149626,true,
0.55,11,8344065747443815322,244.398874754,true,
0.55,12,7490701265514071955,89.031520366,true,
0.55,13,8195868551367103870,93.748166705,true,
0.55,14,143160498584173569,149.614024649,true,
0.55,15,13991331147305667756,136.935801132,true,
0.55,16,8852702049133514447,214.958897156,true,
0.55,17,9212052921636300388,118.612212258,true,
0.55,18,402961943671700872,97.740647640,true,
0.55,19,6986561947402773466,454.516346286,true,
0.55,20,16005634800982363428,77.268415016,true,
0.55,21,3103801612665070996,207.799703802,true,
0.55,22,3967502247431635178,196.259250739,true,
0.55,23,4878733458379586603,373.411350004,true,
0.55,24,6374048190185089496,115.926397469,true,
0.55,25,13912929966655383479,97.512485435,true,
0.55,26,16086834953004871649,241.829230309,true,
0.55,27,2478123085070656810,116.840332596,true,
0.55,28,14635557844392384166,138.656702753,true,
0.55,29,6080612373390493676,111.344918463,true,
0.55,30,7285233852844147061,131.852728593,true,
0.55,31,4284981539987200484,270.402898313,true,
0.55,32,5229969725615578831,75.176750669,true,
0.55,33,6017621187618602676,235.592849067,true,
0.55,34,5006037289733106038,64.310247536,true,
0.55,35,94026960689992213,393.688173300,true,
0.55,36,16023111684548549502,548.195542586,true,
0.55,37,4123542768283089362,131.050539315,true,
0.55,38,18273720443064795229,154.988119116,true,
0.55,39,7308382854868630486,241.571708216,true,
0.55,40,18330358637461004994,317.839930747,true,
0.55,41,11905914159669202064,136.867804901,true,
0.55,42,17637540017576690502,360.628223924,true,
0.55,43,661429975524367304,101.897869318,true,
0.55,44,13409202050816243051,307.038997896,true,
0.55,45,9291209431799968336,96.427611364,true,
0.55,46,12075984238392641087,191.810894690,true,
0.55,47,15008836325149527053,244.838737367,true,
0.55,48,41587549567496549,175.758985504,true,
0.55,49,12471385441346939818,117.983837854,true,
0.55,50,12642926623722063729,97.904577615,true,
0.55,51,6411694168543511841,195.311527139,true,
0.55,52,16007157424898269808,294.817967728,true,
0.55,53,596611917824161112,117.600652289,true,
0.55,54,329530629545946500,80.227633164,true,
0.55,55,7544339618485416267,101.978319591,true,
0.55,56,11151804204197510087,239.667107226,true,
0.55,57,5970962798516755823,109.562518438,true,
0.55,58,7069135117920926953,101.407233635,true,
0.55,59,6448828767640842934,167.949248498,true,
0.55,60,13700425208390203654,110.705898593,true,
0.55,61,1629335256854327433,552.475834075,true,
0.55,62,18340523841166392240,106.628701799,true,
0.55,63,1579184371038568964,210.870361522,true,
0.55,64,10060009355697635971,59.097108797,true,
0.55,65,2490894998454975032,128.623549539,true,
0.55,66,4026796705605799191,93.583287525,true,
0.55,67,13281742923566256733,120.594012308,true,
0.55,68,14573032562397221403,212.764666050,true,
0.55,69,16209105765482294902,387.356202514,true,
0.55,70,7410678920453031381,115.045718603,true,
0.55,71,3567426766877724505,183.551979356,true,
0.55,72,17281180467556638489,136.729606018,true,
0.55,73,17878613768361448639,189.241544865,true,
0.55,74,2584816482046512736,103.589260271,true,
0.55,75,9507480745188483787,103.342237081,true,
0.55,76,2172695059529466181,176.996232581,true,
0.55,77,256168968072043903,331.228411347,true,
0.55,78,6066888969316372924,142.215278312,true,
0.55,79,5937476969184631433,155.108280950,true,
0.55,80,3157292218875704738,193.787846645,true,
0.55,81,7904829631649703878,163.929480244,true,
0.55,82,9510961565592505163,164.528118712,true,
0.55,83,11611087686775761763,104.523128705,true,
0.55,84,4536208246801870042,171.244755506,true,
0.55,85,17184119116985185141,198.764008460,true,
0.55,86,1513103298406039877,139.995497784,true,
0.55,87,12959701651174215037,115.556991174,true,
0.55,88,3324471800946518941,160.145964220,true,
0.55,89,2574679205249620422,127.565844376,true,
0.55,90,14250558868356640378,229.291844625,true,
0.55,91,12438211271880044426,254.892097219,true,
0.55,92,4947232849039482618,142.878531877,true,
0.55,93,11068131976095775995,159.722496269,true,
0.55,94,9770901992631974207,169.868345938,true,
0.55,95,8744211744191097816,171.134614415,true,
0.55,96,17237795978825158898,185.769019506,true,
0.55,97,1637877860410267038,229.895522425,true,
0.55,98,1724904208374227901,79.373420967,true,
0.55,99,16212814543818921959,285.634116910,true,
0.55,100,17686074640022404956,291.640907059,true,
0.55,101,8718032823378208138,154.665191045,true,
0.55,102,6240890385604034909,86.969601592,true,
0.55,103,14627650360984893070,100.037513669,true,
0.55,104,15681970994688006322,246.791376066,true,
0.55,105,9662661825869755535,133.507564119,true,
0.55,106,6056304900034551410,257.907672352,true,
0.55,107,12453677962036856399,132.729462552,true,
0.55,108,11317994301526824314,79.019107368,true,
0.55,109,16991895322501919685,119.265635088,true,
0.55,110,3227393980322165312,600.000000000,false,600.0
0.55,111,10104887854072508055,125.500310966,true,
0.55,112,6080453939590560891,116.345143683,true,
0.55,113,10739075444001619105,94.201602019,true,
0.55,114,10257199808777196517,148.075339361,true,
0.55,115,4619828531453571901,141.967528315,true,
0.55,116,9354221596266311174,147.170464218,true,
0.55,117,14946961828416444395,168.381739230,true,
0.55,118,9981438511891672853,140.273573362,true,
0.55,119,15992584006124026805,406.869091358,true,
0.55,120,4590155864510027627,282.804737076,true,
0.55,121,6694004329108266830,91.115244429,true,
0.55,122,6514603063664169887,55.483653043,true,
0.55,123,13223842604403546615,380.290125705,true,
0.55,124,8036786921336895733,170.999971550,true,
0.55,125,2756793674981860446,91.708118437,true,
0.55,126,11652485569043347757,85.224905653,true,
0.55,127,6219043831109360161,95.969900881,true,
0.55,128,2308414437201664664,130.846649315,true,
0.55,129,16793780611935290057,142.418154915,true,
0.55,130,11992869741488739625,123.104737470,true,
0.55,131,6190688006702356822,241.657149383,true,
0.55,132,13381364082340880771,149.585593570,true,
0.55,133,12282835251511589515,85.349792317,true,
0.55,134,2362579112898670767,59.687283147,true,
0.55,135,11090677208237700990,90.904033493,true,
0.55,136,14447235999179488685,162.850782318,true,
0.55,137,3238649255527543122,59.578044891,true,
0.55,138,10625345972599543899,180.715954042,true,
0.55,139,1184912142700000497,143.589268297,true,
0.55,140,7336263636649608786,199.395934159,true,
0.55,141,1120065434786104817,165.036772734,true,
0.55,142,10781492228395752457,170.107056210,true,
0.55,143,7179002354009830276,127.953719905,true,
0.55,144,14816585198746660586,188.356374274,true,
0.55,145,12345268748611113365,125.944381630,true,
0.55,146,16808259228528730560,82.564506603,true,
0.55,147,4287858865099480545,145.772961574,true,
0.55,148,2159124086709180333,110.426188501,true,
0.55,149,8724432932696772255,170.081905304,true,
0.55,150,5821172676946089108,158.208356329,true,
0.55,151,4642743041857584563,222.375252575,true,
0.55,152,9809258597804170161,132.887580608,true,
0.55,153,6375444539940864774,136.359864813,true,
0.55,154,10894297338848002769,335.001261544,true,
0.55,155,16292879917286714098,151.450650896,true,
0.55,156,17903216372016796956,135.795405825,true,
0.55,157,12694919531937672451,141.025243236,true,
0.55,158,5764256823037926109,89.583806042,true,
0.55,159,6929906285052133938,203.171465534,true,
0.55,160,13386096930873136392,359.313271899,true,
0.55,161,1374640518560384222,207.688411872,true,
0.55,162,18081800509720369600,152.332270473,true,
0.55,163,8028948996653498972,183.073821563,true,
0.55,164,10910025554758038408,120.694245296,true,
0.55,165,5499210798291061548,129.717438355,true,
0.55,166,14823924768833936445,117.447619084,true,
0.55,167,9375039479180605491,182.544363083,true,
0.55,168,587203936550584734,160.879314507,true,
0.55,169,7023062498771247427,104.953012546,true,
0.55,170,14443756267455586908,328.572998022,true,
0.55,171,1660989235356971646,135.849879548,true,
0.55,172,16629760624891390060,122.405132629,true,
0.55,173,8828233498580164067,274.904673169,true,
0.55,174,15904938436956276809,165.399835189,true,
0.55,175,853759011744270452,163.326887030,true,
0.55,176,12077733151128023192,101.506203281,true,
0.55,177,5431343548139908152,193.169843180,true,
0.55,178,14464466714887776830,208.858370522,true,
0.55,179,3872586297844455659,222.228756181,true,
0.55,180,8251316649499332729,112.966991683,true,
0.55,181,13768574421513410959,133.229193898,true,
0.55,182,2395129733554949617,158.015751169,true,
0.55,183,5959134789798070874,84.447052105,true,
0.55,184,11334347819963202668,103.149163978,true,
0.55,185,11299846577224429769,205.839703411,true,
0.55,186,4177281384904223726,120.510209246,true,
0.55,187,17731211758507050318,195.175899878,true,
0.55,188,909582936076228165,243.364338611,true,
0.55,189,16952797831251311168,168.617747284,true,
0.55,190,5582957937741785073,136.770473281,true,
0.55,191,12113876592819114155,173.736080748,true,
0.55,192,6761392671837125469,213.653213582,true,
0.55,193,18170883110629089889,120.374855992,true,
0.55,194,8545307910871506685,94.616516965,true,
0.55,195,7701648147245862448,125.017684461,true,
0.55,196,9327960049309272333,128.685880602,true,
0.55,197,7331229142298487523,213.525732265,true,
0.55,198,10942891325025840830,190.969346453,true,
0.55,199,15943499863363013489,115.628107753,true,
0.55,200,3113777020019007139,384.434861361,true,
0.55,201,5818284862823947143,171.837302238,true,
0.55,202,17385602768584545957,383.688677853,true,
0.55,203,3655680359959557277,89.294075472,true,
0.55,204,9509865509674950770,210.134844732,true,
0.55,205,3812107014719288311,188.131157631,true,
0.55,206,7006336812600072112,71.640033670,true,
0.55,207,3179223968139728126,207.673270723,true,
0.55,208,10761453805471220991,120.967405760,true,
0.55,209,11921867793501616081,194.573637716,true,
0.55,210,10111367152867274050,141.874504568,true,
0.55,211,4904481117980378385,128.708664713,true,
0.55,212,14569990701747480298,158.124827589,true,
0.55,213,15190399103318053385,321.215026214,true,
0.55,214,15449727497988196806,148.874359676,true,
0.55,215,820787427272650293,167.338017205,true,
0.55,216,5307821758355038576,323.613075974,true,
0.55,217,11812223012432297026,377.645440718,true,
0.55,218,11814045155171275338,119.820513654,true,
0.55,219,8228864566917029480,275.152699983,true,
0.55,220,17305545577262328016,151.606445935,true,
0.55,221,1116346966554113914,191.328073195,true,
0.55,222,13786438269547531238,304.863396977,true,
0.55,223,15396871550441008130,106.293352383,true,
0.55,224,2510593068319815157,304.385945580,true,
0.55,225,11641752946588234009,247.672486204,true,
0.55,226,10987694153087145781,166.209852381,true,
0.55,227,3564497120731823788,210.154064312,true,
0.55,228,3140251913915134873,74.761060801,true,
0.55,229,860086512756865854,167.937363402,true,
0.55,230,4767795065398708950,138.946286334,true,
0.55,231,11587888818995485148,157.924185788,true,
0.55,232,13188483554273150705,114.861273836,true,
0.55,233,12972839088249540308,155.874659175,true,
0.55,234,9774907240976580634,114.646151827,true,
0.55,235,12665933611074770632,103.745746539,true,
0.55,236,18104154891471011725,96.971815623,true,
0.55,237,17261824108098172117,178.124919569,true,
0.55,238,6588674474728611540,175.017108477,true,
0.55,239,5106831533912126486,185.248243959,true,
0.55,240,17754963126205562813,166.426608635,true,
0.55,241,3863207217449653484,117.395402934,true,
0.55,242,4802153968110386661,227.726045442,true,
0.55,243,6249511377586482411,74.188744707,true,
0.55,244,7886642544989050030,104.913593274,true,
0.55,245,536266857943486106,184.963582148,true,
0.55,246,8487214934768386099,177.590760489,true,
0.55,247,16118899246876152949,125.502978035,true,
0.55,248,2167600576180410023,121.517057787,true,
0.55,249,18035596731850175928,123.452508728,true,
0.55,250,10091755837383794904,183.563794047,true,
0.55,251,14956634114550114378,242.492799305,true,
0.55,252,5736842911363710086,133.979090608,true,
0.55,253,13545414297103171755,125.192923784,true,
0.55,254,17676207231418827186,440.164909442,true,
0.55,255,775170366018200288,79.160508625,true,
0.65,0,11586010233531586918,71.700141250,true,
0.65,1,7435275229452103958,89.079861643,true,
0.65,2,17377466536114428149,44.208786394,true,
0.65,3,6199957159904866235,139.545694251,true,
0.65,4,12032831652220777203,150.184428286,true,
0.65,5,12824817159816449082,88.544028913,true,
0.65,6,13127086010505558010,92.373386784,true,
0.65,7,8614443013277031389,107.383686925,true,
0.65,8,3349677325774699018,82.108765835,true,
0.65,9,6739777678050942568,86.796186607,true,
0.65,10,13292573669742727768,131.828490854,true,
0.65,11,8344065747443815322,118.164015346,true,
0.65,12,7490701265514071955,71.925362136,true,
0.65,13,8195868551367103870,213.357942194,true,
0.65,14,143160498584173569,177.712198683,true,
0.65,15,13991331147305667756,151.212338452,true,
0.65,16,8852702049133514447,125.261704050,true,
0.65,17,9212052921636300388,114.605825225,true,
0.65,18,402961943671700872,68.593194872,true,
0.65,19,6986561947402773466,119.836261423,true,
0.65,20,16005634800982363428,59.786098636,true,
0.65,21,3103801612665070996,148.682182650,true,
0.65,22,3967502247431635178,147.440392506,true,
0.65,23,4878733458379586603,146.875272158,true,
0.65,24,6374048190185089496,112.866186611,true,
0.65,25,13912929966655383479,135.702287682,true,
0.65,26,16086834953004871649,82.883828127,true,
0.65,27,2478123085070656810,111.096455041,true,
0.65,28,14635557844392384166,91.069137881,true,
0.65,29,6080612373390493676,100.563628945,true,
0.65,30,7285233852844147061,119.427765627,true,
0.65,31,4284981539987200484,97.366193015,true,
0.65,32,5229969725615578831,58.454333793,true,
0.65,33,6017621187618602676,145.677520818,true,
0.65,34,5006037289733106038,117.584779660,true,
0.65,35,94026960689992213,195.396058557,true,
0.65,36,16023111684548549502,113.762643790,true,
0.65,37,4123542768283089362,92.100524302,true,
0.65,38,18273720443064795229,83.288094287,true,
0.65,39,7308382854868630486,143.140206037,true,
0.65,40,18330358637461004994,101.053506782,true,
0.65,41,11905914159669202064,96.401140995,true,
0.65,42,17637540017576690502,133.490826594,true,
0.65,43,661429975524367304,102.325692624,true,
0.65,44,13409202050816243051,81.891616755,true,
0.65,45,9291209431799968336,169.615214006,true,
0.65,46,12075984238392641087,118.590013437,true,
0.65,47,15008836325149527053,99.729772023,true,
0.65,48,41587549567496549,130.131608107,true,
0.65,49,12471385441346939818,113.555409779,true,
0.65,50,12642926623722063729,126.397442445,true,
0.65,51,6411694168543511841,118.079256941,true,
0.65,52,16007157424898269808,103.610913643,true,
0.65,53,596611917824161112,103.737612817,true,
0.65,54,329530629545946500,220.372780689,true,
0.65,55,7544339618485416267,187.901399885,true,
0.65,56,11151804204197510087,82.051141221,true,
0.65,57,5970962798516755823,188.802182290,true,
0.65,58,7069135117920926953,99.425796637,true,
0.65,59,6448828767640842934,97.323897055,true,
0.65,60,13700425208390203654,94.566074788,true,
0.65,61,1629335256854327433,106.054643271,true,
0.65,62,18340523841166392240,147.582770523,true,
0.65,63,1579184371038568964,73.888521625,true,
0.65,64,10060009355697635971,143.718499700,true,
0.65,65,2490894998454975032,198.250465516,true,
0.65,66,4026796705605799191,153.322955771,true,
0.65,67,13281742923566256733,127.110231193,true,
0.65,68,14573032562397221403,173.413461982,true,
0.65,69,16209105765482294902,109.804047524,true,
0.65,70,7410678920453031381,94.392282596,true,
0.65,71,3567426766877724505,105.973243536,true,
0.65,72,17281180467556638489,107.268231022,true,
0.65,73,17878613768361448639,136.761432849,true,
0.65,74,2584816482046512736,82.316662259,true,
0.65,75,9507480745188483787,73.646958398,true,
0.65,76,2172695059529466181,170.101772108,true,
0.65,77,256168968072043903,216.336736108,true,
0.65,78,6066888969316372924,108.728310216,true,
0.65,79,5937476969184631433,106.545993921,true,
0.65,80,3157292218875704738,191.300818063,true,
0.65,81,7904829631649703878,113.716948919,true,
0.65,82,9510961565592505163,99.210574110,true,
0.65,83,11611087686775761763,121.722951917,true,
0.65,84,4536208246801870042,89.306050744,true,
0.65,85,17184119116985185141,145.980474093,true,
0.65,86,1513103298406039877,104.419808133,true,
0.65,87,12959701651174215037,113.848334864,true,
0.65,88,3324471800946518941,127.360050981,true,
0.65,89,2574679205249620422,200.002856732,true,
0.65,90,14250558868356640378,89.041548187,true,
0.65,91,12438211271880044426,94.175255574,true,
0.65,92,4947232849039482618,116.928143285,true,
0.65,93,11068131976095775995,159.874639002,true,
0.65,94,9770901992631974207,108.619354541,true,
0.65,95,8744211744191097816,73.896910223,true,
0.65,96,17237795978825158898,183.463060791,true,
0.65,97,1637877860410267038,106.824493134,true,
0.65,98,1724904208374227901,134.558436969,true,
0.65,99,16212814543818921959,117.801103653,true,
0.65,100,17686074640022404956,143.689364626,true,
0.65,101,8718032823378208138,92.308220036,true,
0.65,102,6240890385604034909,112.619240935,true,
0.65,103,14627650360984893070,256.826395577,true,
0.65,104,15681970994688006322,137.741006564,true,
0.65,105,9662661825869755535,103.048611125,true,
0.65,106,6056304900034551410,71.699322550,true,
0.65,107,12453677962036856399,66.162399894,true,
0.65,108,11317994301526824314,134.429511334,true,
0.65,109,16991895322501919685,81.333187356,true,
0.65,110,3227393980322165312,117.502167675,true,
0.65,111,10104887854072508055,105.174021665,true,
0.65,112,6080453939590560891,146.043090647,true,
0.65,113,10739075444001619105,102.599112946,true,
0.65,114,10257199808777196517,134.062830455,true,
0.65,115,4619828531453571901,104.415368981,true,
0.65,116,9354221596266311174,171.183227527,true,
0.65,117,14946961828416444395,100.113385981,true,
0.65,118,9981438511891672853,112.658579045,true,
0.65,119,15992584006124026805,64.801230951,true,
0.65,120,4590155864510027627,144.649905933,true,
0.65,121,6694004329108266830,85.849356745,true,
0.65,122,6514603063664169887,181.754783352,true,
0.65,123,13223842604403546615,122.794954087,true,
0.65,124,8036786921336895733,73.897451409,true,
0.65,125,2756793674981860446,127.638880066,true,
0.65,126,11652485569043347757,122.607985315,true,
0.65,127,6219043831109360161,196.221691722,true,
0.65,128,2308414437201664664,96.101635156,true,
0.65,129,16793780611935290057,102.409423050,true,
0.65,130,11992869741488739625,58.796500275,true,
0.65,131,6190688006702356822,69.174454501,true,
0.65,132,13381364082340880771,102.450368473,true,
0.65,133,12282835251511589515,88.151715233,true,
0.65,134,2362579112898670767,148.354840805,true,
0.65,135,11090677208237700990,84.934112330,true,
0.65,136,14447235999179488685,98.685787635,true,
0.65,137,3238649255527543122,140.065116430,true,
0.65,138,10625345972599543899,102.372679201,true,
0.65,139,1184912142700000497,108.857178128,true,
0.65,140,7336263636649608786,150.119671782,true,
0.65,141,1120065434786104817,111.932517609,true,
0.65,142,10781492228395752457,269.290795088,true,
0.65,143,7179002354009830276,100.649862124,true,
0.65,144,14816585198746660586,146.484367640,true,
0.65,145,12345268748611113365,81.881188319,true,
0.65,146,16808259228528730560,105.219801280,true,
0.65,147,4287858865099480545,123.930909649,true,
0.65,148,2159124086709180333,127.753118282,true,
0.65,149,8724432932696772255,77.381379702,true,
0.65,150,5821172676946089108,101.887718537,true,
0.65,151,4642743041857584563,115.937958774,true,
0.65,152,9809258597804170161,100.186814434,true,
0.65,153,6375444539940864774,89.755297942,true,
0.65,154,10894297338848002769,187.326986137,true,
0.65,155,16292879917286714098,83.753849312,true,
0.65,156,17903216372016796956,141.210938731,true,
0.65,157,12694919531937672451,65.691450262,true,
0.65,158,5764256823037926109,111.306236609,true,
0.65,159,6929906285052133938,148.794376855,true,
0.65,160,13386096930873136392,108.164665173,true,
0.65,161,1374640518560384222,171.666699305,true,
0.65,162,18081800509720369600,109.198414253,true,
0.65,163,8028948996653498972,143.916801970,true,
0.65,164,10910025554758038408,114.129215254,true,
0.65,165,5499210798291061548,117.291088640,true,
0.65,166,14823924768833936445,181.730978598,true,
0.65,167,9375039479180605491,176.485585338,true,
0.65,168,587203936550584734,86.807543082,true,
0.65,169,7023062498771247427,117.062168047,true,
0.65,170,14443756267455586908,144.225635818,true,
0.65,171,1660989235356971646,109.290102280,true,
0.65,172,16629760624891390060,121.902323936,true,
0.65,173,8828233498580164067,270.100176832,true,
0.65,174,15904938436956276809,113.549276238,true,
0.65,175,853759011744270452,98.386075977,true,
0.65,176,12077733151128023192,231.982510582,true,
0.65,177,5431343548139908152,131.116544878,true,
0.65,178,14464466714887776830,81.237593380,true,
0.65,179,3872586297844455659,110.039679511,true,
0.65,180,8251316649499332729,41.523201105,true,
0.65,181,13768574421513410959,181.843133660,true,
0.65,182,2395129733554949617,84.492789872,true,
0.65,183,5959134789798070874,186.213347964,true,
0.65,184,11334347819963202668,106.231475897,true,
0.65,185,11299846577224429769,116.618157044,true,
0.65,186,4177281384904223726,109.465350000,true,
0.65,187,17731211758507050318,120.321185868,true,
0.65,188,909582936076228165,190.299308941,true,
0.65,189,16952797831251311168,81.490512204,true,
0.65,190,5582957937741785073,100.764299466,true,
0.65,191,12113876592819114155,120.910906940,true,
0.65,192,6761392671837125469,76.728580853,true,
0.65,193,18170883110629089889,258.571715259,true,
0.65,194,8545307910871506685,112.004121439,true,
0.65,195,7701648147245862448,90.141604370,true,
0.65,196,9327960049309272333,117.537829552,true,
0.65,197,7331229142298487523,177.960226265,true,
0.65,198,10942891325025840830,176.645957348,true,
0.65,199,15943499863363013489,70.697838915,true,
0.65,200,3113777020019007139,118.023033701,true,
0.65,201,5818284862823947143,74.409143562,true,
0.65,202,17385602768584545957,53.710519234,true,
0.65,203,3655680359959557277,90.912218578,true,
0.65,204,9509865509674950770,118.463050289,true,
0.65,205,3812107014719288311,128.644516363,true,
0.65,206,7006336812600072112,62.682331332,true,
0.65,207,3179223968139728126,108.819182206,true,
0.65,208,10761453805471220991,153.621421429,true,
0.65,209,11921867793501616081,165.502751802,true,
0.65,210,10111367152867274050,112.530107521,true,
0.65,211,4904481117980378385,94.275439222,true,
0.65,212,14569990701747480298,129.667707764,true,
0.65,213,15190399103318053385,177.229006518,true,
0.65,214,15449727497988196806,187.873842391,true,
0.65,215,820787427272650293,68.935609055,true,
0.65,216,5307821758355038576,112.726343689,true,
0.65,217,11812223012432297026,61.993590018,true,
0.65,218,11814045155171275338,97.398312585,true,
0.65,219,8228864566917029480,213.002773608,true,
0.65,220,17305545577262328016,112.853633188,true,
0.65,221,1116346966554113914,171.783044304,true,
0.65,222,13786438269547531238,81.583396675,true,
0.65,223,15396871550441008130,155.601240790,true,
0.65,224,2510593068319815157,129.377036977,true,
0.65,225,11641752946588234009,104.924224831,true,
0.65,226,10987694153087145781,105.896388206,true,
0.65,227,3564497120731823788,129.295879945,true,
0.65,228,3140251913915134873,75.589786211,true,
0.65,229,860086512756865854,111.117430711,true,
0.65,230,4767795065398708950,113.613939590,true,
0.65,231,11587888818995485148,89.611650979,true,
0.65,232,13188483554273150705,256.456715946,true,
0.65,233,12972839088249540308,69.648387094,true,
0.65,234,9774907240976580634,107.486572478,true,
0.65,235,12665933611074770632,243.687462799,true,
0.65,236,18104154891471011725,103.290922114,true,
0.65,237,17261824108098172117,121.485077418,true,
0.65,238,6588674474728611540,175.063068706,true,
0.65,239,5106831533912126486,140.002437689,true,
0.65,240,17754963126205562813,173.350002005,true,
0.65,241,3863207217449653484,102.397063434,true,
0.65,242,4802153968110386661,73.115946519,true,
0.65,243,6249511377586482411,80.242520267,true,
0.65,244,7886642544989050030,104.332215321,true,
0.65,245,536266857943486106,117.985666903,true,
0.65,246,8487214934768386099,86.760055535,true,
0.65,247,16118899246876152949,388.334899047,true,
0.65,248,2167600576180410023,148.446748501,true,
0.65,249,18035596731850175928,156.834670019,true,
0.65,250,10091755837383794904,105.317835698,true,
0.65,251,14956634114550114378,144.447822886,true,
0.65,252,5736842911363710086,154.103472465,true,
0.65,253,13545414297103171755,112.225652182,true,
0.65,254,17676207231418827186,170.904805616,true,
0.65,255,775170366018200288,104.828821018,true,
0.75,0,11586010233531586918,143.392602399,true,
0.75,1,7435275229452103958,82.313378164,true,
0.75,2,17377466536114428149,127.000470568,true,
0.75,3,6199957159904866235,100.589310351,true,
0.75,4,12032831652220777203,99.148385633,true,
0.75,5,12824817159816449082,130.211497388,true,
0.75,6,13127086010505558010,78.440915850,true,
0.75,7,8614443013277031389,41.155543535,true,
0.75,8,3349677325774699018,108.215137881,true,
0.75,9,6739777678050942568,130.859057568,true,
0.75,10,13292573669742727768,65.901969794,true,
0.75,11,8344065747443815322,96.471631582,true,
0.75,12,7490701265514071955,148.600406949,true,
0.75,13,8195868551367103870,102.058053054,true,
0.75,14,143160498584173569,66.052963441,true,
0.75,15,13991331147305667756,82.676945170,true,
0.75,16,8852702049133514447,89.648580446,true,
0.75,17,9212052921636300388,127.811442140,true,
0.75,18,402961943671700872,66.823632005,true,
0.75,19,6986561947402773466,67.443584764,true,
0.75,20,16005634800982363428,93.332330121,true,
0.75,21,3103801612665070996,100.594312253,true,
0.75,22,3967502247431635178,53.719306550,true,
0.75,23,4878733458379586603,77.899681591,true,
0.75,24,6374048190185089496,126.659449213,true,
0.75,25,13912929966655383479,117.390191620,true,
0.75,26,16086834953004871649,102.985542785,true,
0.75,27,2478123085070656810,126.590503268,true,
0.75,28,14635557844392384166,137.266823343,true,
0.75,29,6080612373390493676,86.554886564,true,
0.75,30,7285233852844147061,55.154782193,true,
0.75,31,4284981539987200484,97.807668077,true,
0.75,32,5229969725615578831,130.602924158,true,
0.75,33,6017621187618602676,115.982618869,true,
0.75,34,5006037289733106038,98.210624443,true,
0.75,35,94026960689992213,104.272088947,true,
0.75,36,16023111684548549502,109.773358518,true,
0.75,37,4123542768283089362,78.899795041,true,
0.75,38,18273720443064795229,63.807304407,true,
0.75,39,7308382854868630486,142.918890795,true,
0.75,40,18330358637461004994,77.729997578,true,
0.75,41,11905914159669202064,127.807196808,true,
0.75,42,17637540017576690502,94.928968174,true,
0.75,43,661429975524367304,135.582649967,true,
0.75,44,13409202050816243051,81.343575619,true,
0.75,45,9291209431799968336,108.547649241,true,
0.75,46,12075984238392641087,78.131455549,true,
0.75,47,15008836325149527053,129.231102476,true,
0.75,48,41587549567496549,97.490988118,true,
0.75,49,12471385441346939818,98.761921423,true,
0.75,50,12642926623722063729,63.418695201,true,
0.75,51,6411694168543511841,76.201895538,true,
0.75,52,16007157424898269808,102.850324316,true,
0.75,53,596611917824161112,119.430203674,true,
0.75,54,329530629545946500,74.731427758,true,
0.75,55,7544339618485416267,94.186488068,true,
0.75,56,11151804204197510087,86.297702677,true,
0.75,57,5970962798516755823,93.427697268,true,
0.75,58,7069135117920926953,147.472168683,true,
0.75,59,6448828767640842934,89.169116398,true,
0.75,60,13700425208390203654,104.483388791,true,
0.75,61,1629335256854327433,177.109964403,true,
0.75,62,18340523841166392240,91.870316751,true,
0.75,63,1579184371038568964,96.112913356,true,
0.75,64,10060009355697635971,64.295882247,true,
0.75,65,2490894998454975032,75.391095531,true,
0.75,66,4026796705605799191,82.968886588,true,
0.75,67,13281742923566256733,73.879941329,true,
0.75,68,14573032562397221403,161.657721789,true,
0.75,69,16209105765482294902,107.698653830,true,
0.75,70,7410678920453031381,115.666477420,true,
0.75,71,3567426766877724505,91.192384837,true,
0.75,72,17281180467556638489,100.384817810,true,
0.75,73,17878613768361448639,61.681401738,true,
0.75,74,2584816482046512736,94.608748318,true,
0.75,75,9507480745188483787,130.958915661,true,
0.75,76,2172695059529466181,72.460920674,true,
0.75,77,256168968072043903,116.269164200,true,
0.75,78,6066888969316372924,103.345526167,true,
0.75,79,5937476969184631433,75.423476984,true,
0.75,80,3157292218875704738,111.437848359,true,
0.75,81,7904829631649703878,131.941293585,true,
0.75,82,9510961565592505163,77.655644503,true,
0.75,83,11611087686775761763,69.233317471,true,
0.75,84,4536208246801870042,73.869625527,true,
0.75,85,17184119116985185141,89.524464884,true,
0.75,86,1513103298406039877,78.483603750,true,
0.75,87,12959701651174215037,100.479501970,true,
0.75,88,3324471800946518941,86.194624892,true,
0.75,89,2574679205249620422,172.171791361,true,
0.75,90,14250558868356640378,86.846683638,true,
0.75,91,12438211271880044426,98.516987018,true,
0.75,92,4947232849039482618,76.096030103,true,
0.75,93,11068131976095775995,78.881216552,true,
0.75,94,9770901992631974207,60.490812823,true,
0.75,95,8744211744191097816,67.668241559,true,
0.75,96,17237795978825158898,120.238960801,true,
0.75,97,1637877860410267038,70.234758712,true,
0.75,98,1724904208374227901,106.299477015,true,
0.75,99,16212814543818921959,141.101630973,true,
0.75,100,17686074640022404956,55.681258923,true,
0.75,101,8718032823378208138,105.419690890,true,
0.75,102,6240890385604034909,89.122118841,true,
0.75,103,14627650360984893070,82.685978574,true,
0.75,104,15681970994688006322,54.772669606,true,
0.75,105,9662661825869755535,71.190034981,true,
0.75,106,6056304900034551410,95.412857008,true,
0.75,107,12453677962036856399,91.399236926,true,
0.75,108,11317994301526824314,96.234733499,true,
0.75,109,16991895322501919685,89.248669411,true,
0.75,110,3227393980322165312,106.241389269,true,
0.75,111,10104887854072508055,70.759107977,true,
0.75,112,6080453939590560891,98.262980089,true,
0.75,113,10739075444001619105,92.588337275,true,
0.75,114,10257199808777196517,109.843963015,true,
0.75,115,4619828531453571901,133.459723592,true,
0.75,116,9354221596266311174,63.340632192,true,
0.75,117,14946961828416444395,81.481161734,true,
0.75,118,9981438511891672853,68.032890977,true,
0.75,119,15992584006124026805,107.139159481,true,
0.75,120,4590155864510027627,99.962827788,true,
0.75,121,6694004329108266830,92.180441632,true,
0.75,122,6514603063664169887,53.156993477,true,
0.75,123,13223842604403546615,84.422332925,true,
0.75,124,8036786921336895733,80.268742258,true,
0.75,125,2756793674981860446,113.298688883,true,
0.75,126,11652485569043347757,114.627047735,true,
0.75,127,6219043831109360161,59.419292623,true,
0.75,128,2308414437201664664,131.320768953,true,
0.75,129,16793780611935290057,110.386738472,true,
0.75,130,11992869741488739625,84.984508038,true,
0.75,131,6190688006702356822,85.342433743,true,
0.75,132,13381364082340880771,72.458596209,true,
0.75,133,12282835251511589515,110.445732284,true,
0.75,134,2362579112898670767,87.878178656,true,
0.75,135,11090677208237700990,68.414478632,true,
0.75,136,14447235999179488685,84.633065331,true,
0.75,137,3238649255527543122,88.739971285,true,
0.75,138,10625345972599543899,62.743266239,true,
0.75,139,1184912142700000497,64.845586527,true,
0.75,140,7336263636649608786,122.132198938,true,
0.75,141,1120065434786104817,116.495977326,true,
0.75,142,10781492228395752457,81.208464167,true,
0.75,143,7179002354009830276,42.343121343,true,
0.75,144,14816585198746660586,83.962310718,true,
0.75,145,12345268748611113365,97.208521015,true,
0.75,146,16808259228528730560,94.941934406,true,
0.75,147,4287858865099480545,75.096624857,true,
0.75,148,2159124086709180333,120.690475420,true,
0.75,149,8724432932696772255,55.538855578,true,
0.75,150,5821172676946089108,52.976779639,true,
0.75,151,4642743041857584563,112.672331172,true,
0.75,152,9809258597804170161,67.550178176,true,
0.75,153,6375444539940864774,116.254704386,true,
0.75,154,10894297338848002769,89.067525762,true,
0.75,155,16292879917286714098,113.088522325,true,
0.75,156,17903216372016796956,87.130566207,true,
0.75,157,12694919531937672451,93.212331871,true,
0.75,158,5764256823037926109,93.138160759,true,
0.75,159,6929906285052133938,64.596665715,true,
0.75,160,13386096930873136392,152.244407948,true,
0.75,161,1374640518560384222,96.811642240,true,
0.75,162,18081800509720369600,114.938298618,true,
0.75,163,8028948996653498972,154.391913377,true,
0.75,164,10910025554758038408,104.483536540,true,
0.75,165,5499210798291061548,84.149739402,true,
0.75,166,14823924768833936445,81.350106281,true,
0.75,167,9375039479180605491,74.855617085,true,
0.75,168,587203936550584734,121.199544593,true,
0.75,169,7023062498771247427,88.962818296,true,
0.75,170,14443756267455586908,160.870838262,true,
0.75,171,1660989235356971646,95.890823619,true,
0.75,172,16629760624891390060,77.660182082,true,
0.75,173,8828233498580164067,44.149196675,true,
0.75,174,15904938436956276809,162.348788013,true,
0.75,175,853759011744270452,149.322036318,true,
0.75,176,12077733151128023192,101.014435138,true,
0.75,177,5431343548139908152,78.828356886,true,
0.75,178,14464466714887776830,114.704144478,true,
0.75,179,3872586297844455659,106.365958588,true,
0.75,180,8251316649499332729,89.240750914,true,
0.75,181,13768574421513410959,59.223246954,true,
0.75,182,2395129733554949617,37.649814896,true,
0.75,183,5959134789798070874,58.365868580,true,
0.75,184,11334347819963202668,72.514960999,true,
0.75,185,11299846577224429769,74.314255229,true,
0.75,186,4177281384904223726,67.540881408,true,
0.75,187,17731211758507050318,96.714153711,true,
0.75,188,909582936076228165,126.871832710,true,
0.75,189,16952797831251311168,131.037307419,true,
0.75,190,5582957937741785073,77.310758396,true,
0.75,191,12113876592819114155,75.991761844,true,
0.75,192,6761392671837125469,75.969803834,true,
0.75,193,18170883110629089889,111.465340253,true,
0.75,194,8545307910871506685,108.391670440,true,
0.75,195,7701648147245862448,102.872234496,true,
0.75,196,9327960049309272333,70.897893158,true,
0.75,197,7331229142298487523,100.083744011,true,
0.75,198,10942891325025840830,78.242211626,true,
0.75,199,15943499863363013489,90.113150616,true,
0.75,200,3113777020019007139,128.448750573,true,
0.75,201,5818284862823947143,59.314313060,true,
0.75,202,17385602768584545957,81.028710549,true,
0.75,203,3655680359959557277,72.055419060,true,
0.75,204,9509865509674950770,59.138588703,true,
0.75,205,3812107014719288311,107.173639751,true,
0.75,206,7006336812600072112,60.399301953,true,
0.75,207,3179223968139728126,132.043000892,true,
0.75,208,10761453805471220991,57.982571568,true,
0.75,209,11921867793501616081,121.259597281,true,
0.75,210,10111367152867274050,64.256372952,true,
0.75,211,4904481117980378385,74.329516341,true,
0.75,212,14569990701747480298,126.682136785,true,
0.75,213,15190399103318053385,71.648839318,true,
0.75,214,15449727497988196806,60.952190551,true,
0.75,215,820787427272650293,80.922764721,true,
0.75,216,5307821758355038576,117.844362889,true,
0.75,217,11812223012432297026,95.338758644,true,
0.75,218,11814045155171275338,74.600641479,true,
0.75,219,8228864566917029480,80.207394162,true,
0.75,220,17305545577262328016,59.329653607,true,
0.75,221,1116346966554113914,69.718814464,true,
0.75,222,13786438269547531238,95.806385356,true,
0.75,223,15396871550441008130,51.070304641,true,
0.75,224,2510593068319815157,138.238252048,true,
0.75,225,11641752946588234009,114.827795314,true,
0.75,226,10987694153087145781,90.751162330,true,
0.75,227,3564497120731823788,96.664951933,true,
0.75,228,3140251913915134873,67.770811257,true,
0.75,229,860086512756865854,77.183655175,true,
0.75,230,4767795065398708950,70.952106705,true,
0.75,231,11587888818995485148,108.188186705,true,
0.75,232,13188483554273150705,90.479896759,true,
0.75,233,12972839088249540308,129.460407408,true,
0.75,234,9774907240976580634,77.603053223,true,
0.75,235,12665933611074770632,83.869354379,true,
0.75,236,18104154891471011725,74.901659659,true,
0.75,237,17261824108098172117,55.218958630,true,
0.75,238,6588674474728611540,73.326022657,true,
0.75,239,5106831533912126486,113.693698288,true,
0.75,240,17754963126205562813,99.040573024,true,
0.75,241,3863207217449653484,80.319951357,true,
0.75,242,4802153968110386661,68.239228323,true,
0.75,243,6249511377586482411,116.196573241,true,
0.75,244,7886642544989050030,151.177413947,true,
0.75,245,536266857943486106,126.974795790,true,
0.75,246,8487214934768386099,50.253132384,true,
0.75,247,16118899246876152949,107.095527650,true,
0.75,248,2167600576180410023,59.392296618,true,
0.75,249,18035596731850175928,112.992268885,true,
0.75,250,10091755837383794904,58.310018379,true,
0.75,251,14956634114550114378,103.342297753,true,
0.75,252,5736842911363710086,89.354279639,true,
0.75,253,13545414297103171755,87.641735341,true,
0.75,254,17676207231418827186,107.881718004,true,
0.75,255,775170366018200288,90.099746592,true,
0.85,0,11586010233531586918,83.158532572,true,
0.85,1,7435275229452103958,76.065108687,true,
0.85,2,17377466536114428149,92.888632902,true,
0.85,3,6199957159904866235,77.697395505,true,
0.85,4,12032831652220777203,97.185873480,true,
0.85,5,12824817159816449082,66.464281163,true,
0.85,6,13127086010505558010,81.964951345,true,
0.85,7,8614443013277031389,64.776486813,true,
0.85,8,3349677325774699018,137.155576873,true,
0.85,9,6739777678050942568,89.834312502,true,
0.85,10,13292573669742727768,98.599851671,true,
0.85,11,8344065747443815322,54.867262231,true,
0.85,12,7490701265514071955,109.292446903,true,
0.85,13,8195868551367103870,154.683847980,true,
0.85,14,143160498584173569,43.462311314,true,
0.85,15,13991331147305667756,88.470456179,true,
0.85,16,8852702049133514447,75.534398325,true,
0.85,17,9212052921636300388,72.927304547,true,
0.85,18,402961943671700872,116.996355101,true,
0.85,19,6986561947402773466,77.948716736,true,
0.85,20,16005634800982363428,87.060540079,true,
0.85,21,3103801612665070996,71.671853339,true,
0.85,22,3967502247431635178,78.279359558,true,
0.85,23,4878733458379586603,74.443081221,true,
0.85,24,6374048190185089496,103.914061844,true,
0.85,25,13912929966655383479,96.543879035,true,
0.85,26,16086834953004871649,63.559825347,true,
0.85,27,2478123085070656810,57.649167807,true,
0.85,28,14635557844392384166,84.280953368,true,
0.85,29,6080612373390493676,83.286705351,true,
0.85,30,7285233852844147061,97.654119511,true,
0.85,31,4284981539987200484,108.888525302,true,
0.85,32,5229969725615578831,88.087477034,true,
0.85,33,6017621187618602676,76.787046601,true,
0.85,34,5006037289733106038,62.606241431,true,
0.85,35,94026960689992213,63.259789297,true,
0.85,36,16023111684548549502,90.818644179,true,
0.85,37,4123542768283089362,67.264813021,true,
0.85,38,18273720443064795229,51.288138543,true,
0.85,39,7308382854868630486,103.478424993,true,
0.85,40,18330358637461004994,71.744295883,true,
0.85,41,11905914159669202064,71.060175372,true,
0.85,42,17637540017576690502,87.694996468,true,
0.85,43,661429975524367304,93.576978546,true,
0.85,44,13409202050816243051,45.586017294,true,
0.85,45,9291209431799968336,76.041858750,true,
0.85,46,12075984238392641087,92.582079677,true,
0.85,47,15008836325149527053,81.219963900,true,
0.85,48,41587549567496549,75.286758338,true,
0.85,49,12471385441346939818,91.990640268,true,
0.85,50,12642926623722063729,79.128593680,true,
0.85,51,6411694168543511841,61.323329264,true,
0.85,52,16007157424898269808,52.344829516,true,
0.85,53,596611917824161112,67.393788295,true,
0.85,54,329530629545946500,98.704750416,true,
0.85,55,7544339618485416267,88.810999554,true,
0.85,56,11151804204197510087,80.592190447,true,
0.85,57,5970962798516755823,58.833330353,true,
0.85,58,7069135117920926953,47.913191109,true,
0.85,59,6448828767640842934,95.358331366,true,
0.85,60,13700425208390203654,59.363987450,true,
0.85,61,1629335256854327433,86.976916670,true,
0.85,62,18340523841166392240,61.182437554,true,
0.85,63,1579184371038568964,76.079386141,true,
0.85,64,10060009355697635971,95.579850413,true,
0.85,65,2490894998454975032,76.121174556,true,
0.85,66,4026796705605799191,73.786247577,true,
0.85,67,13281742923566256733,58.175276994,true,
0.85,68,14573032562397221403,82.775372958,true,
0.85,69,16209105765482294902,68.577896698,true,
0.85,70,7410678920453031381,68.191137164,true,
0.85,71,3567426766877724505,50.763285919,true,
0.85,72,17281180467556638489,118.326919416,true,
0.85,73,17878613768361448639,85.106502836,true,
0.85,74,2584816482046512736,82.337402496,true,
0.85,75,9507480745188483787,95.165696823,true,
0.85,76,2172695059529466181,103.355457850,true,
0.85,77,256168968072043903,70.392708314,true,
0.85,78,6066888969316372924,63.142190061,true,
0.85,79,5937476969184631433,71.306933842,true,
0.85,80,3157292218875704738,69.389509951,true,
0.85,81,7904829631649703878,56.849737938,true,
0.85,82,9510961565592505163,95.851500375,true,
0.85,83,11611087686775761763,101.335324411,true,
0.85,84,4536208246801870042,94.188257466,true,
0.85,85,17184119116985185141,63.775804441,true,
0.85,86,1513103298406039877,97.402695548,true,
0.85,87,12959701651174215037,88.669166179,true,
0.85,88,3324471800946518941,67.969640805,true,
0.85,89,2574679205249620422,61.880771586,true,
0.85,90,14250558868356640378,107.426526311,true,
0.85,91,12438211271880044426,87.922434610,true,
0.85,92,4947232849039482618,89.213416197,true,
0.85,93,11068131976095775995,82.186455989,true,
0.85,94,9770901992631974207,72.938098097,true,
0.85,95,8744211744191097816,80.934216104,true,
0.85,96,17237795978825158898,95.147913938,true,
0.85,97,1637877860410267038,86.218162559,true,
0.85,98,1724904208374227901,67.407691257,true,
0.85,99,16212814543818921959,57.652717768,true,
0.85,100,17686074640022404956,51.707081981,true,
0.85,101,8718032823378208138,73.698420870,true,
0.85,102,6240890385604034909,64.881572628,true,
0.85,103,14627650360984893070,114.621815620,true,
0.85,104,15681970994688006322,84.855560783,true,
0.85,105,9662661825869755535,89.575194951,true,
0.85,106,6056304900034551410,82.487463940,true,
0.85,107,12453677962036856399,68.482562847,true,
0.85,108,11317994301526824314,62.964424548,true,
0.85,109,16991895322501919685,75.981122157,true,
0.85,110,3227393980322165312,84.591348874,true,
0.85,111,10104887854072508055,58.329918248,true,
0.85,112,6080453939590560891,115.533349041,true,
0.85,113,10739075444001619105,79.050798240,true,
0.85,114,10257199808777196517,144.104134892,true,
0.85,115,4619828531453571901,126.487154918,true,
0.85,116,9354221596266311174,51.932243647,true,
0.85,117,14946961828416444395,74.623594785,true,
0.85,118,9981438511891672853,83.024052141,true,
0.85,119,15992584006124026805,99.196357368,true,
0.85,120,4590155864510027627,78.281054659,true,
0.85,121,6694004329108266830,65.791523078,true,
0.85,122,6514603063664169887,69.610408816,true,
0.85,123,13223842604403546615,69.066602579,true,
0.85,124,8036786921336895733,74.440710709,true,
0.85,125,2756793674981860446,72.211379959,true,
0.85,126,11652485569043347757,52.874265884,true,
0.85,127,6219043831109360161,84.581733184,true,
0.85,128,2308414437201664664,47.779007499,true,
0.85,129,16793780611935290057,73.200341219,true,
0.85,130,11992869741488739625,87.793859570,true,
0.85,131,6190688006702356822,86.863781561,true,
0.85,132,13381364082340880771,80.567155382,true,
0.85,133,12282835251511589515,72.543895848,true,
0.85,134,2362579112898670767,36.729171558,true,
0.85,135,11090677208237700990,47.645478423,true,
0.85,136,14447235999179488685,57.484222417,true,
0.85,137,3238649255527543122,99.281086071,true,
0.85,138,10625345972599543899,53.412583227,true,
0.85,139,1184912142700000497,51.873977785,true,
0.85,140,7336263636649608786,86.721742446,true,
0.85,141,1120065434786104817,134.504440632,true,
0.85,142,10781492228395752457,83.729874040,true,
0.85,143,7179002354009830276,106.668653182,true,
0.85,144,14816585198746660586,88.399722444,true,
0.85,145,12345268748611113365,58.025654434,true,
0.85,146,16808259228528730560,44.264059173,true,
0.85,147,4287858865099480545,42.821050146,true,
0.85,148,2159124086709180333,120.157923752,true,
0.85,149,8724432932696772255,82.121941610,true,
0.85,150,5821172676946089108,60.717757782,true,
0.85,151,4642743041857584563,80.274571127,true,
0.85,152,9809258597804170161,71.215610145,true,
0.85,153,6375444539940864774,133.056775018,true,
0.85,154,10894297338848002769,62.748730805,true,
0.85,155,16292879917286714098,47.842982728,true,
0.85,156,17903216372016796956,46.507602944,true,
0.85,157,12694919531937672451,104.292950193,true,
0.85,158,5764256823037926109,101.170297089,true,
0.85,159,6929906285052133938,56.592075605,true,
0.85,160,13386096930873136392,80.811319678,true,
0.85,161,1374640518560384222,42.976343041,true,
0.85,162,18081800509720369600,110.032667623,true,
0.85,163,8028948996653498972,52.381750953,true,
0.85,164,10910025554758038408,64.071096149,true,
0.85,165,5499210798291061548,83.838315107,true,
0.85,166,14823924768833936445,73.795869231,true,
0.85,167,9375039479180605491,88.449693333,true,
0.85,168,587203936550584734,101.706113311,true,
0.85,169,7023062498771247427,63.335214287,true,
0.85,170,14443756267455586908,73.990300069,true,
0.85,171,1660989235356971646,62.865058359,true,
0.85,172,16629760624891390060,122.709550014,true,
0.85,173,8828233498580164067,82.186928550,true,
0.85,174,15904938436956276809,68.176230601,true,
0.85,175,853759011744270452,73.249654391,true,
0.85,176,12077733151128023192,82.899369585,true,
0.85,177,5431343548139908152,106.206551074,true,
0.85,178,14464466714887776830,87.091310244,true,
0.85,179,3872586297844455659,89.744581231,true,
0.85,180,8251316649499332729,93.288122009,true,
0.85,181,13768574421513410959,66.162363326,true,
0.85,182,2395129733554949617,76.501140799,true,
0.85,183,5959134789798070874,65.517558931,true,
0.85,184,11334347819963202668,95.382147672,true,
0.85,185,11299846577224429769,53.085206621,true,
0.85,186,4177281384904223726,98.073455840,true,
0.85,187,17731211758507050318,103.509548738,true,
0.85,188,909582936076228165,94.283318616,true,
0.85,189,16952797831251311168,72.466633322,true,
0.85,190,5582957937741785073,84.346104820,true,
0.85,191,12113876592819114155,52.583403936,true,
0.85,192,6761392671837125469,65.013193768,true,
0.85,193,18170883110629089889,93.775338171,true,
0.85,194,8545307910871506685,72.761864082,true,
0.85,195,7701648147245862448,121.586364468,true,
0.85,196,9327960049309272333,65.558931138,true,
0.85,197,7331229142298487523,92.188301862,true,
0.85,198,10942891325025840830,81.811494306,true,
0.85,199,15943499863363013489,71.744006865,true,
0.85,200,3113777020019007139,151.656468007,true,
0.85,201,5818284862823947143,88.174551853,true,
0.85,202,17385602768584545957,78.912633463,true,
0.85,203,3655680359959557277,132.606640001,true,
0.85,204,9509865509674950770,78.376245078,true,
0.85,205,3812107014719288311,81.762642696,true,
0.85,206,7006336812600072112,79.224558152,true,
0.85,207,3179223968139728126,88.266539376,true,
0.85,208,10761453805471220991,110.617749289,true,
0.85,209,11921867793501616081,114.291235175,true,
0.85,210,10111367152867274050,101.753721669,true,
0.85,211,4904481117980378385,61.469272171,true,
0.85,212,14569990701747480298,69.970733279,true,
0.85,213,15190399103318053385,99.290020540,true,
0.85,214,15449727497988196806,59.169183934,true,
0.85,215,820787427272650293,71.358420419,true,
0.85,216,5307821758355038576,68.662154089,true,
0.85,217,11812223012432297026,69.401876517,true,
0.85,218,11814045155171275338,97.280586708,true,
0.85,219,8228864566917029480,71.208220014,true,
0.85,220,17305545577262328016,86.954618847,true,
0.85,221,1116346966554113914,115.410960245,true,
0.85,222,13786438269547531238,65.803506178,true,
0.85,223,15396871550441008130,127.042527939,true,
0.85,224,2510593068319815157,61.573678556,true,
0.85,225,11641752946588234009,127.250703414,true,
0.85,226,10987694153087145781,83.049250629,true,
0.85,227,3564497120731823788,75.052581118,true,
0.85,228,3140251913915134873,77.170552889,true,
0.85,229,860086512756865854,40.626004235,true,
0.85,230,4767795065398708950,72.087915358,true,
0.85,231,11587888818995485148,97.574565907,true,
0.85,232,13188483554273150705,56.946684389,true,
0.85,233,12972839088249540308,69.677350350,true,
0.85,234,9774907240976580634,75.670745354,true,
0.85,235,12665933611074770632,81.933661905,true,
0.85,236,18104154891471011725,65.989540492,true,
0.85,237,17261824108098172117,66.172289906,true,
0.85,238,6588674474728611540,74.646939851,true,
0.85,239,5106831533912126486,63.873376391,true,
0.85,240,17754963126205562813,93.555151751,true,
0.85,241,3863207217449653484,66.384594407,true,
0.85,242,4802153968110386661,111.948257029,true,
0.85,243,6249511377586482411,70.577383158,true,
0.85,244,7886642544989050030,76.781378541,true,
0.85,245,536266857943486106,68.888361678,true,
0.85,246,8487214934768386099,91.392009565,true,
0.85,247,16118899246876152949,74.996826032,true,
0.85,248,2167600576180410023,70.380105099,true,
0.85,249,18035596731850175928,132.035962566,true,
0.85,250,10091755837383794904,76.244099085,true,
0.85,251,14956634114550114378,72.076166069,true,
0.85,252,5736842911363710086,100.215443277,true,
0.85,253,13545414297103171755,94.236303972,true,
0.85,254,17676207231418827186,76.619815202,true,
0.85,255,775170366018200288,45.261076022,true,
