potential_mu_kcal_mol,time_s,at_risk,events,censored,kaplan_meier_survival,nelson_aalen_cumulative_hazard,fitted_weibull_survival,fitted_weibull_cumulative_hazard
-0.20,333.881834299,256,1,0,0.996093750,0.003906250,0.993194943,0.006828317
-0.20,334.396512076,255,1,0,0.992187500,0.007827819,0.993160071,0.006863429
-0.20,344.275010836,254,1,0,0.988281250,0.011764827,0.992466430,0.007562091
-0.20,348.514356405,253,1,0,0.984375000,0.015717396,0.992154314,0.007876625
-0.20,367.939693747,252,1,0,0.980468750,0.019685650,0.990608636,0.009435741
-0.20,465.958071877,251,1,0,0.976562500,0.023669713,0.979496881,0.020716225
-0.20,491.893075598,250,1,0,0.972656250,0.027669713,0.975494524,0.024810732
-0.20,498.759161375,249,1,0,0.968750000,0.031685778,0.974351883,0.025982764
-0.20,505.537168999,248,1,0,0.964843750,0.035718036,0.973188752,0.027177225
-0.20,565.795824017,247,1,0,0.960937500,0.039766619,0.961230097,0.039541464
-0.20,590.769568193,246,1,0,0.957031250,0.043831659,0.955368960,0.045657668
-0.20,595.416680547,245,1,0,0.953125000,0.047913292,0.954216630,0.046864557
-0.20,600.000000000,244,0,244,0.953125000,0.047913292,0.953060808,0.048076570
-0.05,105.528807763,256,1,0,0.996093750,0.003906250,0.998575191,0.001425825
-0.05,181.151298778,255,1,0,0.992187500,0.007827819,0.994109576,0.005907841
-0.05,195.638092342,254,1,0,0.988281250,0.011764827,0.992792940,0.007233156
-0.05,249.328015431,253,1,0,0.984375000,0.015717396,0.986403582,0.013689696
-0.05,249.945837193,252,1,0,0.980468750,0.019685650,0.986315379,0.013779118
-0.05,267.375741046,251,1,0,0.976562500,0.023669713,0.983681804,0.016452805
-0.05,277.143874060,250,1,0,0.972656250,0.027669713,0.982080931,0.018081560
-0.05,383.066532944,249,1,0,0.968750000,0.031685778,0.958516822,0.042368166
-0.05,384.395740870,248,1,0,0.964843750,0.035718036,0.958145130,0.042756020
-0.05,402.183838530,247,1,0,0.960937500,0.039766619,0.952981834,0.048159437
-0.05,408.953753600,246,1,0,0.957031250,0.043831659,0.950923678,0.050321474
-0.05,430.253406160,245,1,0,0.953125000,0.047913292,0.944110117,0.057512471
-0.05,440.343419757,244,1,0,0.949218750,0.052011653,0.940701994,0.061128881
-0.05,442.196428781,243,1,0,0.945312500,0.056126879,0.940063424,0.061807933
-0.05,446.418489648,242,1,0,0.941406250,0.060259110,0.938593728,0.063372558
-0.05,455.625999590,241,1,0,0.937500000,0.064408488,0.935317486,0.066869250
-0.05,460.937084084,240,1,0,0.933593750,0.068575155,0.933383243,0.068939398
-0.05,461.301830972,239,1,0,0.929687500,0.072759255,0.933249211,0.069083007
-0.05,463.014938792,238,1,0,0.925781250,0.076960936,0.932617647,0.069759973
-0.05,472.510125391,237,1,0,0.921875000,0.081180345,0.929055577,0.073586717
-0.05,481.789308746,236,1,0,0.917968750,0.085417633,0.925473702,0.077449563
-0.05,482.028861671,235,1,0,0.914062500,0.089672952,0.925379910,0.077550912
-0.05,499.600526317,234,1,0,0.910156250,0.093946457,0.918318637,0.085210849
-0.05,502.967855508,233,1,0,0.906250000,0.098238302,0.916924560,0.086730078
-0.05,503.361141453,232,1,0,0.902343750,0.102548647,0.916760882,0.086908602
-0.05,543.620011244,231,1,0,0.898437500,0.106877651,0.899058317,0.106407377
-0.05,552.574296614,230,1,0,0.894531250,0.111225477,0.894866748,0.111080457
-0.05,553.520677051,229,1,0,0.890625000,0.115592290,0.894418363,0.111581645
-0.05,575.377888565,228,1,0,0.886718750,0.119978254,0.883778034,0.123549341
-0.05,578.343130085,227,1,0,0.882812500,0.124383541,0.882292678,0.125231443
-0.05,585.208817305,226,1,0,0.878906250,0.128808320,0.878815369,0.129180450
-0.05,588.767414901,225,1,0,0.875000000,0.133252764,0.876992127,0.131257264
-0.05,592.115477612,224,1,0,0.871093750,0.137717050,0.875263768,0.133229989
-0.05,600.000000000,223,0,223,0.871093750,0.137717050,0.871144018,0.137947967
0.05,124.131510415,256,1,0,0.996093750,0.003906250,0.991263202,0.008775188
0.05,152.239556110,255,1,0,0.992187500,0.007827819,0.985962766,0.014136688
0.05,164.967604802,254,1,0,0.988281250,0.011764827,0.983091116,0.017053471
0.05,165.924923767,253,1,0,0.984375000,0.015717396,0.982862977,0.017285562
0.05,168.568224747,252,1,0,0.980468750,0.019685650,0.982224152,0.017935736
0.05,168.909413816,251,1,0,0.976562500,0.023669713,0.982140741,0.018020660
0.05,170.871755031,250,1,0,0.972656250,0.027669713,0.981656764,0.018513560
0.05,174.078156268,249,1,0,0.968750000,0.031685778,0.980850372,0.019335357
0.05,203.433736881,248,1,0,0.964843750,0.035718036,0.972556913,0.027826683
0.05,225.234700803,247,1,0,0.960937500,0.039766619,0.965317785,0.035297921
0.05,237.267832827,246,1,0,0.957031250,0.043831659,0.960922398,0.039861624
0.05,238.030442980,245,1,0,0.953125000,0.047913292,0.960634208,0.040161579
0.05,241.592486049,244,1,0,0.949218750,0.052011653,0.959272888,0.041579690
0.05,247.976643918,243,1,0,0.945312500,0.056126879,0.956770214,0.044192027
0.05,250.879162747,242,1,0,0.941406250,0.060259110,0.955605702,0.045409897
0.05,257.166326871,241,1,0,0.937500000,0.064408488,0.953026004,0.048113089
0.05,265.179085825,240,1,0,0.933593750,0.068575155,0.949624716,0.051688408
0.05,287.091772306,239,1,0,0.929687500,0.072759255,0.939673727,0.062222563
0.05,337.699480495,238,1,0,0.925781250,0.076960936,0.913088596,0.090922365
0.05,340.518159700,237,1,0,0.921875000,0.081180345,0.911462170,0.092705189
0.05,344.049115315,236,1,0,0.917968750,0.085417633,0.909403386,0.094966514
0.05,350.745752838,235,1,0,0.914062500,0.089672952,0.905433827,0.099341083
0.05,353.816269846,234,1,0,0.910156250,0.093946457,0.903585405,0.101384647
0.05,359.340720574,233,1,0,0.906250000,0.098238302,0.900215160,0.105121478
0.05,362.422736960,232,1,0,0.902343750,0.102548647,0.898310158,0.107239883
0.05,363.311074788,231,1,0,0.898437500,0.106877651,0.897757791,0.107854968
0.05,363.584969962,230,1,0,0.894531250,0.111225477,0.897587187,0.108045019
0.05,368.614212264,229,1,0,0.890625000,0.115592290,0.894429861,0.111568790
0.05,369.368082255,228,1,0,0.886718750,0.119978254,0.893952556,0.112102574
0.05,370.856419628,227,1,0,0.882812500,0.124383541,0.893007156,0.113160685
0.05,375.918133879,226,1,0,0.878906250,0.128808320,0.889761479,0.116801853
0.05,377.487852320,225,1,0,0.875000000,0.133252764,0.888745419,0.117944452
0.05,387.413472059,224,1,0,0.871093750,0.137717050,0.882217126,0.125317079
0.05,388.924735869,223,1,0,0.867187500,0.142201355,0.881207550,0.126462096
0.05,388.936365059,222,1,0,0.863281250,0.146705859,0.881199765,0.126470930
0.05,404.165462246,221,1,0,0.859375000,0.151230746,0.870799284,0.138343772
0.05,412.639516037,220,1,0,0.855468750,0.155776201,0.864836090,0.145215281
0.05,420.175219999,219,1,0,0.851562500,0.160342411,0.859429535,0.151486442
0.05,427.600015282,218,1,0,0.847656250,0.164929567,0.854008563,0.157814058
0.05,428.303095023,217,1,0,0.843750000,0.169537862,0.853490450,0.158420926
0.05,429.164707751,216,1,0,0.839843750,0.174167491,0.852854388,0.159166451
0.05,439.514158964,215,1,0,0.835937500,0.178818654,0.845118546,0.168278370
0.05,455.938304655,214,1,0,0.832031250,0.183491551,0.832487233,0.183337393
0.05,461.529268324,213,1,0,0.828125000,0.188186387,0.828090669,0.188632627
0.05,466.890195938,212,1,0,0.824218750,0.192903368,0.823829953,0.193791138
0.05,468.454797513,211,1,0,0.820312500,0.197642704,0.822578233,0.195311684
0.05,471.407297180,210,1,0,0.816406250,0.202404609,0.820206139,0.198199582
0.05,475.132396995,209,1,0,0.812500000,0.207189298,0.817194777,0.201877807
0.05,478.686274287,208,1,0,0.808593750,0.211996991,0.814302738,0.205423068
0.05,482.221230607,207,1,0,0.804687500,0.216827908,0.811407799,0.208984517
0.05,490.253931686,206,1,0,0.800781250,0.221682277,0.804762650,0.217207890
0.05,493.080030314,205,1,0,0.796875000,0.226560326,0.802402998,0.220144306
0.05,494.879118419,204,1,0,0.792968750,0.231462287,0.800895039,0.222025378
0.05,498.539578183,203,1,0,0.789062500,0.236388395,0.797813089,0.225880933
0.05,498.873262333,202,1,0,0.785156250,0.241338890,0.797531225,0.226234291
0.05,505.960875218,201,1,0,0.781250000,0.246314015,0.791508606,0.233814526
0.05,526.794432638,200,1,0,0.777343750,0.251314015,0.773424019,0.256927844
0.05,526.982361006,199,1,0,0.773437500,0.256339140,0.773258388,0.257142020
0.05,529.798163011,198,1,0,0.769531250,0.261389645,0.770771489,0.260363332
0.05,530.801303879,197,1,0,0.765625000,0.266465788,0.769883186,0.261516482
0.05,532.308330142,196,1,0,0.761718750,0.271567828,0.768546394,0.263254348
0.05,546.932172461,195,1,0,0.757812500,0.276696033,0.755435243,0.280461215
0.05,547.564202808,194,1,0,0.753906250,0.281850673,0.754863040,0.281218951
0.05,548.271843033,193,1,0,0.750000000,0.287032020,0.754221851,0.282068722
0.05,553.062588882,192,1,0,0.746093750,0.292240353,0.749866333,0.287860311
0.05,554.211233568,191,1,0,0.742187500,0.297475955,0.748818286,0.289258934
0.05,557.425688826,190,1,0,0.738281250,0.302739113,0.745877745,0.293193572
0.05,558.039822371,189,1,0,0.734375000,0.308030118,0.745314680,0.293948760
0.05,564.322014836,188,1,0,0.730468750,0.313349267,0.739531982,0.301737750
0.05,566.753090054,187,1,0,0.726562500,0.318696861,0.737283182,0.304783225
0.05,574.778726378,186,1,0,0.722656250,0.324073205,0.729816911,0.314961583
0.05,577.488908605,185,1,0,0.718750000,0.329478610,0.727281283,0.318441968
0.05,583.854669858,184,1,0,0.714843750,0.334913393,0.721297958,0.326702970
0.05,590.546044450,183,1,0,0.710937500,0.340377874,0.714968189,0.335517228
0.05,595.449700238,182,1,0,0.707031250,0.345872379,0.710304201,0.342061949
0.05,600.000000000,181,0,181,0.707031250,0.345872379,0.705957791,0.348199829
0.15,107.357307496,256,1,0,0.996093750,0.003906250,0.976598997,0.023679154
0.15,136.323393206,255,1,0,0.992187500,0.007827819,0.963712700,0.036962058
0.15,137.825764590,254,1,0,0.988281250,0.011764827,0.962977679,0.037725046
0.15,138.461053987,253,1,0,0.984375000,0.015717396,0.962664946,0.038049855
0.15,144.013544707,252,1,0,0.980468750,0.019685650,0.959883308,0.040943556
0.15,144.912531060,251,1,0,0.976562500,0.023669713,0.959424837,0.041421303
0.15,153.561472371,250,1,0,0.972656250,0.027669713,0.954900159,0.046148489
0.15,163.308068874,249,1,0,0.968750000,0.031685778,0.949558464,0.051758177
0.15,179.962026533,248,1,0,0.964843750,0.035718036,0.939855150,0.062029511
0.15,180.769429039,247,1,0,0.960937500,0.039766619,0.939366735,0.062549317
0.15,189.489348160,246,1,0,0.957031250,0.043831659,0.933988597,0.068291050
0.15,191.984290853,245,1,0,0.953125000,0.047913292,0.932415446,0.069976806
0.15,192.923077039,244,1,0,0.949218750,0.052011653,0.931819599,0.070616046
0.15,194.856305789,243,1,0,0.945312500,0.056126879,0.930585884,0.071940909
0.15,195.616541443,242,1,0,0.941406250,0.060259110,0.930098269,0.072465033
0.15,201.458108961,241,1,0,0.937500000,0.064408488,0.926305577,0.076551102
0.15,202.701849938,240,1,0,0.933593750,0.068575155,0.925487661,0.077434480
0.15,203.629186556,239,1,0,0.929687500,0.072759255,0.924875464,0.078096184
0.15,213.683015674,238,1,0,0.925781250,0.076960936,0.918110708,0.085437298
0.15,218.508665160,237,1,0,0.921875000,0.081180345,0.914782229,0.089069243
0.15,220.286202917,236,1,0,0.917968750,0.085417633,0.913543098,0.090424726
0.15,225.509314821,235,1,0,0.914062500,0.089672952,0.909861836,0.094462520
0.15,229.219306617,234,1,0,0.910156250,0.093946457,0.907211036,0.097380181
0.15,229.820009489,233,1,0,0.906250000,0.098238302,0.906779051,0.097856462
0.15,231.309190394,232,1,0,0.902343750,0.102548647,0.905704815,0.099041838
0.15,243.417695932,231,1,0,0.898437500,0.106877651,0.896797576,0.108925110
0.15,244.372366391,230,1,0,0.894531250,0.111225477,0.896082457,0.109722843
0.15,248.104367629,229,1,0,0.890625000,0.115592290,0.893269264,0.112867216
0.15,248.369354718,228,1,0,0.886718750,0.119978254,0.893068455,0.113092044
0.15,248.992124582,227,1,0,0.882812500,0.124383541,0.892595963,0.113621250
0.15,250.538953999,226,1,0,0.878906250,0.128808320,0.891419057,0.114940640
0.15,252.584620252,225,1,0,0.875000000,0.133252764,0.889855349,0.116696358
0.15,255.001339226,224,1,0,0.871093750,0.137717050,0.887997434,0.118786426
0.15,256.323175737,223,1,0,0.867187500,0.142201355,0.886976428,0.119936872
0.15,256.843464522,222,1,0,0.863281250,0.146705859,0.886573621,0.120391110
0.15,260.734413272,221,1,0,0.859375000,0.151230746,0.883544771,0.123813314
0.15,261.079884295,220,1,0,0.855468750,0.155776201,0.883274448,0.124119314
0.15,266.550036862,219,1,0,0.851562500,0.160342411,0.878964197,0.129011114
0.15,275.985007014,218,1,0,0.847656250,0.164929567,0.871400062,0.137654094
0.15,279.474081254,217,1,0,0.843750000,0.169537862,0.868562269,0.140915999
0.15,281.729035684,216,1,0,0.839843750,0.174167491,0.866716831,0.143042963
0.15,284.767455523,215,1,0,0.835937500,0.178818654,0.864216234,0.145932270
0.15,285.055706650,214,1,0,0.832031250,0.183491551,0.863978179,0.146207766
0.15,286.849947882,213,1,0,0.828125000,0.188186387,0.862493192,0.147928024
0.15,290.402440192,212,1,0,0.824218750,0.192903368,0.859536892,0.151361533
0.15,292.468669842,211,1,0,0.820312500,0.197642704,0.857807686,0.153375347
0.15,293.051632331,210,1,0,0.816406250,0.202404609,0.857318528,0.153945752
0.15,296.156226444,209,1,0,0.812500000,0.207189298,0.854704062,0.156999996
0.15,304.787234291,208,1,0,0.808593750,0.211996991,0.847353805,0.165636956
0.15,304.990741346,207,1,0,0.804687500,0.216827908,0.847179071,0.165843189
0.15,305.493561451,206,1,0,0.800781250,0.221682277,0.846747065,0.166353254
0.15,308.178490903,205,1,0,0.796875000,0.226560326,0.844433614,0.169089155
0.15,311.370090448,204,1,0,0.792968750,0.231462287,0.841669179,0.172368241
0.15,313.370603342,203,1,0,0.789062500,0.236388395,0.839928534,0.174438469
0.15,320.567602229,202,1,0,0.785156250,0.241338890,0.833617246,0.181980919
0.15,322.028381416,201,1,0,0.781250000,0.246314015,0.832327013,0.183529871
0.15,325.605075524,200,1,0,0.777343750,0.251314015,0.829155032,0.187348130
0.15,327.678680740,199,1,0,0.773437500,0.256339140,0.827307799,0.189578466
0.15,331.205578030,198,1,0,0.769531250,0.261389645,0.824152227,0.193400025
0.15,337.802133119,197,1,0,0.765625000,0.266465788,0.818204886,0.200642502
0.15,343.463697479,196,1,0,0.761718750,0.271567828,0.813054819,0.206956744
0.15,349.025498292,195,1,0,0.757812500,0.276696033,0.807955790,0.213247937
0.15,359.992762081,194,1,0,0.753906250,0.281850673,0.797790757,0.225908925
0.15,362.399666300,193,1,0,0.750000000,0.287032020,0.795541082,0.228732789
0.15,370.971894501,192,1,0,0.746093750,0.292240353,0.787476335,0.238921960
0.15,371.400552861,191,1,0,0.742187500,0.297475955,0.787070955,0.239436875
0.15,374.800740442,190,1,0,0.738281250,0.302739113,0.783848541,0.243539465
0.15,376.612823295,189,1,0,0.734375000,0.308030118,0.782126274,0.245739076
0.15,378.510309982,188,1,0,0.730468750,0.313349267,0.780319226,0.248052179
0.15,384.858690441,187,1,0,0.726562500,0.318696861,0.774247225,0.255864044
0.15,396.537319103,186,1,0,0.722656250,0.324073205,0.762976759,0.270527708
0.15,398.512196408,185,1,0,0.718750000,0.329478610,0.761058714,0.273044771
0.15,401.641840619,184,1,0,0.714843750,0.334913393,0.758012235,0.277055753
0.15,404.102104158,183,1,0,0.710937500,0.340377874,0.755611535,0.280227878
0.15,419.524529948,182,1,0,0.707031250,0.345872379,0.740452812,0.300493372
0.15,423.097283349,181,1,0,0.703125000,0.351397241,0.736915885,0.305281524
0.15,430.019970624,180,1,0,0.699218750,0.356952797,0.730037786,0.314658984
0.15,433.951985659,179,1,0,0.695312500,0.362539389,0.726117229,0.320043805
0.15,439.846435597,178,1,0,0.691406250,0.368157367,0.720222258,0.328195423
0.15,440.003533961,177,1,0,0.687500000,0.373807084,0.720064866,0.328413980
0.15,443.086693938,176,1,0,0.683593750,0.379488902,0.716973115,0.332716935
0.15,446.531434888,175,1,0,0.679687500,0.385203188,0.713512573,0.337555221
0.15,447.080159966,174,1,0,0.675781250,0.390950314,0.712960744,0.338328918
0.15,448.198914629,173,1,0,0.671875000,0.396730661,0.711835172,0.339908895
0.15,448.378381387,172,1,0,0.667968750,0.402544615,0.711654551,0.340162667
0.15,450.780069932,171,1,0,0.664062500,0.408392568,0.709235832,0.343567182
0.15,471.864733015,170,1,0,0.660156250,0.414274921,0.687888205,0.374128946
0.15,479.267998668,169,1,0,0.656250000,0.420192081,0.680351527,0.385145663
0.15,481.259641767,168,1,0,0.652343750,0.426144462,0.678320974,0.388134690
0.15,482.351743706,167,1,0,0.648437500,0.432132486,0.677207031,0.389778246
0.15,495.682366175,166,1,0,0.644531250,0.438156582,0.663584355,0.410099297
0.15,499.604274635,165,1,0,0.640625000,0.444217188,0.659568885,0.416168861
0.15,502.938293233,164,1,0,0.636718750,0.450314749,0.656153124,0.421361097
0.15,503.372568280,163,1,0,0.632812500,0.456449718,0.655708065,0.422039612
0.15,518.721638105,162,1,0,0.628906250,0.462622558,0.639962480,0.446345730
0.15,532.156013919,161,1,0,0.625000000,0.468833738,0.626167973,0.468136616
0.15,533.319850814,160,1,0,0.621093750,0.475083738,0.624972871,0.470047036
0.15,534.219937219,159,1,0,0.617187500,0.481373046,0.624048627,0.471526986
0.15,540.305802229,158,1,0,0.613281250,0.487702160,0.617800237,0.481590115
0.15,540.982775483,157,1,0,0.609375000,0.494071587,0.617105307,0.482715594
0.15,543.631777427,156,1,0,0.605468750,0.500481843,0.614386355,0.487131306
0.15,553.860195169,155,1,0,0.601562500,0.506933456,0.603894251,0.504356178
0.15,566.100865754,154,1,0,0.597656250,0.513426963,0.591357863,0.525333924
0.15,567.557452779,153,1,0,0.593750000,0.519962910,0.589867967,0.527856552
0.15,568.404811891,152,1,0,0.589843750,0.526541858,0.589001440,0.529326651
0.15,569.812980737,151,1,0,0.585937500,0.533164374,0.587561769,0.531773900
0.15,571.432679382,150,1,0,0.582031250,0.539831041,0.585906396,0.534595235
0.15,573.988666554,149,1,0,0.578125000,0.546542450,0.583295386,0.539061556
0.15,579.617765423,148,1,0,0.574218750,0.553299207,0.577551000,0.548958529
0.15,584.595202244,147,1,0,0.570312500,0.560101928,0.572478984,0.557779254
0.15,596.970803332,146,1,0,0.566406250,0.566951243,0.559902422,0.579992757
0.15,600.000000000,145,0,145,0.566406250,0.566951243,0.556832272,0.585491212
0.25,98.378178841,256,1,0,0.996093750,0.003906250,0.963030341,0.037670361
0.25,102.515726875,255,1,0,0.992187500,0.007827819,0.960085460,0.040732977
0.25,119.441744001,254,1,0,0.988281250,0.011764827,0.947021841,0.054433123
0.25,120.521880557,253,1,0,0.984375000,0.015717396,0.946134191,0.055370869
0.25,127.901843648,252,1,0,0.980468750,0.019685650,0.939901496,0.061980201
0.25,134.629747923,251,1,0,0.976562500,0.023669713,0.933969261,0.068311752
0.25,145.013038458,250,1,0,0.972656250,0.027669713,0.924360754,0.078652857
0.25,148.000101906,249,1,0,0.968750000,0.031685778,0.921497540,0.081755171
0.25,151.896109980,248,1,0,0.964843750,0.035718036,0.917698214,0.085886685
0.25,153.201281137,247,1,0,0.960937500,0.039766619,0.916409213,0.087292275
0.25,157.023155647,246,1,0,0.957031250,0.043831659,0.912588507,0.091470204
0.25,162.434480799,245,1,0,0.953125000,0.047913292,0.907062980,0.097543394
0.25,173.535009722,244,1,0,0.949218750,0.052011653,0.895316683,0.110577788
0.25,173.568173051,243,1,0,0.945312500,0.056126879,0.895280784,0.110617885
0.25,174.129964368,242,1,0,0.941406250,0.060259110,0.894671929,0.111298187
0.25,176.654832321,241,1,0,0.937500000,0.064408488,0.891918942,0.114380023
0.25,178.132866093,240,1,0,0.933593750,0.068575155,0.890294864,0.116202563
0.25,179.848825685,239,1,0,0.929687500,0.072759255,0.888397882,0.118335571
0.25,181.700321930,238,1,0,0.925781250,0.076960936,0.886337366,0.120657626
0.25,182.399851922,237,1,0,0.921875000,0.081180345,0.885555192,0.121540495
0.25,185.379054908,236,1,0,0.917968750,0.085417633,0.882201685,0.125334582
0.25,185.430976669,235,1,0,0.914062500,0.089672952,0.882142921,0.125401194
0.25,187.816492687,234,1,0,0.910156250,0.093946457,0.879431405,0.128479711
0.25,190.126978190,233,1,0,0.906250000,0.098238302,0.876783622,0.131495042
0.25,191.407241308,232,1,0,0.902343750,0.102548647,0.875307431,0.133180104
0.25,194.862254588,231,1,0,0.898437500,0.106877651,0.871291969,0.137778147
0.25,200.028744708,230,1,0,0.894531250,0.111225477,0.865202738,0.144791420
0.25,201.031511113,229,1,0,0.890625000,0.115592290,0.864009340,0.146171700
0.25,201.612307342,228,1,0,0.886718750,0.119978254,0.863316439,0.146973981
0.25,201.728282913,227,1,0,0.882812500,0.124383541,0.863177930,0.147134433
0.25,202.682966915,226,1,0,0.878906250,0.128808320,0.862035887,0.148458377
0.25,206.267559240,225,1,0,0.875000000,0.133252764,0.857718365,0.153479479
0.25,207.438916417,224,1,0,0.871093750,0.137717050,0.856297543,0.155137366
0.25,208.113238341,223,1,0,0.867187500,0.142201355,0.855477410,0.156095592
0.25,212.107253300,222,1,0,0.863281250,0.146705859,0.850587201,0.161828343
0.25,213.000654531,221,1,0,0.859375000,0.151230746,0.849485803,0.163124050
0.25,213.233315854,220,1,0,0.855468750,0.155776201,0.849198528,0.163462283
0.25,213.540030757,219,1,0,0.851562500,0.160342411,0.848819535,0.163908677
0.25,214.942934218,218,1,0,0.847656250,0.164929567,0.847081973,0.165957809
0.25,216.566346632,217,1,0,0.843750000,0.169537862,0.845063044,0.168344046
0.25,217.246137311,216,1,0,0.839843750,0.174167491,0.844215025,0.169348048
0.25,218.255819914,215,1,0,0.835937500,0.178818654,0.842952654,0.170844486
0.25,220.301970779,214,1,0,0.832031250,0.183491551,0.840384168,0.173896149
0.25,220.636171275,213,1,0,0.828125000,0.188186387,0.839963359,0.174397008
0.25,221.234018491,212,1,0,0.824218750,0.192903368,0.839209679,0.175294688
0.25,221.451862466,211,1,0,0.820312500,0.197642704,0.838934767,0.175622327
0.25,224.238841867,210,1,0,0.816406250,0.202404609,0.835404296,0.179839484
0.25,224.603192087,209,1,0,0.812500000,0.207189298,0.834940927,0.180394303
0.25,226.665601486,208,1,0,0.808593750,0.211996991,0.832310181,0.183550094
0.25,228.620945924,207,1,0,0.804687500,0.216827908,0.829803834,0.186565951
0.25,229.768451726,206,1,0,0.800781250,0.221682277,0.828327521,0.188346646
0.25,230.040093035,205,1,0,0.796875000,0.226560326,0.827977459,0.188769348
0.25,231.912149391,204,1,0,0.792968750,0.231462287,0.825558915,0.191694650
0.25,240.569025142,203,1,0,0.789062500,0.236388395,0.814241496,0.205498278
0.25,243.758300082,202,1,0,0.785156250,0.241338890,0.810018693,0.210697954
0.25,246.259879425,201,1,0,0.781250000,0.246314015,0.806687105,0.214819412
0.25,251.927877235,200,1,0,0.777343750,0.251314015,0.799077574,0.224297249
0.25,255.532841014,199,1,0,0.773437500,0.256339140,0.794195248,0.230425944
0.25,256.403684459,198,1,0,0.769531250,0.261389645,0.793011026,0.231918153
0.25,257.318040788,197,1,0,0.765625000,0.266465788,0.791765653,0.233489824
0.25,258.250258248,196,1,0,0.761718750,0.271567828,0.790493881,0.235097363
0.25,259.720961893,195,1,0,0.757812500,0.276696033,0.788483274,0.237644085
0.25,263.082570529,194,1,0,0.753906250,0.281850673,0.783868604,0.243513870
0.25,264.235298299,193,1,0,0.750000000,0.287032020,0.782280220,0.245542265
0.25,265.113507741,192,1,0,0.746093750,0.292240353,0.781068094,0.247092944
0.25,270.684209732,191,1,0,0.742187500,0.297475955,0.773339803,0.257036737
0.25,271.003797082,190,1,0,0.738281250,0.302739113,0.772894415,0.257612831
0.25,273.155152703,189,1,0,0.734375000,0.308030118,0.769890662,0.261506772
0.25,273.866299820,188,1,0,0.730468750,0.313349267,0.768895647,0.262800019
0.25,273.938077623,187,1,0,0.726562500,0.318696861,0.768795160,0.262930717
0.25,275.043310320,186,1,0,0.722656250,0.324073205,0.767246549,0.264947083
0.25,275.811255779,185,1,0,0.718750000,0.329478610,0.766169084,0.266352397
0.25,276.324263795,184,1,0,0.714843750,0.334913393,0.765448652,0.267293143
0.25,277.421778174,183,1,0,0.710937500,0.340377874,0.763905633,0.269311015
0.25,277.695589510,182,1,0,0.707031250,0.345872379,0.763520306,0.269815559
0.25,287.579162488,181,1,0,0.703125000,0.351397241,0.749516934,0.288326367
0.25,289.113429184,180,1,0,0.699218750,0.356952797,0.747327391,0.291251916
0.25,289.921002670,179,1,0,0.695312500,0.362539389,0.746173291,0.292797412
0.25,290.042400211,178,1,0,0.691406250,0.368157367,0.745999707,0.293030071
0.25,290.245919220,177,1,0,0.687500000,0.373807084,0.745708644,0.293420313
0.25,290.310764702,176,1,0,0.683593750,0.379488902,0.745615890,0.293544704
0.25,291.351400061,175,1,0,0.679687500,0.385203188,0.744126426,0.295544331
0.25,294.609415963,174,1,0,0.675781250,0.390950314,0.739451748,0.301846249
0.25,298.233199252,173,1,0,0.671875000,0.396730661,0.734232540,0.308929488
0.25,298.677044061,172,1,0,0.667968750,0.402544615,0.733591906,0.309802391
0.25,300.437304731,171,1,0,0.664062500,0.408392568,0.731048308,0.313275736
0.25,300.621085895,170,1,0,0.660156250,0.414274921,0.730782480,0.313639429
0.25,304.640416337,169,1,0,0.656250000,0.420192081,0.724956704,0.321643345
0.25,306.566368098,168,1,0,0.652343750,0.426144462,0.722157233,0.325512390
0.25,309.913055458,167,1,0,0.648437500,0.432132486,0.717281026,0.332287568
0.25,311.315197436,166,1,0,0.644531250,0.438156582,0.715233842,0.335145738
0.25,312.091945493,165,1,0,0.640625000,0.444217188,0.714098716,0.336734069
0.25,313.310584149,164,1,0,0.636718750,0.450314749,0.712316351,0.339233153
0.25,314.046900807,163,1,0,0.632812500,0.456449718,0.711238569,0.340747366
0.25,315.182754937,162,1,0,0.628906250,0.462622558,0.709574724,0.343089469
0.25,321.297632476,161,1,0,0.625000000,0.468833738,0.700592778,0.355828477
0.25,321.445792701,160,1,0,0.621093750,0.475083738,0.700374659,0.356139861
0.25,323.195585992,159,1,0,0.617187500,0.481373046,0.697796972,0.359827090
0.25,325.764152622,158,1,0,0.613281250,0.487702160,0.694007721,0.365272193
0.25,325.834789224,157,1,0,0.609375000,0.494071587,0.693903428,0.365422482
0.25,326.751187323,156,1,0,0.605468750,0.500481843,0.692549965,0.367374892
0.25,328.514406601,155,1,0,0.601562500,0.506933456,0.689943676,0.371145314
0.25,331.808037218,154,1,0,0.597656250,0.513426963,0.685068066,0.378237079
0.25,332.590873488,153,1,0,0.593750000,0.519962910,0.683907914,0.379931999
0.25,335.769087050,152,1,0,0.589843750,0.526541858,0.679193001,0.386849949
0.25,342.522086626,151,1,0,0.585937500,0.533164374,0.669151436,0.401744883
0.25,343.408536361,150,1,0,0.582031250,0.539831041,0.667831184,0.403719856
0.25,346.781312163,149,1,0,0.578125000,0.546542450,0.662803897,0.411276114
0.25,352.561525095,148,1,0,0.574218750,0.553299207,0.654175310,0.424379905
0.25,357.072876968,147,1,0,0.570312500,0.560101928,0.647431598,0.434742132
0.25,357.435856403,146,1,0,0.566406250,0.566951243,0.646888712,0.435581005
0.25,363.145034015,145,1,0,0.562500000,0.573847795,0.638345305,0.448875911
0.25,367.067000459,144,1,0,0.558593750,0.580792239,0.632472573,0.458118423
0.25,368.226570458,143,1,0,0.554687500,0.587785246,0.630735849,0.460868126
0.25,370.185974615,142,1,0,0.550781250,0.594827500,0.627800921,0.465532168
0.25,374.507066990,141,1,0,0.546875000,0.601919698,0.621327920,0.475896285
0.25,381.049386053,140,1,0,0.542968750,0.609062556,0.611528791,0.491793243
0.25,383.371306402,139,1,0,0.539062500,0.616256800,0.608052189,0.497494563
0.25,391.724601656,138,1,0,0.535156250,0.623503177,0.595554525,0.518262333
0.25,391.994969968,137,1,0,0.531250000,0.630802447,0.595150345,0.518941225
0.25,392.240279689,136,1,0,0.527343750,0.638155388,0.594783647,0.519557558
0.25,397.471827089,135,1,0,0.523437500,0.645562796,0.586968573,0.532783999
0.25,398.922535605,134,1,0,0.519531250,0.653025482,0.584803415,0.536479530
0.25,399.768237665,133,1,0,0.515625000,0.660544279,0.583541654,0.538639443
0.25,401.675450040,132,1,0,0.511718750,0.668120037,0.580697389,0.543525503
0.25,403.421358543,131,1,0,0.507812500,0.675753625,0.578095262,0.548016611
0.25,409.211229876,130,1,0,0.503906250,0.683445932,0.569477915,0.563035276
0.25,413.505441101,129,1,0,0.500000000,0.691197870,0.563099900,0.574298224
0.25,415.390108921,128,1,0,0.496093750,0.699010370,0.560304624,0.579274672
0.25,418.034860438,127,1,0,0.492187500,0.706884386,0.556386353,0.586292347
0.25,418.172669188,126,1,0,0.488281250,0.714820894,0.556182329,0.586659109
0.25,422.742513875,125,1,0,0.484375000,0.722820894,0.549425203,0.598882632
0.25,425.761527523,124,1,0,0.480468750,0.730885410,0.544970659,0.607023322
0.25,428.936587915,123,1,0,0.476562500,0.739015491,0.540294537,0.615640849
0.25,432.796294302,122,1,0,0.472656250,0.747212213,0.534622745,0.626193930
0.25,433.800880949,121,1,0,0.468750000,0.755476675,0.533148892,0.628954547
0.25,440.182638724,120,1,0,0.464843750,0.763810009,0.523810263,0.646625754
0.25,440.710371806,119,1,0,0.460937500,0.772213370,0.523039956,0.648097421
0.25,457.045219043,118,1,0,0.457031250,0.780687946,0.499358424,0.694431156
0.25,459.267528489,117,1,0,0.453125000,0.789234955,0.496162612,0.700851558
0.25,463.471544777,116,1,0,0.449218750,0.797855645,0.490135376,0.713073649
0.25,463.529507821,115,1,0,0.445312500,0.806551297,0.490052446,0.713242860
0.25,467.316625251,114,1,0,0.441406250,0.815323227,0.484644480,0.724339688
0.25,480.914601874,113,1,0,0.437500000,0.824172784,0.465403358,0.764850813
0.25,485.209170855,112,1,0,0.433593750,0.833101356,0.459387285,0.777861666
0.25,492.560650381,111,1,0,0.429687500,0.842110365,0.449160720,0.800374505
0.25,497.804063107,110,1,0,0.425781250,0.851201274,0.441924079,0.816617179
0.25,497.988592421,109,1,0,0.421875000,0.860375586,0.441670296,0.817191611
0.25,499.796749406,108,1,0,0.417968750,0.869634845,0.439186802,0.822830439
0.25,502.488397254,107,1,0,0.414062500,0.878980639,0.435500890,0.831258438
0.25,505.396388417,106,1,0,0.410156250,0.888414602,0.431533783,0.840409479
0.25,516.209248342,105,1,0,0.406250000,0.897938411,0.416923992,0.874851348
0.25,519.020209096,104,1,0,0.402343750,0.907553796,0.413163410,0.883912100
0.25,520.477814657,103,1,0,0.398437500,0.917262534,0.411219611,0.888627874
0.25,527.338267318,102,1,0,0.394531250,0.927066455,0.402128853,0.910982712
0.25,532.446041631,101,1,0,0.390625000,0.936967445,0.395423900,0.927796926
0.25,532.599650879,100,1,0,0.386718750,0.946967445,0.395223108,0.928304842
0.25,543.364418452,99,1,0,0.382812500,0.957068455,0.381278090,0.964226275
0.25,554.083386736,98,1,0,0.378906250,0.967272537,0.367645879,1.000635089
0.25,554.166450417,97,1,0,0.375000000,0.977581815,0.367541251,1.000919720
0.25,555.333396339,96,1,0,0.371093750,0.987998482,0.366073006,1.004922496
0.25,559.554566246,95,1,0,0.367187500,0.998524798,0.360788007,1.019464732
0.25,561.777934818,94,1,0,0.363281250,1.009163096,0.358020827,1.027164118
0.25,564.077935823,93,1,0,0.359375000,1.019915784,0.355170366,1.035157701
0.25,570.844062443,92,1,0,0.355468750,1.030785349,0.346856890,1.058843005
0.25,573.473166579,91,1,0,0.351562500,1.041774360,0.343655798,1.068114711
0.25,577.787654937,90,1,0,0.347656250,1.052885471,0.338438513,1.083412850
0.25,594.416369851,89,1,0,0.343750000,1.064121426,0.318753985,1.143335681
0.25,598.702528977,88,1,0,0.339843750,1.075485062,0.313790947,1.159028288
0.25,600.000000000,87,0,87,0.339843750,1.075485062,0.312297640,1.163798570
0.35,63.578358367,256,1,0,0.996093750,0.003906250,0.965395913,0.035216990
0.35,67.273511022,255,1,0,0.992187500,0.007827819,0.961382345,0.039383087
0.35,80.693343548,254,1,0,0.988281250,0.011764827,0.945115649,0.056447979
0.35,83.924522553,253,1,0,0.984375000,0.015717396,0.940814644,0.061009137
0.35,84.716231157,252,1,0,0.980468750,0.019685650,0.939738668,0.062153455
0.35,89.933419717,251,1,0,0.976562500,0.023669713,0.932433705,0.069957224
0.35,91.144319108,250,1,0,0.972656250,0.027669713,0.930685640,0.071833717
0.35,91.641354564,249,1,0,0.968750000,0.031685778,0.929962450,0.072611070
0.35,91.881974256,248,1,0,0.964843750,0.035718036,0.929611166,0.072988881
0.35,98.153487911,247,1,0,0.960937500,0.039766619,0.920187231,0.083178118
0.35,100.125677552,246,1,0,0.957031250,0.043831659,0.917118717,0.086518352
0.35,106.429335877,245,1,0,0.953125000,0.047913292,0.906983746,0.097630750
0.35,109.661685778,244,1,0,0.949218750,0.052011653,0.901598156,0.103586362
0.35,109.855032240,243,1,0,0.945312500,0.056126879,0.901272043,0.103948132
0.35,110.666916404,242,1,0,0.941406250,0.060259110,0.899897817,0.105474058
0.35,115.557428240,241,1,0,0.937500000,0.064408488,0.891456745,0.114898362
0.35,115.776027005,240,1,0,0.933593750,0.068575155,0.891072997,0.115328928
0.35,118.544818658,239,1,0,0.929687500,0.072759255,0.886165577,0.120851464
0.35,121.156257107,238,1,0,0.925781250,0.076960936,0.881458619,0.126177222
0.35,124.371437778,237,1,0,0.921875000,0.081180345,0.875561162,0.132890270
0.35,124.848300286,236,1,0,0.917968750,0.085417633,0.874677021,0.133900580
0.35,126.412195219,235,1,0,0.914062500,0.089672952,0.871760539,0.137240504
0.35,128.843572378,234,1,0,0.910156250,0.093946457,0.867175507,0.142513892
0.35,129.982296016,233,1,0,0.906250000,0.098238302,0.865007177,0.145017475
0.35,130.451847887,232,1,0,0.902343750,0.102548647,0.864109220,0.146056107
0.35,130.897834503,231,1,0,0.898437500,0.106877651,0.863254260,0.147046008
0.35,131.949366071,230,1,0,0.894531250,0.111225477,0.861230537,0.149393056
0.35,132.985578103,229,1,0,0.890625000,0.115592290,0.859225484,0.151723896
0.35,136.850017603,228,1,0,0.886718750,0.119978254,0.851654876,0.160573910
0.35,137.648763705,227,1,0,0.882812500,0.124383541,0.850072126,0.162434078
0.35,139.805120063,226,1,0,0.878906250,0.128808320,0.845769123,0.167508860
0.35,140.570826298,225,1,0,0.875000000,0.133252764,0.844230718,0.169329459
0.35,140.908192016,224,1,0,0.871093750,0.137717050,0.843551188,0.170134694
0.35,141.119700369,223,1,0,0.867187500,0.142201355,0.843124629,0.170640492
0.35,144.762310245,222,1,0,0.863281250,0.146705859,0.835714761,0.179467920
0.35,145.368995588,221,1,0,0.859375000,0.151230746,0.834469118,0.180959543
0.35,145.922690906,220,1,0,0.855468750,0.155776201,0.833329452,0.182326214
0.35,146.468200729,219,1,0,0.851562500,0.160342411,0.832204017,0.183677656
0.35,147.389714582,218,1,0,0.847656250,0.164929567,0.830296991,0.185971821
0.35,148.795633075,217,1,0,0.843750000,0.169537862,0.827373476,0.189499083
0.35,148.871507720,216,1,0,0.839843750,0.174167491,0.827215221,0.189690375
0.35,151.480802656,215,1,0,0.835937500,0.178818654,0.821743554,0.196326910
0.35,153.010672802,214,1,0,0.832031250,0.183491551,0.818509307,0.200270511
0.35,155.491403777,213,1,0,0.828125000,0.188186387,0.813224851,0.206747638
0.35,156.232596991,212,1,0,0.824218750,0.192903368,0.811636530,0.208702663
0.35,156.542981922,211,1,0,0.820312500,0.197642704,0.810970127,0.209524060
0.35,156.711788716,210,1,0,0.816406250,0.202404609,0.810607382,0.209971458
0.35,158.171547715,209,1,0,0.812500000,0.207189298,0.807461399,0.213860028
0.35,158.256013416,208,1,0,0.808593750,0.211996991,0.807278865,0.214086112
0.35,158.824233371,207,1,0,0.804687500,0.216827908,0.806049518,0.215610101
0.35,159.145707320,206,1,0,0.800781250,0.221682277,0.805352929,0.216474676
0.35,161.278614694,205,1,0,0.796875000,0.226560326,0.800711730,0.222254285
0.35,161.371563381,204,1,0,0.792968750,0.231462287,0.800508712,0.222507864
0.35,161.748392466,203,1,0,0.789062500,0.236388395,0.799684999,0.223537380
0.35,162.034454275,202,1,0,0.785156250,0.241338890,0.799059006,0.224320486
0.35,162.663135410,201,1,0,0.781250000,0.246314015,0.797681179,0.226046286
0.35,163.868073048,200,1,0,0.777343750,0.251314015,0.795032518,0.229372262
0.35,165.988504245,199,1,0,0.773437500,0.256339140,0.790346658,0.235283622
0.35,167.243419198,198,1,0,0.769531250,0.261389645,0.787558886,0.238817135
0.35,168.633378829,197,1,0,0.765625000,0.266465788,0.784458733,0.242761311
0.35,169.786127408,196,1,0,0.761718750,0.271567828,0.781877956,0.246056617
0.35,170.226191411,195,1,0,0.757812500,0.276696033,0.780890453,0.247320404
0.35,170.485121954,194,1,0,0.753906250,0.281850673,0.780308828,0.248065504
0.35,170.779020471,193,1,0,0.750000000,0.287032020,0.779648134,0.248912571
0.35,172.096614360,192,1,0,0.746093750,0.292240353,0.776679369,0.252727667
0.35,172.713206936,191,1,0,0.742187500,0.297475955,0.775286320,0.254522872
0.35,173.448202399,190,1,0,0.738281250,0.302739113,0.773622679,0.256671020
0.35,174.524544691,189,1,0,0.734375000,0.308030118,0.771180419,0.259832927
0.35,174.650817079,188,1,0,0.730468750,0.313349267,0.770893440,0.260205125
0.35,175.521888993,187,1,0,0.726562500,0.318696861,0.768911146,0.262779861
0.35,175.950486081,186,1,0,0.722656250,0.324073205,0.767934127,0.264051322
0.35,176.724377847,185,1,0,0.718750000,0.329478610,0.766167233,0.266354813
0.35,177.561867067,184,1,0,0.714843750,0.334913393,0.764251195,0.268858754
0.35,178.499345834,183,1,0,0.710937500,0.340377874,0.762101604,0.271675394
0.35,183.585969361,182,1,0,0.707031250,0.345872379,0.750353249,0.287211185
0.35,184.497809224,181,1,0,0.703125000,0.351397241,0.748232639,0.290041335
0.35,186.919143381,180,1,0,0.699218750,0.356952797,0.742581054,0.297623250
0.35,187.279295909,179,1,0,0.695312500,0.362539389,0.741737952,0.298759263
0.35,190.047686674,178,1,0,0.691406250,0.368157367,0.735236582,0.307562951
0.35,190.293747540,177,1,0,0.687500000,0.373807084,0.734656994,0.308351563
0.35,190.922390936,176,1,0,0.683593750,0.379488902,0.733174994,0.310370869
0.35,192.259875336,175,1,0,0.679687500,0.385203188,0.730016032,0.314688783
0.35,192.303943658,174,1,0,0.675781250,0.390950314,0.729911814,0.314831555
0.35,194.334656378,173,1,0,0.671875000,0.396730661,0.725100240,0.321445371
0.35,195.173051040,172,1,0,0.667968750,0.402544615,0.723108664,0.324195772
0.35,201.202375292,171,1,0,0.664062500,0.408392568,0.708704443,0.344316703
0.35,201.695785192,170,1,0,0.660156250,0.414274921,0.707519684,0.345989828
0.35,202.786498293,169,1,0,0.656250000,0.420192081,0.704897687,0.349702611
0.35,203.874978079,168,1,0,0.652343750,0.426144462,0.702277021,0.353427336
0.35,207.487712719,167,1,0,0.648437500,0.432132486,0.693551449,0.365929855
0.35,211.736908816,166,1,0,0.644531250,0.438156582,0.683239320,0.380910085
0.35,212.121372483,165,1,0,0.640625000,0.444217188,0.682303878,0.382280151
0.35,212.218190838,164,1,0,0.636718750,0.450314749,0.682068249,0.382625554
0.35,213.954247002,163,1,0,0.632812500,0.456449718,0.677839196,0.388845193
0.35,215.611454423,162,1,0,0.628906250,0.462622558,0.673795498,0.394828630
0.35,217.167401766,161,1,0,0.625000000,0.468833738,0.669993276,0.400487602
0.35,219.114449181,160,1,0,0.621093750,0.475083738,0.665228212,0.407625121
0.35,220.442340784,159,1,0,0.617187500,0.481373046,0.661974196,0.412528703
0.35,221.477450122,158,1,0,0.613281250,0.487702160,0.659435423,0.416371229
0.35,222.357586872,157,1,0,0.609375000,0.494071587,0.657275294,0.419652332
0.35,222.718028226,156,1,0,0.605468750,0.500481843,0.656390289,0.420999715
0.35,223.036309244,155,1,0,0.601562500,0.506933456,0.655608627,0.422191273
0.35,225.605775083,154,1,0,0.597656250,0.513426963,0.649292695,0.431871671
0.35,226.335680578,153,1,0,0.593750000,0.519962910,0.647496837,0.434641371
0.35,227.329291031,152,1,0,0.589843750,0.526541858,0.645051059,0.438425805
0.35,228.761870733,151,1,0,0.585937500,0.533164374,0.641522680,0.443910741
0.35,230.842630673,150,1,0,0.582031250,0.539831041,0.636393972,0.451937455
0.35,232.007053984,149,1,0,0.578125000,0.546542450,0.633522114,0.456460373
0.35,232.696611660,148,1,0,0.574218750,0.553299207,0.631820910,0.459149295
0.35,234.761045151,147,1,0,0.570312500,0.560101928,0.626725747,0.467246240
0.35,235.584189714,146,1,0,0.566406250,0.566951243,0.624693448,0.470494233
0.35,236.813672562,145,1,0,0.562500000,0.573847795,0.621657303,0.475366298
0.35,236.923111932,144,1,0,0.558593750,0.580792239,0.621387016,0.475801177
0.35,237.054891244,143,1,0,0.554687500,0.587785246,0.621061550,0.476325088
0.35,238.040479929,142,1,0,0.550781250,0.594827500,0.618627162,0.480252511
0.35,239.352266440,141,1,0,0.546875000,0.601919698,0.615386637,0.485504531
0.35,240.822630966,140,1,0,0.542968750,0.609062556,0.611753998,0.491425042
0.35,244.533337652,139,1,0,0.539062500,0.616256800,0.602586378,0.506524257
0.35,245.600359127,138,1,0,0.535156250,0.623503177,0.599950629,0.510907913
0.35,249.347498542,137,1,0,0.531250000,0.630802447,0.590698020,0.526450356
0.35,251.370776512,136,1,0,0.527343750,0.638155388,0.585705410,0.534938330
0.35,252.460277218,135,1,0,0.523437500,0.645562796,0.583018257,0.539536778
0.35,254.280426450,134,1,0,0.519531250,0.653025482,0.578531371,0.547262506
0.35,254.639393078,133,1,0,0.515625000,0.660544279,0.577646854,0.548792576
0.35,254.827708224,132,1,0,0.511718750,0.668120037,0.577182887,0.549596101
0.35,256.851695170,131,1,0,0.507812500,0.675753625,0.572198682,0.558269002
0.35,257.925615632,130,1,0,0.503906250,0.683445932,0.569556044,0.562898091
0.35,259.358240053,129,1,0,0.500000000,0.691197870,0.566033057,0.569102799
0.35,261.074951079,128,1,0,0.496093750,0.699010370,0.561815258,0.576582206
0.35,266.258569945,127,1,0,0.492187500,0.706884386,0.549108370,0.599459462
0.35,266.613519703,126,1,0,0.488281250,0.714820894,0.548240019,0.601042097
0.35,271.537710635,125,1,0,0.484375000,0.722820894,0.536219965,0.623210820
0.35,274.841978380,124,1,0,0.480468750,0.730885410,0.528184662,0.638309318
0.35,275.015544526,123,1,0,0.476562500,0.739015491,0.527763320,0.639107353
0.35,275.043821291,122,1,0,0.472656250,0.747212213,0.527694684,0.639237413
0.35,278.045768999,121,1,0,0.468750000,0.755476675,0.520419839,0.653119410
0.35,281.092346672,120,1,0,0.464843750,0.763810009,0.513061977,0.667358628
0.35,281.925677843,119,1,0,0.460937500,0.772213370,0.511054037,0.671279947
0.35,282.942498739,118,1,0,0.457031250,0.780687946,0.508606784,0.676080087
0.35,284.508977083,117,1,0,0.453125000,0.789234955,0.504842830,0.683508126
0.35,285.270807649,116,1,0,0.449218750,0.797855645,0.503015074,0.687135142
0.35,287.113839988,115,1,0,0.445312500,0.806551297,0.498601077,0.695948948
0.35,288.960330359,114,1,0,0.441406250,0.815323227,0.494190099,0.704835020
0.35,290.680805025,113,1,0,0.437500000,0.824172784,0.490090679,0.713164845
0.35,292.369053548,112,1,0,0.433593750,0.833101356,0.486078227,0.721385707
0.35,293.819540807,111,1,0,0.429687500,0.842110365,0.482639140,0.728486026
0.35,295.118833012,110,1,0,0.425781250,0.851201274,0.479565191,0.734875438
0.35,295.168700722,109,1,0,0.421875000,0.860375586,0.479447338,0.735121218
0.35,298.344502619,108,1,0,0.417968750,0.869634845,0.471961746,0.750857343
0.35,298.847978075,107,1,0,0.414062500,0.878980639,0.470778670,0.753367210
0.35,303.290529190,106,1,0,0.410156250,0.888414602,0.460384501,0.775693268
0.35,305.568639441,105,1,0,0.406250000,0.897938411,0.455086840,0.787267022
0.35,311.051527197,104,1,0,0.402343750,0.907553796,0.442431339,0.815469992
0.35,314.210372417,103,1,0,0.398437500,0.917262534,0.435203540,0.831941449
0.35,315.229903839,102,1,0,0.394531250,0.927066455,0.432880977,0.837292469
0.35,319.480663487,101,1,0,0.390625000,0.936967445,0.423252860,0.859785501
0.35,320.767227530,100,1,0,0.386718750,0.946967445,0.420356741,0.866651546
0.35,322.998479502,99,1,0,0.382812500,0.957068455,0.415354382,0.878623191
0.35,323.752419506,98,1,0,0.378906250,0.967272537,0.413669979,0.882686776
0.35,325.163983075,97,1,0,0.375000000,0.977581815,0.410524462,0.890319760
0.35,326.370917351,96,1,0,0.371093750,0.987998482,0.407843400,0.896872003
0.35,326.555263992,95,1,0,0.367187500,0.998524798,0.407434587,0.897874882
0.35,328.689248224,94,1,0,0.363281250,1.009163096,0.402715668,0.909524503
0.35,328.754879601,93,1,0,0.359375000,1.019915784,0.402570932,0.909883969
0.35,330.358970473,92,1,0,0.355468750,1.030785349,0.399040852,0.918691481
0.35,330.797103186,91,1,0,0.351562500,1.041774360,0.398079154,0.921104415
0.35,332.891362604,90,1,0,0.347656250,1.052885471,0.393497167,0.932681411
0.35,338.131895296,89,1,0,0.343750000,1.064121426,0.382141494,0.961964337
0.35,341.274038263,88,1,0,0.339843750,1.075485062,0.375409945,0.979736663
0.35,344.818192765,87,1,0,0.335937500,1.086979315,0.367888286,0.999975957
0.35,346.084677520,86,1,0,0.332031250,1.098607222,0.365219035,1.007258011
0.35,346.280926088,85,1,0,0.328125000,1.110371928,0.364806303,1.008388743
0.35,354.976330334,84,1,0,0.324218750,1.122276690,0.346761093,1.059119228
0.35,355.134879773,83,1,0,0.320312500,1.134324883,0.346436525,1.060055667
0.35,359.499543210,82,1,0,0.316406250,1.146520005,0.337565607,1.085995398
0.35,361.958310516,81,1,0,0.312500000,1.158865684,0.332623269,1.100744754
0.35,363.152919237,80,1,0,0.308593750,1.171365684,0.330236453,1.107946358
0.35,364.548937855,79,1,0,0.304687500,1.184023912,0.327459275,1.116391584
0.35,366.287158521,78,1,0,0.300781250,1.196844425,0.324019588,1.126951307
0.35,367.225283106,77,1,0,0.296875000,1.209831438,0.322171629,1.132670866
0.35,368.945097163,76,1,0,0.292968750,1.222989332,0.318799331,1.143193429
0.35,374.085478093,75,1,0,0.289062500,1.236322666,0.308840156,1.174931430
0.35,374.249198060,74,1,0,0.285156250,1.249836179,0.308525944,1.175949343
0.35,374.386260748,73,1,0,0.281250000,1.263534809,0.308263034,1.176801853
0.35,375.722320664,72,1,0,0.277343750,1.277423698,0.305707060,1.185127956
0.35,376.184966885,71,1,0,0.273437500,1.291508205,0.304824872,1.188017859
0.35,384.593875836,70,1,0,0.269531250,1.305793919,0.289051466,1.241150523
0.35,388.519469645,69,1,0,0.265625000,1.320286673,0.281858941,1.266348543
0.35,389.377439552,68,1,0,0.261718750,1.334992555,0.280301594,1.271889135
0.35,391.719039845,67,1,0,0.257812500,1.349917929,0.276078068,1.287071598
0.35,398.697800781,66,1,0,0.253906250,1.365069444,0.263724822,1.332849059
0.35,405.444531180,65,1,0,0.250000000,1.380454059,0.252118309,1.377856823
0.35,406.664176143,64,1,0,0.246093750,1.396079059,0.250055584,1.386072049
0.35,411.645646876,63,1,0,0.242187500,1.411952075,0.241743788,1.419876840
0.35,413.207829308,62,1,0,0.238281250,1.428081107,0.239174714,1.430560975
0.35,415.473749907,61,1,0,0.234375000,1.444474550,0.235480174,1.446128557
0.35,419.691191446,60,1,0,0.230468750,1.461141217,0.228704240,1.475325640
0.35,420.219686692,59,1,0,0.226562500,1.478090369,0.227864361,1.479004736
0.35,420.600653032,58,1,0,0.222656250,1.495331748,0.227260208,1.481659628
0.35,424.623831017,57,1,0,0.218750000,1.512875608,0.220945266,1.509840273
0.35,426.132736146,56,1,0,0.214843750,1.530732751,0.218607534,1.520477239
0.35,428.591250803,55,1,0,0.210937500,1.548914569,0.214834445,1.537887571
0.35,430.702102686,54,1,0,0.207031250,1.567433088,0.211630358,1.552914119
0.35,434.549826110,53,1,0,0.203125000,1.586301012,0.205874007,1.580490914
0.35,434.753109309,52,1,0,0.199218750,1.605531781,0.205572906,1.581954532
0.35,443.978052434,51,1,0,0.195312500,1.625139624,0.192226987,1.649078381
0.35,444.726284639,50,1,0,0.191406250,1.645139624,0.191171706,1.654583272
0.35,445.685414946,49,1,0,0.187500000,1.665547788,0.189824930,1.661653055
0.35,447.752429115,48,1,0,0.183593750,1.686381121,0.186945194,1.676939786
0.35,449.718744959,47,1,0,0.179687500,1.707657717,0.184234464,1.691546073
0.35,452.738307731,46,1,0,0.175781250,1.729396847,0.180126096,1.714098142
0.35,454.371916030,45,1,0,0.171875000,1.751619069,0.177930796,1.726360591
0.35,461.008285204,44,1,0,0.167968750,1.774346342,0.169209078,1.776620178
0.35,469.716254852,43,1,0,0.164062500,1.797602156,0.158238649,1.843650948
0.35,473.357171661,42,1,0,0.160156250,1.821411680,0.153809347,1.872041448
0.35,474.896365006,41,1,0,0.156250000,1.845801924,0.151964545,1.884108045
0.35,480.927819036,40,1,0,0.152343750,1.870801924,0.144892734,1.931761573
0.35,490.608162891,39,1,0,0.148437500,1.896442950,0.134059019,2.009475137
0.35,498.755725156,38,1,0,0.144531250,1.922758739,0.125423589,2.076058562
0.35,500.182742400,37,1,0,0.140625000,1.949785766,0.123955715,2.087830912
0.35,501.151150241,36,1,0,0.136718750,1.977563544,0.122967072,2.095838665
0.35,503.785825894,35,1,0,0.132812500,2.006134972,0.120307836,2.117701522
0.35,505.080925768,34,1,0,0.128906250,2.035546737,0.119016926,2.128489564
0.35,505.381278644,33,1,0,0.125000000,2.065849767,0.118719069,2.130995345
0.35,518.256639644,32,1,0,0.121093750,2.097099767,0.106481615,2.239782936
0.35,528.059936251,31,1,0,0.117187500,2.129357832,0.097841133,2.324410204
0.35,529.885576994,30,1,0,0.113281250,2.162691165,0.096294739,2.340341592
0.35,530.594451494,29,1,0,0.109375000,2.197173924,0.095699513,2.346542071
0.35,531.470968779,28,1,0,0.105468750,2.232888210,0.094967540,2.354220131
0.35,537.303125788,27,1,0,0.101562500,2.269925247,0.090209166,2.405624237
0.35,553.764300573,26,1,0,0.097656250,2.308386785,0.077795321,2.553673990
0.35,554.992982856,25,1,0,0.093750000,2.348386785,0.076926873,2.564900013
0.35,561.069432950,24,1,0,0.089843750,2.390053452,0.072746357,2.620776447
0.35,572.797200144,23,1,0,0.085937500,2.433531713,0.065199456,2.730304160
0.35,582.997065747,22,1,0,0.082031250,2.478986258,0.059168504,2.827365912
0.35,585.347419188,21,1,0,0.078125000,2.526605306,0.057846079,2.849969607
0.35,589.127884691,20,1,0,0.074218750,2.576605306,0.055770307,2.886513692
0.35,591.249895906,19,1,0,0.070312500,2.629236885,0.054632455,2.907127166
0.35,597.212181812,18,1,0,0.066406250,2.684792440,0.051538102,2.965433900
0.35,600.000000000,17,0,17,0.066406250,2.684792440,0.050142155,2.992893216
0.45,55.565583314,256,1,0,0.996093750,0.003906250,0.962388250,0.038337324
0.45,67.249063327,255,1,0,0.992187500,0.007827819,0.943798074,0.057843040
0.45,74.004202436,254,1,0,0.988281250,0.011764827,0.931372369,0.071096115
0.45,74.256773812,253,1,0,0.984375000,0.015717396,0.930884459,0.071620114
0.45,79.297245256,252,1,0,0.980468750,0.019685650,0.920802055,0.082510190
0.45,84.354464838,251,1,0,0.976562500,0.023669713,0.910036437,0.094270639
0.45,87.220541984,250,1,0,0.972656250,0.027669713,0.903653155,0.101309670
0.45,88.376357969,249,1,0,0.968750000,0.031685778,0.901022253,0.104225323
0.45,89.359784371,248,1,0,0.964843750,0.035718036,0.898758372,0.106741055
0.45,92.132409346,247,1,0,0.960937500,0.039766619,0.892251464,0.114007275
0.45,93.801056943,246,1,0,0.957031250,0.043831659,0.888248137,0.118504141
0.45,97.461939199,245,1,0,0.953125000,0.047913292,0.879239967,0.128697418
0.45,99.461983625,244,1,0,0.949218750,0.052011653,0.874190379,0.134457102
0.45,99.665013658,243,1,0,0.945312500,0.056126879,0.873672799,0.135049345
0.45,100.101834275,242,1,0,0.941406250,0.060259110,0.872556132,0.136328292
0.45,100.426240949,241,1,0,0.937500000,0.064408488,0.871724113,0.137282289
0.45,101.606940668,240,1,0,0.933593750,0.068575155,0.868676444,0.140784554
0.45,101.609561398,239,1,0,0.929687500,0.072759255,0.868669645,0.140792381
0.45,103.182930579,238,1,0,0.925781250,0.076960936,0.864561250,0.145533126
0.45,107.547548448,237,1,0,0.921875000,0.081180345,0.852888984,0.159125887
0.45,108.935824323,236,1,0,0.917968750,0.085417633,0.849093476,0.163585997
0.45,109.182652630,235,1,0,0.914062500,0.089672952,0.848414552,0.164385905
0.45,109.284173148,234,1,0,0.910156250,0.093946457,0.848134953,0.164715514
0.45,110.959029243,233,1,0,0.906250000,0.098238302,0.843492364,0.170204429
0.45,110.989188518,232,1,0,0.902343750,0.102548647,0.843408252,0.170304153
0.45,112.385722436,231,1,0,0.898437500,0.106877651,0.839493788,0.174956202
0.45,112.497878920,230,1,0,0.894531250,0.111225477,0.839177757,0.175332727
0.45,112.596059103,229,1,0,0.890625000,0.115592290,0.838900907,0.175662688
0.45,113.272905206,228,1,0,0.886718750,0.119978254,0.836987232,0.177946463
0.45,113.650101024,227,1,0,0.882812500,0.124383541,0.835916929,0.179226039
0.45,113.690505978,226,1,0,0.878906250,0.128808320,0.835802116,0.179363397
0.45,114.407299997,225,1,0,0.875000000,0.133252764,0.833760111,0.181809554
0.45,115.239128234,224,1,0,0.871093750,0.137717050,0.831378129,0.184670559
0.45,115.698412751,223,1,0,0.867187500,0.142201355,0.830057342,0.186260494
0.45,117.925004138,222,1,0,0.863281250,0.146705859,0.823598512,0.194072110
0.45,118.037123191,221,1,0,0.859375000,0.151230746,0.823270866,0.194470012
0.45,118.970727586,220,1,0,0.855468750,0.155776201,0.820533718,0.197800275
0.45,121.103798673,219,1,0,0.851562500,0.160342411,0.814221347,0.205523025
0.45,122.479690485,218,1,0,0.847656250,0.164929567,0.810107259,0.210588622
0.45,123.545573640,217,1,0,0.843750000,0.169537862,0.806897732,0.214558344
0.45,125.461521322,216,1,0,0.839843750,0.174167491,0.801080354,0.221794020
0.45,126.385582992,215,1,0,0.835937500,0.178818654,0.798252908,0.225329805
0.45,128.712351099,214,1,0,0.832031250,0.183491551,0.791072427,0.234365752
0.45,128.730508489,213,1,0,0.828125000,0.188186387,0.791016055,0.234437015
0.45,130.778851985,212,1,0,0.824218750,0.192903368,0.784623861,0.242550833
0.45,132.439154549,211,1,0,0.820312500,0.197642704,0.779395815,0.249236256
0.45,132.560236496,210,1,0,0.816406250,0.202404609,0.779012941,0.249727622
0.45,133.068544932,209,1,0,0.812500000,0.207189298,0.777403265,0.251796061
0.45,133.535665732,208,1,0,0.808593750,0.211996991,0.775920693,0.253704963
0.45,133.756684851,207,1,0,0.804687500,0.216827908,0.775218109,0.254610858
0.45,134.358643434,206,1,0,0.800781250,0.221682277,0.773301016,0.257086894
0.45,134.369307658,205,1,0,0.796875000,0.226560326,0.773267006,0.257130875
0.45,134.501302240,204,1,0,0.792968750,0.231462287,0.772845922,0.257675575
0.45,134.788426203,203,1,0,0.789062500,0.236388395,0.771929094,0.258862580
0.45,136.311905619,202,1,0,0.785156250,0.241338890,0.767045022,0.265209781
0.45,137.064295872,201,1,0,0.781250000,0.246314015,0.764621111,0.268374848
0.45,137.377558813,200,1,0,0.777343750,0.251314015,0.763609626,0.269698581
0.45,137.415289807,199,1,0,0.773437500,0.256339140,0.763487708,0.269858254
0.45,138.850630452,198,1,0,0.769531250,0.261389645,0.758835639,0.275970075
0.45,140.211964581,197,1,0,0.765625000,0.266465788,0.754398442,0.281834613
0.45,141.812926696,196,1,0,0.761718750,0.271567828,0.749149960,0.288816102
0.45,142.860003076,195,1,0,0.757812500,0.276696033,0.745700104,0.293431764
0.45,143.158844816,194,1,0,0.753906250,0.281850673,0.744713053,0.294756299
0.45,143.556539416,193,1,0,0.750000000,0.287032020,0.743397836,0.296523932
0.45,144.684103633,192,1,0,0.746093750,0.292240353,0.739658688,0.301566432
0.45,145.206777081,191,1,0,0.742187500,0.297475955,0.737920408,0.303919309
0.45,145.338760476,190,1,0,0.738281250,0.302739113,0.737480967,0.304514998
0.45,145.390044316,189,1,0,0.734375000,0.308030118,0.737310163,0.304746630
0.45,145.469812172,188,1,0,0.730468750,0.313349267,0.737044432,0.305107101
0.45,145.503583936,187,1,0,0.726562500,0.318696861,0.736931906,0.305259785
0.45,145.883443948,186,1,0,0.722656250,0.324073205,0.735665337,0.306979969
0.45,146.092654607,185,1,0,0.718750000,0.329478610,0.734967068,0.307929587
0.45,147.997558359,184,1,0,0.714843750,0.334913393,0.728586871,0.316648415
0.45,148.442185388,183,1,0,0.710937500,0.340377874,0.727091984,0.318702284
0.45,150.307604032,182,1,0,0.707031250,0.345872379,0.720797631,0.327396860
0.45,150.323397315,181,1,0,0.703125000,0.351397241,0.720744188,0.327471007
0.45,152.096547363,180,1,0,0.699218750,0.356952797,0.714728213,0.335852930
0.45,152.268983161,179,1,0,0.695312500,0.362539389,0.714141528,0.336674118
0.45,153.427747216,178,1,0,0.691406250,0.368157367,0.710191678,0.342220376
0.45,153.762204387,177,1,0,0.687500000,0.373807084,0.709049284,0.343830243
0.45,153.887558245,176,1,0,0.683593750,0.379488902,0.708620851,0.344434662
0.45,154.240530606,175,1,0,0.679687500,0.385203188,0.707413693,0.346139645
0.45,155.275143492,174,1,0,0.675781250,0.390950314,0.703868867,0.351163209
0.45,155.949557760,173,1,0,0.671875000,0.396730661,0.701553074,0.354458725
0.45,156.237473970,172,1,0,0.667968750,0.402544615,0.700563232,0.355870650
0.45,156.868979620,171,1,0,0.664062500,0.408392568,0.698389675,0.358978058
0.45,158.489094838,170,1,0,0.660156250,0.414274921,0.692798336,0.367016324
0.45,158.832260986,169,1,0,0.656250000,0.420192081,0.691611286,0.368731207
0.45,159.423190176,168,1,0,0.652343750,0.426144462,0.689565034,0.371694265
0.45,160.831929205,167,1,0,0.648437500,0.432132486,0.684676156,0.378809318
0.45,161.576854206,166,1,0,0.644531250,0.438156582,0.682085052,0.382600919
0.45,161.725767499,165,1,0,0.640625000,0.444217188,0.681566603,0.383361303
0.45,162.685790340,164,1,0,0.636718750,0.450314749,0.678220504,0.388282817
0.45,162.738662794,163,1,0,0.632812500,0.456449718,0.678036035,0.388554843
0.45,164.377257241,162,1,0,0.628906250,0.462622558,0.672309836,0.397035980
0.45,164.488024238,161,1,0,0.625000000,0.468833738,0.671922120,0.397612838
0.45,164.697804050,160,1,0,0.621093750,0.475083738,0.671187620,0.398706569
0.45,164.979633696,159,1,0,0.617187500,0.481373046,0.670200416,0.400178483
0.45,166.548381425,158,1,0,0.613281250,0.487702160,0.664696486,0.408424755
0.45,167.201989455,157,1,0,0.609375000,0.494071587,0.662399039,0.411887127
0.45,168.932653098,156,1,0,0.605468750,0.500481843,0.656304304,0.421130719
0.45,169.411797605,155,1,0,0.601562500,0.506933456,0.654614146,0.423709308
0.45,169.812491205,154,1,0,0.597656250,0.513426963,0.653199829,0.425872180
0.45,170.139867066,153,1,0,0.593750000,0.519962910,0.652043711,0.427643678
0.45,170.788298923,152,1,0,0.589843750,0.526541858,0.649752267,0.431164116
0.45,170.837479995,151,1,0,0.585937500,0.533164374,0.649578389,0.431431759
0.45,172.082259824,150,1,0,0.582031250,0.539831041,0.645173831,0.438235493
0.45,173.225628152,149,1,0,0.578125000,0.546542450,0.641122177,0.444535237
0.45,174.595481472,148,1,0,0.574218750,0.553299207,0.636261034,0.452146369
0.45,175.969973588,147,1,0,0.570312500,0.560101928,0.631376495,0.459852930
0.45,177.164196162,146,1,0,0.566406250,0.566951243,0.627127468,0.466605460
0.45,178.734274405,145,1,0,0.562500000,0.573847795,0.621534699,0.475563538
0.45,181.810090796,144,1,0,0.558593750,0.580792239,0.610560708,0.493377551
0.45,182.438925771,143,1,0,0.554687500,0.587785246,0.608314784,0.497062794
0.45,183.467658335,142,1,0,0.550781250,0.594827500,0.604639228,0.503123316
0.45,183.624629287,141,1,0,0.546875000,0.601919698,0.604078252,0.504051533
0.45,184.612850651,140,1,0,0.542968750,0.609062556,0.600545867,0.509916259
0.45,184.615513903,139,1,0,0.539062500,0.616256800,0.600536346,0.509932114
0.45,186.820530249,138,1,0,0.535156250,0.623503177,0.592651064,0.523149479
0.45,187.183735421,137,1,0,0.531250000,0.630802447,0.591351898,0.525344010
0.45,187.466279301,136,1,0,0.527343750,0.638155388,0.590341213,0.527054582
0.45,188.378619200,135,1,0,0.523437500,0.645562796,0.587077519,0.532598409
0.45,188.689641692,134,1,0,0.519531250,0.653025482,0.585964868,0.534495443
0.45,190.234299247,133,1,0,0.515625000,0.660544279,0.580439075,0.543970436
0.45,190.367286491,132,1,0,0.511718750,0.668120037,0.579963355,0.544790359
0.45,191.097282778,131,1,0,0.507812500,0.675753625,0.577352150,0.549302887
0.45,191.260011473,130,1,0,0.503906250,0.683445932,0.576770103,0.550311527
0.45,191.819870985,129,1,0,0.500000000,0.691197870,0.574767724,0.553789278
0.45,193.442116666,128,1,0,0.496093750,0.699010370,0.568967061,0.563932735
0.45,196.001119666,127,1,0,0.492187500,0.706884386,0.559823189,0.580134279
0.45,197.525062536,126,1,0,0.488281250,0.714820894,0.554382940,0.589899604
0.45,199.912310400,125,1,0,0.484375000,0.722820894,0.545870933,0.605372718
0.45,201.260800215,124,1,0,0.480468750,0.730885410,0.541069240,0.614208023
0.45,202.298583264,123,1,0,0.476562500,0.739015491,0.537377569,0.621054323
0.45,202.413772637,122,1,0,0.472656250,0.747212213,0.536968019,0.621816741
0.45,202.682280478,121,1,0,0.468750000,0.755476675,0.536013521,0.623595893
0.45,202.825219725,120,1,0,0.464843750,0.763810009,0.535505494,0.624544130
0.45,203.000660628,119,1,0,0.460937500,0.772213370,0.534882044,0.625709034
0.45,204.903332376,118,1,0,0.457031250,0.780687946,0.528127635,0.638417291
0.45,205.380255609,117,1,0,0.453125000,0.789234955,0.526436682,0.641624216
0.45,206.224597493,116,1,0,0.449218750,0.797855645,0.523445237,0.647322864
0.45,208.392958104,115,1,0,0.445312500,0.806551297,0.515776662,0.662081433
0.45,210.102208082,114,1,0,0.441406250,0.815323227,0.509746912,0.673840927
0.45,210.633145897,113,1,0,0.437500000,0.824172784,0.507876825,0.677516331
0.45,216.238926103,112,1,0,0.433593750,0.833101356,0.488225915,0.716977040
0.45,216.645551013,111,1,0,0.429687500,0.842110365,0.486807748,0.719886002
0.45,218.165517563,110,1,0,0.425781250,0.851201274,0.481516081,0.730815650
0.45,218.577631249,109,1,0,0.421875000,0.860375586,0.480083967,0.733794260
0.45,219.064005346,108,1,0,0.417968750,0.869634845,0.478395275,0.737317952
0.45,220.093566116,107,1,0,0.414062500,0.878980639,0.474826031,0.744806793
0.45,220.282050490,106,1,0,0.410156250,0.888414602,0.474173406,0.746182188
0.45,222.327421452,105,1,0,0.406250000,0.897938411,0.467107881,0.761195038
0.45,223.256954506,104,1,0,0.402343750,0.907553796,0.463907206,0.768070734
0.45,223.773566960,103,1,0,0.398437500,0.917262534,0.462131214,0.771906414
0.45,225.650995255,102,1,0,0.394531250,0.927066455,0.455694799,0.785931995
0.45,225.774420049,101,1,0,0.390625000,0.936967445,0.455272654,0.786858800
0.45,225.775428331,100,1,0,0.386718750,0.946967445,0.455269206,0.786866374
0.45,225.969927265,99,1,0,0.382812500,0.957068455,0.454604224,0.788328075
0.45,226.775274548,98,1,0,0.378906250,0.967272537,0.451854112,0.794395913
0.45,226.824586836,97,1,0,0.375000000,0.977581815,0.451685895,0.794768264
0.45,226.939506509,96,1,0,0.371093750,0.987998482,0.451293954,0.795636370
0.45,231.835483227,95,1,0,0.367187500,0.998524798,0.434702637,0.833093074
0.45,234.292554438,94,1,0,0.363281250,1.009163096,0.426458867,0.852239360
0.45,234.488921632,93,1,0,0.359375000,1.019915784,0.425802531,0.853779582
0.45,237.233897383,92,1,0,0.355468750,1.030785349,0.416667729,0.875466187
0.45,241.433418845,91,1,0,0.351562500,1.041774360,0.402842606,0.909209350
0.45,242.192356451,90,1,0,0.347656250,1.052885471,0.400364284,0.915380437
0.45,242.622356490,89,1,0,0.343750000,1.064121426,0.398962922,0.918886793
0.45,244.256449942,88,1,0,0.339843750,1.075485062,0.393656227,0.932277271
0.45,244.690265941,87,1,0,0.335937500,1.086979315,0.392252468,0.935849597
0.45,248.983634212,86,1,0,0.332031250,1.098607222,0.378477267,0.971599269
0.45,249.971703347,85,1,0,0.328125000,1.110371928,0.375337974,0.979928395
0.45,253.758123157,84,1,0,0.324218750,1.122276690,0.363418602,1.012199935
0.45,255.991986448,83,1,0,0.320312500,1.134324883,0.356471075,1.031502180
0.45,256.402137301,82,1,0,0.316406250,1.146520005,0.355202428,1.035067432
0.45,259.146983588,81,1,0,0.312500000,1.158865684,0.346768822,1.059096940
0.45,259.711121603,80,1,0,0.308593750,1.171365684,0.345047818,1.064072270
0.45,259.812315365,79,1,0,0.304687500,1.184023912,0.344739557,1.064966055
0.45,262.767201418,78,1,0,0.300781250,1.196844425,0.335799071,1.091242300
0.45,268.149826533,77,1,0,0.296875000,1.209831438,0.319822036,1.139990574
0.45,268.408307176,76,1,0,0.292968750,1.222989332,0.319065049,1.142360281
0.45,269.095065962,75,1,0,0.289062500,1.236322666,0.317058435,1.148669185
0.45,271.248519194,74,1,0,0.285156250,1.249836179,0.310810248,1.168572688
0.45,272.231451287,73,1,0,0.281250000,1.263534809,0.307980602,1.177718479
0.45,272.610314316,72,1,0,0.277343750,1.277423698,0.306893697,1.181253854
0.45,272.874712532,71,1,0,0.273437500,1.291508205,0.306136419,1.183724462
0.45,273.974905228,70,1,0,0.269531250,1.305793919,0.302996303,1.194034676
0.45,275.192780462,69,1,0,0.265625000,1.320286673,0.299541102,1.205503635
0.45,275.358770376,68,1,0,0.261718750,1.334992555,0.299071877,1.207071345
0.45,276.156520263,67,1,0,0.257812500,1.349917929,0.296822483,1.214621018
0.45,276.166057799,66,1,0,0.253906250,1.365069444,0.296795648,1.214711431
0.45,276.194296811,65,1,0,0.250000000,1.380454059,0.296716201,1.214979150
0.45,276.410393621,64,1,0,0.246093750,1.396079059,0.296108631,1.217028895
0.45,277.557369453,63,1,0,0.242187500,1.411952075,0.292895519,1.227939324
0.45,280.727696024,62,1,0,0.238281250,1.428081107,0.284117251,1.258368271
0.45,282.578941544,61,1,0,0.234375000,1.444474550,0.279061981,1.276321367
0.45,286.732600093,60,1,0,0.230468750,1.461141217,0.267911266,1.317099450
0.45,289.094249523,59,1,0,0.226562500,1.478090369,0.261690843,1.340591462
0.45,291.488644405,58,1,0,0.222656250,1.495331748,0.255473494,1.364636615
0.45,292.504057854,57,1,0,0.218750000,1.512875608,0.252864152,1.374902882
0.45,293.189331034,56,1,0,0.214843750,1.530732751,0.251112407,1.381854603
0.45,301.766090603,55,1,0,0.210937500,1.548914569,0.229821316,1.470453159
0.45,302.116934021,54,1,0,0.207031250,1.567433088,0.228975498,1.474140275
0.45,302.332447504,53,1,0,0.203125000,1.586301012,0.228456919,1.476407623
0.45,302.978746466,52,1,0,0.199218750,1.605531781,0.226906253,1.483218328
0.45,303.347264863,51,1,0,0.195312500,1.625139624,0.226025083,1.487109301
0.45,304.460504230,50,1,0,0.191406250,1.645139624,0.223376510,1.498896546
0.45,305.185544348,49,1,0,0.187500000,1.665547788,0.221662290,1.506600273
0.45,305.228385488,48,1,0,0.183593750,1.686381121,0.221561266,1.507056133
0.45,307.602792874,47,1,0,0.179687500,1.707657717,0.216008583,1.532437134
0.45,311.589259755,46,1,0,0.175781250,1.729396847,0.206891348,1.575561511
0.45,312.200251936,45,1,0,0.171875000,1.751619069,0.205516747,1.582227756
0.45,313.031841522,44,1,0,0.167968750,1.774346342,0.203655573,1.591325081
0.45,318.101618388,43,1,0,0.164062500,1.797602156,0.192551403,1.647392132
0.45,320.277815377,42,1,0,0.160156250,1.821411680,0.187912600,1.671778316
0.45,322.099871801,41,1,0,0.156250000,1.845801924,0.184087544,1.692343850
0.45,322.347649573,40,1,0,0.152343750,1.870801924,0.183571521,1.695150927
0.45,324.574718048,39,1,0,0.148437500,1.896442950,0.178977820,1.720493394
0.45,325.193798887,38,1,0,0.144531250,1.922758739,0.177715040,1.727573912
0.45,326.162359135,37,1,0,0.140625000,1.949785766,0.175751757,1.738682754
0.45,333.596555154,36,1,0,0.136718750,1.977563544,0.161181995,1.825221147
0.45,335.331320481,35,1,0,0.132812500,2.006134972,0.157908533,1.845739321
0.45,338.746573603,34,1,0,0.128906250,2.035546737,0.151602516,1.886493210
0.45,342.560664724,33,1,0,0.125000000,2.065849767,0.144775534,1.932570779
0.45,345.507204612,32,1,0,0.121093750,2.097099767,0.139655593,1.968575939
0.45,347.706642074,31,1,0,0.117187500,2.129357832,0.135920620,1.995684242
0.45,348.928650293,30,1,0,0.113281250,2.162691165,0.133877305,2.010831533
0.45,349.602175293,29,1,0,0.109375000,2.197173924,0.132760782,2.019206400
0.45,368.448578618,28,1,0,0.105468750,2.232888210,0.104231974,2.261136344
0.45,369.150324077,27,1,0,0.101562500,2.269925247,0.103267939,2.270428321
0.45,374.026456888,26,1,0,0.097656250,2.308386785,0.096756397,2.335558834
0.45,379.107496915,25,1,0,0.093750000,2.348386785,0.090312639,2.404477867
0.45,380.768626328,24,1,0,0.089843750,2.390053452,0.088279927,2.427242520
0.45,381.994834228,23,1,0,0.085937500,2.433531713,0.086802431,2.444120656
0.45,382.440512574,22,1,0,0.082031250,2.478986258,0.086270227,2.450270730
0.45,384.865792472,21,1,0,0.078125000,2.526605306,0.083418657,2.483883293
0.45,397.115438744,20,1,0,0.074218750,2.576605306,0.070129480,2.657412027
0.45,400.538905010,19,1,0,0.070312500,2.629236885,0.066734497,2.707033256
0.45,405.918693719,18,1,0,0.066406250,2.684792440,0.061667058,2.786005404
0.45,406.179288595,17,1,0,0.062500000,2.743615970,0.061429709,2.789861705
0.45,407.317189442,16,1,0,0.058593750,2.806115970,0.060401947,2.806733945
0.45,412.218653486,15,1,0,0.054687500,2.872782636,0.056132842,2.880034222
0.45,427.175779266,14,1,0,0.050781250,2.944211208,0.044601404,3.109989942
0.45,432.029945457,13,1,0,0.046875000,3.021134285,0.041309722,3.186657407
0.45,432.074496908,12,1,0,0.042968750,3.104467618,0.041280473,3.187365696
0.45,434.337206642,11,1,0,0.039062500,3.195376709,0.039817461,3.223449749
0.45,437.193516174,10,1,0,0.035156250,3.295376709,0.038032616,3.269311159
0.45,456.629136848,9,1,0,0.031250000,3.406487820,0.027581314,3.590616748
0.45,484.737839862,8,1,0,0.027343750,3.531487820,0.016840277,4.083981823
0.45,487.672764154,7,1,0,0.023437500,3.674344963,0.015963317,4.137461847
0.45,519.099179471,6,1,0,0.019531250,3.841011629,0.008795016,4.733570101
0.45,596.931202971,5,1,0,0.015625000,4.041011629,0.001667016,6.396720226
0.45,600.000000000,4,0,4,0.015625000,4.041011629,0.001552626,6.467807268
0.55,55.483653043,256,1,0,0.996093750,0.003906250,0.931093640,0.071395427
0.55,59.097108797,255,1,0,0.992187500,0.007827819,0.921821004,0.081404213
0.55,59.578044891,254,1,0,0.988281250,0.011764827,0.920546491,0.082787773
0.55,59.687283147,253,1,0,0.984375000,0.015717396,0.920255696,0.083103717
0.55,64.310247536,252,1,0,0.980468750,0.019685650,0.907512198,0.097048271
0.55,71.640033670,251,1,0,0.976562500,0.023669713,0.885620281,0.121466997
0.55,74.188744707,250,1,0,0.972656250,0.027669713,0.877546505,0.130625328
0.55,74.761060801,249,1,0,0.968750000,0.031685778,0.875702043,0.132729379
0.55,75.176750669,248,1,0,0.964843750,0.035718036,0.874355219,0.134268557
0.55,77.268415016,247,1,0,0.960937500,0.039766619,0.867488278,0.142153280
0.55,79.019107368,246,1,0,0.957031250,0.043831659,0.861627373,0.148932384
0.55,79.160508625,245,1,0,0.953125000,0.047913292,0.861149563,0.149487081
0.55,79.373420967,244,1,0,0.949218750,0.052011653,0.860428873,0.150324325
0.55,80.227633164,243,1,0,0.945312500,0.056126879,0.857522559,0.153707792
0.55,82.564506603,242,1,0,0.941406250,0.060259110,0.849451952,0.163163900
0.55,84.447052105,241,1,0,0.937500000,0.064408488,0.842825875,0.170994896
0.55,85.224905653,240,1,0,0.933593750,0.068575155,0.840056383,0.174286267
0.55,85.349792317,239,1,0,0.929687500,0.072759255,0.839610033,0.174817742
0.55,86.969601592,238,1,0,0.925781250,0.076960936,0.833778724,0.181787230
0.55,88.396705858,237,1,0,0.921875000,0.081180345,0.828577552,0.188044841
0.55,89.031520366,236,1,0,0.917968750,0.085417633,0.826245169,0.190863735
0.55,89.294075472,235,1,0,0.914062500,0.089672952,0.825277177,0.192035977
0.55,89.583806042,234,1,0,0.910156250,0.093946457,0.824206747,0.193333874
0.55,90.904033493,233,1,0,0.906250000,0.098238302,0.819299529,0.199305537
0.55,91.115244429,232,1,0,0.902343750,0.102548647,0.818510021,0.200269640
0.55,91.708118437,231,1,0,0.898437500,0.106877651,0.816287381,0.202988804
0.55,93.583287525,230,1,0,0.894531250,0.111225477,0.809195697,0.211714492
0.55,93.748166705,229,1,0,0.890625000,0.115592290,0.808567722,0.212490841
0.55,94.201602019,228,1,0,0.886718750,0.119978254,0.806837098,0.214633492
0.55,94.616516965,227,1,0,0.882812500,0.124383541,0.805248867,0.216603898
0.55,95.969900881,226,1,0,0.878906250,0.128808320,0.800038016,0.223096033
0.55,96.427611364,225,1,0,0.875000000,0.133252764,0.798265380,0.225314181
0.55,96.971815623,224,1,0,0.871093750,0.137717050,0.796151074,0.227966320
0.55,97.512485435,223,1,0,0.867187500,0.142201355,0.794043375,0.230617191
0.55,97.740647640,222,1,0,0.863281250,0.146705859,0.793151817,0.231740630
0.55,97.904577615,221,1,0,0.859375000,0.151230746,0.792510481,0.232549548
0.55,100.037513669,220,1,0,0.855468750,0.155776201,0.784108369,0.243208042
0.55,101.407233635,219,1,0,0.851562500,0.160342411,0.778657900,0.250183482
0.55,101.506203281,218,1,0,0.847656250,0.164929567,0.778262458,0.250691462
0.55,101.897869318,217,1,0,0.843750000,0.169537862,0.776695414,0.252707008
0.55,101.978319591,216,1,0,0.839843750,0.174167491,0.776373120,0.253122049
0.55,103.149163978,215,1,0,0.835937500,0.178818654,0.771666796,0.259202434
0.55,103.342237081,214,1,0,0.832031250,0.183491551,0.770887916,0.260212291
0.55,103.589260271,213,1,0,0.828125000,0.188186387,0.769890253,0.261507304
0.55,103.745746539,212,1,0,0.824218750,0.192903368,0.769257584,0.262329405
0.55,104.523128705,211,1,0,0.820312500,0.197642704,0.766107142,0.266433247
0.55,104.913593274,210,1,0,0.816406250,0.202404609,0.764520065,0.268507008
0.55,104.953012546,209,1,0,0.812500000,0.207189298,0.764359670,0.268716828
0.55,105.062596041,208,1,0,0.808593750,0.211996991,0.763913617,0.269300563
0.55,106.293352383,207,1,0,0.804687500,0.216827908,0.758887450,0.275901800
0.55,106.628701799,206,1,0,0.800781250,0.221682277,0.757512791,0.277714856
0.55,108.315149626,205,1,0,0.796875000,0.226560326,0.750567215,0.286926072
0.55,109.562518438,204,1,0,0.792968750,0.231462287,0.745396117,0.293839502
0.55,110.426188501,203,1,0,0.789062500,0.236388395,0.741799422,0.298676393
0.55,110.705898593,202,1,0,0.785156250,0.241338890,0.740631803,0.300251669
0.55,111.344918463,201,1,0,0.781250000,0.246314015,0.737959265,0.303866653
0.55,112.966991683,200,1,0,0.777343750,0.251314015,0.731144809,0.313143742
0.55,114.646151827,199,1,0,0.773437500,0.256339140,0.724046278,0.322899969
0.55,114.861273836,198,1,0,0.769531250,0.261389645,0.723133738,0.324161097
0.55,115.045718603,197,1,0,0.765625000,0.266465788,0.722350778,0.325244415
0.55,115.556991174,196,1,0,0.761718750,0.271567828,0.720177813,0.328257135
0.55,115.628107753,195,1,0,0.757812500,0.276696033,0.719875256,0.328677338
0.55,115.926397469,194,1,0,0.753906250,0.281850673,0.718605415,0.330442868
0.55,116.345143683,193,1,0,0.750000000,0.287032020,0.716820623,0.332929647
0.55,116.840332596,192,1,0,0.746093750,0.292240353,0.714706806,0.335882881
0.55,117.395402934,191,1,0,0.742187500,0.297475955,0.712333317,0.339209336
0.55,117.447619084,190,1,0,0.738281250,0.302739113,0.712109822,0.339523135
0.55,117.573256014,189,1,0,0.734375000,0.308030118,0.711571921,0.340278783
0.55,117.600652289,188,1,0,0.730468750,0.313349267,0.711454598,0.340443675
0.55,117.983837854,187,1,0,0.726562500,0.318696861,0.709812574,0.342754324
0.55,118.612212258,186,1,0,0.722656250,0.324073205,0.707115647,0.346561053
0.55,119.265635088,185,1,0,0.718750000,0.329478610,0.704305775,0.350542678
0.55,119.820513654,184,1,0,0.714843750,0.334913393,0.701915421,0.353942366
0.55,120.374855992,183,1,0,0.710937500,0.340377874,0.699523578,0.357355779
0.55,120.510209246,182,1,0,0.707031250,0.345872379,0.698938997,0.358191812
0.55,120.594012308,181,1,0,0.703125000,0.351397241,0.698576948,0.358709945
0.55,120.694245296,180,1,0,0.699218750,0.356952797,0.698143807,0.359330170
0.55,120.967405760,179,1,0,0.695312500,0.362539389,0.696962783,0.361023265
0.55,121.517057787,178,1,0,0.691406250,0.368157367,0.694583687,0.364442625
0.55,122.405132629,177,1,0,0.687500000,0.373807084,0.690732493,0.370002661
0.55,123.104737470,176,1,0,0.683593750,0.379488902,0.687692486,0.374413509
0.55,123.452508728,175,1,0,0.679687500,0.385203188,0.686179362,0.376616224
0.55,124.108189758,174,1,0,0.675781250,0.390950314,0.683323131,0.380787426
0.55,125.017684461,173,1,0,0.671875000,0.396730661,0.679354096,0.386612792
0.55,125.192923784,172,1,0,0.667968750,0.402544615,0.678588424,0.387740485
0.55,125.500310966,171,1,0,0.664062500,0.408392568,0.677244655,0.389722690
0.55,125.502978035,170,1,0,0.660156250,0.414274921,0.677232992,0.389739912
0.55,125.944381630,169,1,0,0.656250000,0.420192081,0.675301803,0.392595573
0.55,127.565844376,168,1,0,0.652343750,0.426144462,0.668192782,0.403178552
0.55,127.953719905,167,1,0,0.648437500,0.432132486,0.666488893,0.405731805
0.55,128.623549539,166,1,0,0.644531250,0.438156582,0.663543564,0.410160769
0.55,128.685880602,165,1,0,0.640625000,0.444217188,0.663269307,0.410574176
0.55,128.708664713,164,1,0,0.636718750,0.450314749,0.663169050,0.410725344
0.55,129.717438355,163,1,0,0.632812500,0.456449718,0.658726190,0.417447325
0.55,130.846649315,162,1,0,0.628906250,0.462622558,0.653744254,0.425039053
0.55,131.050539315,161,1,0,0.625000000,0.468833738,0.652843798,0.426417384
0.55,131.852728593,160,1,0,0.621093750,0.475083738,0.649298448,0.431862810
0.55,132.729462552,159,1,0,0.617187500,0.481373046,0.645419174,0.437855292
0.55,132.887580608,158,1,0,0.613281250,0.487702160,0.644719079,0.438940593
0.55,133.229193898,157,1,0,0.609375000,0.494071587,0.643206058,0.441290142
0.55,133.507564119,156,1,0,0.605468750,0.500481843,0.641972679,0.443209533
0.55,133.979090608,155,1,0,0.601562500,0.506933456,0.639882558,0.446470622
0.55,135.795405825,154,1,0,0.597656250,0.513426963,0.631821527,0.459148318
0.55,135.849879548,153,1,0,0.593750000,0.519962910,0.631579544,0.459531385
0.55,136.359864813,152,1,0,0.589843750,0.526541858,0.629313508,0.463125723
0.55,136.729606018,151,1,0,0.585937500,0.533164374,0.627670003,0.465740723
0.55,136.770473281,150,1,0,0.582031250,0.539831041,0.627488317,0.466030226
0.55,136.867804901,149,1,0,0.578125000,0.546542450,0.627055580,0.466720099
0.55,136.935801132,148,1,0,0.574218750,0.553299207,0.626753248,0.467202360
0.55,138.656702753,147,1,0,0.570312500,0.560101928,0.619096627,0.479493916
0.55,138.946286334,146,1,0,0.566406250,0.566951243,0.617807376,0.481578559
0.55,139.995497784,145,1,0,0.562500000,0.573847795,0.613134529,0.489170908
0.55,140.273573362,144,1,0,0.558593750,0.580792239,0.611895682,0.491193466
0.55,141.025243236,143,1,0,0.554687500,0.587785246,0.608546255,0.496682355
0.55,141.874504568,142,1,0,0.550781250,0.594827500,0.604760972,0.502921986
0.55,141.967528315,141,1,0,0.546875000,0.601919698,0.604346300,0.503607901
0.55,142.215278312,140,1,0,0.542968750,0.609062556,0.603241863,0.505437063
0.55,142.418154915,139,1,0,0.539062500,0.616256800,0.602337424,0.506937485
0.55,142.878531877,138,1,0,0.535156250,0.623503177,0.600284917,0.510350876
0.55,143.589268297,137,1,0,0.531250000,0.630802447,0.597116007,0.515643868
0.55,145.772961574,136,1,0,0.527343750,0.638155388,0.587379777,0.532083688
0.55,147.170464218,135,1,0,0.523437500,0.645562796,0.581150617,0.542745319
0.55,148.075339361,134,1,0,0.519531250,0.653025482,0.577118741,0.549707243
0.55,148.874359676,133,1,0,0.515625000,0.660544279,0.573559819,0.555893043
0.55,149.585593570,132,1,0,0.511718750,0.668120037,0.570393128,0.561429457
0.55,149.614024649,131,1,0,0.507812500,0.675753625,0.570266569,0.561651363
0.55,151.450650896,130,1,0,0.503906250,0.683445932,0.562095890,0.576082821
0.55,151.606445935,129,1,0,0.500000000,0.691197870,0.561403298,0.577315740
0.55,152.332270473,128,1,0,0.496093750,0.699010370,0.558177785,0.583077757
0.55,154.665191045,127,1,0,0.492187500,0.706884386,0.547825159,0.601799096
0.55,154.988119116,126,1,0,0.488281250,0.714820894,0.546394111,0.604414749
0.55,155.108280950,125,1,0,0.484375000,0.722820894,0.545861751,0.605389539
0.55,155.874659175,124,1,0,0.480468750,0.730885410,0.542468193,0.611625825
0.55,157.924185788,123,1,0,0.476562500,0.739015491,0.533409104,0.628466600
0.55,158.015751169,122,1,0,0.472656250,0.747212213,0.533004972,0.629224527
0.55,158.124827589,121,1,0,0.468750000,0.755476675,0.532523624,0.630128018
0.55,158.208356329,120,1,0,0.464843750,0.763810009,0.532155068,0.630820351
0.55,159.722496269,119,1,0,0.460937500,0.772213370,0.525482277,0.643438815
0.55,160.145964220,118,1,0,0.457031250,0.780687946,0.523618920,0.646991110
0.55,160.879314507,117,1,0,0.453125000,0.789234955,0.520395128,0.653166895
0.55,162.850782318,116,1,0,0.449218750,0.797855645,0.511749353,0.669920318
0.55,163.326887030,115,1,0,0.445312500,0.806551297,0.509666212,0.673999254
0.55,163.929480244,114,1,0,0.441406250,0.815323227,0.507032444,0.679180285
0.55,164.528118712,113,1,0,0.437500000,0.824172784,0.504419150,0.684347709
0.55,165.036772734,112,1,0,0.433593750,0.833101356,0.502201237,0.688754369
0.55,165.399835189,111,1,0,0.429687500,0.842110365,0.500619626,0.691908695
0.55,166.209852381,110,1,0,0.425781250,0.851201274,0.497095468,0.698973184
0.55,166.426608635,109,1,0,0.421875000,0.860375586,0.496153502,0.700869921
0.55,167.338017205,108,1,0,0.417968750,0.869634845,0.492197878,0.708874452
0.55,167.937363402,107,1,0,0.414062500,0.878980639,0.489601254,0.714163987
0.55,167.949248498,106,1,0,0.410156250,0.888414602,0.489549800,0.714269086
0.55,168.381739230,105,1,0,0.406250000,0.897938411,0.487678448,0.718099009
0.55,168.617747284,104,1,0,0.402343750,0.907553796,0.486658096,0.720193463
0.55,169.688266814,103,1,0,0.398437500,0.917262534,0.482037410,0.729733554
0.55,169.868345938,102,1,0,0.394531250,0.927066455,0.481261374,0.731344759
0.55,170.081905304,101,1,0,0.390625000,0.936967445,0.480341529,0.733257910
0.55,170.107056210,100,1,0,0.386718750,0.946967445,0.480233232,0.733483393
0.55,170.999971550,99,1,0,0.382812500,0.957068455,0.476393126,0.741511872
0.55,171.134614415,98,1,0,0.378906250,0.967272537,0.475814872,0.742726424
0.55,171.188062087,97,1,0,0.375000000,0.977581815,0.475585388,0.743208837
0.55,171.244755506,96,1,0,0.371093750,0.987998482,0.475342005,0.743720724
0.55,171.837302238,95,1,0,0.367187500,0.998524798,0.472800480,0.749081799
0.55,173.736080748,94,1,0,0.363281250,1.009163096,0.464684911,0.766395715
0.55,175.017108477,93,1,0,0.359375000,1.019915784,0.459235214,0.778192752
0.55,175.758985504,92,1,0,0.355468750,1.030785349,0.456088910,0.785067509
0.55,176.996232581,91,1,0,0.351562500,1.041774360,0.450858131,0.796602554
0.55,177.590760489,90,1,0,0.347656250,1.052885471,0.448352063,0.802176501
0.55,178.124919569,89,1,0,0.343750000,1.064121426,0.446104668,0.807201673
0.55,180.715954042,88,1,0,0.339843750,1.075485062,0.435261440,0.831808417
0.55,182.544363083,87,1,0,0.335937500,1.086979315,0.427669949,0.849403527
0.55,183.073821563,86,1,0,0.332031250,1.098607222,0.425481290,0.854534304
0.55,183.551979356,85,1,0,0.328125000,1.110371928,0.423508484,0.859181731
0.55,183.563794047,84,1,0,0.324218750,1.122276690,0.423459785,0.859296729
0.55,184.887042182,83,1,0,0.320312500,1.134324883,0.418019549,0.872227080
0.55,184.963582148,82,1,0,0.316406250,1.146520005,0.417705738,0.872978071
0.55,185.248243959,81,1,0,0.312500000,1.158865684,0.416539474,0.875774046
0.55,185.769019506,80,1,0,0.308593750,1.171365684,0.414409293,0.880901164
0.55,188.131157631,79,1,0,0.304687500,1.184023912,0.404804153,0.904351902
0.55,188.356374274,78,1,0,0.300781250,1.196844425,0.403893318,0.906604501
0.55,189.241544865,77,1,0,0.296875000,1.209831438,0.400321983,0.915486097
0.55,190.969346453,76,1,0,0.292968750,1.222989332,0.393390712,0.932951982
0.55,191.328073195,75,1,0,0.289062500,1.236322666,0.391958333,0.936599738
0.55,191.810894690,74,1,0,0.285156250,1.249836179,0.390034129,0.941521033
0.55,193.169843180,73,1,0,0.281250000,1.263534809,0.384641179,0.955444382
0.55,193.787846645,72,1,0,0.277343750,1.277423698,0.382199961,0.961811348
0.55,194.573637716,71,1,0,0.273437500,1.291508205,0.379106297,0.969938647
0.55,195.175899878,70,1,0,0.269531250,1.305793919,0.376743094,0.976191771
0.55,195.311527139,69,1,0,0.265625000,1.320286673,0.376211863,0.977602830
0.55,196.259250739,68,1,0,0.261718750,1.334992555,0.372509617,0.987492425
0.55,198.764008460,67,1,0,0.257812500,1.349917929,0.362809029,1.013878674
0.55,198.895813934,66,1,0,0.253906250,1.365069444,0.362301994,1.015277177
0.55,199.395934159,65,1,0,0.250000000,1.380454059,0.360381267,1.020592733
0.55,203.171465534,64,1,0,0.246093750,1.396079059,0.346045024,1.061186384
0.55,205.839703411,63,1,0,0.242187500,1.411952075,0.336091914,1.090370603
0.55,207.673270723,62,1,0,0.238281250,1.428081107,0.329340258,1.110663844
0.55,207.688411872,61,1,0,0.234375000,1.444474550,0.329284807,1.110832229
0.55,207.799703802,60,1,0,0.230468750,1.461141217,0.328877375,1.112070318
0.55,208.858370522,59,1,0,0.226562500,1.478090369,0.325015157,1.123883462
0.55,210.134844732,58,1,0,0.222656250,1.495331748,0.320390987,1.138213193
0.55,210.154064312,57,1,0,0.218750000,1.512875608,0.320321637,1.138429673
0.55,210.870361522,56,1,0,0.214843750,1.530732751,0.317742833,1.146512926
0.55,212.764666050,55,1,0,0.210937500,1.548914569,0.310978086,1.168032834
0.55,213.525732265,54,1,0,0.207031250,1.567433088,0.308282936,1.176737296
0.55,213.653213582,53,1,0,0.203125000,1.586301012,0.307832768,1.178198605
0.55,214.958897156,52,1,0,0.199218750,1.605531781,0.303243318,1.193219767
0.55,222.228756181,51,1,0,0.195312500,1.625139624,0.278409195,1.278663323
0.55,222.375252575,50,1,0,0.191406250,1.645139624,0.277921479,1.280416653
0.55,227.726045442,49,1,0,0.187500000,1.665547788,0.260458333,1.345312380
0.55,229.291844625,48,1,0,0.183593750,1.686381121,0.255478274,1.364617906
0.55,229.895522425,47,1,0,0.179687500,1.707657717,0.253574124,1.372099095
0.55,232.974868324,46,1,0,0.175781250,1.729396847,0.243999047,1.410590958
0.55,235.592849067,45,1,0,0.171875000,1.751619069,0.236040775,1.443750715
0.55,239.667107226,44,1,0,0.167968750,1.774346342,0.223990438,1.496151913
0.55,241.571708216,43,1,0,0.164062500,1.797602156,0.218497488,1.520980760
0.55,241.657149383,42,1,0,0.160156250,1.821411680,0.218253169,1.522099564
0.55,241.829230309,41,1,0,0.156250000,1.845801924,0.217761650,1.524354163
0.55,242.492799305,40,1,0,0.152343750,1.870801924,0.215873122,1.533064444
0.55,243.364338611,39,1,0,0.148437500,1.896442950,0.213409212,1.544543773
0.55,244.398874754,38,1,0,0.144531250,1.922758739,0.210508827,1.558227694
0.55,244.838737367,37,1,0,0.140625000,1.949785766,0.209283646,1.564064788
0.55,246.791376066,36,1,0,0.136718750,1.977563544,0.203902441,1.590113629
0.55,247.672486204,35,1,0,0.132812500,2.006134972,0.201505003,1.601941068
0.55,254.892097219,34,1,0,0.128906250,2.035546737,0.182579898,1.700567402
0.55,257.907672352,33,1,0,0.125000000,2.065849767,0.175052557,1.742669026
0.55,270.402898313,32,1,0,0.121093750,2.097099767,0.146193643,1.922823218
0.55,274.904673169,31,1,0,0.117187500,2.129357832,0.136697430,1.989985333
0.55,275.152699983,30,1,0,0.113281250,2.162691165,0.136187802,1.993720449
0.55,282.804737076,29,1,0,0.109375000,2.197173924,0.121147965,2.110742626
0.55,285.634116910,28,1,0,0.105468750,2.232888210,0.115915935,2.154890048
0.55,291.640907059,27,1,0,0.101562500,2.269925247,0.105379318,2.250188886
0.55,294.817967728,26,1,0,0.097656250,2.308386785,0.100112619,2.301459539
0.55,304.385945580,25,1,0,0.093750000,2.348386785,0.085478471,2.459490731
0.55,304.863396977,24,1,0,0.089843750,2.390053452,0.084794941,2.467519400
0.55,307.038997896,23,1,0,0.085937500,2.433531713,0.081734786,2.504275593
0.55,317.839930747,22,1,0,0.082031250,2.478986258,0.067817463,2.690935556
0.55,321.215026214,21,1,0,0.078125000,2.526605306,0.063883596,2.750692670
0.55,323.613075974,20,1,0,0.074218750,2.576605306,0.061202636,2.793565021
0.55,328.572998022,19,1,0,0.070312500,2.629236885,0.055948077,2.883331207
0.55,331.228411347,18,1,0,0.066406250,2.684792440,0.053290584,2.931995625
0.55,335.001261544,17,1,0,0.062500000,2.743615970,0.049694246,3.001866132
0.55,358.735410748,16,1,0,0.058593750,2.806115970,0.031397334,3.461032286
0.55,359.313271899,15,1,0,0.054687500,2.872782636,0.031035146,3.472634974
0.55,360.628223924,14,1,0,0.050781250,2.944211208,0.030224192,3.499112601
0.55,373.411350004,13,1,0,0.046875000,3.021134285,0.023238220,3.761956930
0.55,377.645440718,12,1,0,0.042968750,3.104467618,0.021254266,3.851197647
0.55,380.290125705,11,1,0,0.039062500,3.195376709,0.020090863,3.907490128
0.55,383.688677853,10,1,0,0.035156250,3.295376709,0.018677204,3.980451520
0.55,384.434861361,9,1,0,0.031250000,3.406487820,0.018378667,3.996564687
0.55,387.356202514,8,1,0,0.027343750,3.531487820,0.017249474,4.059973617
0.55,393.688173300,7,1,0,0.023437500,3.674344963,0.015007711,4.199191176
0.55,406.869091358,6,1,0,0.019531250,3.841011629,0.011144425,4.496815925
0.55,440.164909442,5,1,0,0.015625000,4.041011629,0.005012272,5.295866019
0.55,454.516346286,4,1,0,0.011718750,4.291011629,0.003478238,5.661229398
0.55,548.195542586,3,1,0,0.007812500,4.624344963,0.000234342,8.358728469
0.55,552.475834075,2,1,0,0.003906250,5.124344963,0.000204487,8.495008088
0.55,600.000000000,1,0,1,0.003906250,5.124344963,0.000041693,10.085170554
0.65,41.523201105,256,1,0,0.996093750,0.003906250,0.964193005,0.036463792
0.65,44.208786394,255,1,0,0.992187500,0.007827819,0.957577474,0.043348649
0.65,53.710519234,254,1,0,0.988281250,0.011764827,0.928500403,0.074184465
0.65,58.454333793,253,1,0,0.984375000,0.015717396,0.910553169,0.093702986
0.65,58.796500275,252,1,0,0.980468750,0.019685650,0.909168805,0.095224498
0.65,59.786098636,251,1,0,0.976562500,0.023669713,0.905096836,0.099713339
0.65,61.993590018,250,1,0,0.972656250,0.027669713,0.895648627,0.110207100
0.65,62.682331332,249,1,0,0.968750000,0.031685778,0.892597788,0.113619205
0.65,64.801230951,248,1,0,0.964843750,0.035718036,0.882905930,0.124536618
0.65,65.691450262,247,1,0,0.960937500,0.039766619,0.878696815,0.129315362
0.65,66.162399894,246,1,0,0.957031250,0.043831659,0.876437387,0.131890013
0.65,68.593194872,245,1,0,0.953125000,0.047913292,0.864417932,0.145698910
0.65,68.935609055,244,1,0,0.949218750,0.052011653,0.862676984,0.147714952
0.65,69.174454501,243,1,0,0.945312500,0.056126879,0.861455667,0.149131684
0.65,69.648387094,242,1,0,0.941406250,0.060259110,0.859015389,0.151968442
0.65,70.697838915,241,1,0,0.937500000,0.064408488,0.853532310,0.158371881
0.65,71.699322550,240,1,0,0.933593750,0.068575155,0.848198460,0.164640637
0.65,71.700141250,239,1,0,0.929687500,0.072759255,0.848194059,0.164645826
0.65,71.925362136,238,1,0,0.925781250,0.076960936,0.846980977,0.166077044
0.65,73.115946519,237,1,0,0.921875000,0.081180345,0.840486211,0.173774732
0.65,73.646958398,236,1,0,0.917968750,0.085417633,0.837545267,0.177279967
0.65,73.888521625,235,1,0,0.914062500,0.089672952,0.836198433,0.178889334
0.65,73.896910223,234,1,0,0.910156250,0.093946457,0.836151562,0.178945388
0.65,73.897451409,233,1,0,0.906250000,0.098238302,0.836148538,0.178949005
0.65,74.409143562,232,1,0,0.902343750,0.102548647,0.833276736,0.182389476
0.65,75.589786211,231,1,0,0.898437500,0.106877651,0.826555706,0.190487964
0.65,76.728580853,230,1,0,0.894531250,0.111225477,0.819948954,0.198513192
0.65,77.381379702,229,1,0,0.890625000,0.115592290,0.816107534,0.203209151
0.65,80.242520267,228,1,0,0.886718750,0.119978254,0.798815358,0.224625452
0.65,81.237593380,227,1,0,0.882812500,0.124383541,0.792631438,0.232396935
0.65,81.333187356,226,1,0,0.878906250,0.128808320,0.792032850,0.233152410
0.65,81.490512204,225,1,0,0.875000000,0.133252764,0.791046008,0.234399148
0.65,81.583396675,224,1,0,0.871093750,0.137717050,0.790462381,0.235137213
0.65,81.881188319,223,1,0,0.867187500,0.142201355,0.788586271,0.237513466
0.65,81.891616755,222,1,0,0.863281250,0.146705859,0.788520434,0.237596957
0.65,82.051141221,221,1,0,0.859375000,0.151230746,0.787512169,0.238876455
0.65,82.108765835,220,1,0,0.855468750,0.155776201,0.787147425,0.239339723
0.65,82.316662259,219,1,0,0.851562500,0.160342411,0.785829173,0.241015847
0.65,82.883828127,218,1,0,0.847656250,0.164929567,0.782214312,0.245626519
0.65,83.288094287,217,1,0,0.843750000,0.169537862,0.779621287,0.248947007
0.65,83.753849312,216,1,0,0.839843750,0.174167491,0.776617089,0.252807857
0.65,84.492789872,215,1,0,0.835937500,0.178818654,0.771814354,0.259011231
0.65,84.934112330,214,1,0,0.832031250,0.183491551,0.768924910,0.262761961
0.65,85.849356745,213,1,0,0.828125000,0.188186387,0.762883117,0.270650448
0.65,86.760055535,212,1,0,0.824218750,0.192903368,0.756806227,0.278648034
0.65,86.796186607,211,1,0,0.820312500,0.197642704,0.756563812,0.278968397
0.65,86.807543082,210,1,0,0.816406250,0.202404609,0.756487598,0.279069140
0.65,88.151715233,209,1,0,0.812500000,0.207189298,0.747397775,0.291157739
0.65,88.544028913,208,1,0,0.808593750,0.211996991,0.744719411,0.294747761
0.65,89.041548187,207,1,0,0.804687500,0.216827908,0.741306629,0.299340934
0.65,89.079861643,206,1,0,0.800781250,0.221682277,0.741043071,0.299696530
0.65,89.306050744,205,1,0,0.796875000,0.226560326,0.739484965,0.301801328
0.65,89.611650979,204,1,0,0.792968750,0.231462287,0.737374023,0.304660022
0.65,89.755297942,203,1,0,0.789062500,0.236388395,0.736379485,0.306009689
0.65,90.141604370,202,1,0,0.785156250,0.241338890,0.733697682,0.309658213
0.65,90.912218578,201,1,0,0.781250000,0.246314015,0.728316936,0.317018973
0.65,91.069137881,200,1,0,0.777343750,0.251314015,0.727216265,0.318531370
0.65,92.100524302,199,1,0,0.773437500,0.256339140,0.719940650,0.328586501
0.65,92.308220036,198,1,0,0.769531250,0.261389645,0.718466997,0.330635508
0.65,92.373386784,197,1,0,0.765625000,0.266465788,0.718004042,0.331280080
0.65,94.175255574,196,1,0,0.761718750,0.271567828,0.705096049,0.349421245
0.65,94.275439222,195,1,0,0.757812500,0.276696033,0.704372434,0.350448038
0.65,94.392282596,194,1,0,0.753906250,0.281850673,0.703527716,0.351648005
0.65,94.566074788,193,1,0,0.750000000,0.287032020,0.702269762,0.353437672
0.65,96.101635156,192,1,0,0.746093750,0.292240353,0.691077514,0.369503285
0.65,96.401140995,191,1,0,0.742187500,0.297475955,0.688878718,0.372690049
0.65,97.323897055,190,1,0,0.738281250,0.302739113,0.682073231,0.382618250
0.65,97.366193015,189,1,0,0.734375000,0.308030118,0.681760185,0.383077319
0.65,97.398312585,188,1,0,0.730468750,0.313349267,0.681522393,0.383426170
0.65,98.386075977,187,1,0,0.726562500,0.318696861,0.674183185,0.394253417
0.65,98.685787635,186,1,0,0.722656250,0.324073205,0.671946359,0.397576764
0.65,99.210574110,185,1,0,0.718750000,0.329478610,0.668018931,0.403438765
0.65,99.425796637,184,1,0,0.714843750,0.334913393,0.666404327,0.405858696
0.65,99.729772023,183,1,0,0.710937500,0.340377874,0.664120090,0.409292287
0.65,100.113385981,182,1,0,0.707031250,0.345872379,0.661231146,0.413651808
0.65,100.186814434,181,1,0,0.703125000,0.351397241,0.660677381,0.414489635
0.65,100.563628945,180,1,0,0.699218750,0.356952797,0.657831700,0.418806155
0.65,100.649862124,179,1,0,0.695312500,0.362539389,0.657179561,0.419797994
0.65,100.764299466,178,1,0,0.691406250,0.368157367,0.656313608,0.421116543
0.65,101.053506782,177,1,0,0.687500000,0.373807084,0.654122553,0.424460555
0.65,101.887718537,176,1,0,0.683593750,0.379488902,0.647782039,0.434200998
0.65,102.325692624,175,1,0,0.679687500,0.385203188,0.644441380,0.439371415
0.65,102.372679201,174,1,0,0.675781250,0.390950314,0.644082520,0.439928425
0.65,102.397063434,173,1,0,0.671875000,0.396730661,0.643896249,0.440217670
0.65,102.409423050,172,1,0,0.667968750,0.402544615,0.643801825,0.440364325
0.65,102.450368473,171,1,0,0.664062500,0.408392568,0.643488970,0.440850393
0.65,102.599112946,170,1,0,0.660156250,0.414274921,0.642351874,0.442619035
0.65,103.048611125,169,1,0,0.656250000,0.420192081,0.638910269,0.447991258
0.65,103.290922114,168,1,0,0.652343750,0.426144462,0.637051725,0.450904426
0.65,103.610913643,167,1,0,0.648437500,0.432132486,0.634593926,0.454769972
0.65,103.737612817,166,1,0,0.644531250,0.438156582,0.633619707,0.456306336
0.65,104.332215321,165,1,0,0.640625000,0.444217188,0.629039806,0.463560740
0.65,104.415368981,164,1,0,0.636718750,0.450314749,0.628398305,0.464581070
0.65,104.419808133,163,1,0,0.632812500,0.456449718,0.628364051,0.464635581
0.65,104.828821018,162,1,0,0.628906250,0.462622558,0.625205074,0.469675564
0.65,104.924224831,161,1,0,0.625000000,0.468833738,0.624467402,0.470856150
0.65,105.174021665,160,1,0,0.621093750,0.475083738,0.622534488,0.473956249
0.65,105.219801280,159,1,0,0.617187500,0.481373046,0.622180022,0.474525803
0.65,105.317835698,158,1,0,0.613281250,0.487702160,0.621420720,0.475746938
0.65,105.896388206,157,1,0,0.609375000,0.494071587,0.616933332,0.482994313
0.65,105.973243536,156,1,0,0.605468750,0.500481843,0.616336424,0.483962321
0.65,106.054643271,155,1,0,0.601562500,0.506933456,0.615704022,0.484988915
0.65,106.231475897,154,1,0,0.597656250,0.513426963,0.614329489,0.487223868
0.65,106.545993921,153,1,0,0.593750000,0.519962910,0.611882380,0.491215205
0.65,106.824493134,152,1,0,0.589843750,0.526541858,0.609713074,0.494766803
0.65,107.268231022,151,1,0,0.585937500,0.533164374,0.606252094,0.500459383
0.65,107.383686925,150,1,0,0.582031250,0.539831041,0.605350684,0.501947346
0.65,107.486572478,149,1,0,0.578125000,0.546542450,0.604547110,0.503275679
0.65,108.164665173,148,1,0,0.574218750,0.553299207,0.599243962,0.512086482
0.65,108.619354541,147,1,0,0.570312500,0.560101928,0.595681468,0.518049204
0.65,108.728310216,146,1,0,0.566406250,0.566951243,0.594827058,0.519484574
0.65,108.819182206,145,1,0,0.562500000,0.573847795,0.594114244,0.520683649
0.65,108.857178128,144,1,0,0.558593750,0.580792239,0.593816140,0.521185535
0.65,109.198414253,143,1,0,0.554687500,0.587785246,0.591137435,0.525706741
0.65,109.290102280,142,1,0,0.550781250,0.594827500,0.590417239,0.526925808
0.65,109.465350000,141,1,0,0.546875000,0.601919698,0.589040180,0.529260881
0.65,109.804047524,140,1,0,0.542968750,0.609062556,0.586376911,0.533792503
0.65,110.039679511,139,1,0,0.539062500,0.616256800,0.584522679,0.536959698
0.65,111.096455041,138,1,0,0.535156250,0.623503177,0.576193661,0.551311457
0.65,111.117430711,137,1,0,0.531250000,0.630802447,0.576028138,0.551598768
0.65,111.306236609,136,1,0,0.527343750,0.638155388,0.574537906,0.554189202
0.65,111.932517609,135,1,0,0.523437500,0.645562796,0.569590648,0.562837337
0.65,112.004121439,134,1,0,0.519531250,0.653025482,0.569024642,0.563831538
0.65,112.225652182,133,1,0,0.515625000,0.660544279,0.567273048,0.566914526
0.65,112.530107521,132,1,0,0.511718750,0.668120037,0.564864692,0.571169060
0.65,112.619240935,131,1,0,0.507812500,0.675753625,0.564159383,0.572418473
0.65,112.658579045,130,1,0,0.503906250,0.683445932,0.563848071,0.572970442
0.65,112.726343689,129,1,0,0.500000000,0.691197870,0.563311752,0.573922071
0.65,112.853633188,128,1,0,0.496093750,0.699010370,0.562304174,0.575712340
0.65,112.866186611,127,1,0,0.492187500,0.706884386,0.562204795,0.575889091
0.65,113.549276238,126,1,0,0.488281250,0.714820894,0.556794437,0.585559161
0.65,113.555409779,125,1,0,0.484375000,0.722820894,0.556745834,0.585646455
0.65,113.613939590,124,1,0,0.480468750,0.730885410,0.556282019,0.586479884
0.65,113.716948919,123,1,0,0.476562500,0.739015491,0.555465649,0.587948511
0.65,113.762643790,122,1,0,0.472656250,0.747212213,0.555103474,0.588600742
0.65,113.848334864,121,1,0,0.468750000,0.755476675,0.554424240,0.589825109
0.65,114.129215254,120,1,0,0.464843750,0.763810009,0.552197366,0.593849750
0.65,114.605825225,119,1,0,0.460937500,0.772213370,0.548417227,0.600718919
0.65,115.937958774,118,1,0,0.457031250,0.780687946,0.537844138,0.620186467
0.65,116.618157044,117,1,0,0.453125000,0.789234955,0.532442755,0.630279889
0.65,116.928143285,116,1,0,0.449218750,0.797855645,0.529980922,0.634914270
0.65,117.062168047,115,1,0,0.445312500,0.806551297,0.528916510,0.636924686
0.65,117.291088640,114,1,0,0.441406250,0.815323227,0.527098443,0.640367949
0.65,117.502167675,113,1,0,0.437500000,0.824172784,0.525422095,0.643553349
0.65,117.537829552,112,1,0,0.433593750,0.833101356,0.525138880,0.644092519
0.65,117.584779660,111,1,0,0.429687500,0.842110365,0.524766019,0.644802794
0.65,117.801103653,110,1,0,0.425781250,0.851201274,0.523048095,0.648081860
0.65,117.985666903,109,1,0,0.421875000,0.860375586,0.521582468,0.650887882
0.65,118.023033701,108,1,0,0.417968750,0.869634845,0.521285745,0.651456932
0.65,118.079256941,107,1,0,0.414062500,0.878980639,0.520839295,0.652313741
0.65,118.164015346,106,1,0,0.410156250,0.888414602,0.520166272,0.653606765
0.65,118.463050289,105,1,0,0.406250000,0.897938411,0.517791971,0.658181718
0.65,118.590013437,104,1,0,0.402343750,0.907553796,0.516783997,0.660130292
0.65,119.427765627,103,1,0,0.398437500,0.917262534,0.510134942,0.673079996
0.65,119.836261423,102,1,0,0.394531250,0.927066455,0.506894353,0.679452674
0.65,120.321185868,101,1,0,0.390625000,0.936967445,0.503049126,0.687067448
0.65,120.910906940,100,1,0,0.386718750,0.946967445,0.498375788,0.696400892
0.65,121.485077418,99,1,0,0.382812500,0.957068455,0.493829228,0.705565513
0.65,121.722951917,98,1,0,0.378906250,0.967272537,0.491946772,0.709384755
0.65,121.902323936,97,1,0,0.375000000,0.977581815,0.490527764,0.712273398
0.65,122.607985315,96,1,0,0.371093750,0.987998482,0.484949616,0.723710277
0.65,122.794954087,95,1,0,0.367187500,0.998524798,0.483472893,0.726760029
0.65,123.930909649,94,1,0,0.363281250,1.009163096,0.474513385,0.745465453
0.65,125.261704050,93,1,0,0.359375000,1.019915784,0.464048470,0.767766270
0.65,126.397442445,92,1,0,0.355468750,1.030785349,0.455148680,0.787131144
0.65,127.110231193,91,1,0,0.351562500,1.041774360,0.449579749,0.799442025
0.65,127.360050981,90,1,0,0.347656250,1.052885471,0.447631184,0.803785635
0.65,127.638880066,89,1,0,0.343750000,1.064121426,0.445458421,0.808651367
0.65,127.753118282,88,1,0,0.339843750,1.075485062,0.444568868,0.810650302
0.65,128.644516363,87,1,0,0.335937500,1.086979315,0.437641052,0.826356222
0.65,129.295879945,86,1,0,0.332031250,1.098607222,0.432594424,0.837954654
0.65,129.377036977,85,1,0,0.328125000,1.110371928,0.431966606,0.839406996
0.65,129.667707764,84,1,0,0.324218750,1.122276690,0.429719828,0.844621845
0.65,130.131608107,83,1,0,0.320312500,1.134324883,0.426140032,0.852987274
0.65,131.116544878,82,1,0,0.316406250,1.146520005,0.418564965,0.870923169
0.65,131.828490854,81,1,0,0.312500000,1.158865684,0.413112065,0.884036379
0.65,133.490826594,80,1,0,0.308593750,1.171365684,0.400459334,0.915143055
0.65,134.062830455,79,1,0,0.304687500,1.184023912,0.396132789,0.926005797
0.65,134.429511334,78,1,0,0.300781250,1.196844425,0.393366961,0.933012361
0.65,134.558436969,77,1,0,0.296875000,1.209831438,0.392395944,0.935483887
0.65,135.702287682,76,1,0,0.292968750,1.222989332,0.383814966,0.957594703
0.65,136.761432849,75,1,0,0.289062500,1.236322666,0.375926092,0.978362718
0.65,137.741006564,74,1,0,0.285156250,1.249836179,0.368680783,0.997824095
0.65,139.545694251,73,1,0,0.281250000,1.263534809,0.355467723,1.034320827
0.65,140.002437689,72,1,0,0.277343750,1.277423698,0.352152635,1.043690576
0.65,140.065116430,71,1,0,0.273437500,1.291508205,0.351698646,1.044980590
0.65,141.210938731,70,1,0,0.269531250,1.305793919,0.343440080,1.068742623
0.65,143.140206037,69,1,0,0.265625000,1.320286673,0.329715574,1.109524894
0.65,143.689364626,68,1,0,0.261718750,1.334992555,0.325852016,1.121311941
0.65,143.718499700,67,1,0,0.257812500,1.349917929,0.325647585,1.121939511
0.65,143.916801970,66,1,0,0.253906250,1.365069444,0.324257639,1.126216897
0.65,144.225635818,65,1,0,0.250000000,1.380454059,0.322098096,1.132899135
0.65,144.447822886,64,1,0,0.246093750,1.396079059,0.320548337,1.137722198
0.65,144.649905933,63,1,0,0.242187500,1.411952075,0.319141657,1.142120210
0.65,145.677520818,62,1,0,0.238281250,1.428081107,0.312031129,1.164652325
0.65,145.980474093,61,1,0,0.234375000,1.444474550,0.309948628,1.171348713
0.65,146.043090647,60,1,0,0.230468750,1.461141217,0.309518992,1.172735824
0.65,146.484367640,59,1,0,0.226562500,1.478090369,0.306498963,1.182540907
0.65,146.875272158,58,1,0,0.222656250,1.495331748,0.303835072,1.191270252
0.65,147.440392506,57,1,0,0.218750000,1.512875608,0.300003091,1.203962502
0.65,147.582770523,56,1,0,0.214843750,1.530732751,0.299041249,1.207173760
0.65,148.354840805,55,1,0,0.210937500,1.548914569,0.293850983,1.224682501
0.65,148.446748501,54,1,0,0.207031250,1.567433088,0.293236019,1.226777468
0.65,148.682182650,53,1,0,0.203125000,1.586301012,0.291663531,1.232154434
0.65,148.794376855,52,1,0,0.199218750,1.605531781,0.290915608,1.234722060
0.65,150.119671782,51,1,0,0.195312500,1.625139624,0.282151623,1.265310684
0.65,150.184428286,50,1,0,0.191406250,1.645139624,0.281726778,1.266817550
0.65,151.212338452,49,1,0,0.187500000,1.665547788,0.275025857,1.290890161
0.65,153.322955771,48,1,0,0.183593750,1.686381121,0.261524210,1.341228417
0.65,153.621421429,47,1,0,0.179687500,1.707657717,0.259643396,1.348446143
0.65,154.103472465,46,1,0,0.175781250,1.729396847,0.256620821,1.360155689
0.65,155.601240790,45,1,0,0.171875000,1.751619069,0.247349935,1.396951205
0.65,156.834670019,44,1,0,0.167968750,1.774346342,0.239854093,1.427724486
0.65,159.874639002,43,1,0,0.164062500,1.797602156,0.221927146,1.505406120
0.65,165.502751802,42,1,0,0.160156250,1.821411680,0.190857323,1.656229128
0.65,169.615214006,41,1,0,0.156250000,1.845801924,0.169941135,1.772303169
0.65,170.101772108,40,1,0,0.152343750,1.870801924,0.167567477,1.786369160
0.65,170.904805616,39,1,0,0.148437500,1.896442950,0.163696772,1.809739512
0.65,171.183227527,38,1,0,0.144531250,1.922758739,0.162368380,1.817887576
0.65,171.666699305,37,1,0,0.140625000,1.949785766,0.160078340,1.832091961
0.65,171.783044304,36,1,0,0.136718750,1.977563544,0.159530412,1.835520703
0.65,173.350002005,35,1,0,0.132812500,2.006134972,0.152270168,1.882098913
0.65,173.413461982,34,1,0,0.128906250,2.035546737,0.151980816,1.884000977
0.65,175.063068706,33,1,0,0.125000000,2.065849767,0.144586843,1.933874964
0.65,176.485585338,32,1,0,0.121093750,2.097099767,0.138407572,1.977552525
0.65,176.645957348,31,1,0,0.117187500,2.129357832,0.137722330,1.982515720
0.65,177.229006518,30,1,0,0.113281250,2.162691165,0.135250475,2.000626846
0.65,177.712198683,29,1,0,0.109375000,2.197173924,0.133225006,2.015715806
0.65,177.960226265,28,1,0,0.105468750,2.232888210,0.132193407,2.023489225
0.65,181.730978598,27,1,0,0.101562500,2.269925247,0.117181533,2.144030982
0.65,181.754783352,26,1,0,0.097656250,2.308386785,0.117090736,2.144806127
0.65,181.843133660,25,1,0,0.093750000,2.348386785,0.116754177,2.147684604
0.65,183.463060791,24,1,0,0.089843750,2.390053452,0.110703520,2.200899640
0.65,186.213347964,23,1,0,0.085937500,2.433531713,0.100947100,2.293158664
0.65,187.326986137,22,1,0,0.082031250,2.478986258,0.097178541,2.331205362
0.65,187.873842391,21,1,0,0.078125000,2.526605306,0.095365853,2.350034703
0.65,187.901399885,20,1,0,0.074218750,2.576605306,0.095275163,2.350986119
0.65,188.802182290,19,1,0,0.070312500,2.629236885,0.092345270,2.382220796
0.65,190.299308941,18,1,0,0.066406250,2.684792440,0.087622561,2.434716769
0.65,191.300818063,17,1,0,0.062500000,2.743615970,0.084564356,2.470242421
0.65,195.396058557,16,1,0,0.058593750,2.806115970,0.072879758,2.618944346
0.65,196.221691722,15,1,0,0.054687500,2.872782636,0.070679643,2.649597686
0.65,198.250465516,14,1,0,0.050781250,2.944211208,0.065487941,2.725889266
0.65,200.002856732,13,1,0,0.046875000,3.021134285,0.061243165,2.792903032
0.65,213.002773608,12,1,0,0.042968750,3.104467618,0.036044099,3.323012108
0.65,213.357942194,11,1,0,0.039062500,3.195376709,0.035496330,3.338325980
0.65,216.336736108,10,1,0,0.035156250,3.295376709,0.031162583,3.468537178
0.65,220.372780689,9,1,0,0.031250000,3.406487820,0.025989441,3.650064951
0.65,231.982510582,8,1,0,0.027343750,3.531487820,0.014910801,4.205669461
0.65,243.687462799,7,1,0,0.023437500,3.674344963,0.008086011,4.817619772
0.65,256.456715946,6,1,0,0.019531250,3.841011629,0.003899752,5.546842395
0.65,256.826395577,5,1,0,0.015625000,4.041011629,0.003814535,5.568936418
0.65,258.571715259,4,1,0,0.011718750,4.291011629,0.003434088,5.674003807
0.65,269.290795088,3,1,0,0.007812500,4.624344963,0.001751889,6.347060645
0.65,270.100176832,2,1,0,0.003906250,5.124344963,0.001661812,6.399846707
0.65,388.334899047,1,1,0,0.000000000,6.124344963,0.000000027,17.431242620
0.75,37.649814896,256,1,0,0.996093750,0.003906250,0.978042988,0.022201655
0.75,41.155543535,255,1,0,0.992187500,0.007827819,0.969438531,0.031038210
0.75,42.343121343,254,1,0,0.988281250,0.011764827,0.966044427,0.034545455
0.75,44.149196675,253,1,0,0.984375000,0.015717396,0.960380511,0.040425707
0.75,50.253132384,252,1,0,0.980468750,0.019685650,0.936306321,0.065812590
0.75,51.070304641,251,1,0,0.976562500,0.023669713,0.932457767,0.069931418
0.75,52.976779639,250,1,0,0.972656250,0.027669713,0.922863639,0.080273793
0.75,53.156993477,249,1,0,0.968750000,0.031685778,0.921911274,0.081306293
0.75,53.719306550,248,1,0,0.964843750,0.035718036,0.918888318,0.084590690
0.75,54.772669606,247,1,0,0.960937500,0.039766619,0.913014014,0.091004049
0.75,55.154782193,246,1,0,0.957031250,0.043831659,0.910814138,0.093416422
0.75,55.218958630,245,1,0,0.953125000,0.047913292,0.910441036,0.093826142
0.75,55.538855578,244,1,0,0.949218750,0.052011653,0.908565621,0.095888163
0.75,55.681258923,243,1,0,0.945312500,0.056126879,0.907722375,0.096816701
0.75,57.982571568,242,1,0,0.941406250,0.060259110,0.893368196,0.112756470
0.75,58.310018379,241,1,0,0.937500000,0.064408488,0.891213178,0.115171623
0.75,58.365868580,240,1,0,0.933593750,0.068575155,0.890842782,0.115587318
0.75,59.138588703,239,1,0,0.929687500,0.072759255,0.885633139,0.121452479
0.75,59.223246954,238,1,0,0.925781250,0.076960936,0.885052711,0.122108076
0.75,59.314313060,237,1,0,0.921875000,0.081180345,0.884426212,0.122816192
0.75,59.329653607,236,1,0,0.917968750,0.085417633,0.884320457,0.122935774
0.75,59.392296618,235,1,0,0.914062500,0.089672952,0.883887954,0.123424973
0.75,59.419292623,234,1,0,0.910156250,0.093946457,0.883701243,0.123636234
0.75,60.399301953,233,1,0,0.906250000,0.098238302,0.876790842,0.131486808
0.75,60.490812823,232,1,0,0.902343750,0.102548647,0.876132369,0.132238093
0.75,60.952190551,231,1,0,0.898437500,0.106877651,0.872778029,0.136074018
0.75,61.681401738,230,1,0,0.894531250,0.111225477,0.867358840,0.142302501
0.75,62.743266239,229,1,0,0.890625000,0.115592290,0.859208748,0.151743374
0.75,63.340632192,228,1,0,0.886718750,0.119978254,0.854488480,0.157252258
0.75,63.418695201,227,1,0,0.882812500,0.124383541,0.853864430,0.157982845
0.75,63.807304407,226,1,0,0.878906250,0.128808320,0.850732984,0.161656967
0.75,64.256372952,225,1,0,0.875000000,0.133252764,0.847062827,0.165980411
0.75,64.295882247,224,1,0,0.871093750,0.137717050,0.846737280,0.166364810
0.75,64.596665715,223,1,0,0.867187500,0.142201355,0.844244867,0.169312699
0.75,64.845586527,222,1,0,0.863281250,0.146705859,0.842163457,0.171781154
0.75,65.901969794,221,1,0,0.859375000,0.151230746,0.833141346,0.182551968
0.75,66.052963441,220,1,0,0.855468750,0.155776201,0.831826817,0.184131013
0.75,66.823632005,219,1,0,0.851562500,0.160342411,0.825020407,0.192347157
0.75,67.443584764,218,1,0,0.847656250,0.164929567,0.819427501,0.199149351
0.75,67.540881408,217,1,0,0.843750000,0.169537862,0.818540243,0.200232717
0.75,67.550178176,216,1,0,0.839843750,0.174167491,0.818455330,0.200336459
0.75,67.668241559,215,1,0,0.835937500,0.178818654,0.817374945,0.201657361
0.75,67.770811257,214,1,0,0.832031250,0.183491551,0.816433268,0.202810099
0.75,68.032890977,213,1,0,0.828125000,0.188186387,0.814014192,0.205777478
0.75,68.239228323,212,1,0,0.824218750,0.192903368,0.812096543,0.208136051
0.75,68.414478632,211,1,0,0.820312500,0.197642704,0.810458764,0.210154816
0.75,69.233317471,210,1,0,0.816406250,0.202404609,0.802696672,0.219778380
0.75,69.718814464,209,1,0,0.812500000,0.207189298,0.798009459,0.225634829
0.75,70.234758712,208,1,0,0.808593750,0.211996991,0.792959364,0.231983302
0.75,70.759107977,207,1,0,0.804687500,0.216827908,0.787754654,0.238568590
0.75,70.897893158,206,1,0,0.800781250,0.221682277,0.786364921,0.240334319
0.75,70.952106705,205,1,0,0.796875000,0.226560326,0.785820674,0.241026663
0.75,71.190034981,204,1,0,0.792968750,0.231462287,0.783422997,0.244082503
0.75,71.648839318,203,1,0,0.789062500,0.236388395,0.778757663,0.250055369
0.75,72.055419060,202,1,0,0.785156250,0.241338890,0.774577597,0.255437434
0.75,72.458596209,201,1,0,0.781250000,0.246314015,0.770390327,0.260857975
0.75,72.460920674,200,1,0,0.777343750,0.251314015,0.770366064,0.260889469
0.75,72.514960999,199,1,0,0.773437500,0.256339140,0.769801610,0.261622447
0.75,73.326022657,198,1,0,0.769531250,0.261389645,0.761240487,0.272805956
0.75,73.869625527,197,1,0,0.765625000,0.266465788,0.755409409,0.280495414
0.75,73.879941329,196,1,0,0.761718750,0.271567828,0.755298038,0.280642855
0.75,74.314255229,195,1,0,0.757812500,0.276696033,0.750585123,0.286902212
0.75,74.329516341,194,1,0,0.753906250,0.281850673,0.750418669,0.287124003
0.75,74.600641479,193,1,0,0.750000000,0.287032020,0.747451906,0.291085316
0.75,74.731427758,192,1,0,0.746093750,0.292240353,0.746014332,0.293010467
0.75,74.855617085,191,1,0,0.742187500,0.297475955,0.744645397,0.294847151
0.75,74.901659659,190,1,0,0.738281250,0.302739113,0.744136915,0.295530235
0.75,75.096624857,189,1,0,0.734375000,0.308030118,0.741978056,0.298435610
0.75,75.391095531,188,1,0,0.730468750,0.313349267,0.738699917,0.302863507
0.75,75.423476984,187,1,0,0.726562500,0.318696861,0.738338161,0.303353347
0.75,75.969803834,186,1,0,0.722656250,0.324073205,0.732196950,0.311705744
0.75,75.991761844,185,1,0,0.718750000,0.329478610,0.731948638,0.312044934
0.75,76.096030103,184,1,0,0.714843750,0.334913393,0.730767966,0.313659290
0.75,76.201895538,183,1,0,0.710937500,0.340377874,0.729566586,0.315304640
0.75,77.183655175,182,1,0,0.707031250,0.345872379,0.718301006,0.330866570
0.75,77.310758396,181,1,0,0.703125000,0.351397241,0.716826299,0.332921728
0.75,77.603053223,180,1,0,0.699218750,0.356952797,0.713421084,0.337683453
0.75,77.655644503,179,1,0,0.695312500,0.362539389,0.712806355,0.338545487
0.75,77.660182082,178,1,0,0.691406250,0.368157367,0.712753287,0.338619939
0.75,77.729997578,177,1,0,0.687500000,0.373807084,0.711936200,0.339766979
0.75,77.899681591,176,1,0,0.683593750,0.379488902,0.709945758,0.342566709
0.75,78.131455549,175,1,0,0.679687500,0.385203188,0.707216647,0.346418229
0.75,78.242211626,174,1,0,0.675781250,0.390950314,0.705908319,0.348269909
0.75,78.440915850,173,1,0,0.671875000,0.396730661,0.703554345,0.351610157
0.75,78.483603750,172,1,0,0.667968750,0.402544615,0.703047512,0.352330805
0.75,78.828356886,171,1,0,0.664062500,0.408392568,0.698939795,0.358190671
0.75,78.881216552,170,1,0,0.660156250,0.414274921,0.698307710,0.359095428
0.75,78.899795041,169,1,0,0.656250000,0.420192081,0.698085411,0.359413819
0.75,80.207394162,168,1,0,0.652343750,0.426144462,0.682257193,0.382348576
0.75,80.268742258,167,1,0,0.648437500,0.432132486,0.681505939,0.383450314
0.75,80.319951357,166,1,0,0.644531250,0.438156582,0.680878263,0.384371751
0.75,80.922764721,165,1,0,0.640625000,0.444217188,0.673450232,0.395341181
0.75,81.028710549,164,1,0,0.636718750,0.450314749,0.672137349,0.397292570
0.75,81.208464167,163,1,0,0.632812500,0.456449718,0.669904862,0.400619573
0.75,81.343575619,162,1,0,0.628906250,0.462622558,0.668222724,0.403133742
0.75,81.350106281,161,1,0,0.625000000,0.468833738,0.668141329,0.403255558
0.75,81.481161734,160,1,0,0.621093750,0.475083738,0.666506195,0.405705845
0.75,82.313378164,159,1,0,0.617187500,0.481373046,0.656047918,0.421521447
0.75,82.676945170,158,1,0,0.613281250,0.487702160,0.651439395,0.428570910
0.75,82.685978574,157,1,0,0.609375000,0.494071587,0.651324589,0.428747160
0.75,82.968886588,156,1,0,0.605468750,0.500481843,0.647721843,0.434293930
0.75,83.869354379,155,1,0,0.601562500,0.506933456,0.636163398,0.452299834
0.75,83.962310718,154,1,0,0.597656250,0.513426963,0.634962520,0.454189305
0.75,84.149739402,153,1,0,0.593750000,0.519962910,0.632536925,0.458016680
0.75,84.422332925,152,1,0,0.589843750,0.526541858,0.628999161,0.463625356
0.75,84.633065331,151,1,0,0.585937500,0.533164374,0.626256241,0.467995662
0.75,84.984508038,150,1,0,0.582031250,0.539831041,0.621666629,0.475351296
0.75,85.342433743,149,1,0,0.578125000,0.546542450,0.616973309,0.482929515
0.75,86.194624892,148,1,0,0.574218750,0.553299207,0.605724888,0.501329377
0.75,86.297702677,147,1,0,0.570312500,0.560101928,0.604357526,0.503589326
0.75,86.554886564,146,1,0,0.566406250,0.566951243,0.600939739,0.509260617
0.75,86.846683638,145,1,0,0.562500000,0.573847795,0.597051554,0.515751815
0.75,87.130566207,144,1,0,0.558593750,0.580792239,0.593258501,0.522125054
0.75,87.641735341,143,1,0,0.554687500,0.587785246,0.586403890,0.533746495
0.75,87.878178656,142,1,0,0.550781250,0.594827500,0.583222924,0.539185791
0.75,88.739971285,141,1,0,0.546875000,0.601919698,0.571577001,0.559356069
0.75,88.962818296,140,1,0,0.542968750,0.609062556,0.568553021,0.564660705
0.75,89.067525762,139,1,0,0.539062500,0.616256800,0.567130486,0.567165868
0.75,89.122118841,138,1,0,0.535156250,0.623503177,0.566388376,0.568475259
0.75,89.169116398,137,1,0,0.531250000,0.630802447,0.565749289,0.569604251
0.75,89.240750914,136,1,0,0.527343750,0.638155388,0.564774780,0.571328247
0.75,89.248669411,135,1,0,0.523437500,0.645562796,0.564667028,0.571519053
0.75,89.354279639,134,1,0,0.519531250,0.653025482,0.563229365,0.574068336
0.75,89.524464884,133,1,0,0.515625000,0.660544279,0.560910499,0.578193925
0.75,89.648580446,132,1,0,0.511718750,0.668120037,0.559217719,0.581216402
0.75,90.099746592,131,1,0,0.507812500,0.675753625,0.553053209,0.592301062
0.75,90.113150616,130,1,0,0.503906250,0.683445932,0.552869804,0.592632740
0.75,90.479896759,129,1,0,0.500000000,0.691197870,0.547846152,0.601760775
0.75,90.751162330,128,1,0,0.496093750,0.699010370,0.544123803,0.608578478
0.75,91.192384837,127,1,0,0.492187500,0.706884386,0.538058159,0.619788622
0.75,91.399236926,126,1,0,0.488281250,0.714820894,0.535210053,0.625095986
0.75,91.870316751,125,1,0,0.484375000,0.722820894,0.528714170,0.637307314
0.75,92.180441632,124,1,0,0.480468750,0.730885410,0.524431011,0.645441393
0.75,92.588337275,123,1,0,0.476562500,0.739015491,0.518790266,0.656255590
0.75,93.138160759,122,1,0,0.472656250,0.747212213,0.511175453,0.671042394
0.75,93.212331871,121,1,0,0.468750000,0.755476675,0.510147340,0.673055693
0.75,93.332330121,120,1,0,0.464843750,0.763810009,0.508483604,0.676322309
0.75,93.427697268,119,1,0,0.460937500,0.772213370,0.507161035,0.678926703
0.75,94.186488068,118,1,0,0.457031250,0.780687946,0.496629085,0.699911840
0.75,94.608748318,117,1,0,0.453125000,0.789234955,0.490762956,0.711794045
0.75,94.928968174,116,1,0,0.449218750,0.797855645,0.486312854,0.720903131
0.75,94.941934406,115,1,0,0.445312500,0.806551297,0.486132642,0.721273766
0.75,95.338758644,114,1,0,0.441406250,0.815323227,0.480616955,0.732684678
0.75,95.412857008,113,1,0,0.437500000,0.824172784,0.479586974,0.734830017
0.75,95.806385356,112,1,0,0.433593750,0.833101356,0.474117042,0.746301063
0.75,95.890823619,111,1,0,0.429687500,0.842110365,0.472943474,0.748779403
0.75,96.112913356,110,1,0,0.425781250,0.851201274,0.469857045,0.755326789
0.75,96.234733499,109,1,0,0.421875000,0.860375586,0.468164314,0.758935947
0.75,96.471631582,108,1,0,0.417968750,0.869634845,0.464873131,0.765990748
0.75,96.664951933,107,1,0,0.414062500,0.878980639,0.462188070,0.771783392
0.75,96.714153711,106,1,0,0.410156250,0.888414602,0.461504815,0.773262793
0.75,96.811642240,105,1,0,0.406250000,0.897938411,0.460151162,0.776200230
0.75,97.208521015,104,1,0,0.402343750,0.907553796,0.454642779,0.788243269
0.75,97.490988118,103,1,0,0.398437500,0.917262534,0.450725068,0.796897732
0.75,97.807668077,102,1,0,0.394531250,0.927066455,0.446336034,0.806683172
0.75,98.210624443,101,1,0,0.390625000,0.936967445,0.440756912,0.819261775
0.75,98.262980089,100,1,0,0.386718750,0.946967445,0.440032538,0.820906604
0.75,98.516987018,99,1,0,0.382812500,0.957068455,0.436520018,0.828921045
0.75,98.761921423,98,1,0,0.378906250,0.967272537,0.433136006,0.836703498
0.75,99.040573024,97,1,0,0.375000000,0.977581815,0.429290103,0.845622357
0.75,99.148385633,96,1,0,0.371093750,0.987998482,0.427803288,0.849091796
0.75,99.962827788,95,1,0,0.367187500,0.998524798,0.416595514,0.875639519
0.75,100.083744011,94,1,0,0.363281250,1.009163096,0.414935475,0.879632253
0.75,100.384817810,93,1,0,0.359375000,1.019915784,0.410806909,0.889631983
0.75,100.479501970,92,1,0,0.355468750,1.030785349,0.409509998,0.892793960
0.75,100.589310351,91,1,0,0.351562500,1.041774360,0.408006841,0.896471337
0.75,100.594312253,90,1,0,0.347656250,1.052885471,0.407938394,0.896639110
0.75,101.014435138,89,1,0,0.343750000,1.064121426,0.402196977,0.910813317
0.75,102.058053054,88,1,0,0.339843750,1.075485062,0.388005903,0.946734725
0.75,102.850324316,87,1,0,0.335937500,1.086979315,0.377308845,0.974691209
0.75,102.872234496,86,1,0,0.332031250,1.098607222,0.377014040,0.975472851
0.75,102.985542785,85,1,0,0.328125000,1.110371928,0.375490369,0.979522457
0.75,103.342297753,84,1,0,0.324218750,1.122276690,0.370703243,0.992353420
0.75,103.345526167,83,1,0,0.320312500,1.134324883,0.370659995,0.992470093
0.75,104.272088947,82,1,0,0.316406250,1.146520005,0.358303848,1.026373915
0.75,104.483388791,81,1,0,0.312500000,1.158865684,0.355502457,1.034223118
0.75,104.483536540,80,1,0,0.308593750,1.171365684,0.355500500,1.034228622
0.75,105.419690890,79,1,0,0.304687500,1.184023912,0.343167843,1.069535613
0.75,106.241389269,78,1,0,0.300781250,1.196844425,0.332455834,1.101248259
0.75,106.299477015,77,1,0,0.296875000,1.209831438,0.331702792,1.103515915
0.75,106.365958588,76,1,0,0.292968750,1.222989332,0.330841636,1.106115459
0.75,107.095527650,75,1,0,0.289062500,1.236322666,0.321441666,1.134939194
0.75,107.139159481,74,1,0,0.285156250,1.249836179,0.320882493,1.136680289
0.75,107.173639751,73,1,0,0.281250000,1.263534809,0.320440847,1.138057584
0.75,107.698653830,72,1,0,0.277343750,1.277423698,0.313743119,1.159180720
0.75,107.881718004,71,1,0,0.273437500,1.291508205,0.311419856,1.166613259
0.75,108.188186705,70,1,0,0.269531250,1.305793919,0.307544847,1.179134359
0.75,108.215137881,69,1,0,0.265625000,1.320286673,0.307204946,1.180240178
0.75,108.391670440,68,1,0,0.261718750,1.334992555,0.304982090,1.187502225
0.75,108.547649241,67,1,0,0.257812500,1.349917929,0.303023171,1.193946004
0.75,109.773358518,66,1,0,0.253906250,1.365069444,0.287802768,1.245479868
0.75,109.843963015,65,1,0,0.250000000,1.380454059,0.286935664,1.248497256
0.75,110.386738472,64,1,0,0.246093750,1.396079059,0.280306073,1.271873156
0.75,110.445732284,63,1,0,0.242187500,1.411952075,0.279589428,1.274433080
0.75,111.437848359,62,1,0,0.238281250,1.428081107,0.267655812,1.318053407
0.75,111.465340253,61,1,0,0.234375000,1.444474550,0.267328368,1.319277533
0.75,112.672331172,60,1,0,0.230468750,1.461141217,0.253130840,1.373848771
0.75,112.992268885,59,1,0,0.226562500,1.478090369,0.249427341,1.388587623
0.75,113.088522325,58,1,0,0.222656250,1.495331748,0.248318162,1.393044443
0.75,113.298688883,57,1,0,0.218750000,1.512875608,0.245904440,1.402812275
0.75,113.693698288,56,1,0,0.214843750,1.530732751,0.241398316,1.421306945
0.75,114.627047735,55,1,0,0.210937500,1.548914569,0.230912144,1.465717968
0.75,114.704144478,54,1,0,0.207031250,1.567433088,0.230056257,1.469431405
0.75,114.827795314,53,1,0,0.203125000,1.586301012,0.228686872,1.475401583
0.75,114.938298618,52,1,0,0.199218750,1.605531781,0.227466565,1.480752017
0.75,115.666477420,51,1,0,0.195312500,1.625139624,0.219508000,1.516366600
0.75,115.982618869,50,1,0,0.191406250,1.645139624,0.216098066,1.532022965
0.75,116.196573241,49,1,0,0.187500000,1.665547788,0.213806085,1.542685818
0.75,116.254704386,48,1,0,0.183593750,1.686381121,0.213185566,1.545592292
0.75,116.269164200,47,1,0,0.179687500,1.707657717,0.213031362,1.546315885
0.75,116.495977326,46,1,0,0.175781250,1.729396847,0.210620238,1.557698587
0.75,117.390191620,45,1,0,0.171875000,1.751619069,0.201256442,1.603175354
0.75,117.844362889,44,1,0,0.167968750,1.774346342,0.196588488,1.626642629
0.75,119.430203674,43,1,0,0.164062500,1.797602156,0.180763562,1.710565388
0.75,120.238960801,42,1,0,0.160156250,1.821411680,0.172981973,1.754567893
0.75,120.690475420,41,1,0,0.156250000,1.845801924,0.168723810,1.779492158
0.75,121.199544593,40,1,0,0.152343750,1.870801924,0.163997477,1.807904234
0.75,121.259597281,39,1,0,0.148437500,1.896442950,0.163445168,1.811277708
0.75,122.132198938,38,1,0,0.144531250,1.922758739,0.155545086,1.860819645
0.75,126.590503268,37,1,0,0.140625000,1.949785766,0.118881931,2.129624453
0.75,126.659449213,36,1,0,0.136718750,1.977563544,0.118363754,2.133992735
0.75,126.682136785,35,1,0,0.132812500,2.006134972,0.118193565,2.135431613
0.75,126.871832710,34,1,0,0.128906250,2.035546737,0.116776866,2.147490296
0.75,126.974795790,33,1,0,0.125000000,2.065849767,0.116012609,2.154056398
0.75,127.000470568,32,1,0,0.121093750,2.097099767,0.115822549,2.155696009
0.75,127.807196808,31,1,0,0.117187500,2.129357832,0.109955172,2.207682520
0.75,127.811442140,30,1,0,0.113281250,2.162691165,0.109924831,2.207958505
0.75,128.448750573,29,1,0,0.109375000,2.197173924,0.105433214,2.249677566
0.75,129.231102476,28,1,0,0.105468750,2.232888210,0.100090616,2.301679345
0.75,129.460407408,27,1,0,0.101562500,2.269925247,0.098560301,2.317086728
0.75,130.211497388,26,1,0,0.097656250,2.308386785,0.093659977,2.368084323
0.75,130.602924158,25,1,0,0.093750000,2.348386785,0.091173981,2.394985717
0.75,130.859057568,24,1,0,0.089843750,2.390053452,0.089572234,2.412709891
0.75,130.958915661,23,1,0,0.085937500,2.433531713,0.088953102,2.419645996
0.75,131.037307419,22,1,0,0.082031250,2.478986258,0.088469156,2.425101307
0.75,131.320768953,21,1,0,0.078125000,2.526605306,0.086734557,2.444902894
0.75,131.941293585,20,1,0,0.074218750,2.576605306,0.083020757,2.488664618
0.75,132.043000892,19,1,0,0.070312500,2.629236885,0.082422908,2.495891875
0.75,133.459723592,18,1,0,0.066406250,2.684792440,0.074409332,2.598173909
0.75,135.582649967,17,1,0,0.062500000,2.743615970,0.063471863,2.757158581
0.75,137.266823343,16,1,0,0.058593750,2.806115970,0.055672087,2.888276390
0.75,138.238252048,15,1,0,0.054687500,2.872782636,0.051511259,2.965954867
0.75,141.101630973,14,1,0,0.050781250,2.944211208,0.040605461,3.203852723
0.75,142.918890795,13,1,0,0.046875000,3.021134285,0.034668549,3.361922374
0.75,143.392602399,12,1,0,0.042968750,3.104467618,0.033238361,3.404050630
0.75,147.472168683,11,1,0,0.039062500,3.195376709,0.022752420,3.783083775
0.75,148.600406949,10,1,0,0.035156250,3.295376709,0.020380823,3.893160872
0.75,149.322036318,9,1,0,0.031250000,3.406487820,0.018972044,3.964788774
0.75,151.177413947,8,1,0,0.027343750,3.531487820,0.015711043,4.153391462
0.75,152.244407948,7,1,0,0.023437500,3.674344963,0.014054805,4.264790931
0.75,154.391913377,6,1,0,0.019531250,3.841011629,0.011157612,4.495633317
0.75,160.870838262,5,1,0,0.015625000,4.041011629,0.005259099,5.247795505
0.75,161.657721789,4,1,0,0.011718750,4.291011629,0.004771705,5.345051600
0.75,162.348788013,3,1,0,0.007812500,4.624344963,0.004376304,5.431550844
0.75,172.171791361,2,1,0,0.003906250,5.124344963,0.001141465,6.775442827
0.75,177.109964403,1,1,0,0.000000000,6.124344963,0.000533395,7.536248772
0.85,36.729171558,256,1,0,0.996093750,0.003906250,0.969260202,0.031222176
0.85,40.626004235,255,1,0,0.992187500,0.007827819,0.954635621,0.046425560
0.85,42.821050146,254,1,0,0.988281250,0.011764827,0.944495638,0.057104210
0.85,42.976343041,253,1,0,0.984375000,0.015717396,0.943722317,0.057923312
0.85,43.462311314,252,1,0,0.980468750,0.019685650,0.941253035,0.060543275
0.85,44.264059173,251,1,0,0.976562500,0.023669713,0.937013509,0.065057579
0.85,45.261076022,250,1,0,0.972656250,0.027669713,0.931446909,0.071016085
0.85,45.586017294,249,1,0,0.968750000,0.031685778,0.929560692,0.073043179
0.85,46.507602944,248,1,0,0.964843750,0.035718036,0.924014612,0.079027393
0.85,47.645478423,247,1,0,0.960937500,0.039766619,0.916757954,0.086911796
0.85,47.779007499,246,1,0,0.957031250,0.043831659,0.915876236,0.087874037
0.85,47.842982728,245,1,0,0.953125000,0.047913292,0.915451529,0.088337862
0.85,47.913191109,244,1,0,0.949218750,0.052011653,0.914983748,0.088848976
0.85,50.763285919,243,1,0,0.945312500,0.056126879,0.894466830,0.111527459
0.85,51.288138543,242,1,0,0.941406250,0.060259110,0.890356456,0.116133384
0.85,51.707081981,241,1,0,0.937500000,0.064408488,0.886999806,0.119910515
0.85,51.873977785,240,1,0,0.933593750,0.068575155,0.885643788,0.121440455
0.85,51.932243647,239,1,0,0.929687500,0.072759255,0.885167848,0.121977993
0.85,52.344829516,238,1,0,0.925781250,0.076960936,0.881760071,0.125835288
0.85,52.381750953,237,1,0,0.921875000,0.081180345,0.881451897,0.126184849
0.85,52.583403936,236,1,0,0.917968750,0.085417633,0.879759388,0.128106832
0.85,52.874265884,235,1,0,0.914062500,0.089672952,0.877290209,0.130917430
0.85,53.085206621,234,1,0,0.910156250,0.093946457,0.875478807,0.132984334
0.85,53.412583227,233,1,0,0.906250000,0.098238302,0.872632994,0.136240208
0.85,54.867262231,232,1,0,0.902343750,0.102548647,0.859476452,0.151431852
0.85,56.592075605,231,1,0,0.898437500,0.106877651,0.842786040,0.171042162
0.85,56.849737938,230,1,0,0.894531250,0.111225477,0.840190595,0.174126514
0.85,56.946684389,229,1,0,0.890625000,0.115592290,0.839207164,0.175297685
0.85,57.484222417,228,1,0,0.886718750,0.119978254,0.833686026,0.181898415
0.85,57.649167807,227,1,0,0.882812500,0.124383541,0.831968637,0.183960534
0.85,57.652717768,226,1,0,0.878906250,0.128808320,0.831931556,0.184005106
0.85,58.025654434,225,1,0,0.875000000,0.133252764,0.828007895,0.188732590
0.85,58.175276994,224,1,0,0.871093750,0.137717050,0.826418069,0.190654496
0.85,58.329918248,223,1,0,0.867187500,0.142201355,0.824765506,0.192656168
0.85,58.833330353,222,1,0,0.863281250,0.146705859,0.819319622,0.199281012
0.85,59.169183934,221,1,0,0.859375000,0.151230746,0.815630124,0.203794306
0.85,59.363987450,220,1,0,0.855468750,0.155776201,0.813469529,0.206446810
0.85,60.717757782,219,1,0,0.851562500,0.160342411,0.798038836,0.225598016
0.85,61.182437554,218,1,0,0.847656250,0.164929567,0.792575660,0.232467308
0.85,61.323329264,217,1,0,0.843750000,0.169537862,0.790902509,0.234580569
0.85,61.469272171,216,1,0,0.839843750,0.174167491,0.789161202,0.236784668
0.85,61.573678556,215,1,0,0.835937500,0.178818654,0.787910391,0.238370913
0.85,61.880771586,214,1,0,0.832031250,0.183491551,0.784206789,0.243082532
0.85,62.606241431,213,1,0,0.828125000,0.188186387,0.775312705,0.254488841
0.85,62.748730805,212,1,0,0.824218750,0.192903368,0.773542067,0.256775225
0.85,62.865058359,211,1,0,0.820312500,0.197642704,0.772090779,0.258653146
0.85,62.964424548,210,1,0,0.816406250,0.202404609,0.770847015,0.260265349
0.85,63.142190061,209,1,0,0.812500000,0.207189298,0.768612565,0.263168253
0.85,63.259789297,208,1,0,0.808593750,0.211996991,0.767127798,0.265101871
0.85,63.335214287,207,1,0,0.804687500,0.216827908,0.766172756,0.266347605
0.85,63.559825347,206,1,0,0.800781250,0.221682277,0.763315987,0.270083196
0.85,63.775804441,205,1,0,0.796875000,0.226560326,0.760551126,0.273711943
0.85,63.873376391,204,1,0,0.792968750,0.231462287,0.759296330,0.275363156
0.85,64.071096149,203,1,0,0.789062500,0.236388395,0.756742727,0.278731942
0.85,64.776486813,202,1,0,0.785156250,0.241338890,0.747514577,0.291001472
0.85,64.881572628,201,1,0,0.781250000,0.246314015,0.746124188,0.292863221
0.85,65.013193768,200,1,0,0.777343750,0.251314015,0.744377042,0.295207596
0.85,65.517558931,199,1,0,0.773437500,0.256339140,0.737624116,0.304320912
0.85,65.558931138,198,1,0,0.769531250,0.261389645,0.737066133,0.305077659
0.85,65.791523078,197,1,0,0.765625000,0.266465788,0.733917834,0.309358200
0.85,65.803506178,196,1,0,0.761718750,0.271567828,0.733755113,0.309579939
0.85,65.989540492,195,1,0,0.757812500,0.276696033,0.731222412,0.313037608
0.85,66.162363326,194,1,0,0.753906250,0.281850673,0.728858654,0.316275456
0.85,66.172289906,193,1,0,0.750000000,0.287032020,0.728722567,0.316462186
0.85,66.384594407,192,1,0,0.746093750,0.292240353,0.725803761,0.320475602
0.85,66.464281163,191,1,0,0.742187500,0.297475955,0.724704162,0.321991760
0.85,67.264813021,190,1,0,0.738281250,0.302739113,0.713536566,0.337521594
0.85,67.393788295,189,1,0,0.734375000,0.308030118,0.711716995,0.340074926
0.85,67.407691257,188,1,0,0.730468750,0.313349267,0.711520520,0.340351021
0.85,67.969640805,187,1,0,0.726562500,0.318696861,0.703525412,0.351651281
0.85,68.176230601,186,1,0,0.722656250,0.324073205,0.700560097,0.355875125
0.85,68.191137164,185,1,0,0.718750000,0.329478610,0.700345598,0.356181354
0.85,68.482562847,184,1,0,0.714843750,0.334913393,0.696137720,0.362207765
0.85,68.577896698,183,1,0,0.710937500,0.340377874,0.694755297,0.364195587
0.85,68.662154089,182,1,0,0.707031250,0.345872379,0.693531087,0.365959214
0.85,68.888361678,181,1,0,0.703125000,0.351397241,0.690233335,0.370725572
0.85,69.066602579,180,1,0,0.699218750,0.356952797,0.687623569,0.374513728
0.85,69.389509951,179,1,0,0.695312500,0.362539389,0.682870585,0.381449918
0.85,69.401876517,178,1,0,0.691406250,0.368157367,0.682687921,0.381717448
0.85,69.610408816,177,1,0,0.687500000,0.373807084,0.679600740,0.386249801
0.85,69.677350350,176,1,0,0.683593750,0.379488902,0.678606928,0.387713218
0.85,69.970733279,175,1,0,0.679687500,0.385203188,0.674235563,0.394175729
0.85,70.380105099,174,1,0,0.675781250,0.390950314,0.668093576,0.403327032
0.85,70.392708314,173,1,0,0.671875000,0.396730661,0.667903711,0.403611261
0.85,70.577383158,172,1,0,0.667968750,0.402544615,0.665116395,0.407793224
0.85,71.060175372,171,1,0,0.664062500,0.408392568,0.657783947,0.418878750
0.85,71.208220014,170,1,0,0.660156250,0.414274921,0.655522516,0.422322627
0.85,71.215610145,169,1,0,0.656250000,0.420192081,0.655409472,0.422495090
0.85,71.306933842,168,1,0,0.652343750,0.426144462,0.654011297,0.424630654
0.85,71.358420419,167,1,0,0.648437500,0.432132486,0.653222033,0.425838188
0.85,71.671853339,166,1,0,0.644531250,0.438156582,0.648401881,0.433244589
0.85,71.744006865,165,1,0,0.640625000,0.444217188,0.647288560,0.434963087
0.85,71.744295883,164,1,0,0.636718750,0.450314749,0.647284098,0.434969981
0.85,72.076166069,163,1,0,0.632812500,0.456449718,0.642145822,0.442939864
0.85,72.087915358,162,1,0,0.628906250,0.462622558,0.641963388,0.443224005
0.85,72.211379959,161,1,0,0.625000000,0.468833738,0.640044188,0.446218062
0.85,72.466633322,160,1,0,0.621093750,0.475083738,0.636064158,0.452455843
0.85,72.543895848,159,1,0,0.617187500,0.481373046,0.634856233,0.454356711
0.85,72.761864082,158,1,0,0.613281250,0.487702160,0.631440583,0.459751430
0.85,72.927304547,157,1,0,0.609375000,0.494071587,0.628840352,0.463877866
0.85,72.938098097,156,1,0,0.605468750,0.500481843,0.628670481,0.464148037
0.85,73.200341219,155,1,0,0.601562500,0.506933456,0.624534747,0.470748311
0.85,73.249654391,154,1,0,0.597656250,0.513426963,0.623755242,0.471997228
0.85,73.698420870,153,1,0,0.593750000,0.519962910,0.616635811,0.483476687
0.85,73.786247577,152,1,0,0.589843750,0.526541858,0.615237176,0.485747434
0.85,73.795869231,151,1,0,0.585937500,0.533164374,0.615083848,0.485996683
0.85,73.990300069,150,1,0,0.582031250,0.539831041,0.611981096,0.491053886
0.85,74.440710709,149,1,0,0.578125000,0.546542450,0.604762227,0.502919911
0.85,74.443081221,148,1,0,0.574218750,0.553299207,0.604724122,0.502982922
0.85,74.623594785,147,1,0,0.570312500,0.560101928,0.601819022,0.507798507
0.85,74.646939851,146,1,0,0.566406250,0.566951243,0.601442833,0.508423788
0.85,74.996826032,145,1,0,0.562500000,0.573847795,0.595791673,0.517864214
0.85,75.052581118,144,1,0,0.558593750,0.580792239,0.594888935,0.519380555
0.85,75.286758338,143,1,0,0.554687500,0.587785246,0.591090859,0.525785536
0.85,75.534398325,142,1,0,0.550781250,0.594827500,0.587063298,0.532622632
0.85,75.670745354,141,1,0,0.546875000,0.601919698,0.584841023,0.536415224
0.85,75.981122157,140,1,0,0.542968750,0.609062556,0.579770081,0.545123666
0.85,76.041858750,139,1,0,0.539062500,0.616256800,0.578775826,0.546840051
0.85,76.065108687,138,1,0,0.535156250,0.623503177,0.578395061,0.547498148
0.85,76.079386141,137,1,0,0.531250000,0.630802447,0.578161193,0.547902568
0.85,76.121174556,136,1,0,0.527343750,0.638155388,0.577476494,0.549087540
0.85,76.244099085,135,1,0,0.523437500,0.645562796,0.575460709,0.552584326
0.85,76.501140799,134,1,0,0.519531250,0.653025482,0.571237659,0.559949941
0.85,76.619815202,133,1,0,0.515625000,0.660544279,0.569284374,0.563375191
0.85,76.781378541,132,1,0,0.511718750,0.668120037,0.566621688,0.568063415
0.85,76.787046601,131,1,0,0.507812500,0.675753625,0.566528202,0.568228416
0.85,77.170552889,130,1,0,0.503906250,0.683445932,0.560191906,0.579475864
0.85,77.697395505,129,1,0,0.500000000,0.691197870,0.551454046,0.595196770
0.85,77.948716736,128,1,0,0.496093750,0.699010370,0.547273171,0.602807202
0.85,78.279359558,127,1,0,0.492187500,0.706884386,0.541761240,0.612929892
0.85,78.281054659,126,1,0,0.488281250,0.714820894,0.541732950,0.612982112
0.85,78.376245078,125,1,0,0.484375000,0.722820894,0.540143773,0.615919929
0.85,78.912633463,124,1,0,0.480468750,0.730885410,0.531171142,0.632671008
0.85,79.050798240,123,1,0,0.476562500,0.739015491,0.528855370,0.637040287
0.85,79.128593680,122,1,0,0.472656250,0.747212213,0.527550678,0.639510346
0.85,79.224558152,121,1,0,0.468750000,0.755476675,0.525940539,0.642567117
0.85,80.274571127,120,1,0,0.464843750,0.763810009,0.508276372,0.676729939
0.85,80.567155382,119,1,0,0.460937500,0.772213370,0.503341696,0.686486024
0.85,80.592190447,118,1,0,0.457031250,0.780687946,0.502919254,0.687325651
0.85,80.811319678,117,1,0,0.453125000,0.789234955,0.499220428,0.694707541
0.85,80.934216104,116,1,0,0.449218750,0.797855645,0.497145077,0.698873390
0.85,81.219963900,115,1,0,0.445312500,0.806551297,0.492317495,0.708631456
0.85,81.762642696,114,1,0,0.441406250,0.815323227,0.483142882,0.727442846
0.85,81.811494306,113,1,0,0.437500000,0.824172784,0.482316705,0.729154316
0.85,81.933661905,112,1,0,0.433593750,0.833101356,0.480250476,0.733447486
0.85,81.964951345,111,1,0,0.429687500,0.842110365,0.479721249,0.734550075
0.85,82.121941610,110,1,0,0.425781250,0.851201274,0.477065813,0.740100826
0.85,82.186455989,109,1,0,0.421875000,0.860375586,0.475974534,0.742390925
0.85,82.186928550,108,1,0,0.417968750,0.869634845,0.475966541,0.742407720
0.85,82.337402496,107,1,0,0.414062500,0.878980639,0.473421202,0.747769797
0.85,82.487463940,106,1,0,0.410156250,0.888414602,0.470882876,0.753145887
0.85,82.775372958,105,1,0,0.406250000,0.897938411,0.466013281,0.763541146
0.85,82.899369585,104,1,0,0.402343750,0.907553796,0.463916367,0.768050986
0.85,83.024052141,103,1,0,0.398437500,0.917262534,0.461808131,0.772605776
0.85,83.049250629,102,1,0,0.394531250,0.927066455,0.461382092,0.773528746
0.85,83.158532572,101,1,0,0.390625000,0.936967445,0.459534599,0.777541043
0.85,83.286705351,100,1,0,0.386718750,0.946967445,0.457368131,0.782266675
0.85,83.729874040,99,1,0,0.382812500,0.957068455,0.449881446,0.798771184
0.85,83.838315107,98,1,0,0.378906250,0.967272537,0.448050652,0.802848989
0.85,84.280953368,97,1,0,0.375000000,0.977581815,0.440583566,0.819655144
0.85,84.346104820,96,1,0,0.371093750,0.987998482,0.439485394,0.822150796
0.85,84.581733184,95,1,0,0.367187500,0.998524798,0.435515902,0.831223969
0.85,84.591348874,94,1,0,0.363281250,1.009163096,0.435353988,0.831595813
0.85,84.855560783,93,1,0,0.359375000,1.019915784,0.430907582,0.841861640
0.85,85.106502836,92,1,0,0.355468750,1.030785349,0.426689325,0.851699107
0.85,86.218162559,91,1,0,0.351562500,1.041774360,0.408071291,0.896313388
0.85,86.721742446,90,1,0,0.347656250,1.052885471,0.399681567,0.917087131
0.85,86.863781561,89,1,0,0.343750000,1.064121426,0.397320937,0.923010920
0.85,86.954618847,88,1,0,0.339843750,1.075485062,0.395812664,0.926814252
0.85,86.976916670,87,1,0,0.335937500,1.086979315,0.395442598,0.927749639
0.85,87.060540079,86,1,0,0.332031250,1.098607222,0.394055353,0.931263890
0.85,87.091310244,85,1,0,0.328125000,1.110371928,0.393545144,0.932559494
0.85,87.694996468,84,1,0,0.324218750,1.122276690,0.383563084,0.958251175
0.85,87.793859570,83,1,0,0.320312500,1.134324883,0.381933656,0.962508361
0.85,87.922434610,82,1,0,0.316406250,1.146520005,0.379816868,0.968066069
0.85,88.087477034,81,1,0,0.312500000,1.158865684,0.377103674,0.975235131
0.85,88.174551853,80,1,0,0.308593750,1.171365684,0.375674058,0.979033378
0.85,88.266539376,79,1,0,0.304687500,1.184023912,0.374165191,0.983057892
0.85,88.399722444,78,1,0,0.300781250,1.196844425,0.371983200,0.988906586
0.85,88.449693333,77,1,0,0.296875000,1.209831438,0.371165314,0.991107724
0.85,88.470456179,76,1,0,0.292968750,1.222989332,0.370825615,0.992023368
0.85,88.669166179,75,1,0,0.289062500,1.236322666,0.367578474,1.000818449
0.85,88.810999554,74,1,0,0.285156250,1.249836179,0.365265207,1.007131594
0.85,89.213416197,73,1,0,0.281250000,1.263534809,0.358722815,1.025205290
0.85,89.575194951,72,1,0,0.277343750,1.277423698,0.352868674,1.041659320
0.85,89.744581231,71,1,0,0.273437500,1.291508205,0.350137098,1.049430492
0.85,89.834312502,70,1,0,0.269531250,1.305793919,0.348692548,1.053564696
0.85,90.818644179,69,1,0,0.265625000,1.320286673,0.332965037,1.099717787
0.85,91.392009565,68,1,0,0.261718750,1.334992555,0.323910849,1.127286959
0.85,91.990640268,67,1,0,0.257812500,1.349917929,0.314548303,1.156617630
0.85,92.188301862,66,1,0,0.253906250,1.365069444,0.311478135,1.166426137
0.85,92.582079677,65,1,0,0.250000000,1.380454059,0.305394400,1.186151223
0.85,92.888632902,64,1,0,0.246093750,1.396079059,0.300689098,1.201678446
0.85,93.288122009,63,1,0,0.242187500,1.411952075,0.294599093,1.222139854
0.85,93.555151751,62,1,0,0.238281250,1.428081107,0.290555412,1.235960973
0.85,93.576978546,61,1,0,0.234375000,1.444474550,0.290225860,1.237095831
0.85,93.775338171,60,1,0,0.230468750,1.461141217,0.287237765,1.247444955
0.85,94.188257466,59,1,0,0.226562500,1.478090369,0.281057670,1.269195398
0.85,94.236303972,58,1,0,0.222656250,1.495331748,0.280342143,1.271744482
0.85,94.283318616,57,1,0,0.218750000,1.512875608,0.279642713,1.274242516
0.85,95.147913938,56,1,0,0.214843750,1.530732751,0.266911820,1.320836937
0.85,95.165696823,55,1,0,0.210937500,1.548914569,0.266652645,1.321808424
0.85,95.358331366,54,1,0,0.207031250,1.567433088,0.263852163,1.332366320
0.85,95.382147672,53,1,0,0.203125000,1.586301012,0.263506828,1.333675997
0.85,95.579850413,52,1,0,0.199218750,1.605531781,0.260647874,1.344584923
0.85,95.851500375,51,1,0,0.195312500,1.625139624,0.256742276,1.359682513
0.85,96.543879035,50,1,0,0.191406250,1.645139624,0.246909133,1.398734893
0.85,97.185873480,49,1,0,0.187500000,1.665547788,0.237951777,1.435687245
0.85,97.280586708,48,1,0,0.183593750,1.686381121,0.236643660,1.441199812
0.85,97.402695548,47,1,0,0.179687500,1.707657717,0.234962311,1.448330155
0.85,97.574565907,46,1,0,0.175781250,1.729396847,0.232605643,1.458410777
0.85,97.654119511,45,1,0,0.171875000,1.751619069,0.231518738,1.463094468
0.85,98.073455840,44,1,0,0.167968750,1.774346342,0.225830982,1.487968428
0.85,98.599851671,43,1,0,0.164062500,1.797602156,0.218791132,1.519637738
0.85,98.704750416,42,1,0,0.160156250,1.821411680,0.217401741,1.526008297
0.85,99.196357368,41,1,0,0.156250000,1.845801924,0.210950946,1.556129656
0.85,99.281086071,40,1,0,0.152343750,1.870801924,0.209849317,1.561365545
0.85,99.290020540,39,1,0,0.148437500,1.896442950,0.209733328,1.561918423
0.85,100.215443277,38,1,0,0.144531250,1.922758739,0.197902566,1.619980461
0.85,101.170297089,37,1,0,0.140625000,1.949785766,0.186083275,1.681560993
0.85,101.335324411,36,1,0,0.136718750,1.977563544,0.184081198,1.692378328
0.85,101.706113311,35,1,0,0.132812500,2.006134972,0.179627086,1.716872322
0.85,101.753721669,34,1,0,0.128906250,2.035546737,0.179059642,1.720036333
0.85,103.355457850,33,1,0,0.125000000,2.065849767,0.160566892,1.829044648
0.85,103.478424993,32,1,0,0.121093750,2.097099767,0.159195699,1.837621020
0.85,103.509548738,31,1,0,0.117187500,2.129357832,0.158849749,1.839796501
0.85,103.914061844,30,1,0,0.113281250,2.162691165,0.154394210,1.868246141
0.85,104.292950193,29,1,0,0.109375000,2.197173924,0.150289784,1.895189959
0.85,106.206551074,28,1,0,0.105468750,2.232888210,0.130585696,2.035725593
0.85,106.668653182,27,1,0,0.101562500,2.269925247,0.126085358,2.070796157
0.85,107.426526311,26,1,0,0.097656250,2.308386785,0.118922071,2.129286862
0.85,108.888525302,25,1,0,0.093750000,2.348386785,0.105864927,2.245591274
0.85,109.292446903,24,1,0,0.089843750,2.390053452,0.102433375,2.278542691
0.85,110.032667623,23,1,0,0.085937500,2.433531713,0.096340803,2.339863339
0.85,110.617749289,22,1,0,0.082031250,2.478986258,0.091703354,2.389196327
0.85,111.948257029,21,1,0,0.078125000,2.526605306,0.081735466,2.504267268
0.85,114.291235175,20,1,0,0.074218750,2.576605306,0.066080018,2.716888880
0.85,114.621815620,19,1,0,0.070312500,2.629236885,0.064059840,2.747937639
0.85,115.410960245,18,1,0,0.066406250,2.684792440,0.059419954,2.823125183
0.85,115.533349041,17,1,0,0.062500000,2.743615970,0.058723104,2.834922031
0.85,116.996355101,16,1,0,0.058593750,2.806115970,0.050853644,2.978803504
0.85,118.326919416,15,1,0,0.054687500,2.872782636,0.044408448,3.114325563
0.85,120.157923752,14,1,0,0.050781250,2.944211208,0.036579335,3.308271812
0.85,121.586364468,13,1,0,0.046875000,3.021134285,0.031250434,3.465722023
0.85,122.709550014,12,1,0,0.042968750,3.104467618,0.027504727,3.593397402
0.85,126.487154918,11,1,0,0.039062500,3.195376709,0.017445602,4.048667670
0.85,127.042527939,10,1,0,0.035156250,3.295376709,0.016259825,4.119057947
0.85,127.250703414,9,1,0,0.031250000,3.406487820,0.015832718,4.145676711
0.85,132.035962566,8,1,0,0.027343750,3.531487820,0.008281833,4.793690987
0.85,132.606640001,7,1,0,0.023437500,3.674344963,0.007629571,4.875723687
0.85,133.056775018,6,1,0,0.019531250,3.841011629,0.007146276,4.941163865
0.85,134.504440632,5,1,0,0.015625000,4.041011629,0.005764300,5.156071503
0.85,137.155576873,4,1,0,0.011718750,4.291011629,0.003819576,5.567615743
0.85,144.104134892,3,1,0,0.007812500,4.624344963,0.001156274,6.762552713
0.85,151.656468007,2,1,0,0.003906250,5.124344963,0.000256645,8.267814989
0.85,154.683847980,1,1,0,0.000000000,6.124344963,0.000131513,8.936403192
