0.000073,2000,1900,100,0,0,0,2000,1900,0,99,1,0,0,0
0.015406,2011,1897,99,4,1,10,2003,1826,37,51,49,31,6,3
0.031321,2005,1896,98,6,1,4,2008,1823,44,55,44,23,14,5
0.047689,2008,1892,96,11,3,6,2010,1821,43,52,50,26,12,6
0.062477,2010,1893,95,11,4,7,2015,1817,38,50,55,34,13,8
0.077616,2016,1890,95,14,4,13,2029,1817,50,57,49,30,21,5
0.091953,2017,1887,94,18,4,14,2030,1822,44,52,51,30,18,13
0.106157,2012,1887,92,20,4,9,2037,1823,46,53,54,30,23,8
0.120347,2012,1885,90,23,6,8,2030,1819,38,60,45,40,23,5
0.134636,2012,1881,87,30,6,8,2031,1820,46,48,51,33,24,9
0.148302,2016,1882,87,29,6,12,2034,1819,46,53,50,32,23,11
0.162004,2013,1877,91,30,4,11,2040,1825,41,56,51,38,20,9
0.174516,2012,1876,93,29,4,10,2041,1823,46,61,38,34,27,12
0.187693,2008,1875,93,29,5,6,2039,1818,47,58,58,32,19,7
0.200836,2016,1874,91,32,5,14,2036,1823,45,58,49,36,20,5
0.215260,2018,1876,87,33,8,14,2034,1829,36,58,51,32,21,7
0.228613,2014,1874,87,34,9,10,2036,1824,55,48,48,35,21,5
0.242605,2017,1874,88,33,9,13,2033,1824,49,46,48,34,23,9
0.256868,2012,1875,84,36,9,8,2030,1821,33,56,49,40,22,9
0.270565,2008,1875,84,36,9,4,2025,1823,31,64,45,35,19,8
0.284836,2019,1876,82,37,9,15,2028,1813,50,51,50,40,20,4
0.298756,2013,1874,83,38,9,9,2039,1820,51,38,54,46,20,10
0.311698,2019,1873,84,36,11,15,2039,1814,50,53,50,42,22,8
0.325768,2014,1872,83,38,11,10,2033,1810,44,61,42,44,26,6
0.338648,2016,1871,80,41,12,12,2036,1814,42,55,61,35,19,10
0.352089,2017,1870,79,42,12,14,2030,1812,46,57,47,45,21,2
0.366003,2018,1868,78,45,13,14,2044,1817,36,56,65,40,25,5
0.378241,2017,1869,76,44,16,12,2042,1816,37,55,62,49,14,9
0.390135,2022,1869,74,45,17,17,2054,1813,37,58,55,54,27,10
0.402444,2022,1869,74,45,17,17,2055,1813,44,48,57,55,31,7
0.414926,2023,1869,70,48,18,18,2057,1812,53,53,49,52,33,5
0.428073,2017,1870,69,49,18,11,2056,1813,39,48,62,53,30,11
0.440605,2022,1866,69,52,20,15,2052,1815,43,45,73,39,28,9
0.453070,2015,1864,68,53,22,8,2059,1810,49,56,55,48,38,3
0.465673,2030,1862,69,52,24,23,2058,1822,43,55,63,42,23,10
0.478830,2022,1862,68,52,26,14,2052,1814,46,58,63,37,22,12
0.491893,2026,1861,74,47,27,17,2052,1820,50,51,64,40,20,7
0.504560,2025,1859,72,52,26,16,2048,1813,47,60,48,50,24,6
0.517647,2021,1859,70,53,26,13,2047,1814,39,52,67,49,22,4
0.530469,2011,1858,72,51,27,3,2055,1814,49,60,52,52,19,9
0.542533,2017,1856,74,49,28,10,2063,1818,43,59,74,38,22,9
0.554555,2024,1856,74,49,29,16,2057,1823,45,53,55,51,25,5
0.567101,2016,1857,75,49,27,8,2057,1823,48,65,62,28,22,9
0.579687,2020,1855,76,50,26,13,2058,1822,50,49,67,34,26,10
0.592619,2017,1852,76,51,29,9,2052,1819,56,38,63,39,30,7
0.605874,2023,1852,75,52,29,15,2051,1827,43,60,53,39,21,8
0.618706,2023,1851,75,52,31,14,2041,1812,50,55,50,46,23,5
0.631335,2013,1848,77,53,28,7,2041,1826,41,60,46,42,21,5
0.644366,2023,1846,77,55,28,17,2043,1829,27,71,46,42,22,6
0.657380,2021,1846,77,55,28,15,2044,1823,43,57,53,39,23,6
0.670496,2021,1843,80,53,29,16,2033,1813,47,56,52,38,24,3
0.684721,2015,1840,84,52,26,13,2034,1820,49,56,55,33,15,6
0.698594,2016,1840,84,50,28,14,2042,1818,44,53,55,35,27,10
0.711628,2012,1839,81,51,31,10,2039,1815,43,69,51,38,18,5
0.724598,2019,1840,80,51,31,17,2041,1811,44,59,54,42,26,5
0.737570,2010,1840,79,54,28,9,2040,1826,39,63,46,31,25,10
0.750116,2018,1842,77,54,28,17,2045,1814,47,68,41,46,20,9
0.762652,2012,1842,76,55,28,11,2048,1814,61,54,60,40,14,5
0.775494,2012,1838,77,55,31,11,2051,1818,43,54,56,44,28,8
0.788275,2014,1835,82,51,33,13,2050,1812,46,60,52,50,24,6
0.801152,2014,1834,86,50,34,10,2054,1822,46,64,52,39,21,10
0.813379,2014,1832,87,49,36,10,2053,1814,48,58,50,51,23,9
0.825088,2017,1832,87,49,36,13,2044,1821,46,49,60,44,17,7
0.837822,2021,1832,85,52,36,16,2042,1827,37,61,60,41,15,1
0.849860,2017,1833,84,53,35,12,2049,1815,50,53,52,45,27,7
0.861890,2014,1833,83,54,35,9,2048,1814,45,63,45,45,29,7
0.875365,2024,1837,81,56,31,19,2054,1812,47,62,48,53,29,3
0.888269,2018,1837,79,57,32,13,2057,1814,48,50,59,54,25,7
0.900108,2023,1837,77,57,33,19,2065,1818,42,56,58,51,30,10
0.911856,2025,1835,78,56,35,21,2055,1813,48,55,63,44,28,4
0.923521,2025,1834,77,54,39,21,2058,1805,56,59,42,54,33,9
0.936085,2021,1833,77,55,40,16,2054,1803,58,55,55,48,32,3
0.948827,2015,1834,75,56,40,10,2057,1813,62,51,61,39,23,8
0.961037,2016,1834,76,57,38,11,2055,1816,57,54,51,43,23,11
0.973369,2017,1834,76,55,39,13,2049,1812,43,62,45,46,32,9
0.985999,2014,1833,76,54,40,11,2041,1806,48,63,59,37,26,2
0.997830,2025,1833,78,52,40,22,2052,1819,57,55,49,39,21,12
1.010554,2021,1833,77,53,41,17,2050,1812,43,63,49,51,20,12
1.022607,2013,1832,76,53,42,10,2043,1811,46,57,51,46,25,7
1.034728,2021,1833,77,52,40,19,2051,1811,47,64,57,42,20,10
1.046634,2016,1834,74,55,39,14,2058,1797,55,57,70,41,31,7
1.059350,2013,1832,74,57,39,11,2056,1810,39,64,71,39,26,7
1.071208,2023,1833,70,60,38,22,2055,1812,43,54,55,60,27,4
1.082803,2023,1831,74,56,39,23,2055,1804,49,65,42,54,34,7
1.094513,2007,1831,73,56,37,10,2056,1800,54,50,67,49,28,8
1.106715,2008,1830,72,58,38,10,2058,1801,52,54,64,52,27,8
1.118400,2012,1832,71,57,41,11,2051,1801,42,65,46,59,30,8
1.130371,2015,1831,70,58,41,15,2045,1801,50,56,63,42,30,3
1.143873,2011,1829,70,58,42,12,2041,1798,51,52,52,48,32,8
1.156415,2020,1827,72,57,43,21,2047,1796,60,48,47,62,28,6
1.168925,2010,1825,69,60,44,12,2054,1814,35,62,52,56,27,8
1.181101,2004,1823,68,62,42,9,2048,1806,48,60,53,47,25,9
1.193085,2015,1824,66,65,40,20,2045,1799,52,51,64,47,23,9
1.205435,2020,1822,69,62,42,25,2047,1802,56,55,60,38,27,9
1.217978,2006,1823,69,63,41,10,2044,1803,54,54,44,58,26,5
1.231538,2009,1824,67,65,40,13,2035,1807,52,48,59,38,24,7
1.244433,2008,1824,68,66,38,12,2034,1800,48,58,53,42,29,4
1.257010,2005,1824,67,67,37,10,2046,1793,55,58,52,49,29,10
1.270031,2008,1823,67,68,37,13,2028,1805,47,55,47,48,22,4
1.283030,2016,1823,65,70,38,20,2039,1803,53,53,55,46,20,9
1.294862,2011,1820,69,67,38,17,2039,1800,58,54,45,49,26,7
1.307606,2009,1820,70,66,37,16,2032,1797,48,50,58,45,30,4
1.320055,2004,1819,70,65,39,11,2035,1788,58,44,58,52,25,10
1.331357,2009,1817,71,64,41,16,2039,1791,47,63,48,40,41,9
1.343528,1997,1816,72,63,42,4,2047,1800,50,54,59,53,24,7
1.355321,2013,1815,73,62,43,20,2055,1796,51,64,46,53,30,15
1.367686,2004,1816,73,60,42,13,2045,1802,45,61,55,41,31,10
1.379405,2008,1816,75,60,40,17,2048,1792,52,69,51,44,38,2
1.390717,2001,1815,76,58,42,10,2043,1788,64,49,60,52,23,7
1.401584,2012,1813,74,62,42,21,2050,1796,52,56,62,47,28,9
1.413201,2005,1813,74,62,42,14,2052,1789,57,66,53,47,32,8
1.424874,2007,1814,72,63,44,14,2064,1801,49,57,57,50,40,10
1.437206,2009,1814,71,63,45,16,2061,1800,52,54,61,50,34,10
1.449087,2013,1814,71,63,44,21,2060,1804,53,51,54,59,30,9
1.460969,2010,1814,72,62,45,17,2060,1810,53,53,63,48,24,9
1.473290,2011,1815,69,63,46,18,2060,1815,49,50,55,51,33,7
1.485671,2004,1815,69,61,48,11,2056,1801,51,56,58,54,29,7
1.496499,2007,1814,69,64,44,16,2056,1799,53,63,52,56,27,6
1.508466,2013,1814,72,61,45,21,2060,1807,49,59,59,52,27,7
1.519992,1998,1814,73,62,42,7,2060,1801,63,60,59,46,25,6
1.531482,2011,1813,71,63,44,20,2057,1798,59,52,55,47,35,11
1.541866,2011,1812,70,65,43,21,2065,1796,54,60,60,47,33,15
1.552586,2013,1809,74,62,45,23,2060,1805,58,52,59,41,36,9
1.563495,2009,1808,75,59,50,17,2061,1798,62,44,73,56,22,6
1.573549,2009,1808,77,60,48,16,2069,1796,64,42,82,43,29,13
1.584100,2014,1808,77,63,49,17,2065,1792,63,61,63,57,25,4
1.595428,2011,1807,77,64,48,15,2068,1806,50,62,60,63,24,3
1.606681,2010,1804,77,67,46,16,2082,1800,52,65,63,55,33,14
1.616969,2007,1804,80,64,46,13,2078,1805,51,51,75,56,28,12
1.628023,2008,1804,79,65,45,15,2074,1794,55,66,70,56,26,7
1.638593,2007,1805,79,63,46,14,2072,1801,46,60,67,54,37,7
1.649292,2015,1804,77,66,46,22,2084,1798,60,60,62,54,42,8
1.659283,2005,1804,79,62,48,12,2080,1793,52,48,69,56,54,8
1.669824,2011,1804,79,62,49,17,2082,1788,68,60,68,64,29,5
1.679769,2009,1803,82,59,50,15,2087,1802,51,62,80,50,36,6
1.689449,2007,1803,83,59,49,13,2093,1800,59,59,67,65,34,9
1.699119,2014,1802,84,59,51,18,2101,1796,48,73,66,65,42,11
1.709305,2008,1802,84,59,51,12,2099,1799,62,56,68,59,43,12
1.719109,2013,1802,84,59,52,16,2094,1788,69,61,63,58,46,9
1.728848,2020,1802,84,58,53,23,2101,1805,57,71,68,58,33,9
1.738482,2012,1802,85,57,53,15,2098,1793,69,66,59,60,37,14
1.748423,2013,1802,85,56,54,16,2098,1805,66,57,59,59,42,10
1.758590,2015,1803,86,53,53,20,2094,1795,64,69,55,73,28,10
1.768397,2004,1804,87,53,50,10,2087,1798,58,61,71,52,33,14
1.778463,2014,1804,88,51,49,22,2086,1798,64,44,72,59,38,11
1.789446,2008,1803,88,52,50,15,2078,1787,66,55,73,61,32,4
1.799070,2011,1803,86,54,50,18,2084,1789,71,56,73,54,34,7
1.808640,2010,1804,86,52,52,16,2090,1792,59,67,63,69,31,9
1.818406,2008,1804,85,54,50,15,2089,1795,61,57,77,55,32,12
1.828133,2014,1807,84,53,51,19,2093,1796,53,72,67,56,41,8
1.838466,2004,1808,82,57,50,7,2093,1800,60,68,67,54,37,7
1.848751,2014,1808,81,57,52,16,2092,1805,45,70,64,60,41,7
1.859306,2008,1807,81,57,53,10,2079,1807,53,73,62,39,38,7
1.871285,2010,1805,81,59,52,13,2077,1802,54,73,63,56,24,5
1.882100,2012,1803,83,57,54,15,2075,1792,61,62,70,61,23,6
1.893008,2010,1803,85,54,54,14,2081,1795,60,57,64,54,47,4
1.904014,2017,1806,82,55,52,22,2079,1798,62,61,68,55,29,6
1.913905,2013,1807,80,57,50,19,2081,1799,55,55,71,65,26,10
1.924542,2016,1807,81,57,49,22,2081,1805,48,67,59,59,36,7
1.935306,2014,1808,81,58,47,20,2072,1796,58,63,72,48,27,8
1.947063,2001,1808,82,56,49,6,2062,1794,54,60,51,63,30,10
1.958114,2014,1808,81,58,49,18,2059,1801,48,54,72,42,35,7
1.969562,2017,1808,80,60,47,22,2051,1794,51,52,59,57,34,4
1.980536,2012,1809,78,62,44,19,2058,1792,55,71,51,53,27,9
1.991651,2011,1807,81,61,43,19,2059,1790,55,49,61,65,27,12
2.002936,2008,1808,84,57,45,14,2062,1793,58,60,71,40,29,11
2.014242,2007,1808,86,56,43,14,2061,1799,60,50,63,52,30,7
2.026186,1998,1806,88,55,43,6,2060,1797,54,63,54,54,34,4
2.038763,2012,1803,90,52,46,21,2048,1789,55,55,52,55,33,9
2.050922,2005,1803,91,53,44,14,2055,1797,49,63,63,53,30,0
2.062922,2010,1803,91,51,46,19,2057,1792,64,50,59,61,25,6
2.074233,2009,1801,92,50,48,18,2066,1795,55,60,52,53,43,8
2.084654,2016,1799,89,56,46,26,2072,1784,73,53,66,55,32,9
2.095183,2001,1799,89,56,46,11,2072,1784,72,53,59,51,41,12
2.105515,2008,1799,89,55,49,16,2071,1788,69,59,61,53,28,13
2.116682,2008,1800,89,58,46,15,2077,1791,63,51,62,56,46,8
2.127170,2013,1801,85,60,47,20,2082,1792,56,56,56,68,42,12
2.137155,2015,1799,85,59,50,22,2078,1799,62,56,70,51,38,2
2.147886,2015,1799,85,60,47,24,2088,1797,55,55,79,56,36,10
2.158224,2014,1799,84,57,51,23,2091,1804,55,66,65,53,34,14
2.169129,2012,1801,82,59,50,20,2071,1799,56,55,69,52,32,8
2.180457,2005,1803,80,62,48,12,2064,1785,59,60,68,46,35,11
2.191420,2003,1803,80,63,47,10,2067,1785,63,69,65,41,32,12
2.202716,2013,1803,79,65,47,19,2058,1792,54,59,71,40,33,9
2.214419,2005,1803,78,66,47,11,2059,1786,57,70,53,57,28,8
2.225123,2018,1804,76,67,48,23,2068,1796,62,59,57,61,24,9
2.235176,2007,1804,78,63,50,12,2073,1786,66,51,63,59,37,11
2.246076,2014,1805,79,64,46,20,2061,1792,63,47,65,52,38,4
2.256618,2012,1802,83,63,45,19,2075,1794,65,51,71,54,25,15
2.267822,2012,1803,84,63,44,18,2074,1806,59,57,60,54,31,7
2.278908,2010,1803,83,63,44,17,2073,1792,59,51,72,62,29,8
2.289451,2017,1803,83,64,45,22,2085,1795,66,59,61,64,29,11
2.300669,2019,1805,81,64,45,24,2075,1810,73,54,55,41,33,9
2.311082,2015,1806,80,67,43,19,2076,1808,67,58,66,44,26,7
2.322464,2016,1806,79,65,46,20,2084,1805,59,69,60,51,28,12
2.332494,2015,1808,78,63,47,19,2093,1802,54,63,72,51,40,11
2.342553,2011,1809,77,65,45,15,2094,1792,61,47,80,65,44,5
2.352561,2016,1810,74,68,44,20,2093,1799,62,54,73,68,27,10
2.362643,2014,1808,75,68,44,19,2083,1791,77,50,71,60,28,6
2.373541,2014,1808,78,64,44,20,2077,1802,56,54,71,59,29,6
2.384245,2017,1808,78,65,44,22,2080,1797,52,66,76,50,32,7
2.395205,2013,1808,78,66,42,19,2080,1795,58,58,77,51,37,4
2.405258,2018,1809,74,72,39,24,2089,1810,64,46,64,57,41,7
2.415896,2010,1809,74,74,36,17,2094,1808,63,60,66,49,39,9
2.426536,2016,1809,72,76,35,24,2087,1806,60,54,68,61,26,12
2.436396,2011,1808,73,75,37,18,2093,1792,64,72,58,65,32,10
2.446641,2015,1809,72,77,36,21,2098,1803,71,54,73,58,30,9
2.456682,2017,1810,70,79,35,23,2092,1799,60,62,70,62,34,5
2.466677,2010,1811,69,77,38,15,2106,1797,69,60,71,61,34,14
2.476732,2011,1813,70,75,37,16,2102,1787,71,61,65,60,44,14
2.486300,2010,1812,69,77,37,15,2095,1800,62,63,59,63,40,8
2.496213,2005,1813,69,75,39,9,2101,1793,59,66,75,71,26,11
2.505535,2011,1813,68,76,39,15,2105,1797,73,56,77,52,39,11
2.515084,2013,1817,65,78,37,16,2102,1805,58,67,69,61,34,8
2.525126,2016,1817,64,80,36,19,2090,1801,71,50,78,48,30,12
2.536166,2008,1817,64,78,37,12,2090,1807,64,57,69,53,28,12
2.546881,2012,1817,60,84,35,16,2085,1803,61,57,66,46,42,10
2.557005,2007,1816,60,85,33,13,2087,1799,66,63,65,44,40,10
2.567286,2011,1815,61,84,34,17,2087,1799,66,63,60,52,32,15
2.577279,2002,1814,64,81,36,7,2084,1792,63,61,63,56,43,6
2.588182,2019,1811,68,77,37,26,2085,1791,72,53,69,59,31,10
2.598544,2015,1812,66,77,38,22,2092,1786,74,56,65,63,39,9
2.607897,2016,1811,66,77,40,22,2101,1799,63,57,70,62,34,16
2.618105,2010,1811,67,78,38,16,2099,1800,62,48,93,60,25,11
2.628161,2014,1811,67,78,38,20,2098,1803,53,69,74,53,40,6
2.638389,2014,1809,68,79,37,21,2108,1798,60,67,63,76,30,14
2.648112,2013,1808,72,77,37,19,2105,1798,64,71,61,65,33,13
2.658647,2015,1808,72,76,38,21,2103,1801,70,56,67,60,39,10
2.668464,2019,1808,72,79,37,23,2111,1791,76,66,76,52,37,13
2.678007,2013,1809,72,77,38,17,2115,1794,74,58,67,66,45,11
2.687434,2018,1808,71,78,39,22,2113,1795,65,62,72,71,41,7
2.696330,2014,1808,73,75,39,19,2120,1791,65,63,76,79,36,10
2.705391,2015,1806,73,77,40,19,2130,1795,62,70,70,73,50,10
2.714136,2008,1806,76,74,41,11,2134,1788,58,70,76,81,49,12
2.722636,2017,1806,77,70,44,20,2135,1803,60,69,79,74,36,14
2.731646,2015,1804,79,70,45,17,2138,1812,62,69,73,65,48,9
2.740283,2017,1804,80,66,48,19,2136,1803,68,59,83,65,45,13
2.750032,2018,1802,83,62,51,20,2131,1794,71,55,83,71,45,12
2.759114,2029,1802,81,65,50,31,2136,1806,56,80,77,67,42,8
2.768080,2026,1802,81,63,52,28,2132,1806,68,70,89,58,32,9
2.777248,2014,1803,81,62,51,17,2120,1796,68,66,78,77,30,5
2.786042,2018,1804,79,64,50,21,2131,1804,57,79,81,62,40,8
2.794692,2015,1802,80,64,51,18,2132,1807,57,70,88,59,39,12
2.803925,2011,1801,80,66,49,15,2137,1797,68,73,73,71,40,15
2.812684,2016,1802,80,64,52,18,2134,1806,60,57,83,73,42,13
2.821300,2018,1802,83,61,52,20,2126,1805,70,53,75,73,38,12
2.830707,2015,1803,83,62,50,17,2120,1802,63,71,64,66,42,12
2.840144,2019,1801,86,64,48,20,2119,1797,79,65,68,66,38,6
2.849356,2015,1800,88,61,48,18,2119,1801,70,60,68,66,45,9
2.858500,2019,1799,91,60,47,22,2116,1798,72,61,69,70,41,5
2.867841,2013,1800,91,60,47,15,2109,1800,55,73,58,72,38,13
2.877007,2017,1801,89,63,46,18,2114,1799,56,60,72,80,40,7
2.886277,2016,1801,88,63,46,18,2112,1805,65,64,68,72,30,8
2.895421,2012,1798,90,62,46,16,2107,1800,64,59,79,70,32,3
2.904601,2011,1798,92,60,46,15,2109,1804,63,61,76,61,36,8
2.914078,2010,1799,91,62,45,13,2102,1795,66,56,79,56,38,12
2.923504,2007,1799,90,65,42,11,2094,1796,61,65,80,58,28,6
2.934367,2019,1800,89,67,41,22,2093,1793,63,71,65,50,39,12
2.944555,2015,1799,91,66,40,19,2096,1791,65,66,76,56,37,5
2.954258,2016,1800,92,64,41,19,2099,1783,69,75,75,59,28,10
2.963966,2018,1799,92,65,40,22,2089,1791,70,54,83,50,34,7
2.974562,2015,1800,91,63,42,19,2085,1787,68,54,73,66,30,7
2.984547,2011,1798,93,63,41,16,2093,1781,58,69,67,70,42,6
2.993904,2019,1798,95,61,40,25,2092,1794,63,67,68,64,29,7
3.003607,2011,1797,96,62,39,17,2094,1786,58,70,61,73,36,10
3.013226,2008,1795,96,63,39,15,2082,1782,62,61,75,61,36,5
3.022779,2009,1795,94,64,41,15,2092,1778,73,56,73,68,38,6
3.032235,2012,1794,95,63,41,19,2093,1787,56,64,73,59,44,10
3.042057,2009,1796,91,64,42,16,2099,1778,59,69,68,70,41,14
3.051583,2009,1795,90,67,40,17,2085,1771,71,78,68,64,28,5
3.061516,2008,1796,89,66,41,16,2088,1782,66,55,80,51,45,9
3.071381,2012,1795,88,68,43,18,2081,1785,62,69,53,62,43,7
3.081049,2015,1796,89,67,41,22,2077,1781,68,61,63,77,25,2
3.091052,2010,1796,90,64,42,18,2086,1793,56,68,68,58,36,7
3.101331,2010,1795,90,68,42,15,2083,1786,65,57,75,59,34,7
3.110466,2009,1795,89,69,42,14,2090,1792,58,66,53,67,43,11
3.120035,2012,1793,88,72,42,17,2089,1787,62,60,71,64,39,6
3.128759,2020,1790,92,70,44,24,2098,1782,63,61,73,71,35,13
3.138008,2017,1790,90,70,46,21,2091,1789,63,71,66,62,36,4
3.147968,2011,1790,92,69,45,15,2098,1783,72,72,62,65,31,13
3.157149,2018,1788,93,70,46,21,2101,1791,61,68,71,56,44,10
3.166300,2019,1788,93,71,46,21,2100,1776,70,63,67,69,48,7
3.176071,2025,1788,91,74,45,27,2112,1783,72,70,67,72,36,12
3.185185,2023,1785,95,73,46,24,2114,1794,57,74,73,65,41,10
3.194290,2011,1785,95,74,46,11,2122,1790,73,59,86,67,36,11
3.202570,2027,1786,94,73,48,26,2123,1802,63,66,77,75,36,4
3.211054,2025,1786,92,76,46,25,2125,1784,73,64,88,64,40,12
3.219651,2029,1786,92,78,44,29,2116,1775,82,60,73,81,38,7
3.228423,2017,1788,89,78,44,18,2114,1775,73,70,73,73,39,11
3.237347,2017,1787,91,77,44,18,2113,1793,61,66,71,76,30,16
3.246248,2019,1788,90,78,42,21,2106,1784,70,62,84,50,44,12
3.255621,2018,1787,90,78,44,19,2105,1805,60,64,67,64,36,9
3.265365,2025,1788,90,74,47,26,2101,1790,67,50,73,78,35,8
3.275129,2014,1790,89,73,47,15,2106,1781,73,61,71,68,36,16
3.283717,2023,1789,88,74,48,24,2098,1782,70,63,68,62,42,11
3.292813,2019,1789,88,74,49,19,2100,1779,63,67,76,69,37,9
3.302258,2016,1788,87,76,49,16,2090,1777,71,67,63,74,30,8
3.312010,2020,1788,88,76,50,18,2082,1782,73,56,70,58,34,9
3.322342,2017,1786,89,75,51,16,2082,1778,72,72,54,68,26,12
3.331942,2018,1787,91,75,50,15,2079,1789,58,68,61,60,32,11
3.342283,2033,1790,89,75,49,30,2083,1783,56,60,65,66,49,4
3.352052,2028,1788,95,70,51,24,2087,1793,64,64,60,67,30,9
3.362289,2022,1788,94,71,50,19,2081,1799,53,74,68,50,30,7
3.372929,2027,1789,93,70,51,24,2084,1788,60,59,73,69,28,7
3.383139,2013,1788,94,71,49,11,2079,1791,61,68,58,51,40,10
3.393663,2022,1787,93,73,49,20,2079,1789,65,63,64,70,22,6
3.404307,2015,1787,94,72,49,13,2086,1788,70,71,60,57,33,7
3.414087,2020,1788,93,73,48,18,2082,1792,65,72,68,41,39,5
3.424337,2011,1787,93,73,48,10,2075,1797,59,66,68,59,23,3
3.434393,2021,1787,95,68,50,21,2081,1802,64,63,55,56,33,8
3.445144,2024,1788,94,68,52,22,2078,1798,67,46,72,53,33,9
3.455118,2014,1788,95,67,52,12,2075,1794,71,57,58,57,34,4
3.465337,2020,1787,94,69,52,18,2072,1795,68,53,63,56,29,8
3.475257,2014,1784,100,66,50,14,2079,1779,75,68,65,53,28,11
3.485453,2019,1783,101,65,52,18,2083,1788,59,68,76,61,24,7
3.495070,2028,1782,101,65,52,28,2088,1792,66,68,73,49,30,10
3.505058,2024,1781,100,67,51,25,2093,1786,74,62,70,56,40,5
3.514860,2014,1784,98,68,49,15,2095,1788,62,66,60,62,47,10
3.524379,2015,1783,97,71,47,17,2086,1783,64,73,64,46,38,18
3.534483,2022,1783,97,69,49,24,2084,1778,75,63,62,47,44,15
3.544219,2015,1783,98,68,48,18,2080,1779,72,61,58,63,35,12
3.554282,2019,1784,100,66,47,22,2075,1783,71,62,72,46,34,7
3.564736,2018,1783,98,69,49,19,2086,1792,62,59,74,50,39,10
3.574889,2017,1782,97,69,50,19,2089,1783,65,64,76,61,29,11
3.584445,2019,1783,96,69,50,21,2085,1787,67,68,68,56,34,5
3.594599,2017,1782,94,72,50,19,2081,1787,61,79,65,45,35,9
3.604405,2019,1783,96,69,50,21,2079,1786,65,71,71,45,31,10
3.614547,2018,1783,94,72,50,19,2076,1785,73,57,75,52,26,8
3.624967,2016,1782,92,74,50,18,2084,1782,66,60,66,66,34,10
3.634648,2009,1782,91,78,47,11,2082,1785,65,67,70,57,32,6
3.644922,2014,1781,92,78,46,17,2080,1781,61,68,66,62,36,6
3.655246,2020,1781,92,79,44,24,2080,1780,64,75,64,55,35,7
3.665228,2015,1780,94,77,47,17,2079,1785,66,60,64,61,31,12
3.675177,2017,1780,94,77,47,19,2080,1780,72,57,72,55,31,13
3.685311,2021,1780,96,75,48,22,2088,1776,68,67,75,58,36,8
3.694999,2020,1781,95,74,50,20,2093,1785,67,57,80,62,33,9
3.704286,2012,1782,94,76,49,11,2090,1784,58,77,73,55,31,12
3.714151,2018,1783,91,78,50,16,2087,1788,60,71,68,64,32,4
3.724165,2020,1784,91,77,50,18,2082,1786,62,56,81,56,31,10
3.733780,2024,1785,87,78,52,22,2089,1774,82,57,66,62,39,9
3.743154,2018,1785,87,77,52,17,2094,1781,74,70,60,62,42,5
3.752899,2029,1786,86,79,50,28,2104,1783,69,74,68,59,46,5
3.762084,2023,1785,89,77,50,22,2117,1774,73,61,79,63,53,14
3.770842,2017,1786,89,78,48,16,2121,1784,62,77,74,70,41,13
3.779522,2008,1786,89,81,45,7,2117,1782,73,61,77,74,36,14
3.788971,2022,1786,89,81,45,21,2117,1780,81,63,70,75,41,7
3.798064,2023,1786,88,83,45,21,2111,1785,67,59,79,74,41,6
3.807119,2016,1788,85,84,45,14,2115,1772,84,67,82,63,37,10
3.815255,2017,1788,84,87,42,16,2123,1787,65,67,74,65,43,22
3.824466,2018,1789,83,87,43,16,2117,1789,68,68,77,65,35,15
3.834098,2019,1789,82,86,46,16,2122,1793,73,67,68,62,49,10
3.842517,2025,1788,83,83,50,21,2121,1794,72,62,79,68,40,6
3.851668,2025,1788,83,82,51,21,2125,1783,81,82,71,60,41,7
3.860736,2025,1788,84,83,48,22,2122,1784,76,63,87,66,37,9
3.870337,2025,1788,86,82,47,22,2128,1797,69,78,66,71,39,8
3.878817,2033,1788,87,81,47,30,2130,1796,67,73,71,71,42,10
3.887535,2021,1788,86,81,49,17,2130,1783,83,66,70,72,46,10
3.896081,2025,1785,87,82,50,21,2122,1782,62,80,79,72,39,8
3.904350,2015,1784,87,85,48,11,2130,1781,74,70,65,85,42,13
3.913276,2036,1783,89,82,50,32,2122,1777,75,75,72,76,39,8
3.921355,2025,1782,89,79,52,23,2125,1792,86,59,64,68,48,8
3.931284,2022,1783,87,82,50,20,2118,1790,68,59,78,72,42,9
3.940276,2017,1783,86,83,50,15,2115,1798,71,66,70,60,42,8
3.949232,2026,1784,85,82,51,24,2119,1787,74,67,69,69,44,9
3.957914,2024,1785,84,85,47,23,2124,1783,73,70,66,71,43,18
3.967005,2024,1784,84,87,47,22,2116,1784,93,63,64,76,26,10
3.976301,2028,1786,83,87,46,26,2124,1782,76,77,59,71,41,18
3.984954,2025,1787,81,87,48,22,2117,1784,62,74,77,62,49,9
3.993597,2015,1787,83,85,49,11,2117,1795,67,55,78,72,40,10
4.002926,2034,1788,82,86,49,29,2121,1785,75,63,74,65,50,9
4.011719,2025,1787,82,87,50,19,2120,1789,69,67,70,70,37,18
4.020630,2022,1787,81,88,50,16,2117,1777,87,65,68,73,35,12
4.029977,2040,1788,77,92,50,33,2116,1793,63,72,69,73,37,9
4.039104,2027,1788,77,92,50,20,2114,1794,81,74,54,70,31,10
4.048191,2034,1786,78,92,51,27,2116,1800,70,62,72,75,31,6
4.056894,2028,1784,78,94,51,21,2113,1795,72,70,71,64,33,8
4.066069,2026,1783,80,93,50,20,2115,1789,75,69,67,66,39,10
4.074877,2030,1784,79,94,50,23,2117,1787,68,71,77,59,42,13
4.083579,2031,1784,79,91,53,24,2121,1791,65,74,70,87,28,6
4.092271,2030,1785,79,89,53,24,2124,1790,67,88,70,66,34,9
4.100975,2027,1787,78,89,53,20,2126,1797,63,77,78,69,34,8
4.110086,2024,1786,78,92,52,16,2123,1782,72,74,76,69,37,13
4.118668,2030,1786,79,94,49,22,2119,1782,84,68,66,67,37,15
4.128163,2022,1786,80,91,48,17,2119,1804,71,70,65,64,36,9
4.137189,2027,1784,82,91,48,22,2114,1797,72,61,80,61,35,8
4.146313,2027,1782,81,94,46,24,2119,1788,58,76,73,77,44,3
4.154402,2029,1781,82,93,47,26,2127,1795,66,70,84,68,35,9
4.163111,2024,1782,82,93,46,21,2126,1791,63,64,84,67,50,7
4.172307,2020,1783,82,91,47,17,2122,1791,67,57,95,65,38,9
4.181264,2028,1784,80,92,47,25,2125,1786,75,62,87,57,47,11
4.189896,2022,1784,79,92,49,18,2129,1790,67,72,72,80,37,11
4.198525,2020,1785,79,91,51,14,2115,1778,85,52,84,65,40,11
4.207412,2029,1785,81,90,50,23,2114,1784,70,67,79,69,40,5
4.216331,2029,1784,82,89,51,23,2121,1791,56,68,77,73,44,12
4.225578,2023,1785,83,86,52,17,2117,1788,65,75,72,76,35,6
4.234035,2024,1786,81,86,53,18,2126,1792,62,68,83,66,43,12
4.243613,2030,1786,81,85,54,24,2118,1785,75,67,82,68,31,10
4.252659,2025,1786,82,85,54,18,2123,1797,70,69,86,54,39,8
4.261711,2030,1786,81,85,54,24,2127,1792,72,85,84,53,27,14
4.270071,2027,1788,80,84,55,20,2121,1796,59,71,80,61,47,7
4.278704,2024,1788,80,84,55,17,2118,1785,70,67,77,72,42,5
4.287499,2032,1788,82,83,53,26,2110,1790,62,65,80,69,32,12
4.296870,2030,1788,81,82,54,25,2104,1787,63,75,74,68,33,4
4.306338,2025,1788,83,80,54,20,2114,1777,58,76,83,71,38,11
4.315580,2021,1789,81,81,55,15,2117,1786,53,82,76,56,49,15
4.324916,2025,1788,84,82,52,19,2110,1779,64,82,81,62,33,9
4.334372,2028,1786,85,82,52,23,2110,1786,62,68,85,61,39,9
4.342536,2024,1785,87,82,52,18,2099,1784,59,85,66,68,32,5
4.351834,2027,1785,86,82,53,21,2096,1783,63,82,79,60,22,7
4.361276,2019,1787,85,81,52,14,2095,1778,72,54,86,65,29,11
4.371348,2027,1787,89,78,51,22,2098,1776,73,69,73,59,42,6
4.381368,2029,1788,88,76,54,23,2104,1787,69,67,85,51,32,13
4.390629,2034,1788,90,74,56,26,2111,1790,68,68,68,74,29,14
4.400191,2024,1788,91,72,56,17,2103,1793,57,77,70,62,37,7
4.410082,2021,1788,90,74,55,14,2106,1782,69,87,61,63,34,10
4.419901,2014,1788,89,76,53,8,2101,1789,71,64,77,61,31,8
4.428852,2017,1788,89,76,53,11,2108,1786,65,81,65,56,45,10
4.438336,2028,1786,90,78,54,20,2102,1793,68,66,67,69,29,10
4.448206,2027,1784,92,75,58,18,2098,1783,74,54,79,63,39,6
4.457460,2041,1784,91,75,59,32,2099,1800,63,66,65,67,29,9
4.468225,2027,1784,93,73,61,16,2088,1783,78,61,69,66,29,2
4.477496,2027,1785,90,76,60,16,2094,1783,69,83,65,55,33,6
4.486758,2030,1785,91,77,59,18,2102,1778,66,66,79,61,41,11
4.496335,2033,1785,91,77,60,20,2101,1794,57,77,70,60,36,7
4.505696,2031,1784,92,76,60,19,2101,1790,62,73,67,65,35,9
4.514954,2033,1784,94,73,61,21,2109,1794,55,73,69,64,46,8
4.524674,2034,1783,97,68,64,22,2108,1784,72,70,72,58,49,3
4.534159,2029,1782,99,65,67,16,2111,1796,71,65,67,70,35,7
4.543780,2027,1781,97,68,67,14,2119,1790,64,70,73,69,42,11
4.552290,2035,1782,95,72,64,22,2120,1788,87,60,66,64,43,12
4.561399,2029,1783,96,69,65,16,2119,1802,65,80,73,63,25,11
4.570811,2031,1783,97,68,65,18,2119,1800,74,71,64,65,32,13
4.580786,2028,1784,97,67,63,17,2113,1798,74,71,70,59,34,7
4.590114,2041,1786,94,66,65,30,2117,1795,79,66,71,60,35,11
4.599080,2033,1786,92,70,63,22,2112,1797,72,78,62,66,32,5
4.608891,2037,1788,90,71,63,25,2121,1794,73,70,61,64,42,17
4.618299,2032,1788,89,69,64,22,2111,1798,61,69,78,66,33,6
4.627454,2034,1788,88,74,62,22,2105,1787,74,72,57,60,42,13
4.637432,2044,1788,88,75,60,33,2103,1790,66,75,75,66,19,12
4.646418,2031,1786,90,78,57,20,2098,1793,61,55,88,56,33,12
4.656034,2038,1786,89,80,56,27,2113,1796,60,70,65,76,32,14
4.664801,2032,1788,89,80,53,22,2115,1803,59,60,83,64,37,9
4.674620,2034,1787,90,82,52,23,2113,1789,75,60,70,71,36,12
4.684092,2031,1785,92,80,54,20,2102,1798,64,65,76,60,31,8
4.693885,2028,1787,85,85,57,14,2106,1794,62,69,71,57,38,15
4.703714,2037,1787,82,89,57,22,2116,1804,61,63,81,59,37,11
4.713578,2034,1787,84,92,51,20,2108,1797,75,71,68,54,36,7
4.723209,2043,1788,85,88,53,29,2101,1778,81,72,76,56,30,8
4.732631,2037,1787,84,87,57,22,2105,1786,63,79,77,49,41,10
4.742435,2034,1788,84,87,56,19,2098,1793,64,69,71,57,34,10
4.752196,2035,1786,86,86,57,20,2105,1780,75,73,67,66,34,10
4.761993,2032,1786,85,86,58,17,2097,1800,65,61,73,59,33,6
4.772393,2027,1786,86,83,60,12,2094,1788,79,64,70,53,31,9
4.782385,2037,1787,83,85,59,23,2087,1802,67,62,77,49,26,4
4.792074,2031,1789,83,81,59,19,2102,1803,63,69,65,58,35,9
4.803165,2025,1790,81,83,56,15,2097,1793,74,72,58,59,35,6
4.812728,2024,1789,81,82,58,14,2095,1791,78,56,77,59,27,7
4.822736,2029,1789,79,85,57,19,2094,1800,64,67,62,57,35,9
4.833017,2023,1789,79,82,59,14,2094,1788,70,64,62,60,40,10
4.842396,2032,1788,82,78,61,23,2100,1793,81,63,72,53,27,11
4.851874,2022,1787,83,77,62,13,2095,1786,73,68,63,64,32,9
4.861795,2030,1786,84,79,60,21,2097,1796,61,75,60,57,40,8
4.871368,2030,1788,82,81,59,20,2102,1790,75,66,69,65,31,6
4.881473,2028,1789,83,79,59,18,2102,1789,67,62,78,65,32,9
4.890892,2026,1790,86,75,59,16,2105,1784,78,53,78,59,37,16
4.900615,2028,1790,83,80,59,16,2107,1799,72,52,68,61,43,12
4.909968,2029,1791,82,82,57,17,2105,1789,69,75,65,55,45,7
4.919942,2030,1791,82,81,58,18,2110,1798,69,69,64,52,46,12
4.929971,2029,1792,80,82,58,17,2099,1777,78,68,59,67,45,5
4.940389,2035,1794,83,77,61,20,2093,1784,71,62,76,61,31,8
4.950010,2032,1795,82,78,59,18,2086,1804,65,62,58,58,31,8
4.960358,2025,1793,82,81,58,11,2083,1799,64,68,56,54,35,7
4.971449,2029,1790,83,83,57,16,2082,1799,67,52,62,59,30,13
4.982076,2032,1790,80,87,56,19,2091,1798,59,71,54,67,30,12
4.992313,2026,1791,79,87,54,15,2094,1800,67,65,53,59,38,12
5.002634,2027,1790,80,87,53,17,2092,1790,73,70,62,51,38,8
5.013116,2027,1788,82,85,54,18,2093,1792,66,68,58,67,32,10
5.022940,2029,1789,82,83,55,20,2091,1794,55,67,66,66,33,10
5.033190,2016,1792,81,83,51,9,2096,1795,63,64,65,65,37,7
5.042925,2031,1792,81,79,54,25,2099,1795,59,65,67,66,39,8
5.052542,2024,1792,78,81,57,16,2104,1800,61,70,72,63,32,6
5.062312,2029,1792,78,82,58,19,2112,1794,69,58,82,65,33,11
5.071280,2024,1793,79,79,60,13,2119,1799,69,67,67,65,39,13
5.080272,2028,1794,78,80,59,17,2117,1798,66,66,90,49,38,10
5.089665,2040,1792,78,82,60,28,2123,1805,58,70,68,71,43,8
5.098454,2036,1793,79,81,60,23,2126,1803,73,60,82,70,33,5
5.107803,2038,1791,79,78,64,26,2127,1791,86,53,72,79,37,9
5.116800,2021,1792,79,77,62,11,2112,1795,72,70,67,65,39,4
5.125844,2022,1791,82,78,60,11,2116,1804,67,57,75,64,42,7
5.135285,2028,1792,81,79,59,17,2119,1787,71,67,78,60,43,13
5.144952,2026,1793,80,79,60,14,2115,1813,60,59,66,65,37,15
5.154029,2027,1796,81,75,59,16,2104,1800,68,63,66,59,41,7
5.163757,2027,1797,78,79,57,16,2111,1803,57,77,58,59,44,13
5.173584,2036,1796,79,79,58,24,2102,1794,72,66,68,55,41,6
5.184215,2029,1795,80,79,58,17,2102,1798,69,62,71,50,46,6
5.194197,2030,1794,81,80,56,19,2101,1794,70,66,58,65,38,10
5.204050,2033,1794,81,81,58,19,2101,1798,63,64,61,61,39,15
5.214153,2041,1793,81,83,57,27,2098,1811,57,70,63,56,29,12
5.224174,2034,1794,79,85,56,20,2102,1801,65,70,63,61,32,10
5.234190,2034,1793,82,83,56,20,2099,1794,66,69,69,55,38,8
5.244604,2036,1795,86,77,55,23,2099,1797,60,64,67,59,31,21
5.255265,2025,1794,91,74,53,13,2095,1787,66,67,68,59,35,13
5.265647,2029,1792,93,73,55,16,2093,1796,68,59,55,72,37,6
5.275806,2031,1792,94,76,50,19,2110,1803,60,71,59,61,44,12
5.285201,2036,1792,95,75,50,24,2114,1800,73,58,63,75,34,11
5.294205,2035,1790,96,76,50,23,2118,1809,70,62,68,58,38,13
5.303533,2034,1791,97,75,50,21,2116,1807,69,75,65,54,35,11
5.313413,2034,1791,98,73,51,21,2114,1797,75,61,73,59,32,17
5.323102,2027,1790,100,70,52,15,2114,1806,62,63,72,69,34,8
5.332749,2031,1789,97,76,51,18,2122,1810,69,59,68,67,37,12
5.342660,2032,1790,97,76,51,18,2130,1800,71,70,64,65,51,9
5.351340,2044,1791,95,76,51,31,2123,1805,64,66,77,55,45,11
5.360155,2034,1794,93,75,51,21,2115,1808,62,62,64,64,49,6
5.369652,2033,1793,94,75,52,19,2108,1798,64,73,63,66,34,10
5.379297,2034,1793,93,76,51,21,2111,1810,57,61,71,60,43,9
5.388371,2033,1793,94,75,51,20,2110,1807,59,71,69,59,35,10
5.397642,2034,1794,93,75,51,21,2116,1800,82,56,69,54,43,12
5.407297,2036,1793,95,74,51,23,2109,1793,66,61,84,60,37,8
5.417923,2030,1793,94,76,50,17,2096,1805,50,76,57,61,37,10
5.428361,2030,1792,94,76,54,14,2102,1802,59,70,60,59,40,12
5.438205,2045,1792,94,75,55,29,2102,1805,72,61,51,67,33,13
5.448371,2036,1792,93,77,53,21,2100,1804,63,68,61,62,37,5
5.458686,2039,1791,93,79,53,23,2109,1802,68,59,81,55,37,7
5.469117,2045,1792,91,81,53,28,2107,1809,65,73,57,66,31,6
5.479477,2036,1794,89,80,54,19,2098,1812,53,69,58,66,32,8
5.490055,2038,1796,86,81,56,19,2094,1815,50,50,73,68,29,9
5.500418,2033,1796,86,81,57,13,2102,1803,71,59,62,57,41,9
5.510759,2040,1796,85,83,55,21,2102,1798,67,59,57,75,38,8
5.521956,2035,1796,84,83,56,16,2095,1800,73,56,59,60,40,7
5.532892,2028,1795,85,83,55,10,2106,1814,62,57,72,54,36,11
5.543578,2045,1795,85,86,51,28,2103,1804,61,71,60,60,35,12
5.553263,2030,1798,83,86,51,12,2109,1797,66,74,62,59,47,4
5.562914,2035,1798,86,83,49,19,2110,1790,73,69,69,61,42,6
5.572546,2040,1798,85,82,53,22,2119,1795,71,67,73,67,36,10
5.582184,2034,1798,84,83,53,16,2122,1810,70,60,66,61,43,12
5.591348,2035,1797,85,85,51,17,2120,1807,73,65,62,79,29,5
5.600431,2041,1795,88,82,54,22,2117,1801,75,68,69,65,27,12
5.609684,2041,1794,89,83,52,23,2122,1797,79,56,63,71,46,10
5.618805,2049,1793,86,87,52,31,2119,1819,58,60,64,65,48,5
5.628296,2035,1793,86,87,52,17,2125,1807,64,68,65,69,40,12
5.637443,2031,1793,88,86,50,14,2139,1808,67,66,62,78,40,18
5.646734,2036,1794,87,88,49,18,2133,1810,64,68,72,61,46,12
5.656267,2036,1794,89,87,47,19,2132,1807,61,65,80,59,45,15
5.665441,2033,1794,90,85,48,16,2124,1801,66,71,59,66,42,19
5.675216,2032,1796,90,81,50,15,2118,1814,61,74,75,59,23,12
5.685453,2031,1796,88,83,50,14,2111,1800,69,69,67,59,38,9
5.694874,2041,1794,90,84,49,24,2115,1796,80,60,69,57,38,15
5.704838,2034,1793,90,84,50,17,2111,1813,50,72,73,64,32,7
5.714524,2034,1793,92,82,49,18,2116,1810,67,63,66,70,28,12
5.723918,2026,1794,92,79,50,11,2120,1802,68,64,57,67,48,14
5.733360,2035,1794,88,80,51,22,2125,1792,83,57,72,75,33,13
5.743574,2034,1796,85,80,53,20,2120,1811,70,57,74,57,43,8
5.752822,2042,1796,83,78,57,28,2118,1806,73,74,58,51,38,18
5.762098,2037,1796,84,76,59,22,2110,1801,63,69,54,78,40,5
5.771642,2039,1798,82,76,59,24,2116,1810,66,56,69,64,38,13
5.780762,2030,1798,82,77,56,17,2121,1794,67,66,75,61,49,9
5.789742,2033,1800,79,81,54,19,2121,1805,68,71,63,72,30,12
5.799524,2028,1801,78,82,52,15,2117,1800,63,74,70,75,30,5
5.809097,2035,1799,79,81,54,22,2123,1800,62,60,73,68,42,18
5.818799,2028,1799,82,82,51,14,2122,1795,69,69,73,63,43,10
5.828605,2025,1797,83,83,49,13,2116,1805,72,64,77,56,33,9
5.838221,2031,1796,86,81,50,18,2111,1800,73,53,60,77,35,13
5.847624,2037,1796,86,80,52,23,2108,1798,61,72,63,68,38,8
5.856852,2031,1795,87,81,51,17,2112,1806,63,56,71,67,38,11
5.866845,2039,1796,89,80,49,25,2113,1802,71,68,64,64,34,10
5.876392,2033,1796,88,82,46,21,2115,1795,80,65,64,56,42,13
5.885778,2034,1795,89,81,46,23,2114,1801,57,71,60,65,41,19
5.895431,2033,1795,90,79,47,22,2119,1803,66,69,61,77,36,7
5.904727,2032,1794,85,84,48,21,2115,1798,72,62,65,74,37,7
5.913666,2039,1794,83,86,48,28,2114,1802,79,49,78,60,41,5
5.922625,2030,1795,84,88,45,18,2124,1808,62,65,69,69,35,16
5.932089,2029,1795,86,84,48,16,2128,1814,59,68,73,68,37,9
5.942026,2044,1795,89,83,46,31,2120,1805,81,61,64,69,34,6
5.951347,2038,1795,86,87,46,24,2111,1807,65,66,59,64,39,11
5.961079,2045,1796,88,85,45,31,2111,1809,58,66,59,73,33,13
5.971406,2038,1797,88,81,47,25,2120,1803,68,65,68,68,33,15
5.981564,2031,1796,95,73,49,18,2110,1799,71,75,73,51,32,9
5.991031,2035,1796,93,73,50,23,2116,1799,67,81,65,57,44,3
6.000452,2027,1796,94,70,50,17,2113,1800,63,54,70,71,44,11
6.009808,2032,1794,96,70,49,23,2115,1790,60,74,68,62,50,11
6.019221,2021,1794,95,71,48,13,2118,1794,62,66,81,59,46,10
6.028337,2028,1793,95,72,49,19,2110,1797,63,75,67,59,45,4
6.037847,2031,1794,93,76,48,20,2111,1792,65,70,76,61,38,9
6.047582,2028,1794,92,77,50,15,2111,1781,71,76,71,59,40,13
6.057117,2036,1794,91,77,51,23,2113,1793,66,76,87,48,37,6
6.066799,2033,1793,91,78,51,20,2114,1797,73,59,72,68,35,10
6.075969,2034,1795,90,78,50,21,2119,1805,70,58,81,54,44,7
6.085575,2039,1793,92,76,54,24,2118,1800,60,71,68,63,43,13
6.094879,2034,1793,90,76,56,19,2118,1807,64,64,67,70,41,5
6.103845,2038,1793,91,75,55,24,2124,1797,65,64,77,72,40,9
6.112685,2038,1794,94,73,53,24,2131,1804,75,64,77,63,44,4
6.121782,2035,1793,95,73,53,21,2127,1803,67,58,76,62,51,10
6.130529,2036,1795,95,75,49,22,2119,1801,63,61,75,74,38,7
6.139418,2030,1794,96,71,53,16,2127,1808,74,60,64,73,32,16
6.149106,2032,1795,93,74,53,17,2116,1799,57,80,72,72,30,6
6.157925,2036,1793,92,75,55,21,2113,1797,71,63,71,65,34,12
6.167552,2029,1793,92,75,54,15,2117,1798,73,56,76,64,43,7
6.177291,2026,1792,92,73,55,14,2122,1798,60,72,82,62,38,10
6.186349,2033,1792,91,75,54,21,2117,1790,57,73,78,72,42,5
6.195102,2033,1792,90,75,56,20,2119,1797,57,60,76,70,50,9
6.203920,2030,1791,88,78,56,17,2127,1805,69,63,74,63,42,11
6.213391,2037,1791,88,77,58,23,2115,1785,73,63,75,71,37,11
6.222338,2036,1791,87,77,59,22,2114,1794,64,68,71,67,37,13
6.231361,2036,1794,85,74,60,23,2113,1793,74,69,76,59,34,8
6.241279,2032,1794,84,77,59,18,2117,1801,64,68,74,68,32,10
6.251510,2024,1794,85,76,59,10,2118,1788,72,54,95,59,40,10
6.261183,2035,1795,83,78,58,21,2131,1788,70,76,63,78,41,15
6.270367,2037,1795,84,77,58,23,2122,1797,72,67,71,69,42,4
6.279978,2024,1795,84,75,60,10,2126,1791,60,80,76,66,39,14
6.288876,2041,1796,83,74,61,27,2123,1798,67,57,75,77,41,8
6.298133,2037,1797,81,75,61,23,2123,1784,81,72,74,69,38,5
6.307107,2031,1797,82,74,61,17,2120,1792,81,76,54,63,44,10
6.316415,2040,1796,84,68,67,25,2118,1798,70,66,60,68,45,11
6.325202,2038,1796,85,68,67,22,2119,1791,81,68,70,60,37,12
6.333585,2044,1797,84,69,66,28,2117,1801,62,68,82,63,32,9
6.343120,2035,1797,84,70,66,18,2113,1801,62,78,80,58,26,8
6.352312,2036,1797,84,68,68,19,2108,1798,77,64,69,58,35,7
6.361855,2036,1797,85,66,70,18,2109,1793,65,66,59,77,37,12
6.371501,2029,1797,87,66,67,12,2106,1785,74,62,78,63,39,5
6.381063,2034,1797,86,72,61,18,2103,1790,71,73,71,53,38,7
6.390447,2038,1797,85,72,62,22,2103,1781,76,69,76,63,29,9
6.400636,2036,1799,82,73,63,19,2099,1792,67,71,62,70,28,9
6.410659,2033,1798,82,75,62,16,2096,1791,65,78,60,60,34,8
6.420423,2036,1797,81,77,62,19,2104,1792,70,64,72,57,44,5
6.429970,2028,1795,83,74,65,11,2114,1788,84,56,74,66,36,10
6.439949,2040,1796,82,75,66,21,2116,1787,75,65,78,62,36,13
6.448615,2041,1796,81,76,65,23,2130,1791,75,73,80,62,38,11
6.458031,2033,1797,79,76,66,15,2130,1791,77,75,65,76,39,7
6.466418,2039,1797,77,78,66,21,2132,1794,81,69,60,74,40,14
6.475694,2043,1797,77,78,67,24,2131,1800,70,82,61,72,37,9
6.484880,2043,1798,77,77,67,24,2130,1795,83,70,81,62,28,11
6.493543,2030,1798,76,77,68,11,2127,1796,84,54,75,78,32,8
6.502495,2034,1797,76,79,66,16,2132,1800,75,59,81,68,40,9
6.511189,2037,1798,73,83,64,19,2131,1796,88,55,81,65,35,11
6.520548,2042,1797,74,83,65,23,2126,1796,68,72,72,72,38,8
6.529572,2037,1799,72,86,62,18,2125,1794,81,68,64,67,46,5
6.538613,2042,1800,71,90,58,23,2128,1793,77,71,71,67,42,7
6.547514,2046,1799,72,89,60,26,2128,1791,87,69,66,71,35,9
6.556424,2037,1797,74,89,61,16,2126,1799,73,78,69,53,41,13
6.565604,2041,1797,74,92,57,21,2131,1803,68,64,71,74,40,11
6.574977,2049,1796,78,89,58,28,2128,1797,78,60,81,75,30,7
6.584012,2042,1797,77,90,56,22,2129,1805,70,79,64,72,27,12
6.593015,2040,1796,80,87,57,20,2139,1803,73,62,86,75,33,7
6.601282,2048,1794,82,87,56,29,2139,1806,66,61,86,64,47,9
6.610017,2036,1795,81,90,54,16,2135,1805,76,60,81,70,31,12
6.619337,2037,1796,80,90,54,17,2125,1792,70,74,83,60,40,6
6.627789,2038,1795,81,89,55,18,2122,1790,69,64,80,69,36,14
6.636584,2039,1795,80,92,54,18,2117,1803,71,62,62,66,46,7
6.645585,2043,1795,79,92,55,22,2121,1793,72,74,77,59,38,8
6.654692,2050,1796,79,91,55,29,2119,1798,64,89,74,59,27,8
6.663949,2036,1794,80,91,56,15,2126,1797,75,70,70,63,43,8
6.672505,2039,1794,79,92,55,19,2122,1796,71,63,84,58,43,7
6.681437,2035,1795,78,94,53,15,2128,1801,76,70,69,75,29,8
6.690447,2039,1796,78,93,53,19,2125,1806,67,83,80,55,26,8
6.699831,2045,1796,81,90,53,25,2129,1805,87,65,66,62,33,11
6.709059,2035,1797,80,88,54,16,2124,1801,66,56,83,80,34,4
6.717714,2043,1798,81,85,55,24,2125,1791,81,63,70,85,30,5
6.727012,2037,1799,82,83,55,18,2134,1790,82,63,77,68,37,17
6.735481,2040,1801,79,85,55,20,2138,1802,69,77,72,70,33,15
6.743846,2047,1802,78,87,53,27,2132,1789,73,68,99,62,37,4
6.752664,2041,1800,77,91,52,21,2139,1797,65,75,90,63,40,9
6.761284,2043,1801,75,92,52,23,2137,1792,78,63,76,82,40,6
6.769973,2045,1801,77,90,52,25,2150,1789,87,78,68,87,30,11
6.778663,2043,1800,77,90,54,22,2145,1794,78,81,77,72,38,5
6.787505,2036,1797,78,88,58,15,2144,1794,81,55,89,78,33,14
6.795640,2042,1797,77,88,58,22,2138,1789,81,66,87,56,52,7
6.804090,2036,1797,74,89,59,17,2133,1796,86,65,80,63,34,9
6.813460,2038,1794,76,87,61,20,2138,1797,76,77,77,65,40,6
6.822330,2040,1794,75,87,62,22,2137,1797,73,74,73,65,42,13
6.831132,2039,1794,78,85,61,21,2141,1799,76,68,76,77,32,13
6.839316,2038,1794,79,83,63,19,2135,1799,71,75,64,74,43,9
6.847508,2039,1795,79,82,63,20,2132,1785,84,68,87,61,39,8
6.856245,2039,1797,75,84,63,20,2133,1800,65,83,72,62,44,7
6.864842,2049,1796,75,83,66,29,2137,1805,80,64,68,79,34,7
6.873897,2045,1796,75,83,66,25,2143,1808,65,73,78,73,32,14
6.882050,2036,1795,75,85,64,17,2136,1799,72,71,73,73,41,7
6.890814,2041,1795,73,88,62,23,2143,1785,66,82,81,79,41,9
6.899395,2040,1795,73,86,64,22,2140,1795,75,78,74,72,41,5
6.908062,2036,1793,78,80,67,18,2137,1791,72,69,81,76,40,8
6.917421,2043,1791,79,79,69,25,2136,1789,72,65,86,75,36,13
6.926723,2038,1792,78,79,70,19,2126,1792,76,77,74,67,37,3
6.935497,2038,1791,78,77,74,18,2125,1803,69,80,65,66,36,6
6.944371,2042,1790,79,78,72,23,2124,1790,72,69,85,67,26,15
6.953106,2040,1789,80,80,68,23,2130,1795,71,74,72,69,42,7
6.961867,2040,1788,75,86,68,23,2135,1794,69,81,87,59,32,13
6.970883,2037,1786,76,85,69,21,2129,1794,67,72,67,83,40,6
6.979529,2038,1786,77,84,69,22,2130,1777,78,74,77,75,35,14
6.987875,2034,1787,77,83,70,17,2133,1783,78,78,72,86,26,10
6.996267,2045,1786,77,85,67,30,2127,1782,80,73,71,74,37,10
7.004892,2028,1785,76,86,68,13,2124,1786,72,73,88,63,37,5
7.014114,2033,1782,80,81,73,17,2122,1789,73,68,63,71,40,18
7.023304,2029,1784,80,79,72,14,2119,1782,65,75,77,70,39,11
7.032164,2034,1784,80,79,71,20,2121,1776,82,68,72,76,43,4
7.040619,2038,1783,81,79,70,25,2126,1767,94,53,78,73,47,14
7.049635,2024,1782,84,75,68,15,2110,1781,68,63,76,81,33,8
7.058349,2027,1782,83,77,67,18,2110,1780,82,70,83,56,32,7
7.067068,2026,1783,84,77,64,18,2111,1783,80,61,73,70,33,11
7.076623,2031,1783,84,77,64,23,2116,1776,79,56,76,90,30,9
7.085557,2030,1783,85,77,64,21,2118,1791,53,72,81,65,44,12
7.094723,2028,1785,82,77,65,19,2112,1787,72,72,70,63,38,10
7.103391,2028,1785,81,80,63,19,2104,1778,75,62,62,75,45,7
7.111897,2031,1786,81,78,65,21,2101,1788,79,50,74,73,30,7
7.121708,2022,1785,81,80,64,12,2098,1768,89,62,72,60,39,8
7.131279,2028,1783,82,82,63,18,2097,1782,73,50,84,62,38,8
7.140647,2042,1783,83,85,60,31,2099,1770,73,85,69,55,42,5
7.150257,2036,1783,83,85,60,25,2106,1779,77,65,74,64,40,7
7.159440,2033,1784,84,83,56,26,2113,1782,67,80,79,51,38,16
7.168264,2036,1787,81,85,55,28,2110,1774,76,73,70,68,42,7
7.177736,2036,1789,79,84,54,30,2097,1773,68,82,76,50,39,9
7.186243,2027,1790,79,83,54,21,2102,1779,74,67,68,63,37,14
7.195664,2024,1793,77,85,53,16,2094,1776,71,73,69,61,36,8
7.205230,2027,1792,78,84,53,20,2101,1778,67,66,77,64,38,11
7.214622,2027,1795,78,83,51,20,2097,1771,84,64,73,55,40,10
7.224135,2024,1795,76,85,51,17,2097,1781,76,70,60,72,32,6
7.234334,2023,1793,80,81,53,16,2091,1792,63,72,58,65,35,6
7.244192,2026,1795,79,78,55,19,2092,1773,79,82,52,62,36,8
7.253387,2026,1795,79,78,56,18,2095,1773,86,78,68,51,33,6
7.262596,2028,1795,79,78,56,20,2101,1771,80,68,78,51,46,7
7.272260,2032,1795,77,76,61,23,2100,1777,79,69,71,58,33,13
7.281383,2033,1796,76,80,57,24,2106,1776,81,66,63,65,46,9
7.290177,2019,1796,74,81,58,10,2110,1783,63,81,64,65,46,8
7.299104,2032,1796,74,80,60,22,2110,1785,73,77,58,82,27,8
7.308106,2033,1795,75,82,59,22,2123,1778,75,66,70,65,60,9
7.316816,2029,1792,74,85,59,19,2121,1794,72,66,62,72,45,10
7.325830,2032,1792,74,82,59,25,2114,1779,79,62,67,82,41,4
7.334519,2024,1791,75,79,62,17,2122,1778,71,65,88,71,37,12
7.343285,2029,1793,74,77,64,21,2123,1771,72,71,80,64,51,14
7.351620,2023,1793,73,77,66,14,2120,1767,84,72,76,67,41,13
7.360154,2022,1792,73,76,70,11,2123,1780,78,65,76,62,48,14
7.368966,2030,1792,71,79,68,20,2124,1776,81,72,82,74,34,5
7.377298,2027,1792,70,79,69,17,2129,1785,74,72,82,60,50,6
7.385571,2027,1793,70,79,67,18,2128,1780,83,64,74,74,40,13
7.394276,2025,1795,69,80,66,15,2130,1792,73,67,78,66,43,11
7.402949,2034,1798,68,78,67,23,2121,1803,65,68,66,79,36,4
7.411752,2029,1798,71,77,67,16,2131,1791,72,70,77,71,37,13
7.420954,2044,1798,71,76,68,31,2126,1790,68,76,63,68,50,11
7.429706,2035,1799,71,76,66,23,2126,1796,72,70,64,70,37,17
7.438257,2041,1798,73,77,60,33,2128,1790,75,63,81,73,37,9
7.447053,2029,1799,72,78,60,20,2128,1790,87,62,64,78,35,12
7.455945,2030,1799,72,78,60,21,2131,1787,80,70,69,77,34,14
7.464149,2027,1798,75,78,59,17,2132,1794,81,69,85,59,37,7
7.472535,2027,1797,78,76,59,17,2135,1784,80,71,74,87,28,11
7.480892,2038,1796,80,75,61,26,2144,1786,76,65,92,63,43,19
7.489137,2043,1796,79,78,58,32,2137,1794,84,67,69,69,46,8
7.497699,2032,1795,80,76,61,20,2139,1784,82,68,74,74,47,10
7.506700,2034,1795,80,73,63,23,2138,1780,83,68,74,80,41,12
7.515133,2028,1795,80,73,63,17,2134,1802,78,71,67,70,35,11
7.524377,2033,1794,78,74,65,22,2132,1787,84,55,82,68,45,11
7.532773,2040,1794,78,74,66,28,2134,1795,74,66,82,71,33,13
7.542107,2037,1794,79,74,65,25,2138,1791,80,67,73,70,42,15
7.550545,2038,1796,77,75,65,25,2132,1786,74,60,80,69,48,15
7.559213,2045,1794,76,79,65,31,2137,1789,66,75,86,63,46,12
7.567848,2032,1794,76,80,64,18,2133,1794,68,72,71,80,37,11
7.576123,2030,1795,75,81,62,17,2140,1795,67,78,79,77,35,9
7.584799,2039,1794,73,83,63,26,2136,1783,75,71,80,79,38,10
7.593632,2024,1794,72,84,63,11,2135,1779,82,74,78,65,43,14
7.602174,2039,1794,72,84,63,26,2141,1795,71,77,78,64,42,14
7.610434,2032,1794,70,86,65,17,2134,1791,74,65,89,65,40,10
7.619198,2033,1795,70,84,69,15,2123,1786,73,73,72,68,47,4
7.628166,2044,1792,74,81,72,25,2130,1794,81,71,63,74,40,7
7.636906,2049,1791,74,81,72,31,2133,1803,63,75,82,64,39,7
7.645808,2041,1787,77,79,74,24,2129,1780,69,89,84,59,34,14
7.655001,2036,1788,79,79,73,17,2125,1786,74,83,73,62,39,8
7.664083,2027,1786,81,81,71,8,2123,1787,71,72,69,70,41,13
7.672989,2045,1787,80,81,71,26,2126,1794,68,74,70,63,46,11
7.681772,2042,1787,80,82,70,23,2130,1793,85,67,63,70,37,15
7.690641,2047,1787,81,81,69,29,2126,1787,78,68,81,62,45,5
7.699580,2041,1787,82,81,68,23,2131,1777,81,70,83,81,35,4
7.707816,2044,1788,82,82,68,24,2142,1784,75,86,80,76,30,11
7.716496,2035,1786,83,82,69,15,2137,1789,72,75,82,69,44,6
7.725220,2050,1786,81,84,69,30,2139,1783,79,83,75,81,26,12
7.733202,2042,1785,85,83,71,18,2142,1777,84,70,85,74,39,13
7.742114,2044,1786,84,82,71,21,2149,1786,75,73,77,75,47,16
7.750331,2046,1787,85,81,69,24,2150,1785,82,73,77,82,47,4
7.758578,2055,1787,88,78,69,33,2153,1794,75,86,87,65,39,7
7.766596,2041,1789,86,80,67,19,2154,1784,72,86,81,73,44,14
7.775049,2054,1789,88,79,66,32,2152,1793,75,92,68,72,46,6
7.783271,2053,1787,89,84,64,29,2151,1803,84,78,73,65,43,5
7.792170,2047,1788,89,86,61,23,2148,1793,80,84,92,71,22,6
7.800754,2046,1788,89,86,62,21,2145,1790,89,70,78,69,35,14
7.809765,2049,1786,91,83,64,25,2133,1802,79,77,71,69,29,6
7.818727,2041,1786,93,80,66,16,2136,1805,70,62,81,66,43,9
7.827857,2053,1787,94,79,66,27,2133,1791,63,80,73,77,40,9
7.836730,2040,1787,92,80,65,16,2138,1785,79,70,78,70,38,18
7.845629,2043,1788,90,82,64,19,2139,1795,68,69,91,65,41,10
7.854108,2047,1788,90,82,65,22,2145,1786,82,67,88,70,44,8
7.862723,2048,1788,90,82,65,23,2145,1789,79,83,66,74,42,12
7.870928,2048,1788,88,86,63,23,2143,1799,79,65,102,63,26,9
7.880032,2048,1788,89,83,66,22,2143,1783,74,80,78,74,40,14
7.888945,2042,1789,91,80,66,16,2141,1779,85,79,71,79,37,11
7.897795,2046,1788,92,80,66,20,2138,1794,78,78,74,68,37,9
7.906740,2042,1788,95,77,67,15,2140,1784,82,79,81,57,47,10
7.915381,2045,1788,94,78,67,18,2136,1794,78,70,88,67,29,10
7.924152,2053,1788,93,77,69,26,2135,1801,78,73,73,70,36,4
7.933216,2053,1788,93,78,69,25,2143,1795,78,71,71,70,51,7
7.942001,2056,1788,95,77,68,28,2140,1811,69,61,78,83,33,5
7.950968,2053,1788,94,74,72,25,2144,1795,70,79,89,69,38,4
7.959437,2046,1790,94,72,72,18,2148,1787,82,82,66,75,48,8
7.967681,2048,1790,95,72,71,20,2146,1797,66,71,74,84,48,6
7.976051,2046,1791,91,76,69,19,2157,1785,86,59,74,87,56,10
7.985108,2050,1792,91,75,69,23,2147,1788,80,82,67,85,35,10
7.993275,2057,1792,92,74,70,29,2148,1800,71,72,73,77,39,16
8.002495,2049,1794,91,74,68,22,2144,1794,74,68,88,71,36,13
8.010982,2052,1792,92,72,70,26,2143,1796,74,68,78,70,47,10
8.019608,2044,1792,92,75,68,17,2149,1797,83,61,77,85,32,14
8.028328,2049,1791,92,78,66,22,2145,1807,68,75,71,81,36,7
8.036876,2048,1790,91,82,63,22,2140,1800,76,71,69,77,38,9
8.045458,2045,1791,91,80,64,19,2145,1799,72,72,81,73,38,10
8.053621,2047,1790,90,80,66,21,2141,1796,66,79,75,71,41,13
8.062515,2045,1790,92,79,65,19,2132,1802,74,65,63,72,46,10
8.071498,2040,1790,88,84,63,15,2118,1791,67,70,73,78,32,7
8.080322,2043,1791,87,85,62,18,2127,1791,87,58,75,60,45,11
8.089568,2050,1790,87,85,64,24,2118,1793,79,62,77,55,44,8
8.098999,2048,1790,90,83,63,22,2121,1792,78,57,77,62,44,11
8.107952,2049,1789,90,84,63,23,2129,1792,78,70,61,73,45,10
8.116899,2049,1790,91,83,63,22,2126,1796,74,70,59,77,39,11
8.125756,2044,1790,91,82,64,17,2124,1792,66,78,73,67,38,10
8.135190,2048,1790,90,85,62,21,2129,1799,82,65,71,69,36,7
8.144095,2045,1790,89,88,60,18,2129,1782,76,68,88,61,45,9
8.153654,2042,1788,91,87,60,16,2137,1792,77,59,84,74,36,15
8.162443,2049,1787,92,85,62,23,2134,1807,63,66,71,60,56,11
8.171185,2044,1786,93,86,61,18,2136,1788,84,76,83,57,42,6
8.179523,2040,1787,93,84,63,13,2144,1797,73,82,78,67,34,13
8.187798,2043,1787,94,79,66,17,2142,1796,79,64,81,71,45,6
8.195956,2046,1788,93,80,66,19,2147,1801,75,67,82,79,38,5
8.204588,2052,1788,92,82,64,26,2145,1804,77,65,77,66,49,7
8.213281,2040,1786,95,80,65,14,2143,1791,84,70,67,69,52,10
8.221558,2053,1787,96,78,65,27,2145,1799,79,62,82,73,39,11
8.230278,2051,1788,95,78,65,25,2143,1803,76,67,79,68,40,10
8.238940,2045,1788,95,77,64,21,2143,1792,83,69,86,68,38,7
8.248108,2039,1788,96,76,65,14,2143,1793,83,69,77,74,38,9
8.256657,2044,1787,96,77,64,20,2147,1790,80,76,80,79,31,11
8.265669,2040,1787,96,78,62,17,2146,1803,75,71,74,76,35,12
8.273957,2049,1789,95,78,61,26,2147,1800,81,71,74,77,35,9
8.282120,2039,1791,94,79,60,15,2143,1782,84,68,77,88,34,10
8.290905,2048,1788,96,77,62,25,2133,1795,79,79,73,58,41,8
8.299900,2045,1787,95,79,61,23,2136,1780,91,75,76,60,45,9
8.308410,2041,1786,95,78,64,18,2130,1790,86,68,79,63,37,7
8.316936,2040,1786,98,75,64,17,2132,1798,70,69,74,64,47,10
8.325709,2046,1786,97,75,65,23,2129,1785,83,62,78,71,43,7
8.334418,2041,1786,97,75,63,20,2127,1797,82,62,76,64,38,8
8.342848,2047,1787,98,74,63,25,2135,1797,79,69,61,65,55,9
8.351772,2041,1787,99,73,62,20,2138,1785,83,72,75,67,41,15
8.360159,2038,1786,100,73,62,17,2137,1791,83,65,73,69,48,8
8.368366,2043,1787,100,74,60,22,2148,1797,83,74,62,67,52,13
8.376484,2042,1788,99,74,61,20,2150,1799,73,80,72,73,41,12
8.384525,2052,1787,101,73,60,31,2149,1780,84,79,90,70,35,11
8.392539,2049,1787,99,77,61,25,2146,1784,72,88,84,73,35,10
8.400491,2046,1788,98,77,60,23,2153,1782,90,77,77,74,44,9
8.408307,2047,1786,99,77,61,24,2153,1788,72,76,90,66,48,13
8.415890,2050,1783,99,80,61,27,2156,1797,75,74,78,78,40,14
8.423448,2044,1781,99,81,64,19,2161,1782,72,74,93,81,44,15
8.431298,2052,1781,99,81,65,26,2153,1779,73,80,82,66,52,21
8.439426,2050,1781,97,83,64,25,2155,1785,81,70,89,69,48,13
8.448011,2046,1782,99,80,64,21,2145,1789,85,65,63,78,49,16
8.456200,2047,1781,101,80,64,21,2133,1785,75,82,75,64,41,11
8.464956,2047,1779,102,81,63,22,2140,1796,77,74,69,80,29,15
8.473646,2037,1780,101,80,64,12,2138,1781,70,73,91,66,43,14
8.481987,2049,1779,102,80,66,22,2132,1788,78,81,76,69,32,8
8.490829,2048,1779,102,80,66,21,2128,1785,72,66,85,75,37,8
8.500014,2046,1778,104,80,65,19,2129,1786,85,64,93,50,45,6
8.508485,2046,1779,102,80,64,21,2126,1782,88,72,83,59,35,7
8.516987,2049,1779,102,80,64,24,2139,1791,89,74,65,67,42,11
8.525380,2051,1780,102,80,64,25,2132,1793,79,77,85,65,30,3
8.533896,2042,1779,103,79,66,15,2130,1801,73,84,78,54,31,9
8.543546,2049,1778,104,80,66,21,2125,1789,70,71,85,58,39,13
8.552570,2044,1780,102,84,62,16,2132,1801,70,69,70,68,43,11
8.561171,2052,1779,102,83,64,24,2132,1794,75,81,77,61,38,6
8.569979,2051,1780,102,80,65,24,2138,1809,64,72,72,84,28,9
8.578622,2050,1781,101,80,64,24,2134,1788,80,73,73,66,50,4
8.587340,2055,1783,99,83,60,30,2138,1795,71,77,64,70,49,12
8.596375,2046,1784,98,82,62,20,2134,1794,71,86,78,61,34,10
8.605125,2043,1787,98,84,57,17,2147,1792,87,60,81,67,50,10
8.613523,2052,1787,95,88,54,28,2149,1789,74,69,79,76,44,18
8.621743,2042,1787,95,89,53,18,2142,1789,81,76,74,65,47,10
8.630125,2038,1786,97,88,51,16,2145,1777,80,80,81,68,44,15
8.638245,2039,1786,99,85,54,15,2140,1792,81,63,79,71,44,10
8.646851,2046,1786,99,84,55,22,2140,1799,63,67,74,80,40,17
8.655592,2048,1784,100,84,56,24,2136,1789,81,62,85,70,39,10
8.663933,2044,1785,102,80,56,21,2141,1799,80,60,86,63,43,10
8.672806,2045,1786,103,80,56,20,2140,1790,82,68,84,66,42,8
8.681197,2056,1785,103,81,55,32,2150,1797,74,74,86,67,34,18
8.689723,2046,1788,101,79,56,22,2147,1797,68,64,93,73,43,9
8.698362,2052,1788,98,82,55,29,2147,1793,72,85,73,66,41,17
8.706532,2044,1789,96,85,53,21,2148,1791,69,68,74,86,42,18
8.714872,2035,1788,97,84,54,12,2143,1790,75,74,89,74,35,6
8.723311,2046,1788,96,84,55,23,2143,1775,88,75,82,73,44,6
8.731625,2044,1786,98,81,57,22,2151,1782,82,81,82,72,41,11
8.740355,2042,1786,96,84,56,20,2148,1786,76,76,90,70,42,8
8.748652,2050,1787,96,82,58,27,2152,1796,66,72,92,72,41,13
8.756787,2041,1786,95,86,54,20,2144,1793,79,60,85,74,41,12
8.764746,2050,1786,94,87,53,30,2141,1790,71,72,72,79,45,12
8.773561,2048,1788,94,85,53,28,2150,1789,80,72,72,78,48,11
8.781620,2049,1787,93,89,51,29,2149,1786,74,82,80,69,41,17
8.789810,2035,1787,99,84,50,15,2153,1792,73,70,87,73,45,13
8.797884,2050,1787,98,86,48,31,2157,1789,73,70,85,81,39,20
8.805495,2036,1786,97,85,52,16,2155,1789,71,61,95,78,49,12
8.813537,2044,1786,96,86,52,24,2151,1784,75,74,86,68,48,16
8.821718,2045,1787,94,88,51,25,2142,1776,80,74,85,68,48,11
8.829903,2046,1787,95,88,51,25,2140,1785,81,69,85,70,37,13
8.838702,2039,1787,94,88,52,18,2140,1789,73,73,86,64,42,13
8.847219,2048,1789,92,90,50,27,2128,1783,80,70,90,59,38,8
8.856342,2041,1790,93,88,50,20,2139,1790,81,65,89,67,37,10
8.864918,2044,1792,88,92,49,23,2139,1791,74,61,81,79,44,9
8.873448,2043,1792,88,92,49,22,2140,1790,83,75,82,70,32,8
8.882152,2044,1793,88,91,49,23,2144,1789,88,80,69,69,39,10
8.891310,2048,1794,89,89,49,27,2147,1793,71,80,72,80,46,5
8.900386,2046,1795,89,88,51,23,2145,1791,80,78,72,74,40,10
8.908670,2043,1794,89,89,52,19,2147,1793,71,74,77,69,48,15
8.917124,2044,1795,88,92,50,19,2139,1794,76,77,73,68,43,8
8.925944,2044,1795,91,91,50,17,2131,1798,66,72,90,59,38,8
8.934746,2055,1794,92,92,50,27,2133,1802,72,75,77,68,32,7
8.943276,2052,1796,91,91,49,25,2137,1803,64,71,71,78,43,7
8.951855,2051,1798,90,89,51,23,2138,1798,77,68,73,82,31,9
8.960229,2047,1799,89,90,50,19,2145,1805,77,74,71,72,36,10
8.968933,2049,1799,89,90,49,22,2140,1804,79,75,70,64,40,8
8.977356,2046,1799,90,89,49,19,2133,1799,85,63,71,69,38,8
8.986697,2048,1799,90,91,47,21,2134,1805,71,69,82,65,33,9
8.995628,2050,1799,93,87,48,23,2140,1785,86,59,88,73,40,9
9.004297,2045,1802,93,85,48,17,2135,1794,82,76,67,69,38,9
9.013712,2050,1801,93,83,49,24,2136,1799,78,77,88,44,41,9
9.022816,2043,1804,92,81,49,17,2132,1792,62,78,78,69,38,15
9.031126,2043,1803,93,82,48,17,2129,1794,75,71,80,70,30,9
9.040062,2041,1802,93,83,48,15,2124,1793,75,69,71,77,34,5
9.049442,2050,1803,93,83,49,22,2125,1787,72,66,84,71,35,10
9.058452,2051,1800,94,86,48,23,2131,1791,70,75,65,72,54,4
9.067066,2054,1800,95,84,49,26,2122,1799,65,77,82,58,36,5
9.076225,2047,1794,98,83,53,19,2126,1786,67,87,68,66,41,11
9.085181,2047,1794,99,83,52,19,2131,1790,62,82,79,70,40,8
9.093721,2054,1794,101,79,54,26,2132,1800,71,67,75,83,27,9
9.102351,2053,1795,101,79,53,25,2131,1785,79,72,80,60,47,8
9.111191,2055,1795,100,77,57,26,2139,1794,92,63,85,52,42,11
9.119373,2055,1795,98,79,56,27,2138,1795,81,79,74,58,37,14
9.127932,2044,1795,97,81,56,15,2130,1797,77,66,70,74,35,11
9.137467,2051,1794,97,80,58,22,2126,1806,74,64,60,73,41,8
9.146769,2054,1794,96,81,58,25,2127,1792,81,79,66,59,42,8
9.155291,2051,1795,96,78,59,23,2126,1800,67,70,64,82,34,9
9.164352,2046,1797,94,77,59,19,2127,1792,89,56,81,65,41,3
9.173564,2047,1795,94,79,58,21,2140,1797,77,82,68,56,44,16
9.182617,2056,1794,98,77,57,30,2141,1788,82,67,76,72,42,14
9.191396,2043,1795,97,77,57,17,2141,1800,78,62,89,57,45,10
9.199643,2041,1795,98,78,54,16,2148,1789,84,76,73,72,46,8
9.208405,2041,1795,92,84,54,16,2146,1802,69,80,79,62,43,11
9.216534,2052,1794,91,85,56,26,2149,1794,73,72,78,78,42,12
9.224932,2058,1794,91,88,56,29,2142,1801,79,71,73,67,40,11
9.233501,2053,1794,91,88,56,24,2140,1802,74,66,81,72,35,10
9.241959,2056,1793,90,88,58,27,2142,1802,84,65,79,67,34,11
9.251121,2047,1794,90,86,59,18,2144,1803,64,74,89,65,40,9
9.259488,2048,1793,91,88,61,15,2134,1802,77,69,85,64,33,4
9.268187,2045,1791,91,90,61,12,2140,1802,78,75,55,78,43,9
9.277356,2055,1791,93,88,61,22,2134,1816,68,64,76,70,29,11
9.285612,2064,1791,96,85,61,31,2138,1805,77,76,73,66,30,11
9.294449,2058,1790,98,83,63,24,2145,1813,67,78,77,60,38,12
9.303947,2058,1792,95,85,61,25,2144,1799,79,73,87,64,31,11
9.312881,2043,1792,95,83,63,10,2146,1803,73,85,76,66,32,11
9.321500,2054,1791,96,82,63,22,2144,1804,73,67,81,74,37,8
9.329882,2058,1792,95,82,63,26,2145,1804,75,75,77,66,40,8
9.338575,2053,1794,93,81,63,22,2147,1796,76,85,62,76,41,11
9.346935,2057,1794,94,78,67,24,2141,1812,71,62,75,75,36,10
9.355933,2049,1795,93,79,65,17,2137,1813,66,67,78,72,32,9
9.365281,2054,1794,94,80,64,22,2135,1806,80,62,79,60,41,7
9.374415,2055,1795,95,79,62,24,2136,1801,81,71,64,76,33,10
9.383559,2053,1794,95,80,62,22,2141,1806,81,60,71,73,44,6
9.392417,2051,1794,97,80,63,17,2145,1810,82,64,64,72,38,15
9.401359,2060,1793,99,78,65,25,2147,1810,73,60,92,69,33,10
9.410203,2052,1795,98,78,64,17,2141,1810,72,68,77,68,35,11
9.418491,2056,1796,94,80,65,21,2148,1806,79,68,71,81,33,10
9.426722,2060,1795,95,80,65,25,2152,1802,73,74,76,64,48,15
9.435469,2057,1795,95,82,63,22,2142,1816,74,60,76,63,40,13
9.444591,2056,1795,97,81,63,20,2139,1802,79,55,90,61,38,14
9.453558,2052,1797,95,80,62,18,2138,1808,78,72,74,60,40,6
9.462565,2052,1795,98,79,62,18,2141,1804,78,71,81,49,48,10
9.471690,2056,1795,101,76,62,22,2139,1813,76,65,81,65,33,6
9.480110,2062,1796,98,77,63,28,2147,1808,80,66,81,65,34,13
9.488452,2049,1796,97,76,63,17,2148,1818,82,70,75,56,33,14
9.496841,2051,1795,97,77,63,19,2147,1796,70,78,72,79,44,8
9.505132,2056,1795,98,77,62,24,2150,1798,78,75,73,76,36,14
9.513676,2051,1795,98,74,64,20,2155,1807,63,72,94,67,42,10
9.522449,2056,1796,97,75,63,25,2150,1805,70,73,74,86,35,7
9.531428,2051,1799,93,79,61,19,2151,1799,73,83,83,66,42,5
9.539844,2059,1800,93,82,57,27,2146,1807,80,65,78,75,34,7
9.548471,2052,1800,93,83,59,17,2155,1804,74,72,79,75,36,15
9.557089,2057,1802,93,83,57,22,2156,1817,75,67,80,66,40,11
9.565221,2055,1802,92,84,56,21,2159,1809,72,61,78,82,37,20
9.573609,2054,1804,91,83,56,20,2160,1815,74,66,79,71,48,7
9.581804,2048,1803,93,81,58,13,2158,1798,66,74,83,76,43,18
9.591006,2051,1805,92,78,60,16,2151,1805,79,76,77,66,41,7
9.599861,2052,1804,91,78,61,18,2146,1798,85,76,77,70,32,8
9.608923,2053,1805,91,77,61,19,2140,1800,74,84,66,67,43,6
9.617222,2053,1803,93,76,61,20,2139,1803,72,74,80,62,40,8
9.626492,2045,1801,95,71,66,12,2141,1814,74,75,62,71,35,10
9.635742,2057,1801,92,75,65,24,2134,1798,82,69,68,69,40,8
9.644277,2053,1801,92,75,65,20,2142,1801,81,72,76,67,39,6
9.653212,2057,1802,94,74,63,24,2139,1815,71,65,77,61,43,7
9.661304,2054,1801,95,73,64,21,2140,1813,67,82,60,74,39,5
9.670126,2055,1802,93,74,64,22,2138,1802,71,74,86,54,39,12
9.679398,2053,1799,97,71,66,20,2135,1802,58,79,70,74,43,9
9.688251,2055,1797,100,67,69,22,2135,1803,78,76,68,58,39,13
9.696913,2051,1799,97,67,70,18,2141,1801,74,78,61,77,34,16
9.706218,2050,1798,98,66,71,17,2135,1800,71,78,77,56,51,2
9.715254,2045,1796,99,67,68,15,2137,1804,82,66,81,60,38,6
9.724431,2057,1796,97,68,70,26,2142,1798,80,76,75,65,36,12
9.733501,2056,1795,99,70,70,22,2140,1814,69,83,72,48,43,11
9.742176,2058,1795,100,70,70,23,2152,1808,67,68,81,67,43,18
9.750795,2055,1795,99,72,69,20,2146,1804,76,74,84,75,26,7
9.759368,2054,1795,99,72,69,19,2152,1800,79,75,80,74,32,12
9.767994,2058,1795,99,71,70,23,2154,1798,73,93,80,66,33,11
9.776103,2063,1795,99,72,70,27,2151,1802,66,76,91,68,37,11
9.783925,2055,1796,99,73,68,19,2147,1795,76,75,88,70,32,11
9.792997,2057,1799,97,74,67,20,2144,1804,81,73,74,66,40,6
9.801951,2057,1798,97,76,66,20,2135,1799,73,74,73,68,34,14
9.810644,2066,1800,95,76,67,28,2141,1813,67,70,74,73,32,12
9.819642,2056,1798,97,75,68,18,2142,1811,75,68,77,63,39,9
9.829363,2050,1798,98,75,66,13,2141,1807,80,75,85,52,32,10
9.838963,2054,1798,97,77,65,17,2151,1813,61,75,90,73,30,9
9.847940,2059,1798,99,78,63,21,2160,1812,74,73,88,70,34,9
9.856780,2068,1796,102,76,65,29,2161,1810,82,75,65,76,42,11
9.864780,2060,1796,102,73,68,21,2161,1794,93,76,75,72,40,11
9.872999,2067,1797,101,75,66,28,2161,1818,72,86,79,65,30,11
9.881318,2058,1799,101,75,63,20,2164,1805,71,77,72,84,41,14
9.889279,2062,1800,99,76,64,23,2167,1806,78,59,75,86,51,12
9.897737,2059,1799,99,77,64,20,2162,1804,79,76,80,65,50,8
9.906507,2054,1800,97,78,63,16,2168,1801,80,81,90,70,34,12
9.914463,2061,1799,96,78,66,22,2176,1822,74,83,65,75,47,10
9.922764,2067,1798,96,79,65,29,2182,1821,71,66,83,79,44,18
9.931059,2063,1797,95,80,66,25,2179,1817,71,77,99,65,44,6
9.939590,2059,1798,97,78,64,22,2188,1811,66,85,72,84,58,12
9.948037,2062,1798,97,78,64,25,2185,1808,66,77,87,79,57,11
9.955648,2069,1797,96,79,65,32,2191,1815,66,73,99,78,47,13
9.963457,2056,1797,97,79,64,19,2179,1804,79,67,102,70,43,14
9.971893,2055,1798,96,78,61,22,2171,1802,73,85,86,79,39,7
9.980437,2053,1799,96,77,61,20,2173,1810,79,67,91,78,37,11
9.989668,2058,1799,98,75,58,28,2165,1806,62,74,90,79,47,7
9.997760,2043,1800,98,75,57,13,2159,1810,69,85,74,79,29,13
10.005887,2049,1798,99,73,60,19,2165,1802,80,73,81,88,30,11
10.014781,2056,1795,99,72,64,26,2158,1803,88,60,77,73,45,12
10.023323,2047,1795,99,73,66,14,2166,1798,67,84,74,87,36,20
10.031242,2055,1794,97,77,65,22,2165,1795,75,84,88,72,40,11
10.039281,2048,1796,97,75,65,15,2168,1791,92,79,86,68,42,10
10.046954,2062,1794,98,76,65,29,2168,1809,69,92,77,67,40,14
10.054790,2045,1793,98,77,63,14,2161,1799,65,97,83,67,43,7
10.062617,2059,1793,97,79,62,28,2168,1793,77,84,91,70,37,16
10.070827,2056,1793,98,78,62,25,2157,1806,72,87,84,64,37,7
10.078588,2064,1793,97,79,61,34,2166,1813,75,75,83,64,42,14
10.086640,2057,1794,95,81,60,27,2160,1806,76,74,81,73,42,8
10.094524,2045,1795,95,81,58,16,2157,1807,81,70,79,70,42,8
10.103836,2051,1794,97,78,61,21,2157,1801,86,66,67,80,50,7
10.112162,2059,1794,97,78,61,29,2162,1808,74,81,76,66,43,14
10.120469,2053,1793,96,81,60,23,2151,1795,86,67,82,71,42,8
10.128645,2055,1793,97,80,58,27,2155,1789,82,72,76,85,40,11
10.137115,2052,1794,97,79,58,24,2152,1805,76,73,70,72,45,11
10.145792,2046,1792,98,80,57,19,2158,1802,77,75,82,82,32,8
10.154383,2045,1794,96,80,58,17,2154,1794,87,71,89,64,38,11
10.162853,2049,1795,96,80,60,18,2159,1801,73,73,80,83,40,9
10.171271,2054,1795,95,81,59,24,2160,1798,86,63,89,71,43,10
10.179083,2059,1797,93,80,59,30,2157,1810,67,71,83,74,40,12
10.187205,2046,1797,93,82,56,18,2152,1799,70,88,68,75,46,6
10.195346,2043,1795,94,81,59,14,2158,1795,68,78,79,89,37,12
10.203393,2049,1796,94,80,59,20,2156,1795,80,82,86,66,34,13
10.211794,2048,1796,94,80,59,19,2162,1804,74,67,65,89,47,16
10.220409,2057,1797,94,78,60,28,2165,1813,68,79,74,69,49,13
10.228439,2048,1797,95,78,57,21,2169,1798,73,70,91,77,51,9
10.236649,2052,1797,95,78,57,25,2165,1798,76,89,82,74,40,6
10.244740,2047,1796,96,76,59,20,2162,1800,78,71,81,83,42,7
10.252710,2051,1798,93,77,61,22,2165,1789,78,70,82,84,48,14
10.260454,2058,1796,93,79,61,29,2167,1800,77,76,89,80,36,9
10.268917,2054,1794,96,77,62,25,2165,1790,91,77,87,71,38,11
10.276685,2051,1794,95,78,62,22,2162,1809,69,79,80,69,43,13
10.285435,2047,1795,94,79,61,18,2154,1798,76,62,75,79,50,14
10.293432,2049,1796,94,78,62,19,2142,1799,67,70,88,66,46,6
10.302054,2054,1795,95,77,63,24,2147,1791,77,79,69,75,46,10
10.310560,2060,1796,94,78,63,29,2145,1803,60,73,90,77,34,8
10.319342,2046,1796,94,78,64,14,2144,1797,70,73,79,68,47,10
10.328243,2061,1796,93,80,64,28,2148,1797,80,63,87,73,38,10
10.336666,2063,1795,93,81,64,30,2152,1790,68,89,71,79,42,13
10.345070,2056,1796,91,83,62,24,2147,1807,71,81,79,68,32,9
10.353733,2048,1796,91,83,62,16,2152,1793,84,74,67,72,48,14
10.362382,2049,1796,93,82,61,17,2153,1785,87,67,92,75,35,12
10.370610,2052,1796,91,84,62,19,2152,1786,77,68,70,78,53,20
10.379017,2056,1796,91,84,62,23,2142,1799,74,68,79,80,33,9
10.387721,2053,1797,92,82,64,18,2145,1795,75,71,76,81,34,13
10.396173,2062,1796,93,82,64,27,2141,1809,75,65,82,69,34,7
10.404696,2062,1795,94,85,61,27,2141,1802,75,73,65,72,43,11
10.413670,2056,1795,96,82,61,22,2138,1807,77,64,70,73,39,8
10.422473,2054,1794,97,80,63,20,2139,1805,87,66,73,61,37,10
10.431688,2057,1795,96,81,62,23,2133,1811,67,85,68,64,32,6
10.440578,2056,1794,98,80,62,22,2141,1808,68,60,78,83,29,15
10.449561,2049,1795,98,79,62,15,2148,1815,72,70,65,74,38,14
10.458314,2057,1797,97,79,62,22,2153,1803,76,79,81,53,50,11
10.466391,2051,1797,99,75,64,16,2155,1812,71,76,78,66,43,9
10.474927,2053,1797,100,72,66,18,2153,1805,77,71,78,65,45,12
10.483816,2067,1798,99,71,67,32,2150,1808,79,75,75,66,34,13
10.492599,2060,1798,99,71,66,26,2140,1807,75,73,74,64,38,9
10.501597,2051,1797,99,70,68,17,2142,1804,77,75,64,80,34,8
10.510506,2055,1795,102,67,69,22,2144,1796,75,66,97,77,26,7
10.518956,2058,1795,102,66,68,27,2148,1796,79,79,87,63,39,5
10.527165,2055,1795,99,70,66,25,2159,1797,70,84,86,64,46,12
10.535311,2059,1795,99,68,67,30,2163,1789,78,70,85,84,46,11
10.543067,2056,1796,99,67,68,26,2167,1801,62,92,91,78,28,15
10.551181,2053,1794,101,66,69,23,2168,1806,75,68,95,78,34,12
10.560021,2058,1796,98,68,68,28,2156,1807,74,70,91,74,30,10
10.568503,2056,1797,98,70,65,26,2147,1798,81,78,88,65,31,6
10.577236,2054,1798,96,71,64,25,2156,1803,75,76,88,60,44,10
10.586109,2057,1798,100,67,64,28,2157,1797,71,89,75,72,42,11
10.594100,2055,1798,98,70,63,26,2160,1802,61,92,90,59,40,16
10.601768,2045,1798,97,71,62,17,2160,1790,88,70,97,67,42,6
10.609748,2051,1797,97,72,62,23,2159,1797,85,70,79,81,37,10
10.618196,2056,1797,97,72,63,27,2165,1804,65,71,85,96,34,10
10.626173,2044,1799,94,75,61,15,2157,1804,72,82,87,62,46,4
10.634296,2052,1797,96,73,63,23,2159,1801,82,77,72,76,40,11
10.642588,2052,1797,97,73,62,23,2160,1790,74,78,92,75,44,7
10.650455,2056,1794,98,74,62,28,2158,1793,82,66,87,68,53,9
10.658728,2041,1793,97,75,61,15,2158,1787,73,85,77,85,44,7
10.666618,2048,1791,98,75,62,22,2162,1795,82,79,84,68,47,7
10.674885,2051,1794,95,76,62,24,2159,1790,80,100,76,74,35,4
10.683137,2051,1794,96,76,61,24,2165,1778,80,90,85,80,36,16
10.691203,2048,1793,97,77,61,20,2171,1797,73,76,85,84,46,10
10.698881,2052,1793,98,76,61,24,2170,1794,81,67,104,67,46,11
10.707005,2042,1792,99,76,61,14,2172,1800,76,76,75,77,49,19
10.715272,2054,1793,96,75,62,28,2164,1801,72,89,89,72,36,5
10.723521,2052,1791,98,72,63,28,2162,1811,74,72,90,67,44,4
10.731955,2053,1789,102,68,65,29,2174,1804,80,64,85,84,43,14
10.740438,2050,1789,97,72,65,27,2169,1794,91,69,95,68,45,7
10.748025,2042,1789,98,71,64,20,2167,1790,80,80,82,80,46,9
10.756056,2050,1787,97,73,65,28,2163,1798,65,75,90,75,49,11
10.763516,2036,1787,101,68,65,15,2166,1793,71,72,91,71,57,11
10.771734,2041,1786,101,70,66,18,2158,1783,84,77,84,77,45,8
10.780280,2050,1787,98,72,68,25,2149,1799,82,72,86,66,37,7
10.788684,2044,1786,98,70,69,21,2156,1784,78,76,86,71,49,12
10.796704,2050,1789,96,68,71,26,2152,1794,76,77,91,66,32,16
10.804947,2047,1792,94,68,70,23,2163,1796,75,64,84,86,46,12
10.813032,2051,1792,93,70,69,27,2162,1806,72,72,93,71,38,10
10.820992,2047,1791,92,72,68,24,2158,1790,78,84,86,74,30,16
10.829591,2048,1791,91,72,68,26,2157,1790,73,70,91,63,56,14
10.838544,2048,1789,90,77,67,25,2156,1787,74,66,89,82,48,10
10.846908,2046,1788,92,76,67,23,2153,1802,65,67,90,77,43,9
10.855611,2045,1787,93,74,69,22,2156,1784,79,71,83,79,47,13
10.863686,2045,1786,94,78,65,22,2160,1785,80,81,85,63,58,8
10.871658,2044,1786,91,83,63,21,2163,1785,85,77,72,86,40,18
10.879587,2040,1785,93,83,64,15,2162,1785,70,83,74,80,55,15
10.887683,2040,1788,89,84,64,15,2150,1786,78,75,96,78,31,6
10.895764,2046,1789,88,83,64,22,2160,1795,79,79,71,91,35,10
10.904693,2044,1790,87,85,62,20,2154,1792,71,82,84,68,43,14
10.913210,2039,1790,88,81,65,15,2148,1786,78,70,84,80,42,8
10.921655,2047,1790,86,84,65,22,2148,1784,84,71,87,74,43,5
10.930173,2054,1791,84,86,65,28,2143,1788,81,70,91,67,33,13
10.938460,2051,1792,80,89,67,23,2141,1785,70,71,92,76,39,8
10.947296,2051,1791,81,87,68,24,2146,1784,78,79,82,71,39,13
10.955305,2046,1791,79,88,70,18,2137,1788,71,65,91,72,40,10
10.963750,2049,1791,79,90,67,22,2146,1787,80,77,68,69,48,17
10.971968,2050,1791,77,90,69,23,2141,1788,69,70,86,77,37,14
10.980721,2046,1791,78,91,67,19,2146,1783,78,75,89,79,33,9
10.989062,2047,1791,81,87,65,23,2146,1781,72,83,95,68,40,7
10.997582,2045,1788,82,87,67,21,2148,1775,84,80,86,75,40,8
11.005325,2040,1786,85,87,65,17,2151,1793,75,79,82,73,40,9
11.013087,2045,1786,85,88,64,22,2150,1791,75,74,77,82,35,16
11.021832,2043,1786,85,88,64,20,2150,1796,67,89,72,73,44,9
11.030536,2047,1786,86,86,66,23,2146,1788,78,80,84,74,35,7
11.038974,2050,1786,85,91,61,27,2138,1787,71,83,78,78,30,11
11.047390,2051,1785,84,91,62,29,2137,1778,81,69,74,78,49,8
11.056140,2039,1788,83,90,62,16,2135,1793,73,68,79,70,41,11
11.065047,2036,1788,83,91,61,13,2132,1783,86,75,66,66,43,13
11.073968,2043,1788,83,91,61,20,2135,1775,80,87,71,82,31,9
11.083322,2046,1788,82,90,63,23,2133,1791,64,87,65,64,47,15
11.091932,2045,1787,84,88,64,22,2124,1783,79,66,73,80,35,8
11.100965,2047,1787,86,88,60,26,2122,1782,70,73,77,73,37,10
11.109809,2046,1788,87,87,59,25,2123,1781,75,68,74,66,49,10
11.118576,2040,1789,87,87,58,19,2131,1782,76,72,89,61,41,10
11.127308,2041,1792,85,87,58,19,2135,1788,79,69,71,73,39,16
11.135667,2041,1791,84,87,60,19,2134,1794,72,78,70,62,47,11
11.144135,2048,1793,84,83,61,27,2132,1791,74,82,71,71,31,12
11.152648,2047,1791,84,85,61,26,2127,1794,66,76,79,62,36,14
11.161748,2040,1791,84,88,59,18,2126,1792,70,77,74,71,29,13
11.170370,2046,1790,86,86,61,23,2125,1786,77,85,71,72,23,11
11.179102,2044,1791,86,87,58,22,2132,1803,54,78,83,67,33,14
11.187572,2046,1789,86,86,61,24,2126,1787,75,77,87,65,32,3
11.196850,2046,1789,85,86,62,24,2130,1786,77,77,98,53,26,13
11.205804,2039,1791,85,86,60,17,2132,1793,76,69,90,69,28,7
11.214242,2048,1793,84,86,61,24,2127,1782,87,63,71,74,36,14
11.222906,2047,1793,82,88,60,24,2132,1800,82,75,66,66,34,9
11.231416,2048,1793,83,86,61,25,2126,1799,68,80,68,68,37,6
11.240314,2046,1794,83,85,62,22,2125,1796,73,74,78,56,42,6
11.248819,2041,1792,85,85,63,16,2131,1792,74,66,85,65,38,11
11.257396,2033,1793,87,80,66,7,2127,1786,76,70,79,85,28,3
11.266034,2049,1795,87,79,65,23,2135,1788,74,77,76,63,45,12
11.274375,2045,1794,89,76,66,20,2139,1786,83,70,71,82,35,12
11.283171,2045,1794,88,77,66,20,2131,1795,74,76,69,66,41,10
11.291718,2049,1792,90,76,67,24,2134,1791,80,85,65,65,47,1
11.300500,2049,1792,90,80,63,24,2140,1785,78,77,78,61,42,19
11.309329,2048,1794,86,83,62,23,2135,1798,75,75,71,56,46,14
11.318490,2049,1793,86,85,62,23,2133,1805,60,78,81,64,36,9
11.326938,2047,1793,89,80,62,23,2137,1799,76,91,63,70,30,8
11.335468,2056,1792,91,80,62,31,2141,1791,72,94,76,61,34,13
11.343936,2046,1791,90,82,62,21,2138,1795,77,63,78,64,50,11
11.352544,2051,1791,92,80,62,26,2154,1814,58,66,77,84,40,15
11.360716,2046,1793,91,80,63,19,2151,1805,74,75,66,75,47,9
11.369161,2055,1794,92,78,62,29,2155,1799,75,72,75,82,43,9
11.377516,2046,1794,92,77,63,20,2161,1798,75,68,91,73,45,11
11.385773,2048,1795,92,75,64,22,2150,1796,73,68,98,66,41,8
11.394335,2049,1797,89,76,62,25,2159,1793,84,74,73,81,42,12
11.402123,2046,1796,88,76,64,22,2160,1786,72,90,80,81,36,15
11.410163,2042,1797,89,72,66,18,2162,1783,87,71,98,69,42,12
11.418468,2054,1795,91,70,68,30,2153,1795,65,80,94,74,38,7
11.426394,2053,1795,90,72,66,30,2158,1787,74,72,87,73,50,15
11.434492,2044,1792,90,73,66,23,2153,1780,82,74,94,70,46,7
11.443170,2039,1790,90,74,65,20,2150,1793,78,69,98,78,28,6
11.451630,2051,1790,90,74,65,32,2160,1792,71,68,82,84,45,18
11.459959,2037,1790,90,74,65,18,2147,1789,64,73,82,88,41,10
11.468077,2033,1790,88,77,63,15,2151,1784,82,74,75,74,45,17
11.475890,2040,1789,89,75,64,23,2152,1783,68,88,83,63,52,15
11.483750,2039,1789,90,76,62,22,2149,1791,72,70,92,78,37,9
11.491378,2045,1789,89,77,65,25,2152,1783,80,86,74,75,43,11
11.499881,2042,1791,89,77,63,22,2145,1786,83,73,82,71,41,9
11.508466,2049,1790,91,76,63,29,2147,1781,89,78,79,66,43,11
11.517379,2039,1789,91,79,59,21,2147,1799,63,87,76,75,41,6
11.526113,2033,1789,91,79,59,15,2142,1798,67,79,87,76,28,7
11.534822,2028,1788,91,78,61,10,2142,1782,77,77,87,74,37,8
11.542920,2041,1788,93,78,59,23,2150,1789,76,71,83,79,40,12
11.550857,2038,1789,94,79,56,20,2145,1794,68,77,71,64,56,15
11.559208,2038,1789,96,76,57,20,2144,1797,65,73,88,68,43,10
11.567691,2046,1789,96,77,56,28,2138,1790,74,67,83,76,39,9
11.576109,2032,1790,97,77,54,14,2141,1785,81,76,79,72,36,12
11.584707,2029,1791,96,77,54,11,2142,1786,76,60,94,79,43,4
11.593090,2034,1789,97,76,56,16,2150,1789,80,72,82,69,52,6
11.601663,2037,1789,96,76,56,20,2150,1787,67,77,68,91,50,10
11.610057,2036,1787,99,76,57,17,2142,1794,65,76,87,66,39,15
11.618808,2038,1787,99,75,60,17,2134,1785,65,82,71,76,48,7
11.627694,2040,1787,99,74,59,21,2139,1788,73,78,88,59,44,9
11.635945,2038,1788,96,77,59,18,2128,1791,77,64,93,72,27,4
11.644610,2036,1788,96,76,60,16,2133,1782,85,68,82,82,25,9
11.653093,2045,1789,94,76,61,25,2130,1782,75,73,87,65,38,10
11.660861,2047,1790,91,80,60,26,2133,1791,63,74,84,67,43,11
11.669045,2034,1788,94,80,56,16,2144,1775,78,71,100,74,38,8
11.676958,2034,1788,92,83,55,16,2144,1776,87,70,96,65,40,10
11.685479,2034,1788,92,83,52,19,2145,1787,70,80,95,67,38,8
11.693755,2039,1788,91,81,54,25,2151,1785,71,81,77,74,48,15
11.702016,2034,1789,88,83,53,21,2151,1781,82,72,83,71,49,13
11.709822,2033,1789,89,79,57,19,2153,1778,72,78,100,73,43,9
11.717807,2031,1788,89,79,57,18,2157,1784,80,78,99,73,36,7
11.726221,2041,1788,89,80,56,28,2155,1780,91,87,72,81,33,11
11.734360,2032,1786,88,82,57,19,2153,1785,71,85,82,79,42,9
11.742221,2037,1785,90,79,60,23,2148,1792,68,82,83,73,37,13
11.750193,2037,1785,89,79,62,22,2147,1783,80,65,102,70,36,11
11.758411,2033,1785,93,78,59,18,2146,1777,86,84,84,68,34,13
11.766843,2034,1785,91,80,57,21,2138,1777,66,85,75,81,45,9
11.774957,2033,1785,92,78,59,19,2138,1776,70,83,86,76,36,11
11.783619,2026,1785,91,75,62,13,2137,1775,79,88,83,64,36,12
11.791662,2028,1784,90,77,61,16,2140,1776,78,89,83,52,46,16
11.800130,2035,1783,91,77,60,24,2138,1777,64,85,88,65,41,18
11.808595,2034,1783,88,79,62,22,2128,1779,75,76,85,72,31,10
11.816957,2030,1782,89,78,63,18,2131,1775,69,62,92,78,44,11
11.825762,2032,1782,88,79,63,20,2122,1780,71,72,86,75,30,8
11.834472,2037,1784,87,77,65,24,2131,1769,77,67,82,82,41,13
11.842621,2042,1783,87,76,68,28,2138,1769,74,76,90,73,39,17
11.850534,2036,1782,90,72,70,22,2130,1769,80,73,80,69,47,12
11.858893,2039,1782,90,73,70,24,2138,1782,77,62,89,75,39,14
11.867364,2037,1779,92,78,66,22,2128,1794,52,89,82,66,38,7
11.875563,2038,1780,89,80,66,23,2143,1782,76,77,75,70,57,6
11.884095,2041,1781,88,82,64,26,2156,1790,77,67,89,73,46,14
11.892148,2046,1782,88,81,64,31,2153,1786,76,77,90,70,45,9
11.900637,2038,1782,88,82,63,23,2154,1788,81,77,88,68,43,9
11.908564,2039,1782,88,82,63,24,2157,1788,73,78,83,83,40,12
11.917006,2032,1785,84,84,62,17,2154,1781,70,67,97,90,41,8
11.924902,2036,1785,82,88,59,22,2156,1777,75,84,88,87,34,11
11.932150,2036,1786,83,86,58,23,2162,1778,78,88,87,77,41,13
11.940199,2033,1785,83,85,61,19,2160,1779,84,73,95,76,49,4
11.948193,2037,1786,83,83,61,24,2168,1786,81,77,104,69,40,11
11.956340,2035,1785,85,82,61,22,2166,1772,79,87,87,74,57,10
11.964013,2031,1786,87,80,61,17,2155,1785,73,81,80,86,45,5
11.971910,2035,1787,85,81,61,21,2155,1776,81,70,87,75,52,14
11.979822,2045,1786,86,81,62,30,2145,1788,76,76,88,68,39,10
11.987974,2031,1785,85,80,65,16,2157,1774,80,72,98,72,42,19
11.996283,2032,1786,83,82,63,18,2147,1783,70,83,85,76,45,5
12.004016,2034,1785,86,75,67,21,2155,1783,77,64,89,82,42,18
12.012040,2035,1783,88,73,69,22,2144,1786,83,67,89,67,41,11
12.019819,2033,1784,87,74,68,20,2145,1778,77,83,88,61,49,9
12.028201,2035,1784,85,76,65,25,2148,1787,65,79,104,56,47,10
12.036297,2028,1783,86,77,65,17,2148,1771,69,100,79,67,42,20
12.044310,2040,1781,88,78,63,30,2141,1780,76,87,77,70,45,6
12.051978,2033,1778,88,77,65,25,2138,1771,81,82,81,69,47,7
12.060413,2030,1777,89,77,65,22,2144,1773,86,85,76,63,46,15
12.068537,2028,1777,87,80,65,19,2145,1777,77,78,81,75,50,7
12.076448,2037,1777,87,81,64,28,2154,1773,78,74,91,85,41,12
12.084006,2033,1778,85,82,64,24,2157,1771,79,81,94,79,45,8
12.091813,2033,1778,85,83,65,22,2161,1777,72,79,95,85,40,13
12.099401,2039,1778,86,86,62,27,2160,1791,81,68,91,83,27,19
12.107185,2037,1777,87,85,62,26,2147,1785,80,75,91,78,29,9
12.114956,2033,1777,85,87,62,22,2147,1785,76,80,81,78,40,7
12.123416,2040,1775,88,83,64,30,2149,1782,79,59,97,80,35,17
12.131826,2036,1774,87,82,65,28,2140,1778,82,76,79,81,35,9
12.139878,2030,1774,89,81,63,23,2144,1781,74,77,74,91,32,15
12.147924,2034,1776,87,81,64,26,2139,1782,70,63,84,87,46,7
12.156531,2033,1777,86,84,62,24,2139,1783,62,70,101,75,41,7
12.164574,2029,1775,87,86,59,22,2139,1776,83,79,84,71,40,6
12.173208,2024,1776,86,85,61,16,2136,1787,77,85,73,67,36,11
12.182073,2026,1776,85,85,62,18,2141,1780,76,95,76,66,42,6
12.189922,2031,1778,84,87,59,23,2141,1789,76,75,84,70,39,8
12.197913,2031,1779,81,87,62,22,2145,1775,83,83,85,69,35,15
12.205972,2033,1779,80,89,61,24,2147,1783,79,90,85,63,38,9
12.213537,2044,1779,81,89,60,35,2158,1784,83,74,88,79,40,10
12.221466,2034,1778,83,87,62,24,2156,1768,89,78,82,82,44,13
12.229712,2037,1778,84,86,62,27,2150,1769,88,76,75,95,41,6
12.237805,2027,1777,84,88,61,17,2151,1777,79,77,87,77,40,14
12.245606,2032,1778,83,86,63,22,2150,1788,76,86,75,70,38,17
12.253703,2033,1777,85,84,63,24,2153,1766,93,81,91,68,37,17
12.261523,2030,1777,85,84,62,22,2147,1764,87,83,87,73,43,10
12.269889,2022,1776,85,85,62,14,2146,1774,79,76,80,90,39,8
12.278141,2026,1777,84,87,60,18,2147,1774,80,79,85,61,57,11
12.285731,2022,1776,85,85,62,14,2147,1775,75,63,87,83,55,9
12.293770,2026,1776,87,83,62,18,2148,1776,82,81,83,70,46,10
12.301450,2033,1776,86,84,61,26,2148,1778,80,86,71,75,49,9
12.308835,2031,1776,86,87,58,24,2151,1776,84,76,87,70,47,11
12.316608,2033,1777,86,87,55,28,2138,1778,81,78,77,79,38,7
12.324903,2031,1777,87,87,53,27,2136,1774,82,94,75,69,30,12
12.333819,2020,1778,88,85,51,18,2130,1778,75,74,74,77,44,8
12.341744,2016,1778,86,84,53,15,2136,1789,76,67,95,56,37,16
12.350189,2027,1778,87,85,52,25,2129,1779,75,65,89,74,35,12
12.358896,2026,1779,87,84,52,24,2127,1780,84,59,82,74,36,12
12.366990,2033,1778,90,81,54,30,2119,1776,80,84,58,69,39,13
12.376323,2020,1778,91,79,55,17,2111,1777,78,68,87,63,31,7
12.385245,2035,1777,90,80,55,33,2113,1787,74,84,73,54,32,9
12.393933,2025,1776,91,80,55,23,2114,1776,74,71,72,80,31,10
12.402657,2025,1776,92,80,55,22,2110,1782,64,78,77,63,40,6
12.411721,2027,1775,92,79,57,24,2112,1788,65,81,63,73,36,6
12.421077,2025,1777,92,80,55,21,2108,1788,74,65,67,74,30,10
12.429749,2024,1778,92,78,56,20,2101,1789,55,72,69,72,37,7
12.438464,2024,1779,92,77,56,20,2114,1769,76,72,71,73,41,12
12.447019,2026,1778,93,74,57,24,2116,1779,68,66,79,79,38,7
12.455775,2029,1778,93,71,60,27,2116,1764,73,75,76,76,38,14
12.464022,2025,1776,91,76,59,23,2119,1767,71,76,79,81,40,5
12.472127,2020,1776,93,74,59,18,2123,1762,80,81,71,73,47,9
12.480367,2020,1775,93,73,60,19,2129,1773,70,83,66,84,42,11
12.488680,2030,1775,93,73,60,29,2127,1780,72,81,67,75,43,9
12.497107,2019,1775,94,69,62,19,2125,1775,80,75,77,66,41,11
12.506325,2024,1774,94,70,62,24,2124,1775,68,69,85,78,35,14
12.514350,2020,1775,93,71,61,20,2119,1778,68,77,81,73,34,8
12.522748,2018,1774,90,74,63,17,2120,1770,73,83,68,81,31,14
12.530894,2025,1774,88,79,62,22,2117,1775,72,68,79,78,36,9
12.538915,2018,1775,86,77,65,15,2113,1775,56,87,79,66,40,10
12.548123,2031,1775,88,81,59,28,2113,1773,75,68,76,72,41,8
12.556819,2026,1773,91,80,60,22,2118,1783,68,73,75,72,36,11
12.565232,2021,1774,89,81,60,17,2122,1771,67,85,69,64,53,13
12.573570,2022,1773,88,82,60,19,2123,1772,80,61,82,78,39,11
12.581706,2025,1771,90,80,60,24,2128,1776,74,76,79,69,43,11
12.590110,2021,1771,90,79,60,21,2117,1766,77,77,90,67,34,6
12.598770,2022,1773,85,81,62,21,2125,1776,79,76,88,57,38,11
12.606483,2030,1773,86,80,63,28,2124,1765,68,100,72,72,38,9
12.615161,2032,1773,86,80,63,30,2123,1772,78,77,75,78,38,5
12.623335,2018,1772,86,82,61,17,2120,1760,85,67,78,83,39,8
12.631776,2025,1773,85,82,61,24,2125,1771,81,61,85,71,40,16
12.640764,2025,1773,86,79,65,22,2118,1783,70,68,74,76,36,11
12.649392,2021,1773,89,76,64,19,2123,1778,78,78,79,58,38,14
12.658095,2019,1772,88,76,67,16,2126,1785,74,76,76,66,42,7
12.667512,2019,1772,89,79,63,16,2122,1769,87,73,82,64,39,8
12.676073,2020,1771,90,78,64,17,2115,1763,91,71,78,64,40,8
12.683767,2026,1770,88,80,66,22,2119,1757,84,82,83,64,41,8
12.692544,2020,1771,88,81,64,16,2122,1773,72,71,73,71,50,12
12.701281,2017,1771,87,84,62,13,2120,1780,69,60,83,72,46,10
12.709959,2022,1767,91,81,63,20,2118,1775,72,80,77,58,46,10
12.718870,2023,1765,92,82,63,21,2117,1769,76,70,85,64,43,10
12.727578,2026,1765,92,82,63,24,2119,1775,84,68,71,71,41,9
12.735981,2023,1763,95,81,64,20,2124,1782,67,69,74,75,40,17
12.744560,2031,1763,96,83,60,29,2125,1776,84,66,68,72,45,14
12.753532,2022,1760,95,84,62,21,2131,1765,89,73,80,77,41,6
12.762000,2022,1760,93,87,62,20,2133,1778,71,79,87,67,41,10
12.769984,2022,1760,94,87,61,20,2137,1755,88,82,78,68,51,15
12.777983,2021,1760,92,88,62,19,2132,1765,78,79,87,71,43,9
12.786027,2021,1759,92,88,63,19,2131,1767,85,74,75,81,41,8
12.793907,2026,1759,90,90,62,25,2138,1769,77,59,94,72,50,17
12.801391,2021,1759,90,90,61,21,2139,1769,82,69,81,80,46,12
12.809418,2027,1760,89,91,59,28,2134,1774,69,78,76,74,54,9
12.817204,2024,1761,89,90,58,26,2138,1764,88,65,89,71,48,13
12.825272,2020,1760,89,89,59,23,2146,1769,77,67,81,89,42,21
12.833447,2021,1760,91,88,58,24,2136,1772,74,76,78,85,40,11
12.841667,2018,1763,90,87,59,19,2135,1765,78,77,66,100,38,11
12.849532,2016,1765,88,86,60,17,2136,1762,84,65,77,94,44,10
12.857104,2022,1766,85,89,59,23,2139,1762,72,78,91,82,36,18
12.865387,2021,1766,89,83,62,21,2131,1763,83,70,88,66,46,15
12.873700,2016,1767,89,80,64,16,2119,1765,81,69,69,68,58,9
12.882312,2024,1767,87,83,63,24,2116,1772,78,75,68,76,35,12
12.890565,2016,1768,86,85,61,16,2110,1768,76,69,75,57,54,11
12.898993,2023,1769,86,85,60,23,2110,1769,80,72,75,67,39,8
12.908312,2025,1769,86,86,59,25,2110,1766,82,75,77,57,44,9
12.917060,2021,1771,88,84,57,21,2105,1757,99,62,74,63,42,8
12.926813,2017,1771,89,82,60,15,2099,1765,78,75,77,52,38,14
12.935696,2019,1770,90,81,60,18,2093,1758,85,71,70,64,34,11
12.944927,2031,1770,90,79,61,31,2100,1780,78,63,72,62,30,15
12.954160,2014,1771,94,76,59,14,2090,1773,76,61,84,61,27,8
12.963539,2019,1771,96,77,56,19,2092,1765,85,64,74,61,36,7
12.972361,2021,1771,96,79,54,21,2103,1764,84,63,77,64,39,12
12.981406,2022,1772,93,79,57,21,2101,1770,68,85,65,69,35,9
12.990201,2018,1773,92,80,57,16,2102,1774,73,78,64,62,41,10
12.999072,2024,1772,93,82,55,22,2100,1773,74,67,75,64,40,7
13.008665,2027,1771,93,84,53,26,2099,1774,71,74,74,63,36,7
13.017531,2017,1772,94,80,54,17,2094,1766,79,66,63,72,40,8
13.027027,2014,1769,90,82,57,16,2090,1754,73,89,76,54,36,8
13.036060,2015,1770,89,82,58,16,2093,1753,79,75,72,61,45,8
13.045319,2016,1768,88,84,58,18,2085,1760,76,79,62,69,34,5
13.054647,2013,1771,86,83,56,17,2090,1759,80,65,71,63,38,14
13.063783,2014,1771,87,81,57,18,2093,1754,79,79,59,64,50,8
13.073424,2010,1771,90,79,55,15,2087,1762,75,73,86,50,35,6
13.082543,2018,1769,88,82,55,24,2092,1766,62,71,71,73,44,5
13.091517,2014,1768,89,82,56,19,2087,1763,63,65,91,62,37,6
13.101348,2021,1768,89,81,57,26,2083,1768,77,60,68,63,41,6
13.111391,2018,1768,89,82,57,22,2083,1758,83,77,58,65,34,8
13.120957,2014,1768,87,84,57,18,2087,1759,67,78,66,61,44,12
13.130312,2011,1770,84,86,56,15,2083,1764,59,80,73,61,38,8
13.139974,2018,1767,84,89,56,22,2086,1759,74,66,77,55,50,5
13.149285,2020,1766,85,90,55,24,2087,1764,73,64,78,56,40,12
13.158504,2027,1767,84,91,55,30,2085,1774,65,63,84,51,31,17
13.167894,2015,1765,85,91,56,18,2084,1773,76,70,67,53,35,10
13.177739,2014,1766,84,90,55,19,2085,1766,76,74,72,49,37,11
13.187007,2009,1766,83,91,54,15,2077,1757,78,63,93,52,26,8
13.196563,2014,1765,84,90,53,22,2074,1752,76,66,86,58,25,11
13.205595,2008,1767,85,89,51,16,2075,1755,75,68,76,61,31,9
13.215548,2010,1765,87,89,51,18,2070,1758,71,62,74,60,34,11
13.225681,2012,1765,87,87,53,20,2063,1755,77,70,71,60,23,7
13.235928,2008,1766,86,87,54,15,2076,1755,66,81,69,62,29,14
13.245750,2016,1767,86,86,53,24,2079,1763,66,72,71,59,41,7
13.255465,2014,1768,85,85,54,22,2085,1772,66,76,67,65,32,7
13.265087,2008,1770,84,84,54,16,2093,1747,76,81,70,78,31,10
13.275386,2006,1769,85,82,56,14,2085,1757,79,60,70,76,37,6
13.285114,2003,1768,84,79,61,11,2089,1763,67,65,78,68,40,8
13.294477,2012,1768,83,83,57,21,2098,1754,82,74,67,58,49,14
13.303411,2011,1768,85,79,59,20,2101,1761,71,66,77,69,45,12
13.312228,2012,1769,85,79,58,21,2098,1761,70,79,72,58,41,17
13.322207,2014,1770,85,78,59,22,2093,1763,68,72,81,68,34,7
13.331079,2008,1769,85,77,61,16,2099,1766,58,67,84,69,43,12
13.339788,2009,1768,82,83,57,19,2102,1761,71,83,63,67,46,11
13.349014,2007,1766,83,85,56,17,2099,1755,69,87,81,64,34,9
13.357668,2009,1764,85,85,56,19,2103,1757,74,61,80,74,44,13
13.366081,2011,1763,86,84,57,21,2105,1765,62,77,71,75,46,9
13.374255,2014,1762,85,85,57,25,2111,1760,74,77,76,76,36,12
13.383041,2014,1762,85,85,57,25,2102,1766,69,77,65,71,41,13
13.391708,2008,1761,84,87,58,18,2108,1756,80,77,81,69,36,9
13.400646,2007,1761,83,89,58,16,2102,1755,74,75,75,73,47,3
13.409266,2003,1760,82,89,60,12,2104,1763,83,67,82,71,29,9
13.417414,2016,1759,82,88,63,24,2114,1756,76,85,78,69,41,9
13.425230,2009,1759,82,87,65,16,2119,1740,93,79,87,67,43,10
13.433504,2022,1759,81,86,68,28,2121,1762,65,80,73,82,47,12
13.441922,2014,1759,82,86,67,20,2118,1759,80,76,78,67,43,15
13.449982,2025,1762,81,85,67,30,2122,1742,92,77,86,70,42,13
13.458213,2019,1761,83,84,68,23,2122,1757,84,67,79,78,49,8
13.466614,2007,1763,80,88,64,12,2124,1761,84,71,78,82,34,14
13.474637,2012,1763,82,88,62,17,2117,1752,88,73,80,78,39,7
13.483673,2030,1762,83,86,64,35,2116,1765,72,74,93,66,42,4
13.492120,2014,1763,84,84,64,19,2119,1746,90,66,81,82,42,12
13.500435,2019,1763,85,87,60,24,2121,1752,84,79,75,71,52,8
13.508863,2017,1762,86,86,62,21,2110,1751,87,67,78,75,45,7
13.517256,2016,1761,86,87,61,21,2111,1761,77,65,90,68,44,6
13.525362,2021,1762,86,88,59,26,2112,1758,85,77,81,61,47,3
13.533514,2021,1764,85,87,59,26,2109,1761,88,60,92,65,37,6
13.541595,2017,1764,83,87,61,22,2121,1763,75,74,81,69,45,14
13.550030,2020,1764,84,86,62,24,2113,1760,74,71,83,72,40,13
13.558396,2017,1762,89,83,61,22,2117,1772,56,79,88,69,39,14
13.566762,2013,1764,89,81,63,16,2126,1771,80,77,76,68,42,12
13.574978,2023,1764,91,81,62,25,2127,1767,88,70,81,72,39,10
13.583063,2020,1764,90,81,63,22,2121,1771,76,69,85,71,37,12
13.590904,2023,1763,92,82,61,25,2129,1765,82,76,85,64,47,10
13.598757,2022,1763,91,80,62,26,2130,1764,75,82,87,71,37,14
13.606683,2022,1762,89,81,63,27,2130,1758,84,78,81,73,46,10
13.614328,2028,1763,88,82,63,32,2126,1756,90,81,85,67,39,8
13.622314,2017,1766,86,82,62,21,2121,1759,74,86,68,71,58,5
13.630543,2017,1768,85,82,60,22,2123,1761,70,87,81,76,38,10
13.638966,2005,1769,87,81,57,11,2118,1757,87,67,81,76,41,9
13.647491,2009,1769,86,84,57,13,2116,1759,64,82,77,69,59,6
13.655787,2023,1767,88,83,58,27,2129,1763,72,74,83,67,55,15
13.663750,2018,1767,85,85,60,21,2132,1767,70,82,83,72,49,9
13.671824,2018,1767,85,87,58,21,2142,1783,70,80,82,58,49,20
13.679764,2024,1766,85,89,57,27,2144,1772,81,71,74,85,47,14
13.687787,2014,1767,85,88,57,17,2148,1769,77,83,94,77,39,9
13.695989,2018,1767,88,87,56,20,2140,1767,73,81,88,85,36,10
13.704152,2022,1764,94,81,59,24,2153,1759,82,74,101,80,46,11
13.712025,2029,1765,93,77,65,29,2150,1754,101,70,87,92,32,14
13.720122,2024,1764,93,79,66,22,2146,1755,88,82,79,83,48,11
13.728483,2029,1763,94,81,65,26,2137,1762,84,75,82,88,37,9
13.736412,2023,1763,95,80,65,20,2129,1776,80,76,80,78,31,8
13.744167,2025,1762,98,77,65,23,2129,1764,84,76,90,73,35,7
13.752665,2023,1761,99,79,63,21,2122,1766,88,62,96,67,38,5
13.761174,2020,1759,99,81,62,19,2121,1760,83,71,87,68,42,10
13.770076,2024,1758,100,81,61,24,2116,1770,70,72,72,78,41,13
13.778968,2017,1757,101,82,60,17,2108,1762,73,77,73,70,41,12
13.788523,2021,1756,101,80,62,22,2105,1757,74,76,88,65,35,10
13.796930,2022,1755,102,81,61,23,2106,1759,78,74,76,67,43,9
13.805690,2018,1755,101,83,59,20,2103,1770,77,78,68,62,43,5
13.814782,2019,1756,101,82,58,22,2105,1760,83,62,82,66,42,10
13.823488,2013,1756,100,85,54,18,2100,1763,75,68,81,66,34,13
13.832782,2012,1754,103,81,57,17,2101,1765,82,70,75,67,32,10
13.842028,2024,1754,102,80,61,27,2093,1759,84,77,81,55,32,5
13.850771,2013,1754,103,78,62,16,2096,1766,71,83,74,61,29,12
13.859912,2015,1755,102,79,63,16,2089,1760,73,68,73,77,27,11
13.869150,2023,1755,103,79,60,26,2098,1763,88,68,77,60,31,11
13.877940,2023,1757,101,81,60,24,2102,1769,79,73,72,57,39,13
13.886692,2019,1757,101,82,60,19,2104,1749,80,83,67,79,33,13
13.895700,2032,1756,101,82,60,33,2094,1766,78,74,69,63,37,7
13.904902,2020,1755,105,77,62,21,2086,1766,76,67,75,67,27,8
13.914179,2020,1756,104,79,60,21,2085,1768,76,66,72,63,36,4
13.923470,2024,1756,104,79,60,25,2088,1764,74,66,66,67,42,9
13.933106,2019,1756,105,78,60,20,2084,1773,78,69,66,58,31,9
13.942430,2017,1757,103,78,61,18,2082,1768,77,58,73,67,27,12
13.952005,2015,1757,104,75,62,17,2078,1761,77,67,78,58,28,9
13.961478,2021,1755,102,78,61,25,2091,1767,76,72,82,54,32,8
13.970967,2007,1755,102,74,65,11,2084,1750,77,66,88,59,39,5
13.979371,2020,1756,101,74,66,23,2091,1753,73,82,67,73,33,10
13.988840,2014,1755,106,71,63,19,2093,1753,95,59,76,62,37,11
13.998235,2019,1754,107,72,62,24,2096,1765,68,79,79,51,42,12
14.007286,2013,1753,109,71,62,18,2088,1770,79,70,70,59,31,9
14.016155,2019,1753,108,73,61,24,2089,1776,59,71,74,59,39,11
14.025616,2017,1752,109,75,59,22,2096,1764,79,67,70,72,34,10
14.034744,2010,1753,108,76,58,15,2092,1771,72,67,74,62,36,10
14.043665,2019,1753,107,75,60,24,2102,1778,74,75,78,55,32,10
14.052286,2020,1755,104,77,60,24,2106,1776,66,88,75,59,35,7
14.061150,2016,1756,101,78,61,20,2108,1784,62,76,81,60,39,6
14.069681,2021,1756,101,78,61,25,2107,1759,81,73,74,75,35,10
14.077956,2022,1757,97,85,58,25,2111,1762,84,61,85,68,38,13
14.086355,2021,1757,96,86,58,24,2110,1761,80,67,74,75,42,11
14.094999,2022,1756,97,86,60,23,2112,1753,92,72,66,72,43,14
14.103756,2018,1756,98,88,58,18,2111,1759,84,86,72,68,34,8
14.112690,2016,1756,100,85,58,17,2120,1769,90,63,74,75,36,13
14.121523,2016,1754,101,83,60,18,2122,1758,92,60,83,77,37,15
14.129874,2019,1753,105,81,58,22,2114,1765,80,77,67,69,42,14
14.138269,2013,1755,104,81,57,16,2116,1770,68,71,85,71,41,10
14.147285,2020,1754,102,83,58,23,2112,1768,76,62,86,69,41,10
14.155945,2017,1754,102,83,56,22,2104,1766,80,68,76,62,46,6
14.164939,2014,1754,101,84,55,20,2102,1764,82,86,58,63,43,6
14.174430,2012,1753,101,85,55,18,2108,1760,86,68,85,59,44,6
14.183357,2007,1753,101,85,55,13,2112,1755,87,80,73,63,44,10
14.191713,2012,1754,101,85,54,18,2107,1771,82,72,67,72,33,10
14.201072,2013,1755,101,84,54,19,2104,1759,78,69,70,82,40,6
14.209945,2015,1755,99,87,54,20,2102,1762,70,80,69,65,46,10
14.218695,2016,1756,98,88,53,21,2109,1758,90,67,60,72,47,15
14.227107,2011,1755,98,88,53,17,2118,1772,70,85,67,59,53,12
14.235621,2016,1756,97,90,50,23,2119,1770,75,75,77,65,49,8
14.244031,2014,1757,95,94,47,21,2123,1777,66,78,58,75,56,13
14.252029,2015,1757,95,94,48,21,2113,1759,88,66,77,69,44,10
14.260530,2014,1757,93,97,48,19,2111,1759,79,74,78,63,42,16
14.268908,2018,1757,92,98,48,23,2106,1756,84,59,80,73,43,11
14.277945,2018,1756,96,94,50,22,2102,1762,75,69,80,64,42,10
14.287270,2016,1756,94,93,55,18,2100,1772,70,79,71,62,36,10
14.296542,2018,1756,89,97,54,22,2110,1765,68,85,72,67,38,15
14.305174,2020,1755,90,96,56,23,2101,1758,82,68,74,70,39,10
14.314504,2019,1755,89,95,57,23,2097,1759,68,76,80,68,37,9
14.323446,2026,1755,89,98,53,31,2097,1756,74,74,82,66,34,11
14.333077,2008,1756,90,97,52,13,2095,1765,70,69,79,67,39,6
14.342004,2008,1755,90,98,51,14,2101,1764,64,79,74,74,31,15
14.350960,2011,1754,91,95,55,16,2105,1773,67,77,74,64,40,10
14.359171,2017,1754,88,99,55,21,2099,1765,69,78,77,70,32,8
14.368506,2019,1753,89,97,58,22,2101,1760,75,80,69,61,46,10
14.376865,2021,1753,88,97,58,25,2112,1768,72,64,85,65,43,15
14.385795,2008,1752,88,97,58,13,2109,1775,69,68,85,62,37,13
14.394791,2009,1753,87,97,58,14,2111,1772,74,73,75,74,32,11
14.403781,2017,1751,93,96,56,21,2110,1767,72,63,80,74,43,11
14.412464,2018,1754,93,92,57,22,2111,1762,86,55,68,93,35,12
14.421000,2019,1753,93,93,57,23,2116,1765,79,71,72,72,52,5
14.430124,2020,1753,92,94,56,25,2109,1750,82,66,80,85,34,12
14.438584,2017,1752,92,93,56,24,2115,1753,84,65,84,70,51,8
14.447563,2009,1753,89,96,55,16,2107,1751,79,65,78,71,52,11
14.456334,2012,1753,89,94,58,18,2100,1771,70,60,68,79,34,18
14.465153,2017,1753,90,92,59,23,2098,1763,77,66,60,78,39,15
14.474251,2012,1753,93,91,58,17,2090,1763,86,61,69,68,36,7
14.484448,2017,1752,91,90,63,21,2091,1778,70,70,66,62,40,5
14.494232,2018,1751,92,91,61,23,2096,1770,80,66,61,69,37,13
14.503428,2024,1750,93,91,61,29,2085,1773,72,62,62,74,34,8
14.513052,2018,1754,91,87,64,22,2078,1762,80,71,64,56,41,4
14.522973,2014,1753,91,89,63,18,2084,1786,70,65,68,53,36,6
14.532925,2010,1754,92,88,61,15,2087,1763,84,57,58,74,32,19
14.542273,2019,1755,91,87,62,24,2083,1765,70,74,65,61,31,17
14.551530,2012,1754,93,87,61,17,2091,1764,70,67,69,62,47,12
14.560373,2007,1754,92,87,62,12,2095,1761,77,76,65,72,34,10
14.569392,2022,1754,92,88,64,24,2099,1771,64,71,78,66,34,15
14.578827,2024,1754,92,89,63,26,2097,1774,60,80,78,57,34,14
14.588269,2020,1754,92,89,63,22,2095,1772,80,65,68,54,47,9
14.597773,2024,1755,89,90,64,26,2091,1769,86,64,70,56,37,9
14.606780,2018,1753,92,87,68,18,2094,1765,75,69,74,63,39,9
14.616316,2017,1753,92,87,67,18,2091,1765,76,74,63,60,43,10
14.626275,2017,1753,91,85,69,19,2092,1767,75,61,78,67,32,12
14.636776,2016,1752,92,86,68,18,2095,1758,70,81,66,72,39,9
14.646359,2015,1752,92,88,67,16,2099,1768,71,79,65,67,40,9
14.655325,2017,1752,93,87,66,19,2101,1769,77,68,77,65,37,8
14.664052,2025,1751,91,89,68,26,2101,1770,72,74,77,59,40,9
14.673557,2024,1751,92,87,68,26,2091,1768,64,70,80,64,38,7
14.681816,2011,1753,90,86,69,13,2103,1764,80,58,69,74,47,11
14.690647,2024,1755,90,85,67,27,2102,1767,74,66,68,76,43,8
14.699100,2018,1754,92,82,70,20,2101,1773,74,70,73,70,36,5
14.708246,2014,1753,89,85,71,16,2110,1769,73,78,86,48,43,13
14.717993,2022,1754,89,84,71,24,2097,1772,73,64,94,51,37,6
14.726750,2019,1755,92,85,67,20,2106,1772,72,71,76,69,35,11
14.735226,2013,1754,92,85,68,14,2107,1767,75,74,69,64,47,11
14.744630,2020,1753,92,86,67,22,2103,1777,68,78,63,56,45,16
14.753017,2021,1753,91,84,69,24,2100,1769,74,70,59,71,44,13
14.762245,2008,1756,92,79,69,12,2096,1772,72,81,64,71,29,7
14.771150,2013,1756,92,79,69,17,2100,1760,80,66,77,58,46,13
14.780137,2016,1756,93,80,67,20,2103,1767,84,68,74,62,38,10
14.788912,2012,1756,92,80,66,18,2104,1769,80,79,61,59,44,12
14.797258,2018,1756,92,78,68,24,2114,1765,90,67,72,65,44,11
14.805745,2012,1754,92,79,65,22,2124,1771,83,77,77,60,43,13
14.814350,2008,1755,95,78,63,17,2119,1766,75,65,84,71,49,9
14.823480,2007,1754,93,81,63,16,2116,1762,71,68,65,72,66,12
14.831738,2014,1754,94,78,67,21,2119,1768,73,60,98,65,44,11
14.839725,2011,1755,92,81,66,17,2120,1752,75,78,87,75,37,16
14.848234,2025,1756,95,79,64,31,2122,1757,71,82,81,78,44,9
14.856634,2014,1756,96,78,64,20,2125,1771,58,77,88,75,50,6
14.864834,2017,1755,99,75,65,23,2121,1766,72,67,89,78,39,10
14.873386,2005,1755,100,74,63,13,2123,1774,72,76,82,55,52,12
14.881843,2017,1757,98,74,63,25,2119,1760,75,76,73,79,40,16
14.890238,2011,1758,97,75,61,20,2129,1761,73,70,90,78,46,11
14.898461,2023,1757,97,74,61,34,2127,1767,78,69,72,72,55,14
14.906964,2010,1757,96,75,63,19,2124,1753,82,60,94,74,52,9
14.915625,2007,1757,96,76,62,16,2123,1749,81,74,80,89,42,8
14.922992,2016,1757,97,74,62,26,2123,1750,83,70,78,80,49,13
14.931078,2015,1759,95,70,67,24,2125,1759,72,83,78,72,50,11
14.939396,2014,1759,94,71,67,23,2126,1753,72,78,70,88,52,13
14.947491,2012,1759,94,73,65,21,2126,1747,80,76,92,78,44,9
14.954982,2028,1762,91,74,66,35,2128,1758,76,80,84,86,30,14
14.963122,2013,1762,90,73,68,20,2130,1761,74,80,84,68,48,15
14.971336,2014,1762,90,76,64,22,2123,1762,64,75,85,81,48,8
14.979129,2017,1764,90,74,64,25,2123,1751,76,76,81,83,46,10
14.986813,2021,1766,89,74,65,27,2122,1757,63,78,93,92,32,7
14.994541,2015,1765,89,75,64,22,2123,1757,72,78,66,87,45,18
15.002604,2012,1765,90,75,62,20,2113,1744,85,78,76,80,42,8
15.011193,2015,1765,90,75,60,25,2110,1754,85,59,81,78,47,6
15.019011,2011,1765,89,72,65,20,2116,1763,75,67,79,71,48,13
15.027224,2008,1765,90,72,65,16,2109,1757,74,73,81,82,34,8
15.035436,2003,1765,88,74,65,11,2104,1756,71,79,103,55,30,10
15.044337,2007,1765,90,73,62,17,2103,1758,72,78,75,75,38,7
15.052574,2010,1764,90,74,62,20,2102,1758,60,82,90,70,36,6
15.061157,2015,1763,92,72,64,24,2102,1761,66,74,69,89,35,8
15.069609,2016,1762,92,73,64,25,2109,1761,80,65,83,73,41,6
15.078008,2006,1762,94,74,62,14,2109,1752,80,74,88,61,40,14
15.086473,2005,1760,95,73,64,13,2101,1749,82,76,70,81,33,10
15.095188,2006,1760,93,73,64,16,2100,1747,74,71,81,75,42,10
15.103787,2009,1761,92,75,61,20,2106,1765,83,78,69,61,40,10
15.112055,2017,1762,92,75,60,28,2103,1761,73,73,76,65,45,10
15.120625,2007,1762,90,77,60,18,2108,1755,83,71,79,76,32,12
15.129148,2013,1763,89,79,58,24,2102,1756,82,74,78,67,39,6
15.137695,2005,1764,89,79,57,16,2099,1746,79,88,74,76,28,8
15.146495,2008,1766,85,83,54,20,2098,1753,73,89,72,60,45,6
15.154771,2008,1766,85,83,53,21,2094,1742,75,74,79,71,44,9
15.163165,2017,1764,86,79,57,31,2105,1742,73,71,85,74,43,17
15.171837,2009,1762,87,78,57,25,2091,1737,78,78,75,71,46,6
15.180575,2013,1762,86,82,56,27,2095,1740,73,75,79,67,48,13
15.189065,2005,1761,87,83,54,20,2102,1744,74,74,75,80,40,15
15.197328,2004,1761,88,84,52,19,2096,1735,83,69,77,79,42,11
15.205825,2001,1761,88,83,54,15,2100,1745,85,83,82,68,31,6
15.213726,2011,1760,90,80,55,26,2107,1731,71,80,95,76,40,14
15.221934,2002,1760,88,82,56,16,2106,1746,72,77,83,77,37,14
15.230537,2006,1760,87,83,56,20,2102,1744,66,83,88,76,38,7
15.238544,2000,1759,88,83,55,15,2102,1739,77,78,90,67,38,13
15.247222,2006,1759,86,83,57,21,2106,1738,77,88,79,81,30,13
15.255012,2007,1760,85,83,57,22,2109,1739,84,78,85,78,38,7
15.262815,2009,1763,84,83,55,24,2111,1749,88,78,85,58,44,9
15.271090,2011,1764,82,83,58,24,2119,1748,70,81,84,71,52,13
15.278800,2010,1762,83,82,60,23,2116,1747,77,74,84,72,55,7
15.287184,2016,1762,84,80,62,28,2115,1750,76,80,76,80,39,14
15.295486,2004,1761,82,79,65,17,2109,1737,90,81,77,72,44,8
15.304207,2006,1758,84,75,69,20,2111,1737,82,79,86,71,47,9
15.311702,1995,1758,85,72,70,10,2120,1731,91,64,89,88,44,13
15.319545,2008,1759,81,76,67,25,2127,1739,83,80,86,83,47,9
15.327463,2011,1758,81,77,70,25,2128,1745,84,78,87,69,50,15
15.335074,2015,1756,81,81,67,30,2126,1731,89,75,90,82,49,10
15.342616,2010,1755,82,79,70,24,2132,1737,81,74,83,87,56,14
15.350086,2014,1755,83,76,73,27,2132,1743,82,83,89,80,46,9
15.357552,2007,1755,82,77,73,20,2133,1738,84,74,83,95,53,6
15.364830,2005,1755,80,76,76,18,2140,1744,92,87,78,77,46,16
15.371833,2006,1755,81,77,75,18,2143,1740,87,80,98,63,51,24
15.378969,2007,1753,84,73,77,20,2143,1739,77,86,95,88,49,9
15.386264,2013,1753,83,74,77,26,2152,1747,85,83,90,78,54,15
15.393454,2010,1754,81,76,78,21,2155,1747,94,76,106,70,53,9
15.400326,2013,1754,81,76,77,25,2153,1750,85,92,108,68,45,5
15.407311,2014,1754,81,75,77,27,2151,1742,88,95,98,76,43,9
15.414644,2016,1755,79,78,74,30,2147,1757,72,87,89,95,37,10
15.422468,2012,1753,79,80,74,26,2150,1757,82,98,86,75,43,9
15.430356,2007,1752,80,78,75,22,2154,1745,86,88,92,75,59,9
15.437292,2006,1752,78,81,73,22,2163,1738,83,86,102,94,48,12
15.444597,2003,1751,78,83,71,20,2159,1748,76,96,96,85,50,8
15.451712,2010,1754,76,82,71,27,2156,1741,94,77,98,79,59,8
15.459324,2012,1752,79,80,70,31,2147,1749,80,77,100,94,41,6
15.466135,2012,1751,80,81,70,30,2142,1745,86,89,99,77,40,6
15.473527,2007,1751,81,80,71,24,2148,1742,88,91,86,83,53,5
15.480499,2006,1750,81,81,71,23,2151,1745,84,87,85,75,61,14
15.487938,1998,1749,81,82,71,15,2152,1747,84,84,92,95,39,11
15.495293,2001,1748,82,83,69,19,2149,1748,74,80,98,89,53,7
15.502553,2004,1749,81,82,70,22,2149,1734,77,93,118,76,41,10
15.509742,2018,1752,77,83,72,34,2152,1745,73,91,101,69,55,18
15.516647,2006,1752,78,83,71,22,2146,1748,83,85,97,78,42,13
15.524159,2007,1752,78,83,71,23,2133,1732,100,79,76,82,58,6
15.531649,2016,1753,76,84,71,32,2134,1743,76,92,90,90,32,11
15.539356,2014,1754,76,85,70,29,2140,1742,80,100,73,89,42,14
15.546618,2014,1755,76,83,71,29,2141,1746,81,77,105,83,35,14
15.554133,2002,1756,75,84,70,17,2142,1742,85,78,106,66,53,12
15.560980,2001,1755,76,83,71,16,2133,1743,83,80,81,99,39,8
15.568463,2010,1756,76,80,73,25,2140,1746,81,91,96,72,49,5
15.575855,2007,1756,75,81,72,23,2134,1739,82,80,86,86,55,6
15.583253,2011,1756,73,84,71,27,2137,1760,72,73,93,85,42,12
15.590657,2002,1755,74,88,66,19,2129,1745,76,88,87,80,42,11
15.598399,2009,1755,75,86,68,25,2130,1748,81,70,99,80,39,13
15.606323,1998,1755,75,85,66,17,2137,1749,77,81,84,71,61,14
15.614165,1999,1756,75,84,68,16,2130,1745,82,70,83,88,48,14
15.622111,2007,1756,78,81,68,24,2128,1740,78,84,93,75,45,13
15.629821,2011,1754,80,81,68,28,2134,1761,80,64,93,77,44,15
15.637104,2003,1753,81,82,64,23,2142,1744,88,80,84,79,50,17
15.644257,2013,1753,80,81,65,34,2135,1751,84,74,105,75,39,7
15.652026,2001,1752,81,79,67,22,2128,1755,73,93,87,73,39,8
15.659159,2008,1753,81,78,66,30,2133,1743,84,89,84,75,46,12
15.666837,2004,1753,80,78,64,29,2127,1743,86,69,85,81,55,8
15.674771,1999,1753,80,77,64,25,2131,1736,90,77,97,73,45,13
15.682253,1993,1753,81,76,64,19,2131,1726,85,90,101,80,45,4
15.689662,1991,1751,79,77,67,17,2134,1733,85,84,90,95,36,11
15.697450,1995,1751,81,76,65,22,2136,1749,81,74,98,75,46,13
15.705219,2008,1752,77,79,63,37,2127,1738,73,91,75,107,33,10
15.712934,1986,1753,77,82,60,14,2125,1737,83,84,79,76,57,9
15.720859,1994,1753,77,83,59,22,2132,1748,69,80,89,77,53,16
15.728174,1993,1752,77,84,59,21,2128,1743,74,86,80,80,57,8
15.735744,1992,1752,78,82,59,21,2129,1729,80,81,79,94,54,12
15.743319,1996,1753,77,83,59,24,2124,1731,76,87,91,85,43,11
15.751017,2002,1753,77,84,56,32,2123,1736,81,81,81,88,45,11
15.758800,1984,1754,75,84,56,15,2117,1733,77,77,89,78,54,9
15.766792,1995,1756,74,83,56,26,2113,1734,85,88,89,60,49,8
15.774235,1996,1755,74,82,59,26,2110,1730,83,76,89,85,37,10
15.782241,1986,1755,74,82,59,16,2107,1740,71,79,84,86,37,10
15.790406,1988,1753,76,80,61,18,2103,1725,78,89,78,80,41,12
15.798359,1991,1755,75,81,60,20,2106,1723,84,86,85,73,44,11
15.805926,1990,1754,80,75,63,18,2105,1721,98,72,71,79,56,8
15.814037,1993,1754,78,76,65,20,2112,1743,73,72,91,81,35,17
15.821537,1992,1754,78,76,65,19,2106,1727,83,83,81,80,42,10
15.829497,1992,1755,77,77,64,19,2098,1735,80,81,71,84,42,5
15.837853,1985,1754,77,74,68,12,2099,1741,73,76,85,70,48,6
15.845667,1991,1753,82,72,64,20,2105,1735,71,80,83,76,48,12
15.853783,2000,1751,82,71,66,30,2094,1747,71,75,75,72,43,11
15.862095,1997,1747,85,68,68,29,2090,1741,69,95,78,57,42,8
15.870659,1990,1746,84,67,71,22,2089,1726,76,86,74,83,36,8
15.878985,1991,1745,85,66,71,24,2083,1734,66,79,74,67,51,12
15.887203,1984,1745,85,67,70,17,2081,1740,66,83,77,68,38,9
15.895428,1993,1744,86,67,70,26,2091,1738,68,76,88,61,44,16
15.903827,1988,1744,85,68,70,21,2093,1728,78,81,93,59,40,14
15.911994,1984,1741,87,70,64,22,2087,1720,87,83,83,61,44,9
15.919968,1986,1740,86,71,65,24,2086,1728,74,78,71,82,43,10
15.928676,1979,1740,85,72,66,16,2083,1724,69,72,90,65,52,11
15.937006,1980,1741,85,71,67,16,2086,1715,79,85,91,70,35,11
15.945449,1988,1740,84,74,65,25,2089,1727,68,73,89,75,44,13
15.953323,1979,1740,80,75,65,19,2091,1719,75,90,86,67,41,13
15.961868,1979,1740,80,74,66,19,2088,1719,89,78,70,85,41,6
15.969888,1988,1739,80,74,67,28,2081,1731,66,88,77,62,50,7
15.978331,1984,1738,81,73,68,24,2072,1733,60,76,79,81,36,7
15.986938,1984,1736,82,73,69,24,2077,1728,79,67,101,54,34,14
15.995070,1982,1735,82,73,70,22,2081,1720,81,79,78,75,38,10
16.003189,1977,1734,83,72,71,17,2078,1708,79,82,81,87,37,4
16.011635,1984,1733,82,73,73,23,2078,1721,63,81,78,88,36,11
16.020365,1977,1732,83,73,73,16,2081,1719,68,84,89,77,33,11
16.029612,1977,1732,84,73,72,16,2082,1736,69,68,89,68,43,9
16.037775,1980,1733,83,76,69,19,2079,1732,76,67,94,65,35,10
16.045757,1990,1733,83,77,69,28,2078,1733,78,67,87,72,30,11
16.054199,1986,1734,82,78,68,24,2074,1724,75,81,80,78,27,9
16.063238,1981,1734,83,77,69,18,2068,1729,77,66,81,65,40,10
16.071957,1975,1733,85,75,70,12,2072,1728,82,66,92,56,35,13
16.081057,1977,1731,86,73,71,16,2063,1723,81,74,74,60,45,6
16.089382,1980,1730,86,75,71,18,2066,1742,63,77,84,55,38,7
16.098675,1984,1729,86,77,70,22,2069,1733,75,67,79,68,37,10
16.108267,1993,1728,86,76,73,30,2065,1733,68,74,75,60,43,12
16.117418,1989,1727,87,75,73,27,2068,1741,75,77,57,69,40,9
16.125439,1986,1728,87,76,72,23,2063,1732,73,65,62,80,40,11
16.134352,1972,1728,87,72,75,10,2065,1733,82,60,86,62,31,11
16.143539,1985,1726,91,70,75,23,2067,1716,81,69,89,71,28,13
16.152014,1981,1726,91,70,75,19,2067,1725,71,77,79,63,40,12
16.161104,1980,1727,88,72,76,17,2067,1723,80,83,72,67,29,13
16.169830,1981,1728,84,78,73,18,2065,1717,92,64,79,72,35,6
16.178946,1993,1729,82,79,74,29,2068,1710,96,73,74,76,31,8
16.187647,1984,1728,81,82,73,20,2077,1729,73,73,85,69,41,7
16.196640,1987,1730,79,83,72,23,2073,1738,64,75,81,73,34,8
16.205952,1987,1731,79,81,73,23,2070,1733,71,73,86,66,34,7
16.214167,1983,1731,78,81,76,17,2080,1721,81,78,82,67,39,12
16.222801,1990,1730,78,82,75,25,2070,1736,70,77,83,72,32,0
16.231094,1986,1732,77,84,73,20,2080,1723,71,81,75,80,38,12
16.239923,1988,1734,75,85,72,22,2085,1741,77,68,91,58,41,9
16.248079,1988,1733,77,85,72,21,2092,1735,79,80,66,83,40,9
16.256416,1986,1731,78,85,73,19,2091,1733,77,71,84,77,34,15
16.264748,1985,1731,79,83,74,18,2088,1741,75,75,80,72,36,9
16.273571,1989,1730,80,82,74,23,2090,1725,84,73,80,78,40,10
16.281746,1988,1731,79,83,73,22,2100,1732,80,88,86,59,43,12
16.290007,1979,1731,78,86,70,14,2105,1729,93,80,72,75,42,14
16.297850,1984,1732,82,81,70,19,2112,1717,90,93,83,85,33,11
16.306309,1994,1734,81,82,72,25,2103,1724,80,90,83,71,39,16
16.314472,1995,1735,81,84,69,26,2106,1727,79,76,89,86,37,12
16.322405,1996,1735,81,86,67,27,2111,1728,73,87,96,74,40,13
16.330753,1989,1733,82,84,71,19,2107,1731,79,70,95,80,42,10
16.338531,1992,1733,81,88,69,21,2115,1736,83,75,90,77,43,11
16.346304,1996,1732,82,89,68,25,2114,1736,70,94,78,79,41,16
16.354721,1996,1733,84,87,66,26,2113,1738,83,79,75,84,44,10
16.362425,1991,1733,84,86,66,22,2105,1732,86,84,77,75,48,3
16.370329,1996,1734,84,85,65,28,2103,1729,73,86,83,75,48,9
16.378256,1991,1733,83,85,66,24,2104,1723,94,78,96,69,33,11
16.386642,1991,1733,82,87,64,25,2097,1728,81,83,96,72,26,11
16.394499,1984,1733,83,86,64,18,2101,1734,69,96,78,77,36,11
16.402287,1993,1734,82,89,62,26,2095,1735,75,66,97,79,32,11
16.409994,1996,1733,82,90,59,32,2104,1729,83,77,76,72,53,14
16.417677,1990,1731,83,89,59,28,2096,1734,85,63,79,83,44,8
16.425398,1977,1729,85,86,61,16,2092,1729,69,66,93,80,37,18
16.433228,1988,1729,85,85,62,27,2087,1718,82,73,85,84,37,8
16.441078,1981,1728,86,88,61,18,2099,1729,69,78,69,84,57,13
16.449112,1986,1729,85,88,61,23,2098,1715,91,54,98,82,48,10
16.457006,1981,1730,85,88,62,16,2093,1735,76,75,79,72,42,14
16.465115,1987,1730,89,81,63,24,2077,1731,79,67,74,64,52,10
16.473972,1982,1729,92,78,63,20,2071,1723,78,72,73,84,34,7
16.482746,1983,1729,90,83,59,22,2075,1724,79,74,72,76,42,8
16.491228,1979,1730,90,82,60,17,2085,1740,76,73,78,65,39,14
16.499348,1993,1732,89,79,62,31,2085,1725,78,66,91,74,43,8
16.507689,1994,1732,89,79,62,32,2087,1734,74,83,69,74,39,14
16.516180,1982,1734,86,80,63,19,2087,1736,71,86,75,69,40,10
16.524788,1983,1735,85,82,63,18,2093,1730,70,79,80,61,61,12
16.533192,1990,1733,89,78,68,22,2083,1740,75,56,86,75,34,17
16.542185,1992,1733,88,81,65,25,2077,1733,73,67,83,79,34,8
16.550310,1986,1732,89,81,64,20,2089,1728,65,75,89,68,45,19
16.559090,1992,1732,87,83,64,26,2075,1723,75,70,85,72,41,9
16.567110,1993,1731,92,79,65,26,2083,1739,73,71,85,67,40,8
16.575079,1984,1728,94,80,64,18,2086,1737,67,76,76,67,55,8
16.583586,1986,1727,94,81,63,21,2087,1731,83,62,72,76,46,17
16.591667,1988,1726,93,81,64,24,2083,1735,77,67,80,71,42,11
16.600281,1993,1724,93,82,64,30,2089,1725,77,87,77,68,44,11
16.608540,1985,1725,94,80,64,22,2091,1721,79,78,91,76,38,8
16.616491,1983,1725,92,81,65,20,2084,1728,79,81,71,71,48,6
16.625208,1988,1725,91,84,63,25,2083,1725,91,70,86,63,39,9
16.633636,1985,1726,92,81,64,22,2084,1723,84,76,82,70,38,11
16.641586,1982,1724,94,80,64,20,2081,1726,85,65,82,68,47,8
16.649281,1982,1723,96,78,65,20,2084,1721,86,69,88,77,34,9
16.657278,1981,1722,96,80,63,20,2084,1729,80,72,87,71,38,7
16.665621,1983,1724,95,79,63,22,2083,1720,87,77,81,80,33,5
16.673725,1983,1724,96,78,64,21,2092,1717,90,73,77,77,41,17
16.681923,1978,1721,97,80,63,17,2090,1719,82,81,85,77,36,10
16.689920,1981,1723,94,81,62,21,2086,1715,93,89,69,78,36,6
16.698267,1990,1723,93,83,61,30,2090,1710,87,83,95,64,41,10
16.706432,1984,1723,93,83,62,23,2085,1715,74,83,100,62,39,12
16.715155,1986,1723,94,84,61,24,2092,1722,73,87,75,85,38,12
16.723293,1983,1726,92,85,59,21,2090,1723,82,78,73,94,31,9
16.731279,1977,1728,93,84,56,16,2099,1721,80,95,79,79,34,11
16.739254,1977,1728,90,87,57,15,2101,1720,80,83,82,94,28,14
16.747532,1981,1729,89,90,54,19,2090,1725,81,72,82,73,47,10
16.755640,1982,1729,90,93,49,21,2091,1724,80,68,88,75,45,11
16.763445,1980,1730,90,92,50,18,2095,1714,81,82,88,86,35,9
16.771353,1977,1730,90,94,49,14,2093,1725,88,70,92,58,50,10
16.779421,1979,1731,90,93,49,16,2087,1725,82,64,87,73,42,14
16.788181,1986,1730,92,91,50,23,2084,1703,95,73,80,89,35,9
16.795837,1989,1728,93,91,50,27,2090,1709,98,74,86,73,41,9
16.803896,1992,1724,94,93,49,32,2094,1719,76,84,78,85,41,11
16.812187,1978,1725,92,94,51,16,2098,1738,77,64,85,68,57,9
16.820322,1988,1725,93,93,52,25,2096,1721,82,81,84,72,49,7
16.828230,1988,1725,94,93,52,24,2096,1724,83,71,89,83,35,11
16.835985,1992,1725,93,92,54,28,2095,1731,71,90,74,75,44,10
16.843346,1990,1725,94,92,53,26,2097,1735,76,69,83,78,49,7
16.851345,1982,1726,94,91,53,18,2101,1723,85,83,79,94,31,6
16.858789,1990,1725,94,92,54,25,2103,1722,86,82,67,87,45,14
16.867052,1990,1724,92,95,54,25,2100,1723,73,85,83,80,40,16
16.875502,1980,1724,93,93,55,15,2101,1724,91,80,78,71,47,10
16.883303,1989,1726,90,92,58,23,2111,1722,87,68,80,81,55,18
16.891687,1993,1726,90,91,59,27,2104,1731,85,87,68,86,39,8
16.899017,2000,1726,90,91,59,34,2112,1734,73,82,92,75,48,8
16.906597,1986,1726,90,90,60,20,2109,1727,79,80,73,93,47,10
16.914244,1995,1726,91,89,62,27,2109,1722,79,77,96,86,37,12
16.922165,1985,1726,91,88,62,18,2102,1724,72,97,87,75,40,7
16.930285,1992,1726,91,88,63,24,2109,1719,83,77,87,82,42,19
16.938305,1993,1727,92,92,59,23,2100,1726,79,77,93,74,46,5
16.946465,1992,1728,92,93,58,21,2100,1727,71,73,96,87,39,7
16.954588,1997,1728,93,94,56,26,2103,1727,70,86,86,83,45,6
16.962503,1999,1728,93,93,58,27,2104,1733,84,84,77,70,42,14
16.970503,1993,1725,98,91,56,23,2102,1729,75,92,80,69,42,15
16.978306,1989,1725,97,90,58,19,2102,1724,79,69,94,78,48,10
16.986389,1996,1727,94,92,57,26,2099,1718,90,73,92,75,41,10
16.994749,1996,1727,94,93,58,24,2096,1726,78,83,86,75,39,9
17.003036,1994,1726,95,93,58,22,2098,1731,75,80,75,78,49,10
17.011236,1992,1725,94,94,58,21,2102,1718,90,76,81,77,47,13
17.019377,1991,1726,93,98,52,22,2095,1734,78,84,83,62,41,13
17.027325,1994,1727,92,94,54,27,2091,1729,77,93,81,63,41,7
17.035427,1992,1726,96,90,57,23,2095,1725,81,77,99,69,32,12
17.043606,1997,1726,94,87,62,28,2090,1726,75,90,83,63,42,11
17.051645,1989,1726,93,90,60,20,2091,1726,80,80,78,73,40,14
17.059870,1989,1729,92,88,61,19,2087,1726,70,77,85,72,48,9
17.068010,1988,1727,93,88,62,18,2085,1730,72,87,89,56,34,17
17.075933,1998,1727,93,88,62,28,2087,1727,83,69,78,80,40,10
17.083982,1983,1727,91,89,62,14,2079,1727,71,85,79,75,30,12
17.092810,1988,1727,92,89,62,18,2076,1733,59,79,89,67,41,8
17.101364,1999,1727,90,90,63,29,2082,1740,72,77,80,70,35,8
17.110468,2001,1730,89,88,63,31,2078,1748,72,82,66,67,33,10
17.119389,1994,1730,89,88,64,23,2073,1725,75,75,68,83,37,10
17.127886,1996,1730,89,87,63,27,2076,1734,72,68,81,76,32,13
17.136776,1989,1731,89,84,65,20,2081,1736,65,94,77,59,38,12
17.145315,1989,1731,89,86,62,21,2081,1724,83,71,88,66,36,13
17.153950,1987,1731,89,87,62,18,2086,1724,79,72,78,83,42,8
17.162542,1985,1733,87,89,59,17,2086,1732,70,84,80,67,44,9
17.170664,1998,1734,88,89,57,30,2086,1727,79,74,84,70,42,10
17.178587,1997,1732,92,87,57,29,2089,1722,90,77,92,56,41,11
17.187197,1998,1732,93,86,57,30,2087,1728,92,88,70,70,35,4
17.195663,1996,1733,93,87,54,29,2081,1739,75,79,79,58,42,9
17.203821,1994,1735,94,87,51,27,2094,1734,77,82,82,65,42,12
17.211803,1979,1736,92,89,49,13,2085,1725,83,80,76,78,36,7
17.219999,2000,1732,95,89,51,33,2088,1737,75,77,79,74,39,7
17.227879,1986,1731,93,92,48,22,2085,1737,81,62,91,73,32,9
17.236444,1987,1732,93,89,52,21,2086,1729,89,73,72,72,40,11
17.244633,1989,1732,92,92,51,22,2091,1737,79,66,75,73,52,9
17.253269,1982,1733,90,93,50,16,2085,1726,83,77,86,64,44,5
17.261885,1988,1734,89,96,47,22,2082,1729,84,65,80,72,43,9
17.270147,1985,1733,90,95,48,19,2078,1730,81,66,75,79,36,11
17.279026,1988,1732,91,94,50,21,2072,1742,72,68,75,60,46,9
17.288275,1976,1731,96,89,51,9,2074,1736,71,78,75,59,43,12
17.297001,1989,1733,96,88,49,23,2073,1739,69,84,74,74,25,8
17.305271,1980,1733,94,89,50,14,2075,1736,76,74,80,75,25,9
17.313948,1989,1732,93,90,50,24,2076,1727,85,72,68,66,44,14
17.322882,1978,1732,93,89,52,12,2078,1724,88,79,86,60,31,10
17.331650,1989,1730,95,88,53,23,2078,1719,79,87,77,56,47,13
17.340555,1988,1732,94,87,55,20,2074,1728,89,75,67,71,35,9
17.349676,1989,1729,93,92,53,22,2072,1735,70,75,77,77,32,6
17.358311,1986,1729,91,93,54,19,2073,1727,84,73,70,72,39,8
17.367558,1990,1727,93,91,56,23,2074,1730,75,66,79,71,41,12
17.376007,1996,1725,92,96,53,30,2082,1743,71,70,75,70,39,14
17.384413,1983,1725,94,95,53,16,2087,1741,79,76,77,58,44,12
17.392776,1984,1723,95,95,55,16,2097,1745,83,82,74,64,38,11
17.401402,1987,1721,96,94,59,17,2087,1733,90,81,71,57,44,11
17.409893,1996,1721,95,95,60,25,2095,1729,86,73,79,66,52,10
17.418148,1997,1719,97,94,61,26,2088,1730,89,78,59,81,40,11
17.425825,1994,1718,98,92,63,23,2086,1736,82,84,67,60,46,11
17.434595,1986,1718,98,94,60,16,2088,1733,79,66,85,66,48,11
17.443235,1993,1718,101,95,59,20,2087,1739,73,73,68,87,39,8
17.451191,1997,1718,104,92,59,24,2091,1737,89,71,76,72,32,14
17.459383,1994,1719,102,90,62,21,2088,1730,84,78,77,69,39,11
17.467884,1986,1719,100,93,61,13,2083,1717,87,75,84,78,36,6
17.476383,1988,1719,99,93,62,15,2083,1724,87,66,76,77,41,12
17.484760,1995,1716,102,90,63,24,2086,1739,86,65,67,83,36,10
17.493158,1991,1714,104,89,64,20,2092,1733,83,81,83,63,37,12
17.501890,1993,1714,104,90,63,22,2090,1741,72,72,75,76,40,14
17.509892,1990,1714,104,87,66,19,2086,1730,77,79,75,74,41,10
17.518372,1996,1714,105,87,64,26,2085,1742,78,82,72,64,39,8
17.527102,1991,1714,106,85,66,20,2092,1733,85,92,73,70,31,8
17.535566,1984,1713,110,81,64,16,2106,1728,95,69,71,75,56,12
17.544024,1989,1711,110,83,64,21,2100,1730,87,73,80,75,43,12
17.551926,1993,1712,109,85,62,25,2093,1721,80,87,74,69,46,16
17.560677,1984,1714,107,83,62,18,2089,1734,84,78,69,70,39,15
17.569544,1987,1715,106,83,62,21,2079,1730,72,80,66,72,51,8
17.577904,1990,1715,105,85,61,24,2084,1719,88,75,78,74,43,7
17.585865,1983,1715,107,83,60,18,2088,1719,87,74,87,69,44,8
17.594046,1989,1714,106,83,63,23,2085,1736,87,62,77,71,41,11
17.602329,1985,1713,104,85,64,19,2084,1731,83,65,90,64,37,14
17.611090,1980,1712,105,84,64,15,2077,1729,81,85,69,70,37,6
17.619183,1984,1712,105,81,66,20,2077,1722,81,75,73,77,41,8
17.627773,1989,1712,104,83,66,24,2074,1728,87,72,75,63,42,7
17.636625,1983,1712,103,86,64,18,2076,1720,90,77,70,78,36,5
17.644781,1983,1712,104,84,65,18,2086,1712,90,80,73,78,40,13
17.652699,1986,1712,104,84,65,21,2087,1715,81,73,85,73,49,11
17.660877,1986,1712,105,84,63,22,2085,1714,77,79,81,80,45,9
17.669523,1990,1713,103,87,61,26,2081,1727,77,78,74,61,55,9
17.677414,1988,1716,103,83,62,24,2085,1715,84,85,75,62,52,12
17.686205,1976,1717,103,83,59,14,2086,1711,96,75,76,72,39,17
17.693991,1982,1717,103,83,59,20,2083,1720,89,72,78,77,40,7
17.702379,1992,1718,100,85,62,27,2083,1718,74,73,84,82,43,9
17.710798,1992,1721,96,86,62,27,2081,1727,75,70,92,76,34,7
17.719294,1988,1722,95,84,65,22,2093,1717,87,80,80,80,37,12
17.727446,1997,1724,94,84,64,31,2090,1727,86,79,76,66,48,8
17.735746,1993,1723,95,84,65,26,2083,1723,85,86,77,76,28,8
17.744276,1995,1722,95,85,65,28,2090,1732,76,72,79,80,42,9
17.752756,1996,1723,93,85,66,29,2092,1723,81,79,86,66,45,12
17.760824,1995,1722,92,86,68,27,2104,1723,79,81,81,74,50,16
17.768515,1997,1720,95,85,68,29,2107,1725,84,83,84,64,57,10
17.776510,1988,1721,93,87,67,20,2101,1725,79,81,78,88,43,7
17.784615,2002,1723,94,86,66,33,2102,1741,72,83,77,75,42,12
17.792885,1988,1724,94,86,65,19,2095,1729,78,84,80,75,34,15
17.801207,1999,1723,94,86,66,30,2091,1713,82,97,69,78,47,5
17.809105,2000,1724,92,87,66,31,2089,1730,77,73,78,84,37,10
17.817089,1991,1724,93,86,65,23,2100,1730,78,80,77,70,55,10
17.825209,1993,1724,96,83,65,25,2106,1716,86,83,87,78,44,12
17.832478,1988,1723,97,82,66,20,2095,1719,85,86,94,64,35,12
17.841002,1988,1719,100,82,68,19,2088,1722,86,76,73,75,41,15
17.849670,1990,1719,103,79,68,21,2079,1728,77,83,81,58,41,11
17.858141,1986,1718,103,80,68,17,2083,1723,72,80,80,80,43,5
17.867224,1992,1716,103,82,68,23,2073,1721,72,89,75,81,32,3
17.875650,1996,1717,99,85,68,27,2092,1715,83,84,78,74,45,13
17.883553,1991,1717,98,86,69,21,2093,1717,81,79,85,70,52,9
17.891813,1999,1717,97,86,70,29,2090,1727,80,86,79,67,33,18
17.900030,1993,1718,95,87,71,22,2097,1717,82,85,93,65,48,7
17.909288,1993,1719,95,88,69,22,2093,1722,79,79,75,77,46,15
17.917385,1990,1716,98,87,70,19,2086,1722,72,87,81,75,41,8
17.925680,1990,1716,98,88,68,20,2089,1725,76,81,86,71,42,8
17.933523,1993,1716,97,88,69,23,2090,1725,80,102,73,63,36,11
17.942036,1988,1716,96,88,70,18,2091,1719,82,78,94,67,43,8
17.950014,1992,1716,99,86,69,22,2082,1723,77,86,83,59,45,9
17.958397,1993,1716,98,92,63,24,2086,1724,73,87,79,66,48,9
17.966763,1983,1716,98,90,65,14,2091,1722,73,73,101,67,44,11
17.974512,1996,1717,96,93,63,27,2096,1720,74,88,83,71,50,10
17.982195,1998,1717,97,94,62,28,2097,1726,82,82,78,87,32,10
17.990252,1997,1716,99,92,63,27,2090,1723,85,84,73,79,42,4
17.998331,1992,1715,100,92,64,21,2088,1729,75,78,81,90,28,7
18.007219,1996,1715,100,92,64,25,2097,1731,83,83,83,79,34,4
18.015205,1991,1715,100,92,64,20,2098,1725,87,84,91,68,35,8
18.023294,1996,1715,100,94,62,25,2097,1727,83,88,82,68,35,14
18.031334,1985,1715,100,93,63,14,2099,1727,78,87,79,71,39,18
18.039074,1994,1716,99,93,63,23,2096,1728,80,76,79,79,43,11
18.047304,1998,1714,102,92,65,25,2108,1731,95,82,82,60,45,13
18.055420,1989,1715,100,94,63,17,2096,1725,83,89,79,69,40,11
18.063967,1995,1714,101,94,63,23,2092,1722,87,90,72,80,33,8
18.071934,1987,1714,97,96,65,15,2094,1737,76,89,80,67,32,13
18.080584,1997,1714,97,96,65,25,2104,1726,84,78,92,75,36,13
18.088589,1992,1717,94,94,67,20,2110,1732,77,82,82,78,46,13
18.096592,2003,1717,95,93,68,30,2103,1733,78,68,86,85,44,9
18.104612,1992,1715,98,90,70,19,2109,1737,83,76,76,84,42,11
18.112383,1995,1715,97,90,73,20,2106,1742,65,84,90,68,44,13
18.120184,1994,1715,97,92,72,18,2108,1743,80,76,92,72,37,8
18.127838,1997,1715,98,92,70,22,2106,1739,84,75,87,72,41,8
18.136011,1989,1715,98,93,68,15,2105,1739,79,69,80,74,45,19
18.144903,1990,1713,100,91,68,18,2104,1725,88,84,85,68,38,16
18.153370,1988,1712,101,93,66,16,2096,1733,79,75,79,81,36,13
18.162144,1997,1712,101,93,64,27,2095,1744,84,63,89,71,34,10
18.170092,1986,1712,101,95,61,17,2098,1735,75,74,77,79,45,13
18.177755,1988,1711,98,97,63,19,2093,1727,79,86,76,72,38,15
18.185991,1999,1713,96,97,64,29,2087,1741,83,68,74,71,34,16
18.193939,1991,1714,96,94,67,20,2081,1735,75,68,83,65,44,11
18.202820,1983,1714,96,94,65,14,2084,1735,79,64,90,63,44,9
18.211559,1989,1714,96,93,66,20,2081,1746,72,69,74,70,40,10
18.220564,1988,1713,95,95,66,19,2078,1750,74,76,72,65,34,7
18.229259,1988,1712,97,92,68,19,2084,1731,81,80,73,65,44,10
18.237898,1990,1713,92,95,69,21,2075,1736,79,62,84,66,41,7
18.246340,1989,1714,91,94,70,20,2083,1732,80,70,75,67,43,16
18.254604,1991,1712,91,96,69,23,2085,1734,79,67,83,63,46,13
18.263252,1995,1712,92,95,67,29,2088,1729,93,52,81,78,45,10
18.271345,1987,1711,92,93,69,22,2080,1726,76,74,83,75,38,8
18.279713,1982,1710,94,91,70,17,2079,1721,83,65,81,75,43,11
18.288334,1988,1710,93,94,68,23,2071,1732,80,70,87,58,36,8
18.297222,1983,1712,91,94,68,18,2068,1726,80,76,71,76,30,9
18.306238,1979,1711,92,94,69,13,2064,1724,78,76,85,63,31,7
18.315060,1992,1713,92,94,68,25,2071,1725,82,75,71,71,38,9
18.323801,1982,1712,93,93,68,16,2071,1717,83,72,74,71,45,9
18.332991,1984,1709,97,91,68,19,2064,1723,83,61,81,67,42,7
18.341835,1992,1709,98,94,64,27,2064,1731,86,67,74,64,33,9
18.350880,1990,1710,100,91,64,25,2067,1738,83,64,78,56,35,13
18.359241,1985,1710,98,90,67,20,2063,1727,72,84,58,85,28,9
18.368156,1985,1708,100,90,67,20,2067,1723,77,69,81,58,41,18
18.376987,1984,1709,100,90,67,18,2065,1725,81,73,71,66,40,9
18.385754,1983,1708,102,89,66,18,2069,1731,69,79,73,63,43,11
18.394409,1992,1709,103,87,66,27,2062,1735,71,70,68,71,40,7
18.403326,1992,1709,99,91,68,25,2069,1740,78,69,72,66,33,11
18.411730,1991,1710,98,92,69,22,2069,1735,70,74,81,56,46,7
18.420479,1996,1712,98,89,71,26,2070,1733,71,80,72,69,36,9
18.429518,1990,1711,97,90,71,21,2065,1732,77,83,73,51,39,10
18.439157,1984,1709,100,88,69,18,2073,1738,69,82,80,56,39,9
18.447254,1988,1708,99,89,72,20,2068,1729,73,86,76,45,45,14
18.456518,1988,1706,103,89,68,22,2078,1722,81,73,76,64,47,15
18.464689,1992,1705,103,91,67,26,2073,1735,62,73,67,86,39,11
18.473253,1984,1703,103,92,69,17,2079,1724,71,85,81,69,38,11
18.481840,1987,1703,104,88,68,24,2077,1723,79,79,81,61,42,12
18.489769,1974,1703,108,84,68,11,2079,1715,83,70,97,56,49,9
18.498016,1977,1702,108,81,69,17,2079,1713,80,83,75,68,53,7
18.506405,1984,1703,108,80,70,23,2077,1712,86,83,76,67,44,9
18.515167,1977,1702,109,81,69,16,2081,1711,78,73,92,75,38,14
18.523405,1979,1702,108,82,68,19,2090,1730,84,67,75,77,41,16
18.531666,1981,1702,108,82,67,22,2088,1716,92,72,91,64,36,17
18.539436,1991,1702,109,80,68,32,2094,1718,81,87,72,63,54,19
18.547531,1991,1701,111,80,67,32,2086,1721,76,85,80,76,38,10
18.555790,1975,1701,110,78,69,17,2089,1727,77,84,79,74,36,12
18.563913,1992,1703,111,76,68,34,2095,1711,94,71,78,76,52,13
18.571743,1977,1706,107,78,67,19,2099,1719,79,74,87,76,49,15
18.579250,1981,1706,110,78,64,23,2092,1729,75,77,73,80,42,16
18.587803,1981,1708,108,77,68,20,2089,1715,73,86,86,83,44,2
18.595884,1983,1709,107,77,67,23,2093,1707,84,78,96,82,36,10
18.603687,1987,1709,105,76,70,27,2091,1721,88,68,77,77,54,6
18.611494,1985,1709,105,77,69,25,2095,1716,84,82,84,76,40,13
18.619371,1986,1709,107,76,66,28,2090,1724,76,88,73,80,39,10
18.627136,1977,1708,107,75,66,21,2092,1717,83,74,100,70,43,5
18.635000,1971,1712,105,75,64,15,2101,1705,85,80,93,86,41,11
18.643032,1978,1711,106,74,65,22,2094,1716,77,83,94,72,40,12
18.650948,1971,1710,109,73,64,15,2088,1710,75,78,88,75,50,12
18.659187,1980,1709,111,72,63,25,2086,1712,85,75,92,77,32,13
18.666649,1973,1709,111,74,60,19,2084,1721,82,70,83,84,39,5
18.675041,1966,1709,111,75,59,12,2080,1722,72,90,76,81,35,4
18.683132,1975,1709,110,76,60,20,2074,1723,70,68,82,78,48,5
18.691099,1982,1709,109,76,61,27,2084,1710,72,80,95,69,43,15
18.699055,1974,1709,108,77,59,21,2078,1710,76,80,82,78,43,9
18.707232,1969,1709,109,78,56,17,2077,1708,77,74,89,77,43,9
18.715492,1973,1711,107,78,55,22,2083,1708,82,74,96,65,44,14
18.723684,1977,1710,110,76,57,24,2082,1715,78,78,85,62,49,15
18.731737,1974,1709,110,77,57,21,2076,1723,74,61,99,76,31,12
18.740414,1978,1709,111,76,58,24,2077,1717,79,78,83,70,40,10
18.748329,1981,1711,109,76,58,27,2079,1732,84,56,85,69,44,9
18.756565,1976,1710,110,76,57,23,2079,1723,73,79,64,83,41,16
18.765079,1970,1710,109,76,55,20,2064,1720,73,71,75,65,52,8
18.773500,1973,1709,111,76,54,23,2064,1721,74,75,82,68,34,10
18.782093,1965,1709,110,78,53,15,2051,1714,67,80,70,67,42,11
18.791403,1970,1708,112,77,53,20,2047,1717,73,69,76,66,35,11
18.800200,1968,1708,111,79,54,16,2047,1711,79,65,79,68,37,8
18.809366,1974,1708,111,79,54,22,2054,1709,60,80,77,72,43,13
18.818090,1978,1710,108,81,54,25,2062,1710,79,64,81,75,39,14
18.827038,1973,1712,107,80,54,20,2062,1716,69,74,82,72,38,11
18.835924,1982,1711,105,83,54,29,2070,1715,75,73,73,85,37,12
18.843914,1973,1711,107,79,57,19,2072,1718,79,71,83,70,41,10
18.852665,1973,1711,108,78,56,20,2067,1713,77,73,78,73,40,13
18.861345,1969,1711,104,80,58,16,2068,1724,63,71,93,66,38,13
18.869778,1973,1712,105,78,59,19,2066,1711,72,73,87,67,42,14
18.878651,1973,1714,102,80,57,20,2067,1709,87,70,87,66,41,7
18.887428,1976,1715,101,79,59,22,2068,1715,82,67,82,68,40,14
18.896393,1974,1713,103,80,57,21,2058,1724,64,67,85,65,40,13
18.905565,1975,1713,103,80,57,22,2054,1709,72,80,79,72,31,11
18.914902,1971,1713,103,81,55,19,2050,1717,85,64,87,62,25,10
18.924160,1972,1712,104,81,54,21,2051,1710,67,77,79,68,34,16
18.933449,1971,1713,102,83,53,20,2050,1709,78,88,69,59,40,7
18.941841,1970,1713,102,81,55,19,2051,1717,69,62,82,64,45,12
18.950159,1968,1713,101,83,54,17,2056,1710,72,82,75,72,35,10
18.958452,1972,1715,100,82,53,22,2060,1712,70,78,77,76,37,10
18.966766,1970,1714,100,81,55,20,2066,1714,75,74,93,62,33,15
18.975147,1971,1714,100,80,56,21,2059,1705,84,74,76,75,40,5
18.983540,1971,1713,104,77,57,20,2060,1722,74,73,78,71,33,9
18.992531,1970,1714,103,78,54,21,2049,1716,65,78,82,68,37,3
19.001055,1973,1712,101,80,57,23,2059,1716,72,65,80,73,39,14
19.009592,1971,1712,97,81,60,21,2068,1718,69,82,83,62,42,12
19.017834,1970,1712,96,82,60,20,2064,1710,74,78,74,84,37,7
19.026129,1970,1712,96,83,59,20,2055,1714,84,67,78,66,37,9
19.034925,1971,1712,94,88,56,21,2051,1712,72,82,67,65,47,6
19.043556,1975,1713,94,87,57,24,2056,1721,75,63,87,61,41,8
19.052481,1967,1715,93,87,56,16,2062,1719,83,69,76,61,43,11
19.061293,1960,1714,95,85,56,10,2055,1714,68,61,87,86,27,12
19.069950,1969,1714,97,85,57,16,2058,1709,72,76,69,81,38,13
19.078678,1966,1713,98,86,56,13,2056,1719,65,79,82,66,33,12
19.087849,1982,1712,98,85,58,29,2052,1731,65,74,72,67,36,7
19.097647,1975,1711,101,83,57,23,2055,1722,77,73,80,70,28,5
19.106789,1982,1710,102,82,58,30,2059,1719,75,74,83,67,36,5
19.115742,1980,1710,101,81,63,25,2068,1731,69,74,82,63,40,9
19.124386,1973,1710,101,80,64,18,2068,1723,72,81,80,65,37,10
19.133038,1970,1711,102,80,63,14,2070,1715,82,69,82,68,48,6
19.141466,1969,1710,100,83,63,13,2065,1720,78,74,84,67,29,13
19.149370,1978,1708,98,88,62,22,2061,1729,60,83,84,69,24,12
19.158043,1975,1709,96,88,64,18,2064,1724,76,76,73,65,35,15
19.167213,1977,1709,96,88,62,22,2066,1728,76,71,71,81,30,9
19.175526,1978,1708,97,87,63,23,2073,1730,66,74,84,71,41,7
19.184471,1981,1710,97,85,63,26,2073,1717,75,84,80,56,51,10
19.192337,1981,1710,97,86,62,26,2070,1721,76,78,79,70,39,7
19.201002,1973,1711,98,84,61,19,2074,1730,75,75,88,67,34,5
19.209425,1983,1711,97,85,61,29,2079,1731,58,86,95,61,33,15
19.217499,1970,1709,99,86,59,17,2076,1727,80,69,88,69,34,9
19.225821,1976,1707,98,88,60,23,2076,1729,76,58,97,66,36,14
19.234415,1973,1708,96,89,60,20,2074,1720,78,74,79,77,39,7
19.243170,1969,1710,94,89,60,16,2075,1729,68,85,70,77,31,15
19.251970,1977,1710,94,88,62,23,2069,1723,77,74,81,68,37,9
19.260597,1981,1710,95,87,64,25,2063,1723,78,71,73,70,39,9
19.269161,1974,1709,98,84,66,17,2069,1715,83,76,64,74,44,13
19.278103,1977,1710,95,87,65,20,2062,1716,77,79,84,61,40,5
19.287176,1984,1711,96,84,65,28,2065,1731,70,65,80,70,42,7
19.296337,1969,1711,95,85,65,13,2058,1730,70,77,81,54,40,6
19.305349,1983,1711,97,83,65,27,2058,1728,76,77,62,68,36,11
19.314400,1974,1712,98,80,64,20,2054,1721,80,73,66,61,44,9
19.323118,1978,1712,97,80,64,25,2058,1731,70,58,87,72,31,9
19.332170,1967,1714,93,83,61,16,2062,1730,74,68,73,73,30,14
19.340425,1969,1716,90,88,57,18,2055,1721,81,74,72,69,37,1
19.349339,1971,1717,90,87,56,21,2061,1732,73,65,77,67,38,9
19.357718,1969,1715,92,86,58,18,2062,1726,69,66,71,69,50,11
19.366560,1970,1715,92,86,58,19,2072,1727,71,62,94,57,43,18
19.374884,1971,1719,89,84,59,20,2066,1726,80,76,67,69,38,10
19.383556,1977,1722,86,88,55,26,2068,1718,81,70,79,72,39,9
19.391806,1982,1720,89,88,54,31,2062,1725,74,75,66,65,46,11
19.400686,1971,1719,91,87,54,20,2067,1718,85,84,63,67,41,9
19.408836,1972,1719,92,84,55,22,2065,1718,69,86,66,71,45,10
19.417553,1981,1719,92,85,54,31,2065,1723,82,74,65,66,46,9
19.426289,1971,1720,91,88,53,19,2051,1717,81,83,71,56,35,8
19.435444,1975,1720,93,86,53,23,2048,1714,82,63,74,59,41,15
19.444620,1967,1719,94,87,52,15,2039,1716,74,64,80,59,36,10
19.454458,1963,1719,94,88,49,13,2034,1724,67,71,66,64,31,11
19.463528,1973,1718,95,87,50,23,2036,1710,82,66,77,58,38,5
19.472567,1970,1718,96,87,51,18,2031,1720,78,66,64,66,34,3
19.482178,1974,1718,96,86,51,23,2029,1718,74,75,65,57,32,8
19.491474,1971,1715,101,83,53,19,2043,1710,86,67,70,57,36,17
19.501295,1980,1715,102,79,56,28,2045,1723,74,56,82,58,34,18
19.510942,1966,1713,103,79,57,14,2040,1726,68,65,65,67,43,6
19.519714,1972,1713,104,80,56,19,2048,1715,85,64,66,71,33,14
19.528713,1969,1713,105,78,57,16,2050,1715,69,77,71,71,40,7
19.537771,1978,1712,104,76,63,23,2042,1720,71,77,72,68,26,8
19.546684,1972,1712,102,78,63,17,2048,1712,89,55,77,71,37,7
19.556372,1966,1713,101,77,63,12,2040,1714,84,68,67,67,31,9
19.565861,1968,1712,102,77,64,13,2029,1733,68,62,67,64,27,8
19.575809,1972,1712,103,77,62,18,2036,1710,78,69,75,57,40,7
19.584700,1977,1713,103,77,61,23,2033,1703,75,75,71,57,37,15
19.594095,1976,1712,103,77,62,22,2033,1699,79,78,72,68,32,5
19.603168,1977,1712,100,78,64,23,2045,1703,75,54,86,72,37,18
19.612003,1968,1712,98,80,65,13,2043,1713,66,86,71,68,29,10
19.621315,1969,1712,96,83,64,14,2059,1707,88,74,73,74,33,10
19.630445,1971,1712,96,86,64,13,2046,1723,67,77,69,61,38,11
19.639778,1972,1713,95,86,61,17,2039,1715,64,80,81,62,25,12
19.649424,1971,1713,95,84,64,15,2045,1725,66,78,67,59,37,13
19.659069,1970,1714,96,81,64,15,2039,1713,78,72,67,68,36,5
19.667892,1977,1713,97,80,65,22,2048,1711,73,59,82,75,40,8
19.677149,1970,1711,100,79,64,16,2054,1714,78,68,78,74,37,5
19.686296,1972,1709,100,82,63,18,2059,1734,65,73,76,60,41,10
19.695292,1972,1708,98,83,66,17,2066,1724,77,63,84,64,43,11
19.703871,1977,1710,96,83,66,22,2068,1722,69,83,81,63,39,11
19.712582,1974,1711,96,80,70,17,2067,1716,75,75,73,84,34,10
19.721197,1982,1711,96,81,69,25,2072,1718,77,74,75,73,43,12
19.729828,1977,1712,96,79,69,21,2062,1722,75,77,76,65,37,10
19.738440,1976,1710,98,81,67,20,2062,1711,94,67,72,72,40,6
19.747297,1977,1712,98,80,65,22,2064,1725,69,77,79,67,33,14
19.755840,1982,1713,98,79,67,25,2057,1730,73,73,75,62,39,5
19.764973,1973,1713,98,78,68,16,2062,1717,72,79,90,62,35,7
19.773623,1976,1713,98,81,67,17,2069,1728,61,72,90,60,45,13
19.782480,1972,1717,97,80,65,13,2069,1735,76,71,71,69,36,11
19.791397,1976,1716,96,82,65,17,2068,1731,81,59,78,69,41,9
19.800549,1980,1715,97,82,65,21,2061,1726,76,71,76,59,42,11
19.809320,1978,1716,94,85,63,20,2062,1734,76,66,73,67,35,11
19.818356,1976,1716,94,85,63,18,2065,1725,76,92,62,63,37,10
19.827135,1976,1714,96,84,63,19,2072,1719,88,71,68,69,50,7
19.836288,1975,1714,97,82,63,19,2070,1741,67,71,77,66,38,10
19.844879,1978,1716,96,86,60,20,2072,1719,75,76,76,75,45,6
19.853615,1982,1714,101,82,62,23,2072,1733,83,69,70,67,38,12
19.862289,1976,1714,101,82,64,15,2080,1718,79,87,60,70,47,19
19.870760,1989,1712,102,82,65,28,2074,1719,71,82,76,77,38,11
19.879519,1990,1712,102,82,65,29,2076,1721,69,87,76,69,48,6
19.887869,1992,1712,102,81,69,28,2082,1739,69,84,78,61,38,13
19.896492,1984,1714,99,79,72,20,2076,1737,76,61,77,78,42,5
19.904804,1980,1716,97,80,72,15,2081,1732,84,71,78,59,42,15
19.913683,1980,1714,97,82,71,16,2079,1733,74,62,84,75,40,11
19.921797,1982,1718,95,82,70,17,2082,1721,78,75,77,74,40,17
19.929956,1989,1718,94,83,70,24,2080,1714,83,76,70,73,48,16
19.938229,1988,1719,97,78,70,24,2088,1714,89,71,89,75,36,14
19.946632,1983,1720,94,79,71,19,2089,1734,75,71,85,69,42,13
19.954887,1988,1717,97,77,73,24,2079,1728,79,72,87,74,31,8
19.963272,1980,1718,97,76,73,16,2074,1722,82,64,81,73,42,10
19.972536,1986,1718,97,77,70,24,2065,1729,79,66,75,64,41,11
19.981417,1986,1720,96,80,65,25,2067,1726,72,81,64,69,44,11
19.990240,1984,1719,94,82,64,25,2074,1719,77,74,90,64,40,10
19.999062,1987,1717,94,83,64,29,2065,1714,80,70,91,69,35,6
20.007774,1978,1717,93,83,63,22,2069,1741,63,73,87,64,34,7
20.016314,1978,1717,92,82,65,22,2067,1727,66,79,81,70,38,6
20.024881,1994,1717,93,82,67,35,2068,1719,81,83,74,64,33,14
20.033779,1978,1717,93,82,67,19,2062,1733,73,80,76,66,25,9
20.042570,1979,1717,94,83,65,20,2058,1717,78,73,77,69,29,15
20.050625,1981,1717,92,83,67,22,2060,1729,79,69,70,63,40,10
20.059265,1973,1718,92,81,67,15,2071,1722,79,75,76,82,32,5
20.067032,1967,1718,92,81,67,9,2078,1724,74,75,76,85,38,6
20.075663,1974,1718,93,79,68,16,2079,1728,82,80,73,73,34,9
20.083588,1984,1718,94,77,70,25,2084,1715,83,81,88,74,31,12
20.091711,1985,1718,93,78,69,27,2079,1711,81,73,82,78,36,18
20.099792,1976,1718,92,80,68,18,2076,1723,72,78,79,78,37,9
20.108053,1978,1718,91,82,65,22,2078,1725,86,71,61,70,45,20
20.116219,1979,1717,89,85,67,21,2076,1722,78,75,68,74,48,11
20.124224,1986,1716,89,84,68,29,2077,1724,80,59,82,73,46,13
20.132866,1975,1714,88,88,69,16,2082,1725,91,62,84,60,46,14
20.141491,1985,1713,92,84,68,28,2081,1711,90,58,93,76,40,13
20.149853,1976,1715,92,82,67,20,2086,1712,79,72,93,75,42,13
20.158060,1974,1715,92,81,68,18,2081,1706,86,77,86,66,46,14
20.166351,1977,1714,91,82,65,25,2074,1707,76,77,85,76,40,13
20.174522,1979,1714,90,85,64,26,2077,1709,74,80,79,70,51,14
20.183006,1976,1715,91,85,63,22,2076,1713,73,81,87,58,46,18
20.190678,1976,1715,91,84,65,21,2072,1724,79,61,85,67,40,16
20.199184,1972,1715,91,84,64,18,2074,1708,102,66,83,73,32,10
20.207691,1979,1715,91,84,64,25,2076,1711,81,82,89,67,31,15
20.216394,1976,1715,90,85,66,20,2077,1711,70,85,84,87,30,10
20.224545,1971,1716,92,82,65,16,2072,1716,84,70,86,75,30,11
20.233322,1979,1717,92,85,61,24,2065,1721,69,84,73,66,47,5
20.242035,1972,1715,93,85,62,17,2065,1718,79,77,62,71,44,14
20.250572,1974,1715,91,86,63,19,2062,1705,80,93,75,56,41,12
20.259151,1984,1716,90,87,62,29,2063,1708,71,80,83,75,33,13
20.267384,1983,1715,91,87,62,28,2060,1710,89,81,70,68,34,8
20.275436,1979,1715,92,88,60,24,2068,1712,78,89,82,64,28,15
20.283897,1969,1713,93,88,60,15,2059,1707,76,83,85,61,36,11
20.292759,1971,1711,92,86,64,18,2057,1704,95,77,67,72,35,7
20.301060,1972,1711,92,87,62,20,2064,1704,94,68,78,77,32,11
20.309498,1979,1713,92,87,62,25,2063,1722,77,80,73,64,37,10
20.317780,1977,1713,91,88,62,23,2065,1718,77,76,64,74,46,10
20.326199,1979,1714,88,93,59,25,2079,1714,81,67,88,71,45,13
20.334684,1982,1714,87,93,59,29,2070,1705,99,69,73,71,46,7
20.343359,1976,1713,89,93,57,24,2073,1721,89,53,83,70,50,7
20.352081,1976,1713,88,96,54,25,2077,1726,78,72,73,71,45,12
20.361052,1971,1709,89,98,55,20,2072,1712,97,61,83,72,42,5
20.369617,1970,1710,92,93,57,18,2066,1711,96,69,79,59,42,10
20.377983,1971,1712,92,90,59,18,2071,1719,86,80,73,64,41,8
20.386175,1978,1712,88,94,58,26,2079,1731,75,75,89,57,46,6
20.394346,1971,1712,87,96,58,18,2078,1727,89,68,75,67,42,10
20.403311,1976,1711,88,94,60,23,2076,1734,74,73,68,76,45,6
20.411781,1974,1711,88,97,57,21,2075,1728,77,70,86,73,30,11
20.420002,1974,1708,90,100,55,21,2076,1721,82,75,85,65,35,13
20.428686,1975,1707,91,97,59,21,2074,1726,94,59,86,66,36,7
20.437281,1977,1707,94,90,63,23,2068,1717,94,62,88,66,34,7
20.445482,1972,1708,94,91,60,19,2067,1726,74,77,78,78,28,6
20.454165,1969,1708,95,88,62,16,2066,1717,80,76,79,73,34,7
20.463278,1978,1707,96,86,64,25,2081,1733,78,83,76,72,35,4
20.471285,1973,1709,94,86,64,20,2081,1721,83,70,79,72,42,14
20.479536,1974,1708,94,86,64,22,2076,1716,93,80,69,70,46,2
20.488031,1974,1707,96,84,64,23,2083,1723,95,64,72,74,44,11
20.496159,1969,1706,97,82,66,18,2078,1718,75,75,88,66,45,11
20.504509,1977,1707,96,80,68,26,2075,1713,82,75,79,63,49,14
20.512911,1982,1707,96,81,67,31,2082,1725,80,89,69,68,40,11
20.521191,1979,1707,100,80,65,27,2081,1729,79,73,96,62,32,10
20.529411,1988,1710,94,84,64,36,2083,1713,89,79,90,71,31,10
20.537655,1969,1711,92,84,64,18,2084,1722,93,78,82,67,33,9
20.546236,1976,1712,91,82,67,24,2092,1718,88,91,83,62,34,16
20.554243,1970,1712,91,81,68,18,2087,1711,83,86,87,64,41,15
20.562582,1972,1710,95,77,70,20,2080,1715,82,77,77,79,38,12
20.570333,1977,1710,97,72,74,24,2075,1730,66,76,91,67,39,6
20.579042,1969,1708,97,73,74,17,2084,1721,79,87,80,58,44,15
20.587450,1984,1709,95,74,75,31,2081,1727,94,73,78,58,39,12
20.595640,1970,1710,95,75,73,17,2085,1709,89,68,80,85,35,19
20.604347,1979,1709,97,76,71,26,2080,1724,75,66,99,67,40,9
20.612419,1976,1710,94,79,73,20,2076,1722,81,71,79,71,43,9
20.621077,1977,1709,95,79,73,21,2066,1721,78,85,75,69,31,7
20.629866,1977,1710,96,79,72,20,2069,1731,73,80,86,58,32,9
20.638308,1984,1711,98,77,72,26,2068,1716,90,73,72,66,43,8
20.646778,1986,1710,100,77,72,27,2076,1718,86,74,75,78,36,9
20.655172,1982,1709,100,77,73,23,2068,1724,80,85,73,58,40,8
20.664175,1973,1709,101,80,69,14,2074,1716,79,64,72,86,46,11
20.672125,1988,1710,101,78,70,29,2074,1725,80,75,74,75,35,10
20.680967,1980,1710,101,80,68,21,2070,1735,73,74,84,57,37,10
20.689625,1975,1708,100,82,64,21,2066,1737,66,90,64,58,37,14
20.698133,1972,1709,99,81,66,17,2068,1720,81,77,82,65,34,9
20.707214,1972,1706,100,82,64,20,2071,1720,68,73,88,70,36,16
20.716120,1975,1706,98,86,62,23,2065,1725,78,86,77,54,40,5
20.724558,1975,1708,96,86,62,23,2059,1715,80,78,77,66,37,6
20.733397,1972,1708,98,86,62,18,2066,1711,84,85,77,66,35,8
20.741417,1970,1705,100,85,64,16,2070,1717,73,74,80,69,45,12
20.749580,1976,1705,100,90,59,22,2069,1712,86,68,77,75,44,7
20.757565,1976,1705,103,87,60,21,2071,1719,79,81,85,59,39,9
20.766275,1975,1706,103,87,62,17,2069,1722,84,82,73,64,38,6
20.774817,1983,1707,101,90,60,25,2072,1708,95,77,78,70,39,5
20.783154,1986,1706,101,93,59,27,2074,1729,83,71,73,60,46,12
20.792364,1980,1704,103,94,60,19,2075,1723,77,87,74,64,42,8
20.800835,1982,1705,105,90,62,20,2079,1713,86,71,77,66,50,16
20.809347,1978,1705,104,91,62,16,2081,1719,84,80,78,68,44,8
20.817680,1989,1704,103,94,62,26,2068,1713,86,84,86,60,32,7
20.826305,1979,1703,102,96,62,16,2074,1719,85,81,72,66,39,12
20.834904,1984,1702,99,100,64,19,2075,1731,83,75,89,54,35,8
20.843744,1989,1702,99,103,61,24,2067,1724,80,79,78,69,27,10
20.852629,1982,1703,99,102,61,17,2073,1738,67,85,78,55,37,13
20.861334,1983,1703,98,107,57,18,2071,1730,71,79,74,66,38,13
20.870117,1976,1705,98,105,55,13,2063,1711,98,78,61,69,38,8
20.879614,1973,1705,96,108,53,11,2063,1709,96,70,77,65,39,7
20.888556,1980,1707,99,102,55,17,2071,1718,94,73,67,65,45,9
20.897633,1981,1706,102,99,55,19,2076,1730,79,74,64,77,39,13
20.906157,1976,1703,106,95,57,15,2065,1725,76,83,73,69,33,6
20.914297,1985,1702,109,90,59,25,2069,1733,70,81,76,59,37,13
20.922211,1988,1701,109,93,57,28,2069,1726,73,89,82,54,33,12
20.930662,1985,1700,110,90,60,25,2076,1718,91,70,79,71,37,10
20.938589,1977,1700,108,92,60,17,2072,1711,85,84,81,68,32,11
20.947409,1976,1699,111,90,59,17,2071,1724,83,79,76,59,36,14
20.956041,1982,1699,111,92,57,23,2068,1722,74,84,74,70,36,8
20.964727,1969,1697,110,94,57,11,2073,1717,90,77,73,63,43,10
20.973686,1970,1697,109,95,57,12,2070,1723,65,90,77,71,36,8
20.982191,1978,1697,111,93,55,22,2059,1708,84,85,76,75,25,6
20.990908,1976,1699,110,92,55,20,2057,1717,71,86,80,72,28,3
20.999819,1977,1699,110,89,57,22,2056,1701,94,72,75,78,31,5
21.009064,1974,1699,109,88,59,19,2058,1712,79,78,77,73,33,6
21.018415,1979,1699,108,88,56,28,2059,1705,74,78,76,84,33,9
21.026733,1964,1699,107,91,55,12,2070,1712,68,72,101,64,35,18
21.035248,1980,1698,106,91,57,28,2058,1723,70,78,74,66,35,12
21.043699,1967,1698,107,91,57,14,2057,1711,95,82,71,60,33,5
21.052092,1980,1697,109,90,56,28,2062,1712,91,67,80,69,34,9
21.059851,1977,1698,109,88,57,25,2076,1710,75,72,96,75,41,7
21.067852,1964,1700,108,86,59,11,2064,1716,77,77,90,62,37,5
21.076872,1978,1698,108,87,60,25,2070,1714,87,74,84,71,32,8
21.085270,1975,1701,106,87,59,22,2072,1707,91,85,74,67,38,10
21.093697,1979,1702,105,86,61,25,2075,1713,70,75,86,78,43,10
21.101423,1973,1702,107,86,60,18,2088,1699,80,86,88,84,37,14
21.109171,1984,1702,108,85,63,26,2090,1706,93,79,81,80,39,12
21.117311,1989,1703,108,84,62,32,2095,1711,86,85,95,71,40,7
21.125366,1978,1703,108,84,61,22,2094,1725,78,84,88,69,38,12
21.133076,1982,1703,107,85,59,28,2095,1713,82,85,80,83,38,14
21.140566,1971,1703,105,87,57,19,2097,1722,86,72,90,83,34,10
21.148355,1979,1701,106,85,61,26,2095,1708,84,84,89,69,46,15
21.155693,1973,1702,104,86,60,21,2092,1717,83,80,80,85,43,4
21.162851,1982,1702,104,87,59,30,2098,1702,81,91,88,89,42,5
21.170189,1983,1704,102,87,59,31,2105,1711,76,100,86,74,47,11
21.176888,1971,1705,102,85,60,19,2102,1725,80,74,83,82,38,20
21.184582,1982,1705,101,83,62,31,2089,1711,77,87,92,72,39,11
21.192362,1971,1705,102,82,62,20,2083,1699,82,85,77,81,47,12
21.200157,1984,1705,102,83,63,31,2082,1699,88,80,86,71,44,14
21.208073,1973,1707,99,83,64,20,2076,1703,78,91,93,71,36,4
21.216036,1976,1707,99,85,63,22,2079,1704,92,77,81,64,48,13
21.224018,1978,1708,98,86,62,24,2079,1711,79,77,91,80,35,6
21.231783,1971,1707,99,86,61,18,2090,1707,77,83,95,69,51,8
21.239563,1979,1707,99,84,64,25,2086,1712,92,79,86,71,37,9
21.247738,1976,1708,99,84,63,22,2086,1716,73,85,77,80,39,16
21.255308,1988,1710,96,82,66,34,2076,1725,83,80,75,67,39,7
21.263386,1980,1710,96,83,65,26,2091,1723,79,77,76,78,43,15
21.271339,1977,1711,96,82,66,22,2093,1726,75,76,76,73,51,16
21.279049,1975,1711,97,82,65,20,2089,1717,84,76,67,71,55,19
21.287146,1986,1711,97,82,66,30,2089,1726,69,79,73,81,44,17
21.295584,1976,1711,96,83,67,19,2080,1718,83,93,76,66,37,7
21.303778,1979,1710,95,85,67,22,2085,1721,88,72,91,71,33,9
21.312012,1981,1710,96,84,67,24,2084,1722,78,73,90,77,35,9
21.319853,1984,1710,96,84,67,27,2086,1729,81,82,70,72,45,7
21.327728,1985,1710,97,84,68,26,2087,1720,77,86,85,71,39,9
21.335203,1981,1710,98,85,65,23,2090,1706,95,74,81,87,41,6
21.342728,1985,1710,99,87,62,27,2096,1713,83,88,82,69,53,8
21.350582,1979,1708,99,89,61,22,2100,1719,88,74,86,78,42,13
21.358192,1978,1707,98,91,59,23,2104,1719,80,88,90,74,38,15
21.365753,1974,1706,99,91,58,20,2107,1716,90,74,93,84,42,8
21.373524,1979,1707,99,90,59,24,2098,1713,82,81,102,68,42,10
21.381004,1987,1707,99,90,59,32,2108,1714,89,83,77,90,41,14
21.389248,1979,1707,99,91,58,24,2098,1714,93,79,81,69,53,9
21.397154,1978,1708,98,91,58,23,2100,1713,82,80,99,71,43,12
21.404924,1980,1707,100,91,59,23,2100,1714,82,78,92,78,46,10
21.412630,1975,1706,101,91,59,18,2110,1717,75,84,90,86,45,13
21.420328,1982,1704,104,88,64,22,2107,1716,91,75,89,84,36,16
21.427624,1987,1706,100,92,62,27,2113,1717,82,69,95,91,47,12
21.435736,1980,1705,103,92,60,20,2114,1720,84,79,89,79,47,16
21.443382,1984,1705,101,94,61,23,2116,1725,71,85,93,80,49,13
21.450827,1981,1704,101,93,63,20,2122,1725,76,82,89,86,54,10
21.458563,1997,1704,103,90,64,36,2117,1720,87,63,86,88,60,13
21.466423,1987,1704,102,90,65,26,2109,1722,78,85,88,77,43,16
21.474195,1981,1704,101,89,66,21,2108,1718,83,77,88,80,55,7
21.481560,1978,1708,98,89,65,18,2107,1724,84,89,66,79,53,12
21.489222,1974,1706,99,89,64,16,2107,1715,78,81,93,81,43,16
21.496908,1986,1705,99,88,65,29,2089,1710,86,78,87,78,41,9
21.504436,1981,1705,98,88,66,24,2090,1720,75,66,87,85,44,13
21.512589,1981,1706,97,88,66,24,2094,1713,81,83,88,78,40,11
21.520287,1984,1706,97,86,67,28,2086,1729,70,74,81,75,45,12
21.528049,1984,1708,96,85,68,27,2085,1716,78,76,87,61,49,18
21.536482,1990,1709,95,86,69,31,2073,1719,79,84,79,61,43,8
21.544888,1987,1708,98,85,69,27,2079,1717,77,89,87,69,33,7
21.553011,1979,1709,96,84,70,20,2076,1714,85,70,89,64,45,9
21.561003,1982,1709,95,88,65,25,2076,1709,81,82,72,78,44,10
21.570011,1973,1711,94,87,65,16,2075,1710,76,78,84,72,45,10
21.578178,1977,1711,92,89,65,20,2072,1705,85,80,65,94,35,8
21.586658,1974,1711,91,92,64,16,2077,1712,90,80,78,67,40,10
21.594883,1983,1711,92,93,62,25,2082,1709,86,76,87,91,25,8
21.602966,1981,1712,93,91,63,22,2089,1719,78,80,82,77,43,10
21.610529,1981,1712,93,92,62,22,2090,1715,78,85,94,68,37,13
21.618412,1980,1711,94,97,57,21,2086,1718,77,91,83,67,46,4
21.626814,1977,1711,93,100,56,17,2093,1723,69,77,92,78,38,16
21.634838,1980,1711,94,100,56,19,2097,1722,86,60,87,70,54,18
21.642933,1981,1711,94,99,57,20,2100,1728,83,78,83,74,45,9
21.650799,1982,1710,95,98,58,21,2100,1728,86,77,75,73,50,11
21.658266,1980,1711,95,97,59,18,2101,1728,77,66,90,85,43,12
21.666498,1983,1711,95,98,58,21,2097,1721,73,81,99,81,36,6
21.674370,1982,1709,101,97,55,20,2101,1716,88,61,94,86,44,12
21.681910,1988,1709,101,97,54,27,2108,1718,89,90,74,75,51,11
21.689909,1991,1710,101,96,55,29,2102,1724,76,89,93,71,39,10
21.698271,1978,1710,102,96,54,16,2102,1727,80,81,79,79,43,13
21.706642,1982,1708,103,97,54,20,2097,1731,77,79,79,82,39,10
21.714752,1978,1708,103,99,51,17,2099,1733,63,80,94,77,43,9
21.722887,1987,1708,101,99,55,24,2105,1728,87,82,82,82,35,9
21.730928,1987,1708,102,98,56,23,2102,1725,76,77,97,78,41,8
21.738590,1988,1707,102,99,56,24,2105,1724,78,88,89,76,41,9
21.746595,1976,1704,104,102,53,13,2108,1717,90,79,94,80,39,9
21.754457,1982,1704,103,105,52,18,2109,1738,90,61,95,77,36,12
21.762394,1989,1706,101,105,52,25,2099,1721,75,88,93,74,39,9
21.770521,1986,1707,102,102,54,21,2102,1715,80,79,92,82,44,10
21.778139,1988,1707,103,100,57,21,2098,1732,68,85,78,80,47,8
21.785967,1985,1705,105,102,56,17,2106,1718,75,83,96,81,37,16
21.793949,1999,1705,105,102,56,31,2101,1727,71,88,89,81,37,8
21.801964,1980,1705,108,101,54,12,2106,1724,92,68,99,69,43,11
21.809952,1994,1705,111,99,53,26,2099,1729,85,73,84,79,39,10
21.817867,1988,1706,110,99,53,20,2102,1728,88,78,78,83,34,13
21.826124,1993,1706,109,99,54,25,2094,1729,76,77,79,72,52,9
21.834150,2002,1709,107,99,54,33,2100,1734,80,82,77,63,55,9
21.842056,1988,1707,106,101,56,18,2095,1714,85,90,82,66,47,11
21.850447,1986,1706,105,104,55,16,2095,1728,72,74,99,76,38,8
21.858749,1987,1706,105,106,52,18,2099,1714,81,83,92,68,51,10
21.866713,1993,1706,106,104,54,23,2095,1738,76,82,88,62,39,10
21.874739,1993,1707,104,104,53,25,2096,1718,91,77,79,77,41,13
21.882669,1983,1706,105,101,56,15,2102,1732,82,76,82,71,50,9
21.891201,1993,1705,106,104,54,24,2098,1724,75,81,79,85,44,10
21.898943,1996,1705,106,105,53,27,2099,1737,74,86,74,84,37,7
21.906933,2001,1705,104,108,52,32,2103,1734,89,74,87,61,50,8
21.914454,1988,1705,102,108,52,21,2100,1722,85,85,86,60,50,12
21.922543,1989,1706,103,107,51,22,2101,1713,95,71,94,76,37,15
21.930439,1990,1706,102,108,51,23,2104,1723,79,84,86,76,43,13
21.938650,1983,1705,104,106,51,17,2102,1729,83,77,85,73,42,13
21.946444,1989,1705,101,108,51,24,2098,1720,90,71,86,72,51,8
21.953934,1983,1705,102,110,49,17,2091,1719,81,84,89,70,40,8
21.962095,1993,1706,98,115,47,27,2097,1719,83,85,80,77,42,11
21.969948,1995,1707,97,114,49,28,2092,1726,88,95,77,62,34,10
21.978050,1997,1706,96,115,53,27,2098,1729,82,93,75,75,32,12
21.985855,2001,1706,99,110,55,31,2092,1721,90,79,80,69,42,11
21.993990,2001,1707,98,111,54,31,2090,1734,76,73,90,73,36,8
22.002022,1987,1707,99,110,54,17,2096,1723,84,72,82,74,50,11
22.010115,1986,1710,98,113,49,16,2096,1735,71,85,88,74,35,8
22.018160,1985,1711,98,111,49,16,2100,1719,92,78,78,68,46,19
22.026148,1987,1710,100,111,48,18,2092,1718,97,72,76,77,40,12
22.033855,1996,1707,102,111,49,27,2087,1723,90,72,85,67,42,8
22.042265,1992,1707,105,109,49,22,2086,1726,74,87,80,83,27,9
22.050657,1998,1707,104,109,50,28,2099,1713,91,82,79,77,41,16
22.058142,1992,1706,106,105,53,22,2102,1729,83,83,77,60,53,17
22.065836,1980,1708,105,105,52,10,2090,1718,90,81,79,74,41,7
22.074240,1986,1706,107,103,53,17,2092,1738,77,73,87,66,42,9
22.082514,1986,1706,105,105,52,18,2093,1727,74,81,64,92,46,9
22.090994,1989,1707,106,106,50,20,2087,1723,84,78,82,75,42,3
22.099512,1990,1708,108,101,52,21,2085,1722,83,87,89,58,39,7
22.107447,1994,1707,109,100,53,25,2087,1725,81,81,72,74,40,14
22.115398,1994,1704,111,101,52,26,2088,1722,86,87,88,63,35,7
22.123335,1981,1704,110,103,51,13,2087,1724,96,84,79,64,29,11
22.132072,1992,1705,112,103,49,23,2091,1728,85,77,79,73,38,11
22.139870,1997,1705,112,104,48,28,2091,1737,75,85,79,64,41,10
22.147621,1994,1707,112,101,49,25,2098,1730,85,98,69,74,31,11
22.155788,1994,1706,113,102,49,24,2099,1722,77,91,89,70,39,11
22.163563,1991,1707,112,102,49,21,2099,1722,72,91,79,81,46,8
22.171331,1994,1709,111,102,49,23,2104,1724,80,74,95,80,41,10
22.178970,1999,1709,112,102,49,27,2110,1714,89,81,93,83,35,15
22.187101,1992,1707,110,103,52,20,2102,1721,89,77,92,69,49,5
22.194784,1988,1706,112,101,53,16,2099,1725,87,78,88,68,40,13
22.202511,1994,1706,117,97,53,21,2094,1723,88,81,101,66,27,8
22.210344,1993,1707,117,94,55,20,2096,1714,96,83,86,82,29,6
22.217588,1989,1707,117,95,53,17,2103,1734,75,81,84,75,47,7
22.225491,1999,1707,115,92,55,30,2107,1717,91,74,88,77,47,13
22.233389,1991,1707,114,92,54,24,2099,1737,78,80,92,62,42,8
22.241074,1989,1709,113,92,53,22,2103,1719,80,87,83,84,37,13
22.248991,1991,1708,115,92,54,22,2102,1723,90,85,86,73,34,11
22.256893,1988,1708,114,91,57,18,2102,1720,89,85,80,78,38,12
22.264791,1991,1709,114,90,57,21,2107,1714,101,83,100,67,34,8
22.272318,1997,1707,114,88,61,27,2114,1724,92,74,92,81,38,13
22.280064,1986,1707,112,89,61,17,2107,1722,81,80,92,86,36,10
22.288101,1985,1708,112,91,60,14,2107,1737,64,93,94,65,35,19
22.296124,1992,1709,112,90,60,21,2096,1732,77,75,77,88,37,10
22.304146,1995,1710,113,89,59,24,2098,1726,90,76,91,63,44,8
22.311855,1998,1709,115,92,56,26,2102,1723,88,94,70,74,41,12
22.319761,1998,1712,113,93,55,25,2098,1727,99,69,78,90,31,4
22.328087,1989,1712,113,92,57,15,2108,1722,89,71,98,58,49,21
22.336180,1997,1712,114,90,56,25,2104,1722,87,71,95,83,41,5
22.344660,1992,1712,114,91,54,21,2105,1713,90,75,84,88,42,13
22.352552,1992,1713,112,91,54,22,2110,1714,90,75,101,78,44,8
22.360247,1998,1713,111,91,54,29,2116,1712,88,80,103,69,49,15
22.367573,1983,1713,112,90,53,15,2113,1723,68,91,94,83,43,11
22.375479,1991,1713,112,91,52,23,2114,1723,73,84,106,74,45,9
22.383144,1990,1711,114,91,51,23,2106,1722,83,83,107,70,40,1
22.390774,1990,1710,115,90,53,22,2106,1729,71,94,105,60,40,7
22.398405,1995,1710,115,88,56,26,2098,1723,83,67,106,69,36,14
22.406317,1992,1711,115,88,55,23,2095,1720,77,85,72,81,51,9
22.414801,1989,1710,115,91,54,19,2094,1714,90,80,90,72,39,9
22.422880,1991,1710,115,90,56,20,2091,1728,82,84,90,77,29,1
22.431267,1986,1710,116,89,56,15,2092,1719,83,68,94,77,49,2
22.439774,2001,1707,115,92,57,30,2100,1722,97,71,99,72,31,8
22.448225,1996,1709,115,89,55,28,2096,1717,92,101,88,51,41,6
22.455992,1988,1711,114,88,56,19,2100,1713,87,75,101,68,36,20
22.464323,1992,1708,113,90,59,22,2094,1724,86,82,88,66,38,10
22.471846,1999,1708,114,89,59,29,2098,1719,89,75,83,73,48,11
22.479725,1990,1706,114,90,58,22,2094,1711,86,78,87,78,45,9
22.487949,1980,1706,111,92,58,13,2087,1710,99,72,79,75,45,7
22.496174,1992,1706,111,92,58,25,2086,1713,85,65,94,71,50,8
22.504293,1994,1702,112,95,57,28,2082,1712,77,85,86,71,41,10
22.512625,1990,1703,112,96,56,23,2080,1717,80,83,90,65,35,10
22.521008,1988,1703,112,96,56,21,2084,1712,95,77,81,70,41,8
22.529308,1996,1703,111,97,58,27,2088,1719,79,83,95,63,38,11
22.537235,1990,1703,111,96,59,21,2094,1710,98,95,82,62,39,8
22.545322,1992,1704,109,99,59,21,2092,1734,81,90,83,63,33,8
22.553713,1991,1705,109,100,58,19,2089,1723,86,79,76,80,35,10
22.561623,1990,1707,108,100,56,19,2090,1731,76,79,94,59,42,9
22.570156,1999,1707,110,98,54,30,2096,1734,77,81,97,64,35,8
22.578009,1988,1708,112,93,56,19,2101,1729,82,72,99,71,41,7
22.586657,1985,1707,111,92,60,15,2099,1735,84,84,75,75,40,6
22.594910,1990,1706,110,91,62,21,2095,1734,83,77,92,67,36,6
22.602968,1991,1704,111,89,66,21,2099,1735,88,82,80,66,36,12
22.611143,1986,1705,110,87,67,17,2103,1728,74,88,89,64,50,10
22.618877,1986,1705,112,86,67,16,2104,1712,87,88,96,72,41,8
22.626535,1989,1707,108,90,65,19,2104,1731,71,95,78,81,35,13
22.634367,1992,1705,109,88,68,22,2113,1735,84,84,73,80,42,15
22.642239,1997,1705,109,89,68,26,2113,1715,96,84,84,81,45,8
22.649775,1991,1705,110,88,68,20,2118,1718,91,90,100,78,32,9
22.657473,1987,1706,108,89,66,18,2114,1718,87,109,78,75,39,8
22.665089,1987,1706,108,89,66,18,2115,1725,94,89,95,64,36,12
22.672745,1999,1707,108,85,68,31,2118,1727,85,85,107,70,35,9
22.680386,1995,1708,106,87,66,28,2117,1737,78,82,102,60,47,11
22.687956,1990,1708,106,90,63,23,2121,1742,80,85,75,82,41,16
22.695286,1994,1706,109,89,63,27,2107,1725,76,94,94,68,40,10
22.703255,1990,1707,109,87,65,22,2103,1725,80,92,77,73,43,13
22.711405,1991,1705,109,89,65,23,2092,1731,72,87,82,72,38,10
22.719393,1995,1705,109,91,63,27,2093,1710,97,81,77,70,45,13
22.727409,1994,1704,107,92,66,25,2092,1727,85,84,89,52,42,13
22.735710,1994,1706,108,89,67,24,2102,1724,82,85,82,76,37,16
22.743576,1990,1706,105,89,71,19,2102,1736,86,76,92,66,32,14
22.751678,1992,1706,106,93,66,21,2101,1731,92,72,86,65,41,14
22.759800,1995,1705,108,93,63,26,2100,1737,82,82,84,54,50,11
22.768085,1980,1704,110,91,64,11,2095,1733,88,79,75,79,33,8
22.776911,1984,1703,111,92,62,16,2094,1727,93,70,75,76,45,8
22.785172,1994,1703,108,94,63,26,2107,1733,76,73,89,81,36,19
22.792892,1992,1703,108,96,64,21,2099,1741,81,66,89,70,36,16
22.801477,1984,1703,106,98,63,14,2088,1735,78,76,87,69,34,9
22.809177,1996,1704,107,97,63,25,2091,1722,88,73,81,66,46,15
22.817247,1994,1704,108,97,62,23,2094,1729,83,82,79,63,45,13
22.825487,1991,1703,109,97,61,21,2089,1721,91,77,80,79,37,4
22.833582,1983,1703,110,97,61,12,2088,1717,91,88,75,73,38,6
22.842331,1992,1702,111,99,58,22,2087,1732,85,78,65,80,36,11
22.850899,1997,1705,106,102,56,28,2091,1727,92,80,80,54,40,18
22.858912,1987,1705,104,105,55,18,2091,1729,73,84,80,63,46,16
22.866776,1986,1705,104,103,57,17,2090,1723,88,65,100,68,36,10
22.875011,1999,1704,104,103,57,31,2099,1734,83,66,77,71,46,22
22.883020,1991,1705,103,101,59,23,2089,1728,87,85,81,69,31,8
22.891613,1997,1703,104,100,62,28,2095,1736,81,68,87,64,48,11
22.899603,1996,1702,104,100,62,28,2101,1739,77,83,72,78,46,6
22.907343,1983,1702,104,100,62,15,2111,1741,70,73,88,74,55,10
22.915546,1982,1703,104,96,65,14,2109,1720,90,81,86,77,44,11
22.923386,1988,1703,105,93,67,20,2114,1730,91,76,81,72,52,12
22.930712,1990,1702,102,95,68,23,2117,1727,88,54,110,80,48,10
22.938591,1987,1703,104,92,68,20,2120,1726,93,79,80,85,46,11
22.946047,1988,1704,103,93,67,21,2125,1724,89,81,101,71,47,12
22.953470,1984,1704,101,94,68,17,2121,1722,91,88,97,69,44,10
22.961273,1983,1704,103,91,68,17,2116,1722,82,82,83,82,46,19
22.968670,1990,1705,103,90,69,23,2115,1720,85,84,83,84,48,11
22.976355,1994,1704,106,90,68,26,2124,1728,89,96,94,55,52,10
22.983641,1989,1702,106,92,68,21,2123,1732,87,84,73,83,47,17
22.991629,1980,1702,107,92,67,12,2119,1721,92,83,87,76,47,13
22.999294,1991,1704,108,91,65,23,2106,1723,86,79,81,82,42,13
23.006500,1990,1704,108,88,67,23,2105,1734,78,76,87,69,42,19
23.014179,1986,1704,104,93,65,20,2106,1727,86,79,87,70,47,10
23.021950,1997,1705,103,96,63,30,2109,1722,86,86,75,82,51,7
23.029442,1987,1705,106,91,65,20,2110,1731,79,87,83,78,42,10
23.037117,1988,1706,107,92,62,21,2109,1735,73,72,95,78,38,18
23.045269,1995,1705,109,90,65,26,2100,1726,82,89,84,82,32,5
23.052904,1992,1707,103,95,65,22,2104,1724,85,87,83,70,37,18
23.061317,1994,1707,103,96,63,25,2103,1728,87,89,83,65,36,15
23.069233,1990,1707,102,97,63,21,2107,1732,91,85,68,74,45,12
23.077181,1994,1708,102,99,60,25,2110,1736,74,78,89,74,49,10
23.085310,1992,1707,104,97,61,23,2108,1750,77,72,88,80,34,7
23.093544,1994,1708,105,96,60,25,2106,1735,83,83,84,71,40,10
23.101274,1990,1708,107,97,58,20,2112,1726,81,93,83,76,42,11
23.108625,1985,1707,108,98,56,16,2097,1744,74,88,74,80,33,4
23.117046,1991,1707,107,98,56,23,2103,1736,88,68,80,80,39,12
23.124983,1993,1709,105,99,55,25,2109,1740,83,65,99,76,34,12
23.132856,1988,1710,102,103,53,20,2111,1735,89,70,77,75,54,11
23.140455,1990,1709,102,104,52,23,2113,1737,83,71,82,74,51,15
23.148857,1981,1708,102,104,53,14,2112,1732,89,72,67,82,57,13
23.156370,1997,1709,102,100,56,30,2115,1736,80,72,82,79,51,15
23.164238,1990,1708,105,97,58,22,2112,1738,83,79,73,70,52,17
23.172640,1988,1708,104,97,59,20,2109,1728,83,81,85,73,40,19
23.180563,1985,1709,108,93,59,16,2104,1733,71,77,81,82,43,17
23.188862,1993,1709,106,94,61,23,2097,1736,90,72,81,71,39,8
23.196890,1996,1709,106,95,61,25,2098,1725,96,71,82,65,48,11
23.205114,1992,1709,106,95,61,21,2091,1721,101,78,74,76,32,9
23.212818,1997,1708,105,94,64,26,2103,1731,78,72,98,78,37,9
23.220951,1995,1709,105,94,63,24,2105,1735,84,66,98,72,36,14
23.228674,1996,1709,103,96,63,25,2103,1722,77,94,78,74,49,9
23.236725,1990,1709,103,97,62,19,2108,1731,87,79,77,69,53,12
23.243883,1992,1709,102,98,64,19,2105,1722,85,86,93,72,41,6
23.251169,2000,1709,104,99,61,27,2107,1721,86,88,86,78,38,10
23.259386,1994,1712,102,99,62,19,2105,1714,89,78,86,83,43,12
23.266899,1991,1712,103,96,64,16,2101,1727,78,91,88,65,43,9
23.274828,2003,1712,104,97,62,28,2106,1727,89,73,83,88,31,15
23.283012,1993,1711,105,93,66,18,2096,1737,84,85,88,58,31,13
23.290989,1994,1711,104,94,66,19,2098,1734,85,80,76,74,40,9
23.298792,2004,1713,103,95,66,27,2096,1738,78,77,82,71,41,9
23.306797,2006,1712,103,94,68,29,2092,1726,98,79,67,72,42,8
23.315012,2008,1710,104,95,68,31,2087,1725,94,77,71,70,46,4
23.323002,2001,1710,103,96,68,24,2093,1712,98,83,78,69,44,9
23.331228,1993,1710,102,97,67,17,2090,1726,85,67,99,64,42,7
23.339657,1998,1707,105,96,67,23,2085,1720,92,77,85,65,39,7
23.347666,1997,1707,105,95,67,23,2093,1726,81,78,84,81,28,15
23.355288,1998,1706,105,95,67,25,2094,1715,90,82,90,74,36,7
23.362831,1995,1707,106,93,67,22,2100,1724,85,74,87,70,48,12
23.370674,1993,1707,106,92,69,19,2104,1730,80,82,91,64,47,10
23.378359,2001,1706,108,92,67,28,2108,1741,79,81,85,71,40,11
23.386566,1992,1706,109,91,68,18,2114,1740,87,63,88,73,51,12
23.394024,2015,1709,107,93,67,39,2120,1739,82,78,81,81,39,20
23.402288,2001,1709,107,93,67,25,2106,1737,84,80,95,59,38,13
23.410276,2002,1709,109,88,70,26,2097,1735,70,98,77,71,42,4
23.418121,1998,1713,105,87,70,23,2100,1723,80,79,86,81,39,12
23.426222,2000,1713,107,85,71,24,2099,1721,88,92,92,62,38,6
23.434200,2008,1714,105,86,72,31,2106,1734,88,94,73,67,42,8
23.441742,2003,1713,107,82,75,26,2112,1728,95,84,85,66,44,10
23.449743,1997,1712,107,81,75,22,2112,1730,73,83,72,93,48,13
23.457527,1994,1712,109,83,71,19,2100,1731,86,75,89,77,35,7
23.465734,2001,1713,108,86,68,26,2105,1726,66,102,83,70,46,12
23.473747,1995,1713,108,86,68,20,2102,1729,72,88,86,77,37,13
23.481506,2001,1714,108,87,66,26,2092,1733,75,85,77,69,46,7
23.490398,1992,1715,108,86,66,17,2084,1738,72,92,78,63,37,4
23.498327,1992,1716,112,82,65,17,2084,1723,86,78,89,61,41,6
23.506760,2000,1717,112,82,65,24,2088,1731,83,72,86,74,31,11
23.514927,1994,1720,109,77,71,17,2083,1725,74,66,96,78,35,9
23.523603,2003,1721,110,78,69,25,2088,1738,67,82,82,69,40,10
23.532091,1998,1720,112,76,69,21,2090,1727,75,82,93,63,40,10
23.540379,2000,1720,112,77,69,22,2088,1735,81,85,76,75,29,7
23.549116,1996,1721,113,77,68,17,2083,1730,70,82,86,71,36,8
23.557743,2001,1720,114,72,73,22,2084,1721,91,78,80,65,38,11
23.566286,2001,1721,113,75,70,22,2080,1726,87,64,73,83,36,11
23.574478,2017,1723,114,73,71,36,2086,1732,79,75,77,69,41,13
23.583179,2002,1723,112,79,66,22,2085,1728,85,72,70,77,40,13
23.591236,2004,1721,113,79,65,26,2087,1737,85,70,80,70,33,12
23.599474,2002,1722,110,81,66,23,2081,1736,82,89,69,53,46,6
23.607948,2002,1720,111,80,67,24,2075,1734,87,74,79,57,37,7
23.616751,2002,1719,114,83,62,24,2077,1736,73,70,87,71,35,5
23.625513,1993,1719,114,84,60,16,2079,1730,87,58,86,72,40,6
23.633850,1999,1722,112,85,59,21,2088,1736,65,84,84,65,44,10
23.642075,2001,1720,111,86,61,23,2092,1722,85,80,84,70,37,14
23.649902,2004,1718,112,86,62,26,2091,1736,73,74,89,69,40,10
23.658300,2002,1717,112,87,63,23,2089,1740,80,68,84,65,41,11
23.666874,1994,1717,110,87,66,14,2080,1733,95,73,74,67,33,5
23.676134,2003,1717,110,88,64,24,2082,1747,89,72,77,58,34,5
23.684673,1997,1716,109,91,62,19,2086,1750,87,62,85,60,32,10
23.693684,2000,1716,111,91,60,22,2080,1745,81,74,63,70,33,14
23.702240,1999,1717,112,88,61,21,2080,1749,73,79,71,58,39,11
23.710571,1996,1717,112,88,61,18,2095,1738,81,74,69,68,50,15
23.719095,2004,1717,108,91,62,26,2090,1735,80,79,61,73,51,11
23.727404,1996,1717,110,89,62,18,2089,1739,69,86,75,73,38,9
23.735846,1996,1716,111,90,61,18,2084,1736,84,73,73,62,47,9
23.744072,1995,1717,108,92,62,16,2087,1737,88,70,86,60,39,7
23.752489,2002,1717,107,91,64,23,2085,1734,81,76,97,57,34,6
23.761301,2004,1718,107,91,63,25,2088,1740,85,77,69,55,52,10
23.769966,2002,1717,106,92,64,23,2086,1754,79,73,68,75,28,9
23.778536,2002,1718,106,90,65,23,2095,1741,77,73,65,83,41,15
23.787493,2005,1720,104,88,67,26,2095,1751,70,73,83,63,42,13
23.795424,2000,1719,105,87,66,23,2097,1748,76,73,84,68,42,6
23.803900,1997,1720,106,86,66,19,2092,1742,89,66,78,74,30,13
23.811781,2004,1718,106,86,66,28,2091,1737,93,67,89,72,23,10
23.820354,1991,1721,104,85,66,15,2093,1739,88,67,77,76,34,12
23.828890,1992,1720,103,86,67,16,2087,1735,77,79,86,73,26,11
23.836910,1993,1719,104,84,69,17,2086,1736,81,80,68,66,50,5
23.845222,1998,1718,105,84,68,23,2086,1732,89,77,82,62,36,8
23.854061,1994,1718,105,85,65,21,2085,1728,75,85,79,81,29,8
23.862919,1992,1719,103,89,63,18,2085,1738,79,81,82,65,30,10
23.871372,1991,1719,104,88,63,17,2085,1738,72,79,84,70,31,11
23.880159,1996,1718,106,90,61,21,2083,1740,79,75,86,61,34,8
23.888058,2001,1718,107,89,61,26,2096,1726,73,87,75,78,46,11
23.896511,1990,1717,107,89,62,15,2090,1744,67,81,90,58,37,13
23.904678,2005,1717,109,86,63,30,2098,1736,72,79,87,75,38,11
23.912722,1995,1716,108,90,60,21,2101,1738,88,74,92,66,33,10
23.920822,2001,1715,110,88,61,27,2101,1733,79,91,64,74,52,8
23.928934,1997,1714,111,84,65,23,2099,1745,76,73,95,62,43,5
23.937004,1989,1712,113,84,65,15,2101,1743,77,73,89,77,32,10
23.945105,2001,1711,115,84,64,27,2102,1737,71,84,99,70,34,7
23.953552,1989,1710,115,84,65,15,2103,1741,74,79,86,72,38,13
23.961403,1996,1710,116,85,65,20,2104,1738,75,83,87,70,39,12
23.969532,1999,1710,118,86,63,22,2093,1733,84,81,79,71,37,8
23.978001,1998,1711,121,82,63,21,2102,1739,81,81,85,72,34,10
23.985971,2013,1709,124,79,65,36,2098,1735,76,81,84,81,30,11
23.993923,2000,1712,121,81,64,22,2097,1731,93,77,85,68,38,5
24.002333,1996,1712,120,82,61,21,2094,1725,95,74,91,61,35,13
24.009956,1998,1712,120,81,62,23,2102,1739,80,78,91,55,47,12
24.018164,1994,1711,120,85,59,19,2099,1736,91,78,74,73,42,5
24.026417,1999,1709,124,84,58,24,2101,1738,77,79,87,83,31,6
24.034208,1996,1711,122,86,55,22,2112,1743,84,84,81,80,35,5
24.042398,1998,1712,126,80,57,23,2112,1747,63,95,91,72,33,11
24.050077,1991,1711,125,81,58,16,2113,1742,76,85,93,61,46,10
24.057562,2007,1712,125,80,58,32,2116,1729,81,87,93,62,53,11
24.065605,2000,1712,124,81,57,26,2123,1737,83,82,84,85,43,9
24.073448,2006,1712,123,81,58,32,2130,1720,91,77,89,83,56,14
24.081137,1996,1711,124,80,59,22,2128,1724,97,76,90,81,47,13
24.088697,1990,1712,124,81,56,17,2113,1731,92,78,99,55,44,14
24.096624,1987,1711,120,85,56,15,2111,1725,82,95,87,77,32,13
24.104818,1999,1711,120,86,53,29,2109,1739,77,89,90,64,38,12
24.113163,1993,1710,124,83,54,22,2112,1725,77,88,89,77,42,14
24.121002,1997,1709,125,81,55,27,2112,1740,84,72,76,81,55,4
24.128759,1991,1708,124,83,54,22,2111,1731,82,76,98,69,45,10
24.136654,2005,1709,124,83,53,36,2115,1730,78,90,80,72,56,9
24.144321,2004,1710,122,81,56,35,2113,1733,85,79,80,78,46,12
24.151917,1984,1711,120,83,54,16,2109,1737,81,84,82,74,40,11
24.159380,1993,1711,121,82,55,24,2106,1728,88,72,89,78,34,17
24.166927,1996,1711,117,84,57,27,2101,1729,81,82,84,72,42,11
24.175034,1991,1711,116,84,58,22,2095,1732,83,92,76,60,45,7
24.183498,1986,1710,114,86,58,18,2089,1720,80,84,79,81,38,7
24.191797,1986,1709,114,86,58,19,2086,1717,86,78,79,79,38,9
24.200350,1991,1709,114,89,56,23,2083,1729,94,71,80,63,42,4
24.208181,1999,1706,116,90,56,31,2091,1731,89,72,85,57,46,11
24.216019,1991,1704,114,92,56,25,2101,1715,90,81,85,73,39,18
24.223873,1989,1704,114,90,59,22,2095,1721,87,99,75,71,33,9
24.232113,1991,1702,115,92,57,25,2094,1729,90,75,85,80,30,5
24.240238,1989,1702,114,93,57,23,2095,1735,73,91,87,60,37,12
24.248297,1989,1703,112,93,58,23,2092,1714,97,77,84,69,39,12
24.256187,1991,1702,116,92,59,22,2102,1730,88,67,92,65,47,13
24.263868,1990,1701,117,92,62,18,2102,1726,77,73,99,66,49,12
24.271887,1996,1702,118,91,62,23,2103,1715,87,74,89,76,48,14
24.279467,2003,1701,118,92,62,30,2103,1726,86,72,82,84,45,8
24.287125,1993,1702,115,93,63,20,2111,1723,96,84,78,78,43,9
24.294237,2000,1704,114,93,63,26,2114,1721,99,68,80,79,51,16
24.302197,2008,1703,115,92,64,34,2111,1733,82,84,88,67,37,20
24.309820,2001,1701,118,89,66,27,2110,1738,81,75,85,73,45,13
24.317957,2009,1703,118,83,71,34,2111,1724,87,76,84,77,49,14
24.325815,2002,1704,115,86,71,26,2095,1734,84,70,87,71,38,11
24.334211,1999,1707,110,90,69,23,2094,1724,95,71,85,72,42,5
24.342606,1994,1705,112,91,67,19,2099,1731,78,74,86,76,44,10
24.350470,1995,1704,111,95,65,20,2103,1732,80,81,85,61,52,12
24.359020,2004,1705,113,92,66,28,2097,1731,83,74,87,64,40,18
24.366856,2002,1703,114,90,68,27,2087,1728,87,89,66,74,33,10
24.374878,2002,1704,109,93,68,28,2093,1721,86,85,86,61,39,15
24.383074,1997,1705,109,91,72,20,2081,1733,89,66,78,77,32,6
24.391998,1998,1707,108,93,70,20,2082,1739,92,70,79,65,30,7
24.400324,1993,1705,109,94,70,15,2079,1736,91,71,80,58,33,10
24.409193,2013,1705,109,95,70,34,2085,1739,80,79,80,57,38,12
24.418600,2007,1705,110,96,68,28,2081,1740,79,76,68,73,37,8
24.427410,1999,1705,110,97,66,21,2080,1727,88,67,80,68,39,11
24.435411,2002,1705,110,98,65,24,2078,1739,64,90,69,70,34,12
24.444059,2001,1705,110,99,62,25,2071,1739,65,75,82,71,32,7
24.452589,1994,1706,109,101,60,18,2076,1730,85,72,81,65,34,9
24.461039,2008,1707,110,100,60,31,2088,1723,83,77,74,82,39,10
24.469135,2002,1707,111,99,62,23,2089,1734,73,83,69,79,38,13
24.477041,2006,1706,112,98,64,26,2090,1727,88,77,72,81,32,13
24.485199,2005,1705,114,95,67,24,2084,1730,82,79,72,76,34,11
24.494011,2007,1706,112,98,65,26,2081,1734,84,80,60,65,50,8
24.502356,1999,1709,109,100,64,17,2087,1727,94,72,76,56,54,8
24.511307,1998,1708,110,98,67,15,2087,1734,89,71,75,70,42,6
24.519548,2000,1707,109,99,68,17,2083,1730,71,81,59,81,53,8
24.528521,2010,1708,107,101,68,26,2085,1732,87,77,64,78,40,7
24.537149,2006,1708,108,99,69,22,2081,1741,80,75,76,69,37,3
24.545872,2008,1708,108,100,67,25,2083,1743,80,69,67,69,44,11
24.554266,2005,1707,109,100,66,23,2082,1746,76,73,78,54,46,9
24.562874,1999,1707,111,100,65,16,2085,1739,80,67,82,69,40,8
24.572189,2004,1708,111,103,61,21,2094,1745,82,61,77,86,33,10
24.581022,2006,1706,113,102,62,23,2097,1729,79,79,80,76,46,8
24.589638,2002,1706,111,102,63,20,2094,1737,85,79,81,65,37,10
24.598251,2008,1706,112,101,63,26,2091,1740,85,83,80,56,39,8
24.606512,2008,1705,113,101,62,27,2099,1736,83,81,73,64,49,13
24.614948,2001,1705,111,103,62,20,2098,1742,82,70,65,94,37,8
24.623085,2001,1706,111,105,60,19,2097,1741,79,73,79,75,39,11
24.631102,2004,1703,115,105,59,22,2105,1748,71,93,80,73,33,7
24.639339,2008,1704,113,107,58,26,2113,1732,93,64,90,73,42,19
24.647539,2004,1703,112,106,61,22,2108,1745,88,79,76,71,42,7
24.656439,2001,1703,114,100,64,20,2109,1755,80,80,82,71,30,11
24.664965,2002,1703,115,97,66,21,2112,1739,84,85,83,75,38,8
24.673126,2007,1703,115,97,66,26,2104,1740,76,77,82,83,33,13
24.681717,2004,1703,117,96,66,22,2101,1733,100,73,73,68,46,8
24.690184,1998,1703,119,94,67,15,2101,1738,91,81,86,66,33,6
24.698545,1999,1705,115,99,64,16,2104,1751,83,88,79,60,38,5
24.706987,2004,1706,119,95,63,21,2111,1744,93,74,78,71,35,16
24.714739,2007,1708,121,92,63,23,2108,1742,72,85,97,69,38,5
24.723385,2000,1706,122,94,61,17,2094,1739,96,76,79,66,30,8
24.732332,2002,1706,122,93,62,19,2090,1736,94,73,63,83,33,8
24.741467,2001,1705,122,94,63,17,2087,1749,84,72,73,58,38,13
24.750469,2003,1704,121,95,63,20,2087,1747,88,70,64,66,41,11
24.759247,2005,1702,123,96,61,23,2077,1757,78,73,67,64,30,8
24.768785,2004,1706,122,94,60,22,2075,1740,73,86,62,69,37,8
24.777861,1992,1706,123,91,62,10,2081,1732,89,71,70,75,31,13
24.787277,1999,1706,123,92,60,18,2087,1737,90,84,73,62,32,9
24.796370,2003,1705,122,94,60,22,2099,1747,79,77,68,75,41,12
24.804848,2011,1706,122,94,60,29,2096,1731,94,76,86,61,39,9
24.813435,1996,1705,125,92,58,16,2095,1733,92,78,68,69,38,17
24.822046,2009,1704,125,94,58,28,2086,1744,66,81,79,76,31,9
24.830622,2006,1702,127,93,60,24,2082,1745,84,77,63,60,44,9
24.839310,2003,1702,127,91,62,21,2086,1743,79,86,74,54,41,9
24.847694,2008,1703,126,92,61,26,2091,1738,85,79,60,73,46,10
24.857138,2005,1701,127,94,59,24,2094,1746,88,84,73,62,35,6
24.865227,2005,1702,123,95,60,25,2104,1738,88,77,69,84,37,11
24.873491,2002,1703,123,95,60,21,2101,1737,97,76,73,68,41,9
24.881697,2006,1704,124,94,60,24,2106,1743,85,79,75,66,44,14
24.889704,2003,1703,124,95,59,22,2115,1739,79,87,82,69,52,7
24.897892,2014,1703,125,97,57,32,2111,1749,87,76,78,72,39,10
24.906096,2011,1707,121,98,56,29,2115,1738,92,75,87,65,48,10
24.914015,2000,1707,123,96,57,17,2108,1749,75,74,87,58,53,12
24.922537,2004,1705,124,96,57,22,2102,1754,73,72,74,82,36,11
24.931368,2001,1704,125,99,52,21,2096,1740,100,68,77,63,34,14
24.939596,2002,1704,122,102,52,22,2099,1738,90,82,85,59,35,10
24.948008,1999,1705,122,101,53,18,2100,1765,72,74,78,67,35,9
24.956182,2004,1706,121,101,54,22,2100,1751,69,68,83,82,38,9
24.964586,2010,1704,118,106,55,27,2098,1761,73,66,82,67,34,15
24.973206,2010,1705,115,107,56,27,2102,1751,74,66,84,67,50,10
24.981730,2000,1708,118,103,55,16,2104,1750,79,74,81,74,41,5
24.990335,2013,1709,115,105,56,28,2106,1755,71,79,88,62,39,12
24.998751,2001,1709,115,102,59,16,2105,1749,86,78,81,65,35,11
25.007223,2004,1711,113,99,62,19,2103,1742,77,74,89,70,41,10
25.015627,2006,1711,111,102,61,21,2111,1755,82,83,86,56,42,7
25.024157,2004,1712,108,105,60,19,2113,1759,80,64,72,81,44,13
25.032207,2021,1711,106,104,62,38,2119,1754,85,64,91,70,46,9
25.040550,2001,1714,102,103,63,19,2118,1767,75,62,90,63,49,12
25.049177,2005,1715,102,102,62,24,2106,1761,72,76,75,76,42,4
25.058064,2003,1716,102,102,61,22,2106,1753,81,70,89,65,41,7
25.066488,1998,1716,103,100,62,17,2113,1737,88,64,97,66,54,7
25.074942,2004,1716,105,101,57,25,2109,1741,88,71,87,74,41,7
25.083088,2008,1717,104,102,57,28,2111,1746,77,76,82,79,37,14
25.091105,1999,1716,107,99,58,19,2115,1735,91,79,86,74,36,14
25.098934,2002,1717,108,98,57,22,2121,1736,90,82,74,80,49,10
25.106794,1995,1718,110,95,58,14,2118,1735,81,68,99,71,50,14
25.115332,2002,1721,109,93,59,20,2115,1748,74,82,74,79,48,10
25.123533,2006,1721,109,93,59,24,2112,1758,71,78,80,81,32,12
25.131660,2003,1718,110,94,60,21,2112,1755,76,80,75,70,43,13
25.140009,2006,1720,109,92,62,23,2114,1745,74,80,79,71,49,16
25.148012,2003,1721,109,91,62,20,2108,1760,79,75,86,61,39,8
25.156355,2007,1724,111,86,61,25,2104,1747,90,58,88,70,42,9
25.164757,2003,1723,110,83,65,22,2101,1732,96,77,83,66,41,6
25.173018,2007,1720,113,85,64,25,2105,1729,94,65,96,60,45,16
25.180901,2010,1720,112,84,67,27,2108,1746,89,71,79,64,41,18
25.188971,2010,1721,112,82,67,28,2105,1738,81,80,72,85,33,16
25.196760,2002,1721,114,81,66,20,2104,1734,75,95,80,63,46,11
25.204617,1998,1719,114,83,65,17,2098,1742,82,69,79,78,31,17
25.212646,2010,1720,114,85,62,29,2099,1734,89,75,82,74,34,11
25.220806,2004,1721,112,86,63,22,2100,1749,85,75,91,58,32,10
25.229137,1999,1721,113,84,65,16,2095,1739,85,74,80,82,28,7
25.237642,2004,1721,112,87,62,22,2097,1752,96,66,75,62,35,11
25.246096,1992,1721,112,87,62,10,2095,1738,95,66,71,72,43,10
25.254404,2005,1720,113,88,61,23,2093,1747,71,90,68,74,38,5
25.263058,1999,1719,113,89,62,16,2092,1737,78,78,76,68,45,10
25.271648,2006,1719,113,91,59,24,2086,1745,85,74,67,65,40,10
25.280502,2003,1719,113,90,62,19,2082,1743,83,82,67,59,39,9
25.289394,2007,1720,113,91,63,20,2069,1736,87,63,77,60,39,7
25.297960,2008,1720,112,89,66,21,2066,1745,79,68,64,61,42,7
25.306957,2010,1719,112,90,66,23,2068,1743,70,76,87,51,34,7
25.316050,2012,1720,110,91,67,24,2066,1749,77,76,66,60,33,5
25.325094,2004,1718,113,88,70,15,2070,1739,81,72,82,65,23,8
25.334354,2013,1719,109,90,71,24,2076,1736,83,77,74,56,41,9
25.343933,2003,1721,108,90,70,14,2082,1738,82,74,63,81,34,10
25.353231,2012,1721,109,90,70,22,2085,1741,81,76,75,54,49,9
25.362371,2006,1722,105,91,73,15,2085,1745,81,66,71,84,32,6
25.371462,2016,1722,104,89,76,25,2082,1748,76,79,70,56,44,9
25.380514,2007,1721,105,91,75,15,2083,1739,85,74,70,73,35,7
25.389917,2012,1721,105,91,76,19,2085,1749,85,81,60,57,43,10
25.399345,2013,1719,105,92,76,21,2086,1757,81,72,75,57,27,17
25.408638,2008,1719,108,89,75,17,2078,1745,100,62,72,61,31,7
25.417826,2017,1722,104,92,73,26,2084,1739,97,67,61,65,42,13
25.426897,2015,1721,105,95,71,23,2086,1755,75,81,57,73,34,11
25.436190,2017,1725,101,97,68,26,2084,1749,79,66,77,68,41,4
25.445322,2020,1724,101,97,68,30,2080,1744,74,78,65,74,33,12
25.454153,2007,1724,100,97,68,18,2084,1745,67,80,90,60,37,5
25.462950,2010,1727,97,100,65,21,2090,1746,80,73,84,65,35,7
25.471428,2006,1726,98,100,65,17,2095,1745,82,76,82,60,41,9
25.480047,2012,1727,102,96,64,23,2089,1747,91,71,67,68,41,4
25.488214,2015,1726,103,96,63,27,2087,1751,72,73,83,67,36,5
25.496807,2003,1726,106,94,63,14,2083,1755,77,76,74,59,35,7
25.505688,2005,1726,110,94,59,16,2081,1743,82,70,76,58,37,15
25.514038,2011,1727,106,96,60,22,2087,1738,77,79,66,72,42,13
25.522287,2013,1727,104,99,60,23,2095,1733,83,76,76,63,49,15
25.530458,2007,1727,105,98,60,17,2091,1744,88,79,70,71,31,8
25.538557,2010,1727,105,96,61,21,2094,1737,94,68,79,70,39,7
25.547258,2012,1728,103,96,62,23,2099,1729,92,61,77,87,45,8
25.555794,2009,1728,102,95,64,20,2102,1741,86,69,85,68,39,14
25.564632,2012,1727,103,91,68,23,2102,1741,85,71,81,68,48,8
25.572878,2001,1727,104,91,67,12,2106,1737,82,92,87,60,34,14
25.580847,2015,1726,105,92,66,26,2101,1732,77,85,70,75,48,14
25.589903,2010,1725,105,92,67,21,2096,1738,91,83,62,79,35,8
25.598530,2007,1726,105,91,68,17,2103,1734,77,89,73,74,42,14
25.606997,2019,1725,106,89,70,29,2101,1743,94,61,75,76,41,11
25.615307,2014,1726,103,91,69,25,2097,1744,89,80,65,64,49,6
25.623188,2016,1727,104,89,70,26,2104,1727,82,85,85,77,36,12
25.631714,2010,1727,106,90,63,24,2101,1738,87,80,85,66,36,9
25.639936,2011,1728,107,86,66,24,2106,1741,76,89,92,62,35,11
25.648291,2010,1728,107,86,65,24,2101,1732,81,80,75,77,45,11
25.656782,2004,1730,109,81,66,18,2092,1750,76,82,72,69,35,8
25.665604,2004,1730,109,80,68,17,2091,1737,84,81,69,73,34,13
25.674412,2004,1730,111,74,73,16,2087,1737,84,71,79,70,33,13
25.683214,2008,1731,110,74,72,21,2084,1740,94,76,64,59,42,9
25.692329,2015,1730,111,77,69,28,2088,1738,72,83,77,74,28,16
25.700529,2002,1731,109,78,68,16,2083,1748,77,76,67,69,41,5
25.709526,2017,1731,108,78,67,33,2091,1733,99,69,75,61,45,9
25.717579,2005,1732,106,81,62,24,2079,1742,76,85,76,54,37,9
25.726759,2003,1732,104,81,64,22,2083,1720,91,82,71,70,39,10
25.735504,2010,1730,103,83,65,29,2089,1738,90,77,81,56,40,7
25.744478,1995,1729,103,80,69,14,2089,1732,89,80,77,71,37,3
25.753229,2003,1728,106,78,69,22,2092,1741,72,82,80,71,40,6
25.761902,1994,1727,104,80,68,15,2094,1749,75,68,85,73,30,14
25.770069,1996,1726,105,79,69,17,2091,1735,72,83,77,71,42,11
25.778521,1993,1729,102,78,70,14,2094,1730,79,83,84,66,40,12
25.787363,2007,1730,101,82,66,28,2096,1735,85,86,79,65,30,16
25.795843,2000,1730,101,80,66,23,2097,1733,94,83,78,62,36,11
25.803955,1991,1730,101,83,64,13,2094,1730,86,80,71,82,28,17
25.811646,1999,1731,102,82,63,21,2086,1728,72,86,77,73,37,13
25.820122,1999,1729,104,83,62,21,2086,1732,91,73,82,65,37,6
25.828508,1997,1728,103,86,61,19,2085,1734,89,72,75,81,29,5
25.837214,2001,1727,103,89,59,23,2091,1752,73,79,76,73,31,7
25.845808,1995,1726,104,89,59,17,2103,1740,87,71,82,72,37,14
25.853924,2009,1728,104,88,58,31,2093,1738,84,80,77,74,30,10
25.862198,2003,1731,102,87,59,24,2093,1734,86,69,79,67,47,11
25.870834,2006,1730,100,88,61,27,2092,1744,80,87,64,72,34,11
25.879202,2002,1731,98,87,63,23,2085,1739,80,85,72,68,31,10
25.887970,1997,1728,98,87,67,17,2079,1732,85,75,70,70,37,10
25.896673,1999,1727,98,88,69,17,2076,1735,81,71,81,69,33,6
25.905392,1999,1727,96,87,71,18,2080,1742,80,67,78,66,39,8
25.914310,1999,1727,97,87,69,19,2092,1736,80,73,80,75,35,13
25.923058,2006,1728,97,86,68,27,2096,1730,97,81,66,74,36,12
25.931532,2003,1726,99,87,66,25,2106,1746,77,76,81,66,42,18
25.939688,2005,1727,97,88,66,27,2113,1759,86,73,79,66,44,6
25.947777,2002,1728,96,90,64,24,2119,1741,81,76,98,74,42,7
25.955816,2001,1728,96,90,64,23,2127,1738,94,89,76,81,36,13
25.963396,2011,1727,96,90,65,33,2126,1742,88,84,78,78,43,13
25.971058,2003,1728,98,88,64,25,2126,1748,80,76,92,70,43,17
25.979336,1994,1730,94,91,63,16,2123,1740,70,80,108,74,40,11
25.987370,2015,1730,93,93,62,37,2126,1738,89,74,84,85,44,12
25.995173,2012,1731,95,94,61,31,2125,1749,79,84,94,70,39,10
26.002792,2004,1731,94,93,60,26,2120,1739,74,90,79,78,43,17
26.011141,1990,1731,95,92,61,11,2110,1755,73,76,71,82,41,12
26.019390,2002,1730,95,92,62,23,2109,1738,87,79,78,79,40,8
26.027590,2000,1730,95,92,62,21,2124,1745,78,77,77,91,39,17
26.035769,2005,1728,95,94,62,26,2119,1747,92,74,80,76,40,10
26.044754,2001,1728,95,92,62,24,2103,1737,78,68,85,77,43,15
26.052946,1997,1728,94,91,64,20,2097,1735,86,83,82,59,44,8
26.061026,2000,1730,92,90,65,23,2094,1725,91,68,89,69,42,10
26.069347,2001,1732,88,97,60,24,2096,1744,82,60,78,75,47,10
26.077381,1997,1731,89,96,60,21,2100,1744,89,68,65,78,50,6
26.085890,1990,1732,90,95,60,13,2093,1746,81,73,78,68,40,7
26.094076,1994,1729,93,94,58,20,2090,1742,79,60,93,60,43,13
26.102478,1997,1727,95,94,57,24,2087,1756,77,73,66,67,41,7
26.111055,1989,1727,94,95,57,16,2087,1748,73,73,69,70,40,14
26.119774,2000,1726,97,91,60,26,2086,1746,74,82,78,68,35,3
26.128269,1995,1728,96,89,61,21,2089,1739,84,75,83,71,29,8
26.137009,1989,1726,98,90,60,15,2089,1735,75,77,70,70,53,9
26.145542,1995,1725,98,92,58,22,2089,1746,76,78,74,64,44,7
26.153992,1988,1726,97,95,55,15,2094,1737,83,67,77,66,50,14
26.162710,1996,1725,98,92,57,24,2093,1736,74,80,68,79,47,9
26.170696,1996,1726,97,92,57,24,2088,1741,69,77,77,65,53,6
26.178499,2000,1727,97,92,54,30,2095,1734,90,64,83,70,46,8
26.186813,1994,1728,98,92,53,23,2091,1740,75,76,84,61,47,8
26.195044,1989,1727,97,95,52,18,2087,1735,83,75,79,71,35,9
26.203758,1986,1728,97,93,53,15,2086,1750,75,74,64,69,44,10
26.212366,1996,1726,98,95,52,25,2085,1730,84,62,83,76,40,10
26.220509,1995,1727,95,98,51,24,2079,1740,76,62,88,63,46,4
26.229073,1996,1728,95,98,51,24,2084,1740,73,70,85,70,39,7
26.237299,1988,1727,96,95,54,16,2082,1731,88,64,74,66,48,11
26.245565,1992,1727,97,93,55,20,2080,1735,79,80,75,67,36,8
26.254709,1991,1726,98,93,53,21,2080,1735,77,74,66,78,40,10
26.263563,2006,1727,98,92,53,36,2073,1733,90,65,75,66,42,2
26.272791,2000,1729,96,91,56,28,2072,1735,74,68,85,65,38,7
26.281733,1987,1730,97,88,56,16,2085,1720,91,82,76,63,45,8
26.290524,1989,1729,99,86,56,19,2086,1742,88,74,74,61,40,7
26.298767,2000,1729,99,85,57,30,2091,1737,80,81,65,71,49,8
26.307501,1986,1727,98,86,60,15,2079,1736,78,73,78,53,50,11
26.316708,1995,1726,99,85,61,24,2082,1745,69,75,67,73,44,9
26.325567,1994,1726,102,83,60,23,2085,1743,72,87,61,79,38,5
26.334332,1989,1723,104,83,62,17,2085,1741,71,72,82,76,36,7
26.342781,1989,1723,104,84,61,17,2091,1733,81,80,87,57,39,14
26.351423,1985,1724,101,86,57,17,2086,1745,66,71,87,71,38,8
26.360212,1990,1725,100,86,55,24,2093,1722,83,82,82,68,48,8
26.368265,1982,1724,99,89,55,15,2098,1727,91,75,77,76,45,7
26.377338,1994,1724,100,89,55,26,2095,1735,84,69,88,71,34,14
26.385633,1986,1724,101,86,58,17,2092,1741,85,78,75,67,37,9
26.393930,2000,1723,102,89,55,31,2088,1729,74,74,72,73,50,16
26.401936,2010,1722,104,88,57,39,2087,1736,82,81,73,77,27,11
26.410173,1996,1724,103,90,54,25,2084,1733,77,88,84,64,32,6
26.418098,1989,1720,105,88,58,18,2084,1724,68,85,83,69,43,12
26.426468,1998,1721,105,86,59,27,2078,1719,84,80,83,64,41,7
26.434866,1995,1719,106,85,62,23,2085,1736,74,83,79,64,36,13
26.443142,1992,1717,108,85,60,22,2084,1727,76,75,89,61,45,11
26.451468,1991,1718,109,87,58,19,2083,1738,80,63,75,74,45,8
26.459187,1996,1717,111,86,59,23,2086,1745,82,81,62,68,38,10
26.467815,1996,1718,110,84,62,22,2088,1732,84,71,85,70,36,10
26.476471,2002,1716,111,82,65,28,2094,1733,78,85,71,77,40,10
26.484627,1990,1714,111,86,60,19,2092,1723,82,83,81,75,42,6
26.492361,1993,1713,111,87,60,22,2092,1735,86,74,67,78,36,16
26.500477,1998,1711,111,90,60,26,2090,1732,87,71,81,69,40,10
26.508492,1992,1712,112,89,59,20,2085,1728,85,71,83,69,44,5
26.516859,1987,1712,110,91,58,16,2092,1725,85,83,73,76,41,9
26.525057,2000,1711,110,92,58,29,2099,1739,67,77,87,67,45,17
26.533411,1982,1711,112,90,57,12,2097,1739,73,74,82,71,45,13
26.541853,1999,1711,113,91,55,29,2102,1734,82,71,76,76,50,13
26.549355,1993,1712,111,89,59,22,2102,1733,82,74,88,77,37,11
26.557549,1994,1711,113,90,56,24,2095,1737,63,82,86,72,48,7
26.565435,1995,1710,115,90,54,26,2097,1730,90,70,81,74,51,1
26.573444,2001,1708,118,92,53,30,2096,1732,86,76,78,75,43,6
26.581625,1990,1710,119,89,53,19,2094,1731,85,66,82,84,37,9
26.589602,1994,1710,119,88,53,24,2094,1729,84,70,88,72,43,8
26.597740,1983,1710,117,88,52,16,2090,1730,69,75,93,70,40,13
26.605803,1991,1711,113,93,50,24,2094,1737,73,61,93,63,52,15
26.614534,1994,1710,113,93,51,27,2085,1735,69,83,89,68,34,7
26.623119,1994,1714,108,96,50,26,2091,1742,75,68,82,71,43,10
26.631941,1991,1715,106,99,48,23,2084,1731,84,71,79,65,46,8
26.640192,1990,1714,107,101,47,21,2100,1727,94,77,75,65,55,7
26.648003,1994,1714,107,102,46,25,2094,1741,73,62,83,70,53,12
26.657122,1986,1715,104,98,53,16,2093,1732,85,68,75,75,50,8
26.665356,1985,1715,104,97,54,15,2090,1723,92,82,67,77,40,9
26.673908,1991,1714,105,96,55,21,2089,1730,82,77,76,76,39,9
26.682026,1992,1713,105,98,54,22,2095,1729,78,75,81,73,38,21
26.689713,1990,1712,104,98,55,21,2092,1740,76,66,82,78,38,12
26.698288,1998,1712,104,98,55,29,2093,1730,78,69,84,76,40,16
26.706636,1994,1712,104,98,55,25,2097,1730,82,81,78,80,34,12
26.714851,1990,1712,104,95,58,21,2099,1722,85,88,86,75,36,7
26.723030,1994,1711,105,93,63,22,2096,1723,82,87,85,74,39,6
26.731508,1994,1711,105,91,65,22,2097,1731,74,82,85,80,34,11
26.739359,1994,1709,107,91,65,22,2097,1727,83,87,85,68,39,8
26.747339,1990,1710,106,94,61,19,2101,1719,85,77,83,85,36,16
26.755142,1991,1709,107,92,63,20,2097,1718,85,96,72,69,45,12
26.763273,1996,1709,106,96,61,24,2100,1730,73,76,86,67,55,13
26.771664,2003,1709,105,97,61,31,2105,1723,78,85,91,68,49,11
26.780092,1998,1710,105,99,58,26,2101,1729,80,75,94,74,38,11
26.788023,1993,1709,105,99,58,22,2109,1730,84,85,87,68,42,13
26.795736,1992,1709,104,99,59,21,2111,1731,89,68,84,75,51,13
26.803305,1994,1708,105,100,58,23,2102,1734,88,81,83,64,42,10
26.811272,1991,1707,106,100,56,22,2106,1726,92,67,72,84,50,15
26.818703,1998,1707,103,100,59,29,2104,1723,82,72,91,78,43,15
26.826385,1997,1705,105,97,62,28,2104,1723,80,79,82,87,43,10
26.834236,1992,1704,106,97,63,22,2105,1727,94,75,91,77,31,10
26.842325,1988,1706,109,92,63,18,2111,1738,78,92,73,74,43,13
26.850309,1990,1707,106,91,65,21,2107,1734,83,81,79,74,47,9
26.858389,1994,1709,108,89,63,25,2107,1718,86,81,85,80,42,15
26.866020,1997,1710,106,90,65,26,2114,1727,89,69,89,74,47,19
26.873981,1984,1710,106,88,67,13,2115,1735,80,80,84,75,50,11
26.881865,2008,1711,105,88,67,37,2118,1743,83,79,94,67,45,7
26.889872,1994,1709,107,88,68,22,2119,1725,96,85,99,58,50,6
26.897800,1998,1707,110,88,66,27,2114,1729,88,83,88,63,55,8
26.905258,1994,1705,111,90,63,25,2109,1731,83,77,81,78,50,9
26.912891,1994,1705,110,90,63,26,2109,1720,77,102,82,77,40,11
26.920393,1981,1704,111,87,64,15,2107,1720,83,68,101,86,39,10
26.928602,1993,1704,110,90,62,27,2109,1734,80,73,90,69,52,11
26.937067,1983,1705,110,90,62,16,2116,1725,86,88,78,78,53,8
26.944567,1981,1706,109,89,62,15,2120,1724,81,94,82,80,45,14
26.952307,1981,1706,106,89,65,15,2102,1732,79,80,91,74,43,3
26.959831,1991,1705,105,89,66,26,2104,1722,77,81,89,82,46,7
26.967026,1986,1708,103,89,64,22,2113,1724,81,75,87,87,40,19
26.975050,1981,1708,102,91,64,16,2114,1727,90,78,85,76,43,15
26.982830,1995,1707,102,91,65,30,2112,1734,68,81,94,85,36,14
26.990324,1984,1704,106,88,64,22,2110,1726,82,75,89,77,50,11
26.998077,1985,1704,106,88,65,22,2106,1731,88,83,77,73,42,12
27.006033,1982,1707,100,92,64,19,2107,1736,91,68,88,65,45,14
27.013969,1992,1705,103,88,66,30,2098,1739,73,68,102,73,40,3
27.021666,1988,1705,102,90,64,27,2106,1730,77,91,75,81,43,9
27.029636,1983,1704,104,88,66,21,2103,1726,84,80,83,78,43,9
27.037439,1987,1707,101,90,65,24,2100,1724,81,93,91,68,35,8
27.045679,1985,1706,101,89,67,22,2101,1729,86,78,86,60,52,10
27.053339,1985,1705,101,89,67,23,2105,1735,83,56,94,87,43,7
27.061426,1987,1704,102,90,66,25,2105,1733,73,88,80,71,48,12
27.069111,1989,1704,103,89,66,27,2100,1737,80,73,93,59,52,6
27.077160,1977,1705,103,88,66,15,2097,1719,78,89,84,62,51,14
27.085403,1991,1705,102,90,64,30,2087,1729,82,70,87,71,38,10
27.093884,1984,1706,104,86,65,23,2090,1734,76,73,76,64,52,15
27.101912,1985,1707,103,87,65,23,2104,1727,78,84,81,73,42,19
27.109482,1982,1705,105,88,63,21,2106,1725,85,82,79,76,45,14
27.117695,1975,1705,106,82,67,15,2104,1718,86,93,72,77,47,11
27.125587,1994,1706,105,83,64,36,2106,1723,82,93,76,82,43,7
27.133230,1984,1706,107,80,63,28,2112,1717,90,83,78,80,54,10
27.140974,1981,1704,108,79,64,26,2117,1725,90,78,87,69,53,15
27.149124,1980,1703,108,81,65,23,2119,1740,75,85,80,72,47,20
27.156820,1989,1705,105,87,60,32,2110,1724,92,86,84,77,35,12
27.164110,1988,1707,103,90,57,31,2102,1726,95,79,88,71,39,4
27.171715,1987,1705,104,91,57,30,2105,1721,89,88,80,77,37,13
27.179317,1988,1706,104,91,57,30,2110,1722,92,89,80,79,33,15
27.186531,1980,1707,104,89,59,21,2111,1719,91,86,90,74,44,7
27.194069,1986,1707,103,91,57,28,2109,1724,86,90,70,91,38,10
27.201916,1982,1707,103,89,58,25,2108,1716,97,75,95,71,46,8
27.209623,1993,1706,104,88,58,37,2106,1711,92,79,89,88,40,7
27.216869,1978,1707,102,90,57,22,2111,1733,84,78,84,75,50,7
27.224474,1981,1708,102,88,60,23,2114,1731,81,82,95,76,45,4
27.231613,1977,1709,101,90,59,18,2127,1723,84,76,109,76,41,18
27.238628,1980,1709,100,89,61,21,2127,1718,100,66,94,80,57,12
27.245510,1981,1708,100,90,61,22,2124,1711,97,84,94,80,49,9
27.252764,1985,1708,101,90,61,25,2120,1730,86,88,83,73,47,13
27.260170,1989,1708,100,90,60,31,2111,1733,87,75,85,77,47,7
27.267836,1989,1707,102,90,60,30,2103,1726,71,92,85,76,44,9
27.275608,1979,1707,102,90,58,22,2093,1720,89,77,72,71,51,13
27.283482,1977,1705,103,90,59,20,2094,1726,82,76,68,79,49,14
27.291500,1980,1704,104,89,60,23,2093,1729,72,87,76,73,41,15
27.299391,1986,1703,108,88,59,28,2092,1727,75,77,79,88,39,7
27.307377,1979,1702,107,91,57,22,2094,1730,82,70,93,73,38,8
27.315319,1977,1700,108,93,57,19,2100,1717,81,79,76,84,48,15
27.323614,1986,1701,108,92,56,29,2101,1725,96,63,83,80,40,14
27.331587,1975,1702,110,92,54,17,2101,1731,73,89,75,86,34,13
27.338867,1976,1702,109,93,54,18,2098,1730,87,79,95,65,33,9
27.346949,1989,1703,109,92,55,30,2103,1728,73,90,74,86,43,9
27.354940,1975,1703,110,91,54,17,2102,1735,73,79,82,81,46,6
27.362938,1984,1704,111,93,50,26,2103,1728,82,82,72,88,44,7
27.370480,1981,1706,109,94,48,24,2100,1723,75,79,93,79,39,12
27.378605,1975,1706,109,94,46,20,2096,1713,78,79,85,78,56,7
27.386282,1975,1705,110,94,46,20,2101,1712,83,81,81,72,55,17
27.394077,1976,1706,110,94,45,21,2098,1726,75,89,74,73,47,14
27.401453,1977,1705,110,94,46,22,2094,1720,82,76,89,80,35,12
27.409592,1980,1707,107,95,47,24,2098,1732,80,86,82,70,40,8
27.417255,1980,1707,109,93,46,25,2095,1723,94,77,96,58,42,5
27.424950,1978,1707,109,93,47,22,2098,1720,90,92,84,63,40,9
27.432808,1982,1705,111,93,47,26,2103,1730,70,92,83,68,48,12
27.440283,1982,1704,112,92,48,26,2096,1721,85,79,76,74,47,14
27.447905,1989,1703,114,89,50,33,2095,1732,88,73,73,72,46,11
27.456175,1980,1702,115,88,51,24,2099,1734,75,83,73,71,53,10
27.464281,1977,1703,115,86,51,22,2102,1721,86,77,73,76,55,14
27.472563,1976,1704,115,83,53,21,2088,1728,86,73,91,68,28,14
27.480461,1978,1702,115,85,53,23,2086,1729,79,78,83,69,31,17
27.489151,1973,1703,112,86,55,17,2079,1734,70,69,87,73,39,7
27.498074,1975,1703,110,87,55,20,2081,1731,74,80,88,62,43,3
27.506104,1977,1701,110,87,56,23,2087,1730,77,72,73,80,42,13
27.513996,1970,1701,110,88,55,16,2089,1727,77,78,84,62,47,14
27.522158,1984,1701,110,87,57,29,2085,1727,72,74,85,67,52,8
27.529993,1979,1701,110,87,57,24,2083,1719,87,65,89,78,34,11
27.537992,1986,1701,110,86,60,29,2080,1719,77,73,90,81,34,6
27.546286,1977,1703,109,85,60,20,2085,1719,85,58,78,95,38,12
27.554354,1989,1701,108,87,63,30,2084,1732,80,67,68,84,46,7
27.562344,1971,1700,108,88,62,13,2090,1721,86,65,69,92,45,12
27.570864,1971,1700,110,84,65,12,2085,1719,83,61,90,73,44,15
27.578415,1983,1702,108,86,62,25,2091,1714,80,77,79,78,54,9
27.586384,1985,1702,109,85,63,26,2096,1719,82,87,71,72,47,18
27.594450,1976,1701,110,84,65,16,2097,1725,79,78,65,77,58,15
27.602615,1987,1702,112,80,66,27,2086,1732,77,87,72,64,46,8
27.610600,1987,1704,112,77,68,26,2094,1719,83,86,72,75,45,14
27.618362,1982,1702,110,76,73,21,2093,1730,78,77,80,73,42,13
27.626396,1985,1702,109,79,71,24,2092,1719,82,71,77,78,52,13
27.634394,1981,1703,108,78,73,19,2094,1726,76,71,81,82,49,9
27.642073,1986,1704,107,81,69,25,2093,1720,85,76,81,71,44,16
27.649988,1973,1702,110,79,67,15,2089,1729,73,76,87,73,41,10
27.658134,1980,1702,110,78,70,20,2094,1712,97,71,84,78,36,16
27.666033,1983,1701,112,76,70,24,2101,1716,88,78,73,81,54,11
27.674030,1975,1700,113,75,71,16,2098,1716,86,66,82,85,52,11
27.681686,1977,1700,112,77,72,16,2091,1720,77,90,80,74,40,10
27.689377,1983,1702,112,76,71,22,2097,1724,87,77,87,74,33,15
27.698019,1987,1701,111,79,71,25,2095,1724,75,77,95,72,40,12
27.705824,1990,1700,111,80,71,28,2096,1728,74,82,95,70,40,7
27.713860,1976,1700,112,81,69,14,2099,1729,75,96,93,57,41,8
27.721853,1979,1700,111,84,68,16,2098,1728,77,84,76,75,49,9
27.730497,1984,1700,109,85,67,23,2096,1717,85,80,79,79,43,13
27.738878,1984,1700,109,85,67,23,2095,1720,87,83,72,77,47,9
27.746906,1985,1699,110,84,68,24,2098,1734,65,88,79,77,41,14
27.754766,1982,1698,110,83,70,21,2082,1726,83,72,75,81,41,4
27.763142,1976,1697,110,82,70,17,2089,1720,93,70,70,81,45,10
27.771374,1977,1697,111,80,72,17,2087,1727,82,69,80,78,41,10
27.779633,1980,1697,111,78,74,20,2085,1719,90,70,76,81,38,11
27.788176,1979,1699,109,80,72,19,2078,1725,70,87,83,70,34,9
27.796665,1979,1699,111,78,71,20,2077,1718,74,87,87,67,37,7
27.804920,1976,1700,113,74,71,18,2073,1718,80,75,82,69,39,10
27.813309,1975,1699,113,76,70,17,2088,1724,80,63,100,70,37,14
27.821243,1978,1698,113,76,71,20,2100,1721,86,76,79,81,45,12
27.829105,1977,1698,113,75,71,20,2089,1711,75,93,81,82,40,7
27.836504,1978,1699,114,73,71,21,2086,1731,71,74,92,65,41,12
27.844446,1975,1699,113,74,68,21,2085,1728,76,89,83,63,41,5
27.851845,1985,1699,112,74,69,31,2091,1736,73,84,81,70,40,7
27.859303,1980,1701,113,77,64,25,2090,1737,82,78,71,77,36,9
27.867020,1982,1702,110,80,62,28,2083,1713,88,78,73,81,38,12
27.875137,1971,1702,109,80,62,18,2085,1714,81,88,76,66,47,13
27.883629,1974,1704,107,81,61,21,2081,1720,71,81,88,68,48,5
27.891195,1970,1702,110,79,62,17,2087,1718,74,81,81,78,49,6
27.899540,1975,1701,108,83,61,22,2090,1730,67,72,85,84,42,10
27.907843,1975,1701,109,81,64,20,2091,1717,87,78,83,80,38,8
27.916124,1982,1700,110,79,65,28,2091,1724,79,79,80,74,46,9
27.924314,1967,1702,108,76,67,14,2090,1722,89,71,67,75,53,13
27.932686,1976,1702,106,77,67,24,2089,1720,76,91,90,64,37,11
27.940775,1973,1701,106,78,67,21,2086,1729,69,91,84,65,38,10
27.949507,1971,1699,110,75,68,19,2078,1715,87,71,81,75,41,8
27.957905,1973,1700,109,75,68,21,2074,1719,79,69,74,76,40,17
27.965836,1980,1700,109,79,66,26,2076,1716,81,82,69,79,41,8
27.973768,1979,1702,106,81,66,24,2085,1722,83,74,82,73,40,11
27.981903,1983,1703,108,80,63,29,2086,1720,88,71,74,75,48,10
27.989998,1972,1702,108,81,65,16,2088,1736,66,90,81,58,44,13
27.998512,1985,1703,108,80,64,30,2070,1736,79,75,71,64,40,5
28.006929,1986,1703,106,81,65,31,2076,1723,77,80,78,67,41,10
28.014692,1991,1701,105,84,64,37,2085,1722,82,80,74,78,38,11
28.022526,1970,1700,104,88,61,17,2086,1716,74,88,78,73,45,12
28.030565,1968,1699,105,87,60,17,2086,1727,73,58,91,77,48,12
28.038206,1971,1697,107,86,59,22,2079,1712,82,72,74,76,51,12
28.046381,1970,1698,107,85,59,21,2078,1711,81,72,77,82,44,11
28.055008,1969,1698,107,85,59,20,2074,1708,89,74,81,62,49,11
28.063625,1970,1701,105,83,61,20,2067,1726,75,67,88,66,38,7
28.072519,1977,1701,107,82,60,27,2074,1723,84,66,75,81,40,5
28.080610,1967,1702,106,83,59,17,2080,1720,76,78,77,71,48,10
28.088966,1970,1703,105,81,61,20,2085,1723,72,74,81,79,39,17
28.097244,1980,1704,105,83,59,29,2083,1719,79,85,64,77,47,12
28.106073,1974,1704,105,83,59,23,2083,1721,79,76,79,70,45,13
28.114767,1968,1703,105,83,60,17,2081,1730,69,79,77,72,47,7
28.123363,1970,1703,107,84,58,18,2074,1726,76,76,80,68,37,11
28.132324,1970,1704,106,83,58,19,2072,1726,80,65,74,74,44,9
28.140902,1976,1703,105,81,61,26,2076,1719,84,81,71,69,42,10
28.149162,1973,1703,105,81,60,24,2074,1737,68,84,73,61,37,14
28.157595,1965,1703,106,79,61,16,2074,1719,85,77,81,64,36,12
28.166126,1975,1703,106,80,61,25,2073,1716,90,77,69,63,46,12
28.174139,1961,1703,106,80,61,11,2072,1721,79,70,78,75,39,10
28.183096,1967,1703,107,77,64,16,2077,1724,74,73,75,74,46,11
28.191364,1973,1705,107,79,63,19,2080,1722,74,83,73,79,37,12
28.200361,1973,1702,107,82,62,20,2075,1723,73,79,70,79,41,10
28.208748,1974,1702,106,83,61,22,2074,1716,81,76,77,79,37,8
28.217005,1978,1702,108,83,58,27,2074,1715,94,65,76,72,42,10
28.225204,1967,1703,106,83,59,16,2069,1712,86,72,75,71,46,7
28.233501,1969,1704,105,82,59,19,2063,1699,85,73,80,72,43,11
28.241278,1968,1703,107,80,61,17,2065,1721,76,82,75,60,36,15
28.249889,1973,1703,106,81,61,22,2061,1723,75,69,79,69,38,8
28.259043,1969,1704,106,81,60,18,2067,1716,83,79,77,66,36,10
28.267891,1975,1705,104,81,62,23,2071,1726,70,67,74,74,48,12
28.276464,1973,1705,103,81,62,22,2080,1726,71,77,73,71,47,15
28.285042,1976,1707,102,82,65,20,2070,1736,63,78,75,57,45,16
28.293821,1976,1707,102,87,59,21,2056,1729,71,64,74,75,38,5
28.302797,1982,1705,103,86,61,27,2057,1728,58,80,79,63,41,8
28.312090,1972,1706,105,83,61,17,2057,1712,74,68,93,65,34,11
28.321299,1977,1705,104,83,63,22,2054,1719,78,76,68,64,43,6
28.330374,1975,1705,102,85,64,19,2067,1734,74,62,86,68,32,11
28.339113,1978,1705,102,85,65,21,2060,1716,66,80,78,68,42,10
28.347778,1977,1706,101,86,65,19,2062,1727,71,69,83,70,33,9
28.356695,1970,1706,102,84,66,12,2066,1721,88,61,77,66,37,16
28.365570,1975,1708,104,81,65,17,2063,1713,86,73,79,64,34,14
28.374229,1977,1708,103,83,63,20,2049,1724,69,86,67,66,26,11
28.383522,1981,1708,102,81,66,24,2054,1727,74,75,64,62,38,14
28.392685,1980,1708,103,78,69,22,2058,1726,91,64,59,67,43,8
28.401558,1970,1708,103,78,69,12,2059,1708,81,79,68,64,48,11
28.410555,1979,1710,101,79,69,20,2061,1709,80,81,73,60,48,10
28.419281,1980,1711,101,80,67,21,2060,1713,73,76,68,74,44,12
28.427954,1982,1711,102,80,66,23,2065,1707,80,75,87,70,32,14
28.436926,1975,1710,103,79,64,19,2065,1715,67,75,76,61,59,12
28.445221,1979,1708,104,78,66,23,2063,1719,72,77,62,71,53,9
28.454552,1974,1706,103,80,68,17,2066,1723,73,75,75,70,38,12
28.463440,1977,1705,102,88,64,18,2066,1721,78,83,72,67,35,10
28.472595,1978,1705,103,88,63,19,2066,1721,74,74,68,80,43,6
28.481798,1984,1704,106,86,63,25,2061,1722,91,67,78,60,39,4
28.490538,1985,1706,101,91,63,24,2059,1731,76,89,65,57,36,5
28.499640,1984,1707,98,92,64,23,2062,1729,66,84,57,80,38,8
28.509081,1981,1708,98,92,63,20,2064,1732,77,73,74,68,30,10
28.518442,1977,1707,100,91,63,16,2056,1741,67,81,63,63,35,6
28.527637,1980,1704,105,85,67,19,2068,1720,73,84,75,60,41,15
28.536943,1987,1705,104,86,68,24,2056,1725,75,68,77,57,45,9
28.546015,1975,1706,104,86,68,11,2061,1729,71,75,67,68,43,8
28.554770,1991,1709,102,86,67,27,2077,1715,79,73,74,82,40,14
28.564020,2000,1707,105,86,66,36,2078,1732,79,79,61,70,46,11
28.572735,1981,1708,105,86,66,16,2079,1727,84,83,60,80,35,10
28.581446,1988,1708,104,88,66,22,2077,1727,77,80,83,61,45,4
28.590282,1987,1708,105,88,64,22,2084,1722,74,74,80,72,46,16
28.599138,1982,1709,104,90,62,17,2095,1725,83,77,72,72,49,17
28.607275,1980,1710,102,87,66,15,2099,1730,80,75,76,79,43,16
28.615141,1984,1710,102,87,66,19,2088,1737,73,67,99,74,32,6
28.623911,1988,1708,101,91,64,24,2091,1715,80,79,65,82,59,11
28.632280,1980,1707,102,89,66,16,2090,1719,78,79,69,79,56,10
28.640572,1988,1708,105,86,63,26,2083,1721,78,78,82,74,35,15
28.648874,1982,1707,105,85,65,20,2087,1724,84,72,75,78,44,10
28.657095,1979,1706,105,87,64,17,2085,1710,97,61,91,74,41,11
28.665026,1982,1708,103,87,65,19,2096,1729,78,74,72,76,56,11
28.673565,1987,1708,103,82,70,24,2094,1738,73,75,92,77,29,10
28.682238,1993,1707,103,83,71,29,2097,1742,72,74,89,74,41,5
28.690508,1995,1707,103,84,70,31,2092,1733,81,77,83,70,45,3
28.698820,1983,1708,103,84,69,19,2090,1724,73,81,73,77,49,13
28.707642,1987,1710,101,84,69,23,2088,1727,86,76,84,62,44,9
28.715403,1992,1710,100,86,69,27,2096,1727,79,83,76,69,49,13
28.723711,1988,1711,99,84,73,21,2096,1729,77,85,73,72,42,18
28.731586,1984,1714,96,85,72,17,2099,1734,76,68,92,73,47,9
28.740252,2001,1713,98,85,72,33,2096,1734,78,88,73,78,34,11
28.748268,1984,1713,98,87,68,18,2100,1744,65,92,82,68,33,16
28.756498,1986,1713,96,87,70,20,2100,1745,66,82,76,73,47,11
28.764627,1998,1711,97,86,73,31,2104,1734,89,69,88,64,51,9
28.772718,1988,1712,96,91,69,20,2090,1740,65,80,84,78,35,8
28.781364,1990,1713,96,91,68,22,2100,1735,68,79,86,75,43,14
28.789745,1999,1714,95,91,68,31,2094,1731,79,70,84,75,45,10
28.797995,1986,1714,93,95,62,22,2088,1728,76,74,73,94,25,18
28.806807,1977,1713,92,95,63,14,2090,1726,71,83,82,70,43,15
28.815090,1998,1714,91,98,61,34,2089,1732,73,84,76,73,37,14
28.823635,1979,1715,93,96,60,15,2090,1738,67,77,77,82,39,10
28.832481,1987,1713,92,97,61,24,2089,1728,78,70,70,80,47,16
28.841198,1991,1713,92,97,61,28,2097,1724,87,80,79,64,53,10
28.849077,1978,1713,92,99,58,16,2093,1730,78,84,77,76,37,11
28.857435,1982,1716,92,97,57,20,2096,1732,70,87,91,67,40,9
28.866020,1984,1718,88,99,57,22,2094,1732,69,86,66,87,48,6
28.873976,1992,1717,90,97,59,29,2093,1724,77,87,93,71,33,8
28.882219,1991,1716,94,94,60,27,2095,1729,67,95,88,67,35,14
28.890856,1988,1716,93,96,61,22,2098,1726,81,72,89,65,50,15
28.899591,1981,1715,97,92,63,14,2087,1729,84,65,97,64,33,15
28.908466,1988,1715,96,93,62,22,2085,1736,77,73,85,73,25,16
28.917074,1989,1716,94,92,63,24,2086,1743,73,81,77,59,45,8
28.925711,1982,1718,92,92,63,17,2086,1734,78,76,89,55,40,14
28.934380,1978,1718,92,92,64,12,2086,1742,63,85,78,70,41,7
28.942999,1986,1719,93,92,64,18,2099,1758,62,73,79,68,43,16
28.951361,1995,1719,94,90,66,26,2098,1733,79,75,78,78,45,10
28.960264,1993,1721,95,90,64,23,2091,1737,65,83,78,71,43,14
28.968916,1988,1720,95,91,63,19,2081,1739,67,77,81,69,36,12
28.977661,1991,1720,96,92,61,22,2080,1737,75,81,65,78,33,11
28.985956,1987,1720,94,94,60,19,2081,1728,77,75,76,77,36,12
28.994495,1997,1721,97,92,59,28,2080,1720,86,72,83,77,35,7
29.002741,1983,1720,101,86,63,13,2076,1731,64,75,90,76,33,7
29.011391,1995,1722,99,84,65,25,2082,1744,55,81,86,52,54,10
29.020399,1989,1722,101,83,65,18,2088,1726,77,81,76,76,43,9
29.029058,1983,1722,103,81,65,12,2090,1733,76,87,75,76,35,8
29.037874,1993,1723,102,79,67,22,2088,1747,54,83,83,69,44,8
29.046398,1999,1723,100,79,69,28,2096,1732,60,86,78,79,44,17
29.054760,1994,1722,101,78,69,24,2089,1735,70,75,72,73,47,17
29.063509,1991,1722,100,78,70,21,2087,1738,70,82,80,70,40,7
29.072693,1985,1724,97,80,68,16,2087,1740,72,77,76,76,38,8
29.081554,1986,1724,97,81,66,18,2081,1729,73,81,66,76,42,14
29.090000,1996,1724,96,81,69,26,2084,1729,79,76,76,63,45,16
29.098518,1995,1723,95,83,68,26,2074,1730,79,79,76,61,39,10
29.107882,1993,1724,93,83,69,24,2071,1736,87,69,67,63,41,8
29.116976,1982,1725,92,85,68,12,2069,1738,61,77,73,66,42,12
29.125870,1998,1725,93,86,66,28,2074,1726,84,69,77,74,38,6
29.134642,1984,1728,89,87,65,15,2075,1726,77,76,72,67,48,9
29.142740,1985,1728,91,88,62,16,2078,1740,75,83,69,72,30,9
29.151981,1996,1726,89,91,64,26,2085,1735,78,78,81,64,41,8
29.160683,1997,1729,87,91,64,26,2091,1729,74,77,90,75,32,14
29.169430,1995,1730,85,88,68,24,2095,1735,78,80,74,74,41,13
29.177507,1992,1730,84,87,70,21,2082,1736,69,84,59,81,42,11
29.185854,1988,1729,83,88,72,16,2082,1741,64,89,79,66,35,8
29.194536,1998,1728,84,87,73,26,2081,1742,70,85,75,70,32,7
29.202787,1997,1726,85,85,77,24,2092,1740,76,83,69,72,41,11
29.210957,1993,1725,84,87,78,19,2095,1753,68,79,79,75,36,5
29.219442,1993,1724,89,85,77,18,2098,1739,76,73,74,89,38,9
29.227329,1995,1723,89,86,74,23,2093,1737,68,81,69,79,46,13
29.235872,1990,1723,90,84,75,18,2088,1737,69,82,77,82,36,5
29.244486,1994,1722,91,84,76,21,2087,1733,74,87,74,72,36,11
29.252848,1991,1721,93,82,76,19,2092,1740,77,73,78,82,29,13
29.261873,1986,1720,92,84,77,13,2090,1745,74,81,77,59,41,13
29.270334,1993,1720,91,85,76,21,2091,1741,78,72,82,75,36,7
29.279091,1989,1722,89,86,75,17,2090,1727,85,71,85,80,36,6
29.287895,1992,1721,89,84,77,21,2097,1745,62,83,92,68,35,12
29.296007,1994,1720,89,84,78,23,2094,1727,79,88,73,78,44,5
29.304007,1994,1717,91,84,78,24,2096,1733,76,95,78,68,37,9
29.312555,1990,1716,92,82,80,20,2099,1729,85,78,81,81,29,16
29.320749,1989,1716,92,84,77,20,2103,1739,75,85,90,60,45,9
29.328566,1997,1714,92,85,78,28,2101,1728,93,73,72,85,45,5
29.336542,1991,1715,92,85,78,21,2098,1719,89,90,73,80,38,9
29.344477,1988,1717,90,90,74,17,2098,1741,78,72,93,69,39,6
29.352821,1996,1717,89,87,77,26,2094,1730,81,74,80,76,48,5
29.361448,1997,1715,92,86,79,25,2097,1735,83,70,80,74,40,15
29.369045,1996,1715,92,88,78,23,2099,1731,71,79,78,91,42,7
29.377525,1995,1714,90,90,78,23,2102,1731,91,65,80,71,49,15
29.385599,1986,1715,88,91,80,12,2101,1731,95,51,100,69,40,15
29.393215,1996,1715,90,90,79,22,2096,1728,91,82,74,78,37,6
29.401497,1994,1715,91,89,78,21,2094,1732,81,79,83,75,34,10
29.409220,1996,1716,90,91,76,23,2096,1725,87,75,84,63,52,10
29.417486,1992,1717,90,91,75,19,2089,1722,84,77,102,68,31,5
29.425577,1991,1715,92,92,73,19,2090,1730,84,77,86,66,34,13
29.433655,1989,1716,93,93,70,17,2088,1735,71,70,86,67,46,13
29.441948,1999,1716,94,91,71,27,2095,1729,84,68,91,61,50,12
29.449968,1998,1716,94,94,69,25,2100,1748,71,70,90,72,42,7
29.457830,1995,1717,95,95,64,24,2102,1732,84,77,75,78,47,9
29.465519,2000,1717,95,96,63,29,2104,1721,99,71,90,73,42,8
29.473057,1997,1719,95,95,63,25,2102,1727,79,80,91,75,39,11
29.481298,1990,1719,94,93,66,18,2099,1731,88,80,85,61,49,5
29.489498,1989,1721,93,94,64,17,2094,1729,93,77,78,74,38,5
29.497894,1993,1722,93,94,62,22,2100,1733,72,93,78,71,42,11
29.505989,1987,1723,92,95,61,16,2102,1718,90,82,84,75,44,9
29.513948,1990,1727,88,97,60,18,2097,1720,97,76,80,84,34,6
29.522415,1994,1727,88,97,62,20,2099,1726,82,83,84,79,36,9
29.530661,1994,1727,87,97,63,20,2098,1742,67,76,96,72,31,14
29.538536,1993,1727,87,98,63,18,2101,1729,84,75,84,72,48,9
29.547106,1997,1726,88,97,66,20,2095,1730,83,74,85,59,49,15
29.555727,1990,1728,90,95,64,13,2085,1734,75,84,74,64,47,7
29.564045,1997,1728,93,92,63,21,2086,1724,93,60,86,75,42,6
29.572680,2008,1728,93,92,64,31,2087,1730,74,84,75,63,50,11
29.580957,2000,1729,92,91,65,23,2101,1733,81,72,76,90,40,9
29.589603,2000,1730,92,89,66,23,2103,1739,74,84,82,71,45,8
29.597620,1994,1728,92,90,67,17,2107,1735,77,69,88,80,53,5
29.605715,1997,1725,93,93,67,19,2109,1734,70,88,88,85,36,8
29.613512,2004,1723,93,93,69,26,2112,1745,77,73,105,65,40,7
29.621012,2005,1722,94,92,70,27,2109,1740,78,72,90,82,34,13
29.629255,2007,1721,97,88,70,31,2110,1735,76,79,91,71,46,12
29.637329,2000,1721,97,88,70,24,2103,1736,84,74,93,67,41,8
29.645649,1996,1721,98,87,68,22,2103,1748,75,78,82,75,39,6
29.653416,1997,1720,99,89,67,22,2102,1731,89,64,90,72,43,13
29.661510,1990,1720,99,90,65,16,2100,1744,73,82,90,58,38,15
29.670210,1998,1720,98,91,67,22,2096,1738,74,82,82,67,42,11
29.678244,2001,1720,97,90,68,26,2093,1736,76,88,79,71,37,6
29.686285,1995,1719,99,87,69,21,2095,1731,91,70,85,72,35,11
29.694338,1995,1720,96,89,68,22,2087,1734,82,82,78,68,32,11
29.702278,1991,1720,95,90,69,17,2087,1727,83,77,94,53,42,11
29.711342,1991,1718,98,86,70,19,2074,1719,83,85,74,66,36,11
29.720793,1990,1717,98,86,70,19,2074,1723,87,65,86,69,32,12
29.729723,1998,1717,99,86,69,27,2073,1736,66,84,74,71,36,6
29.738710,1994,1717,98,87,69,23,2067,1724,82,83,79,59,32,8
29.747126,1993,1715,99,85,71,23,2070,1736,62,86,93,55,33,5
29.755905,1992,1715,99,86,70,22,2069,1722,84,63,88,68,34,10
29.765251,1991,1716,95,89,69,22,2074,1727,76,66,76,80,40,9
29.773888,1990,1716,94,88,70,22,2076,1733,81,79,66,74,31,12
29.782801,1988,1715,98,83,71,21,2073,1722,87,80,68,68,39,9
29.791628,1989,1715,97,82,72,23,2078,1720,83,86,75,57,44,13
29.800240,1986,1717,94,83,71,21,2073,1732,77,81,83,61,31,8
29.809319,1985,1716,96,83,70,20,2078,1731,75,76,83,72,33,8
29.818115,1989,1715,95,86,73,20,2073,1720,73,69,88,73,38,12
29.826944,1991,1714,95,88,71,23,2088,1719,81,71,85,76,48,8
29.835266,1982,1714,96,88,71,13,2097,1721,101,62,84,77,38,14
29.843334,1994,1713,96,91,69,25,2093,1734,71,81,87,63,42,15
29.851435,1987,1710,97,92,70,18,2091,1715,90,81,88,76,30,11
29.860241,1995,1712,96,90,72,25,2084,1729,80,86,74,74,34,7
29.868580,1990,1714,96,88,73,19,2100,1728,79,86,81,76,38,12
29.876789,1992,1713,98,86,73,22,2097,1726,77,77,92,71,48,6
29.885040,1996,1714,98,85,73,26,2105,1739,72,83,85,57,54,15
29.893511,1999,1713,99,82,76,29,2098,1737,73,77,76,79,44,12
29.901745,1981,1712,100,84,75,10,2093,1733,85,76,85,65,43,6
29.909582,1989,1711,102,82,76,18,2094,1735,74,77,76,83,33,16
29.918100,1991,1709,106,81,74,21,2091,1730,77,70,78,79,47,10
29.926311,1994,1712,103,82,73,24,2094,1740,65,74,85,89,31,10
29.934841,1986,1712,104,82,71,17,2094,1724,84,64,90,87,37,8
29.942781,1996,1712,105,84,69,26,2098,1721,82,89,82,64,54,6
29.950691,1992,1713,104,84,67,24,2096,1713,93,79,78,71,49,13
29.959137,1987,1712,105,83,68,19,2093,1728,84,76,84,67,39,15
29.967478,1995,1714,106,81,68,26,2097,1732,79,78,87,69,41,11
29.975414,1989,1713,106,83,67,20,2097,1737,73,89,71,69,48,10
29.983368,1997,1713,106,85,65,28,2095,1727,78,86,79,76,38,11
29.991461,1987,1713,106,83,68,17,2091,1726,77,94,75,65,46,8
30.000124,1993,1713,106,82,69,23,2092,1734,75,82,79,67,41,14
30.008295,1993,1713,107,81,70,22,2084,1725,76,77,88,80,33,5
30.016367,1992,1713,107,81,70,21,2082,1725,81,68,71,80,43,14
30.024712,1988,1713,108,81,67,19,2081,1727,73,72,80,71,48,10
30.033627,1993,1713,109,81,67,23,2087,1738,73,78,74,70,38,16
30.041731,1998,1713,109,81,65,30,2095,1735,72,83,83,60,52,10
30.050039,1989,1714,109,83,61,22,2091,1729,85,72,93,66,38,8
30.058022,1991,1716,108,82,60,25,2087,1716,93,82,84,64,38,10
30.066355,1985,1715,109,81,63,17,2087,1729,71,82,85,67,41,12
30.075140,1987,1716,107,82,62,20,2078,1728,84,78,81,70,30,7
30.083857,1987,1716,107,84,61,19,2077,1731,71,80,77,67,48,3
30.092764,1985,1717,108,82,62,16,2074,1726,81,77,52,74,51,13
30.102009,1988,1718,105,85,61,19,2070,1738,64,71,86,67,39,5
30.111149,1985,1715,106,86,61,17,2075,1740,75,74,84,55,39,8
30.120182,1989,1715,104,87,62,21,2072,1730,76,69,83,74,36,4
30.128855,1981,1714,102,90,61,14,2067,1722,71,84,82,57,38,13
30.137327,1992,1715,100,92,61,24,2072,1728,81,78,72,66,33,14
30.146828,1988,1714,101,92,61,20,2060,1731,85,66,71,67,34,6
30.155554,1983,1714,101,93,60,15,2068,1731,82,80,79,54,32,10
30.164913,1996,1715,101,92,59,29,2070,1734,73,72,85,58,40,8
30.174492,1988,1714,103,92,58,21,2072,1733,81,77,69,67,37,8
30.183716,1988,1716,101,93,57,21,2070,1733,78,73,82,68,28,8
30.192467,1982,1715,102,92,58,15,2076,1729,73,75,80,76,39,4
30.201323,1988,1717,99,92,60,20,2085,1727,81,83,78,65,40,11
30.210833,1988,1717,99,92,61,19,2074,1734,77,74,87,64,32,6
30.219580,1991,1718,99,91,61,22,2080,1729,78,81,75,75,35,7
30.228474,1988,1719,98,92,60,19,2084,1730,77,88,70,64,40,15
30.237104,1992,1719,102,88,61,22,2079,1734,75,64,80,84,33,9
30.246277,1990,1719,104,85,65,17,2072,1733,71,80,75,65,45,3
30.255272,1989,1718,102,88,65,16,2083,1725,87,73,85,71,31,11
30.264122,1989,1717,101,85,70,16,2075,1741,67,82,81,55,41,8
30.271891,1995,1718,101,82,73,21,2083,1737,66,82,84,64,43,7
30.280235,1996,1717,100,86,71,22,2093,1733,78,89,75,67,43,8
30.288307,1999,1718,98,87,71,25,2098,1737,82,68,90,70,41,10
30.296181,2001,1718,98,86,73,26,2091,1746,78,79,73,68,31,16
30.304441,2003,1720,96,88,71,28,2079,1733,93,65,67,79,37,5
30.312592,1995,1720,97,87,69,22,2086,1728,90,66,82,66,42,12
30.320570,1991,1720,94,91,68,18,2088,1721,83,71,84,84,36,9
30.328922,1989,1721,95,89,69,15,2092,1728,78,72,87,77,34,16
30.337812,1990,1720,98,87,67,18,2088,1737,82,79,74,72,33,11
30.346426,1989,1720,99,87,66,17,2089,1740,78,69,83,63,44,12
30.354803,1997,1721,100,85,63,28,2077,1728,90,78,79,73,22,7
30.363703,1990,1722,99,85,64,20,2082,1725,81,81,82,68,35,10
30.372175,1994,1721,99,84,65,25,2092,1734,82,77,88,67,28,16
30.380596,1992,1725,97,84,63,23,2093,1729,77,93,71,71,44,8
30.388632,1992,1724,98,82,65,23,2097,1726,76,83,88,72,36,16
30.397144,1994,1724,100,80,63,27,2100,1738,73,77,86,69,42,15
30.405491,1981,1725,98,80,64,14,2098,1734,71,79,77,78,49,10
30.413792,1987,1724,98,80,64,21,2096,1725,80,83,84,67,44,13
30.421459,1990,1724,99,77,65,25,2087,1730,82,66,87,70,44,8
30.429884,1989,1722,101,76,67,23,2093,1721,81,96,75,70,40,10
30.438074,1992,1721,100,78,68,25,2098,1727,80,78,80,80,41,12
30.446636,1995,1720,101,75,73,26,2093,1733,84,87,72,69,39,9
30.454805,1998,1719,102,73,75,29,2107,1738,83,75,80,72,44,15
30.462650,1994,1719,102,72,76,25,2116,1747,78,76,79,81,37,18
30.470278,1991,1719,102,72,76,22,2119,1732,89,69,81,81,53,14
30.478218,1988,1719,103,72,74,20,2113,1740,81,71,94,77,39,11
30.486174,2000,1718,103,72,74,33,2116,1738,83,74,102,67,41,11
30.493589,1985,1719,105,73,73,15,2118,1731,94,76,85,79,42,11
30.501265,1989,1719,106,73,71,20,2122,1729,93,68,94,82,43,13
30.508745,1999,1719,106,77,67,30,2110,1736,81,70,102,71,38,12
30.516933,1999,1719,105,77,70,28,2118,1742,87,67,90,83,33,16
30.524815,2002,1721,106,73,71,31,2120,1730,89,72,90,83,50,6
30.532217,1995,1721,106,73,72,23,2120,1737,85,85,74,87,46,6
30.539740,2008,1720,106,74,71,37,2122,1735,72,81,79,87,49,19
30.547352,1994,1721,106,73,70,24,2120,1736,85,73,98,77,38,13
30.555017,1994,1722,104,72,71,25,2136,1738,78,84,99,76,52,9
30.562683,1990,1722,103,75,69,21,2143,1740,87,77,90,82,57,10
30.570272,1994,1721,103,74,70,26,2140,1732,81,81,103,98,39,6
30.577620,1988,1721,102,74,71,20,2138,1744,82,68,97,78,60,9
30.584894,1985,1722,103,74,69,17,2142,1731,80,86,94,86,52,13
30.592335,1988,1722,103,76,68,19,2146,1740,75,92,99,86,45,9
30.599586,1991,1722,103,74,71,21,2151,1735,82,95,76,94,56,13
30.606857,1991,1720,104,77,69,21,2145,1741,93,70,97,86,46,12
30.613976,1991,1721,106,74,70,20,2143,1736,101,73,94,73,52,14
30.621212,1990,1723,102,80,66,19,2144,1736,81,77,101,98,41,10
30.628593,1994,1723,102,80,65,24,2134,1739,80,85,97,82,44,7
30.636122,1994,1721,104,79,66,24,2140,1739,76,71,111,84,49,10
30.643694,1990,1724,103,75,70,18,2132,1739,90,74,90,89,42,8
30.651047,1990,1725,104,74,68,19,2126,1729,87,77,92,86,44,11
30.658823,1992,1722,106,75,69,20,2129,1737,72,80,98,92,43,7
30.666119,1992,1720,108,75,69,20,2124,1739,74,83,70,98,48,12
30.674423,1991,1719,108,75,70,19,2122,1742,74,79,83,89,47,8
30.682377,1997,1718,109,76,70,24,2111,1738,76,79,82,82,43,11
30.690228,1995,1720,105,77,71,22,2111,1733,78,90,77,77,42,14
30.698627,1994,1720,105,78,71,20,2106,1752,80,69,87,71,35,12
30.706432,1994,1721,105,81,67,20,2108,1736,85,86,101,59,30,11
30.714722,2001,1721,106,80,67,27,2105,1743,83,72,94,62,41,10
30.722712,1996,1722,108,80,64,22,2103,1744,70,79,87,79,34,10
30.730473,1994,1720,109,82,65,18,2104,1731,89,80,80,75,36,13
30.738676,1991,1721,107,83,63,17,2098,1740,68,86,81,76,42,5
30.746742,1995,1721,107,83,63,21,2104,1723,90,79,83,79,40,10
30.754568,1993,1720,103,89,62,19,2099,1726,76,83,83,80,37,14
30.762487,1996,1719,106,87,62,22,2099,1735,74,79,83,82,33,13
30.770542,2000,1720,103,90,60,27,2100,1732,76,84,84,70,42,12
30.778627,1987,1718,102,91,62,14,2097,1722,89,80,96,56,46,8
30.786999,2000,1720,102,90,62,26,2103,1733,82,74,95,70,40,9
30.795158,1990,1718,103,89,65,15,2099,1728,79,70,83,91,39,9
30.803305,2006,1718,102,90,64,32,2087,1737,64,87,68,76,45,10
30.811678,1994,1717,104,89,64,20,2089,1723,76,70,90,76,41,13
30.819265,1996,1717,103,91,63,22,2094,1719,75,79,70,85,48,18
30.827719,1993,1716,103,90,66,18,2092,1725,82,69,80,79,45,12
30.835573,2005,1716,104,88,71,26,2082,1721,78,70,80,72,51,10
30.844471,1996,1716,100,95,67,18,2076,1729,81,75,71,77,37,6
30.853405,2001,1717,101,94,67,22,2082,1733,81,63,79,75,39,12
30.862400,1995,1718,100,95,64,18,2081,1734,80,66,83,71,39,8
30.870880,2000,1718,102,91,65,24,2077,1742,68,68,77,69,39,14
30.879845,2000,1719,102,90,65,24,2076,1740,75,70,77,71,33,10
30.888990,1998,1719,101,92,63,23,2076,1724,86,73,87,69,30,7
30.897612,1993,1720,98,96,61,18,2075,1722,87,66,75,71,47,7
30.906813,1994,1717,101,95,62,19,2080,1726,87,78,79,63,35,12
30.915350,2006,1716,103,93,64,30,2078,1735,77,72,84,60,43,7
30.923769,1989,1716,104,92,63,14,2080,1727,82,79,76,70,38,8
30.932560,1998,1716,102,92,65,23,2076,1726,84,69,76,73,36,12
30.940603,1992,1719,101,89,64,19,2090,1727,77,84,70,72,44,16
30.949312,2002,1718,101,88,66,29,2084,1725,95,71,83,64,34,12
30.957493,1994,1722,98,89,66,19,2091,1728,80,96,71,65,36,15
30.966291,1998,1722,102,85,66,23,2094,1733,76,86,74,73,39,13
30.975214,2003,1723,102,85,64,29,2095,1737,73,75,87,67,51,5
30.983446,1988,1724,102,84,64,14,2096,1729,88,79,79,75,37,9
30.992020,2000,1725,101,85,64,25,2098,1723,100,78,87,70,35,5
31.000290,1997,1726,102,84,63,22,2108,1741,74,84,82,76,38,13
31.008245,1998,1727,101,84,64,22,2109,1740,70,81,90,79,37,12
31.016165,1994,1728,100,82,66,18,2100,1749,71,70,93,66,40,11
31.024326,1998,1729,101,80,67,21,2100,1722,90,82,86,63,46,11
31.032564,1997,1728,102,80,67,20,2103,1727,94,80,83,79,30,10
31.040531,2005,1729,99,82,66,29,2104,1723,93,85,83,84,28,8
31.048706,1998,1730,99,83,66,20,2105,1738,93,72,80,76,39,7
31.057232,1997,1730,100,80,68,19,2104,1732,84,74,84,70,44,16
31.065794,2001,1731,101,80,66,23,2104,1727,85,68,92,78,33,21
31.073544,1998,1731,101,79,67,20,2114,1742,86,74,83,76,39,14
31.081598,2006,1732,100,78,68,28,2094,1731,88,73,83,78,36,5
31.090128,2002,1731,101,77,68,25,2096,1716,90,83,82,81,38,6
31.098919,1998,1729,103,78,67,21,2105,1720,99,77,91,71,33,14
31.106865,1994,1728,102,79,67,18,2105,1732,73,79,80,90,40,11
31.115036,1996,1728,102,80,65,21,2099,1736,89,76,91,64,38,5
31.123026,1994,1729,100,82,64,19,2107,1746,84,65,88,78,36,10
31.131227,1991,1727,101,83,63,17,2098,1739,96,71,83,65,38,6
31.139418,1992,1726,104,77,64,21,2101,1734,84,68,86,74,47,8
31.147499,1996,1725,107,76,65,23,2099,1737,94,60,96,71,27,14
31.155647,1989,1723,107,77,66,16,2092,1736,84,82,72,80,31,7
31.163528,1989,1721,108,79,64,17,2092,1734,95,73,68,73,44,5
31.171848,1994,1720,108,83,59,24,2104,1728,87,88,77,70,45,9
31.179811,1999,1720,108,86,57,28,2101,1715,95,72,92,77,38,12
31.188076,1990,1721,108,87,55,19,2103,1732,89,78,86,63,40,15
31.196085,1990,1719,110,87,52,22,2101,1732,82,87,85,66,40,9
31.204199,1982,1720,108,89,51,14,2109,1717,87,81,92,75,47,10
31.211588,2000,1720,107,91,49,33,2107,1731,79,81,90,80,38,8
31.219503,1985,1722,106,91,48,18,2111,1725,86,94,94,68,37,7
31.227819,1989,1721,106,93,49,20,2106,1718,96,82,97,73,33,7
31.235392,1990,1720,107,93,49,21,2114,1734,81,91,81,76,40,11
31.242947,1990,1720,106,93,50,21,2118,1723,93,81,80,77,48,16
31.250851,1989,1719,106,92,52,20,2115,1730,77,84,95,77,37,15
31.258404,1990,1720,104,92,53,21,2110,1724,84,92,86,61,50,13
31.265850,1992,1719,102,94,54,23,2110,1723,84,85,84,73,49,12
31.273762,1985,1719,100,95,55,16,2109,1728,87,81,86,72,48,7
31.281700,1988,1718,99,95,57,19,2112,1726,78,84,98,86,33,7
31.289598,1994,1718,101,93,57,25,2103,1723,79,73,95,72,51,10
31.297165,1983,1717,97,99,56,14,2108,1717,89,82,91,72,47,10
31.304472,1997,1716,100,98,55,28,2115,1723,83,78,97,71,51,12
31.311995,1994,1716,100,99,54,25,2114,1728,84,88,87,72,42,13
31.319483,1998,1716,102,99,53,28,2115,1733,81,78,96,67,46,14
31.326771,1993,1716,102,99,53,23,2111,1721,93,74,85,86,44,8
31.334112,1998,1716,101,96,57,28,2114,1729,87,82,79,80,38,19
31.342278,1994,1716,100,97,57,24,2116,1724,88,78,109,67,35,15
31.349655,1996,1716,97,98,59,26,2106,1733,86,73,100,60,43,11
31.357147,1996,1716,98,97,59,26,2112,1720,97,74,91,76,42,12
31.364962,1989,1716,98,96,59,20,2108,1705,95,76,88,76,59,9
31.372562,1993,1716,94,100,58,25,2112,1710,90,64,103,78,47,20
31.379881,2001,1715,97,100,58,31,2103,1728,89,78,79,81,34,14
31.387838,1995,1714,98,100,60,23,2093,1720,84,94,78,56,49,12
31.395624,1989,1712,102,96,61,18,2093,1723,85,84,81,68,39,13
31.403839,1991,1712,102,96,61,20,2097,1712,81,79,88,86,41,10
31.411850,1995,1713,104,93,61,24,2104,1728,76,77,89,84,42,8
31.419355,1994,1712,105,95,60,22,2110,1728,80,81,79,86,45,11
31.427187,1995,1710,106,95,61,23,2108,1724,75,89,81,89,38,12
31.434971,1987,1710,107,94,62,14,2102,1728,82,82,88,68,43,11
31.443073,1990,1710,111,90,63,16,2094,1732,69,81,85,85,33,9
31.451307,1994,1712,112,88,62,20,2090,1730,77,74,81,65,54,9
31.459461,1999,1711,110,87,65,26,2097,1733,60,83,93,75,41,12
31.467484,1995,1712,108,89,66,20,2104,1723,88,87,76,69,49,12
31.475983,1995,1712,106,90,67,20,2101,1741,80,92,72,70,40,6
31.484051,2002,1713,105,92,66,26,2107,1726,79,87,79,77,45,14
31.491760,1990,1713,106,92,65,14,2108,1716,101,74,89,72,43,13
31.500114,2004,1713,104,95,65,27,2119,1731,83,83,97,71,41,13
31.507835,2005,1716,102,96,63,28,2114,1732,85,74,89,71,56,7
31.515995,1997,1716,99,98,64,20,2115,1734,80,99,82,66,42,12
31.523781,2003,1717,99,97,65,25,2125,1725,93,88,86,83,41,9
31.531443,2001,1713,103,93,67,25,2123,1728,95,76,83,72,50,19
31.538919,2006,1713,103,93,66,31,2121,1726,85,81,94,79,46,10
31.546209,2000,1714,103,89,69,25,2117,1713,97,88,94,77,41,7
31.554104,1995,1714,102,90,69,20,2113,1733,80,81,75,85,46,13
31.562359,1991,1713,104,92,67,15,2115,1723,94,81,87,67,45,18
31.569685,1999,1715,101,94,66,23,2111,1723,85,73,108,70,48,4
31.577562,2004,1716,100,96,64,28,2116,1726,90,75,87,87,44,7
31.584871,2004,1715,101,96,64,28,2128,1718,87,83,110,76,44,10
31.592083,2000,1714,102,95,65,24,2131,1719,102,83,87,80,49,11
31.599926,1998,1713,103,93,69,20,2134,1735,77,86,92,75,55,14
31.607107,2004,1714,101,94,70,25,2131,1728,74,84,106,81,45,13
31.614319,1998,1714,101,94,70,19,2126,1719,89,74,98,88,47,11
31.622219,2006,1715,99,97,68,27,2130,1732,81,83,75,86,53,20
31.629658,2003,1716,98,96,69,24,2130,1735,88,101,83,60,46,17
31.637632,2004,1716,95,96,73,24,2135,1728,104,83,82,81,46,11
31.645290,2001,1716,95,97,72,21,2133,1736,92,84,88,85,40,8
31.652422,2011,1718,95,96,71,31,2139,1737,86,86,87,75,51,17
31.659321,2009,1718,95,96,70,30,2136,1736,74,95,97,78,42,14
31.666637,2000,1717,95,93,74,21,2129,1737,74,100,86,80,39,13
31.674253,2000,1716,93,94,75,22,2125,1738,79,77,91,75,52,13
31.682049,2002,1715,94,93,76,24,2130,1724,84,98,94,70,43,17
31.689358,2000,1716,91,91,79,23,2121,1727,95,83,90,77,39,10
31.696680,2011,1715,92,91,78,35,2119,1729,85,84,87,78,46,10
31.704195,2000,1714,90,94,77,25,2125,1728,87,90,88,82,42,8
31.711176,1993,1715,90,97,70,21,2128,1701,95,89,102,75,57,9
31.718481,1998,1715,92,99,67,25,2132,1717,87,91,94,80,52,11
31.725330,2017,1714,93,98,68,44,2130,1722,94,72,105,82,48,7
31.732531,1994,1712,94,99,68,21,2128,1713,103,89,85,87,43,8
31.739883,2001,1711,96,98,69,27,2125,1726,82,91,85,78,48,15
31.747368,1999,1712,97,97,67,26,2117,1726,85,91,81,86,43,5
31.754505,1996,1710,98,95,70,23,2118,1718,97,76,79,84,50,14
31.762306,1996,1710,95,97,70,24,2113,1705,87,73,100,102,38,8
31.770094,1990,1710,93,98,71,18,2118,1718,78,79,95,103,32,13
31.777514,1995,1709,92,99,72,23,2121,1718,87,86,88,84,47,11
31.784496,1993,1709,93,99,71,21,2122,1708,90,92,94,88,39,11
31.791752,1992,1709,94,96,73,20,2123,1728,80,86,97,75,48,9
31.799063,2004,1710,95,96,71,32,2132,1721,90,88,96,77,48,12
31.806078,2001,1711,95,94,71,30,2139,1731,90,83,84,93,45,13
31.813528,1997,1712,96,94,69,26,2138,1732,81,89,95,95,35,11
31.821306,1994,1713,95,96,66,24,2145,1726,82,94,99,87,49,8
31.828598,2000,1713,94,96,67,30,2150,1716,76,106,98,96,50,8
31.835527,1986,1716,93,93,68,16,2156,1709,93,97,108,98,44,7
31.842278,2001,1715,95,90,70,31,2160,1719,106,76,99,85,60,15
31.848843,1998,1715,95,91,67,30,2157,1704,96,103,107,76,59,12
31.855589,1995,1714,95,92,67,27,2150,1719,85,87,115,79,54,11
31.862600,1996,1714,94,90,67,31,2146,1715,86,96,106,81,44,18
31.869631,1990,1713,93,89,70,25,2136,1713,82,86,114,87,47,7
31.876598,1984,1713,93,90,69,19,2141,1718,81,104,106,87,36,9
31.883602,1989,1711,95,89,69,25,2144,1716,90,90,103,85,45,15
31.890383,1991,1710,96,88,69,28,2139,1709,100,82,97,79,60,12
31.897436,1996,1709,96,89,70,32,2140,1726,76,98,84,85,57,14
31.904131,1991,1709,93,92,70,27,2131,1708,91,101,91,89,45,6
31.911396,1987,1709,93,92,70,23,2130,1705,97,86,94,79,60,9
31.918652,1982,1708,95,93,68,18,2118,1701,105,71,91,92,46,12
31.926289,1995,1708,96,93,67,31,2108,1697,95,81,89,88,45,13
31.933773,1985,1708,98,93,65,21,2107,1710,93,84,98,66,47,9
31.941635,1993,1707,98,94,65,29,2094,1716,79,86,84,74,43,12
31.949793,1985,1707,97,95,64,22,2094,1712,82,85,85,86,32,12
31.957657,1990,1707,98,95,63,27,2099,1705,92,91,87,72,39,13
31.965685,1990,1707,100,93,63,27,2087,1707,91,80,101,69,33,6
31.973249,1989,1708,102,91,63,25,2091,1703,98,76,89,82,37,6
31.980967,1996,1707,102,89,66,32,2086,1705,84,93,78,78,41,7
31.988708,1990,1704,103,89,69,25,2086,1714,76,75,91,82,34,14
31.996422,1986,1701,106,88,69,22,2083,1700,97,88,76,62,47,13
32.003975,1987,1701,106,88,69,23,2091,1705,94,76,94,78,35,9
32.011452,1985,1700,107,88,67,23,2096,1700,90,91,92,70,45,8
32.019039,1993,1700,107,88,67,31,2095,1715,92,81,75,76,43,13
32.026737,1992,1702,106,86,68,30,2089,1698,91,83,106,55,49,7
32.034550,1986,1701,106,87,68,24,2093,1707,93,90,82,76,38,7
32.042595,1991,1701,105,86,69,30,2095,1705,91,84,87,80,38,10
32.050346,1983,1700,104,86,72,21,2095,1716,82,74,100,65,51,7
32.057861,1984,1700,108,84,68,24,2102,1704,82,79,94,78,50,15
32.065151,1983,1700,109,81,69,24,2099,1705,90,94,78,70,48,14
32.072472,1983,1700,109,78,74,22,2094,1698,83,98,79,90,38,8
32.080139,1989,1701,107,79,74,28,2085,1705,83,97,85,80,29,6
32.087635,1992,1704,106,79,73,30,2093,1705,85,93,80,74,45,11
32.095394,1985,1704,107,78,73,23,2095,1702,92,89,90,65,41,16
32.103313,1989,1703,106,81,71,28,2097,1706,90,89,88,66,44,14
32.110935,1996,1703,105,82,71,35,2100,1707,86,86,77,92,43,9
32.118690,1978,1701,107,82,71,17,2099,1704,89,91,95,66,49,5
32.126122,1985,1701,109,81,67,27,2102,1695,91,90,87,93,40,6
32.133549,1991,1701,108,82,67,33,2108,1698,95,70,98,88,44,15
32.140877,1985,1700,107,83,66,29,2108,1710,89,82,104,70,36,17
32.147751,1976,1699,107,85,65,20,2105,1709,85,95,87,82,34,13
32.155098,1975,1699,107,85,65,19,2109,1699,99,88,93,78,45,7
32.162724,1975,1699,104,87,66,19,2115,1694,90,89,94,88,43,17
32.169910,1982,1699,103,89,65,26,2107,1710,73,87,93,84,51,9
32.177223,1982,1699,100,90,67,26,2101,1709,77,85,107,73,44,6
32.184265,1980,1697,102,88,69,24,2105,1691,98,95,93,81,39,8
32.191689,1982,1696,101,85,73,27,2104,1699,92,94,85,72,52,10
32.198738,1979,1696,102,85,73,23,2108,1690,95,90,83,78,54,18
32.205795,1978,1695,104,86,70,23,2100,1709,80,95,102,58,45,11
32.213406,1974,1695,105,85,71,18,2096,1706,74,94,83,92,38,9
32.220886,1984,1695,105,84,71,29,2099,1697,85,82,100,78,43,14
32.227875,1978,1695,105,86,69,23,2097,1690,86,91,93,80,47,10
32.235382,1983,1695,106,83,73,26,2093,1702,90,92,79,82,35,13
32.243172,1979,1693,107,84,74,21,2090,1699,88,84,80,91,36,12
32.250912,1989,1693,107,86,73,30,2093,1693,91,82,89,78,48,12
32.259045,1976,1693,106,88,72,17,2092,1702,92,71,79,87,48,13
32.266888,1970,1696,106,88,69,11,2097,1707,89,92,87,71,41,10
32.274799,1992,1696,106,89,70,31,2098,1718,78,86,86,78,42,10
32.282516,1997,1697,102,92,70,36,2096,1714,84,90,84,74,43,7
32.290184,1989,1696,102,92,72,27,2096,1699,92,91,82,67,53,12
32.297424,1985,1697,102,95,68,23,2099,1707,78,85,93,74,50,12
32.305466,1986,1698,101,95,68,24,2097,1703,82,92,94,72,41,13
32.313042,1985,1698,101,98,66,22,2103,1714,84,59,93,96,48,9
32.320286,1992,1699,98,100,65,30,2092,1716,84,83,82,74,46,7
32.327950,1981,1700,96,101,65,19,2097,1710,90,76,98,73,44,6
32.335949,1986,1701,96,100,66,23,2100,1720,84,88,74,79,47,8
32.343140,1994,1701,98,100,64,31,2103,1707,98,82,76,80,50,10
32.350529,1986,1698,101,102,62,23,2096,1707,81,97,94,66,42,9
32.358570,2000,1697,102,101,62,38,2094,1718,90,78,78,82,37,11
32.366451,1992,1697,102,101,62,30,2099,1710,88,91,98,64,42,6
32.373764,1988,1698,100,102,62,26,2101,1700,96,77,98,81,41,8
32.381256,1986,1694,104,98,66,24,2107,1715,90,93,79,78,44,8
32.388767,1982,1692,106,96,68,20,2104,1699,90,76,91,90,49,9
32.396118,1984,1693,108,94,67,22,2108,1704,102,69,98,68,58,9
32.403717,1990,1691,110,93,68,28,2108,1712,92,72,90,91,38,13
32.411476,1982,1691,111,93,67,20,2106,1696,86,90,92,85,47,10
32.418571,1985,1692,111,92,66,24,2106,1691,86,93,104,78,47,7
32.426117,1982,1691,110,95,65,21,2114,1703,90,76,98,93,42,12
32.433250,1980,1691,106,98,66,19,2121,1695,92,91,99,82,48,14
32.440273,1987,1690,107,93,70,27,2131,1708,85,87,90,95,52,14
32.447277,1982,1689,107,94,70,22,2129,1703,102,81,92,95,47,9
32.454643,1984,1689,107,93,71,24,2125,1711,89,77,107,86,41,14
32.461464,1997,1688,107,94,71,37,2125,1715,85,90,87,93,43,12
32.468529,1979,1688,108,94,70,19,2130,1699,94,90,88,90,56,13
32.475498,1980,1688,108,93,71,20,2140,1709,73,106,99,95,45,13
32.482075,1984,1688,109,90,73,24,2139,1703,98,83,106,94,43,12
32.488865,1983,1689,110,89,72,23,2136,1705,93,88,115,76,48,11
32.495323,1989,1688,108,93,71,29,2131,1695,93,89,106,79,52,17
32.501865,1992,1689,107,94,70,32,2136,1696,88,100,100,94,46,12
32.508419,1981,1689,108,93,71,20,2142,1716,80,99,100,88,45,14
32.515415,1990,1690,107,92,72,29,2144,1719,86,93,93,89,50,14
32.522369,1988,1689,105,94,74,26,2138,1718,89,82,101,74,61,13
32.529293,1998,1690,105,94,73,36,2126,1708,96,86,102,84,38,12
32.536186,1986,1689,104,95,72,26,2129,1713,95,87,89,89,46,10
32.542923,1986,1692,101,96,71,26,2136,1704,84,102,104,80,49,13
32.549950,1984,1693,100,95,72,24,2128,1704,94,85,95,85,49,16
32.557243,1981,1692,102,94,72,21,2124,1698,97,82,108,85,41,13
32.564243,1992,1693,100,95,72,32,2128,1697,87,82,102,88,54,18
32.571083,1992,1693,100,94,73,32,2127,1710,106,86,89,81,44,11
32.578014,1996,1692,102,91,75,36,2126,1709,98,85,99,74,53,8
32.585094,1995,1692,101,95,72,35,2130,1710,91,90,93,79,57,10
32.592606,1980,1692,101,93,75,19,2125,1718,76,113,73,90,47,8
32.599552,1994,1691,101,95,74,33,2126,1715,89,86,88,90,43,15
32.606731,1977,1694,98,97,73,15,2114,1700,97,97,80,81,50,9
32.613934,1990,1694,98,98,74,26,2118,1693,97,83,107,73,50,15
32.621273,1982,1695,99,93,74,21,2099,1710,79,96,89,75,41,9
32.628517,1992,1696,99,92,74,31,2099,1704,87,82,93,71,54,8
32.636410,1974,1696,97,94,74,13,2099,1712,93,76,86,94,28,10
32.644188,1983,1695,97,95,71,25,2103,1705,89,91,99,72,40,7
32.651375,1975,1695,98,95,69,18,2110,1718,80,81,102,74,44,11
32.658768,1984,1696,96,94,70,28,2109,1710,89,77,88,88,44,13
32.665867,1981,1697,94,96,71,23,2105,1700,88,85,89,78,55,10
32.672565,1980,1696,93,99,69,23,2103,1706,90,77,92,85,42,11
32.679508,1982,1696,93,99,69,25,2105,1697,107,77,79,93,42,10
32.686974,1980,1697,93,98,69,23,2094,1713,92,87,75,75,42,10
32.694977,1976,1695,88,102,74,17,2094,1699,85,74,86,85,54,11
32.702614,1974,1695,89,104,71,15,2084,1708,80,78,90,79,36,13
32.711010,1982,1695,89,105,70,23,2080,1707,83,70,81,83,42,14
32.719120,1984,1694,88,105,73,24,2068,1707,92,74,100,46,39,10
32.727779,1981,1694,88,105,74,20,2076,1704,95,69,91,68,37,12
32.736488,1988,1695,90,103,71,29,2082,1725,79,81,88,61,43,5
32.745029,1982,1695,94,99,72,22,2081,1708,88,80,88,67,34,16
32.752998,1980,1695,93,99,70,23,2075,1706,76,74,90,78,46,5
32.761406,1979,1696,92,99,70,22,2079,1702,93,65,84,71,54,10
32.769028,1975,1696,93,98,69,19,2072,1704,84,85,80,61,41,17
32.777443,1977,1697,94,95,72,19,2062,1705,81,72,88,64,40,12
32.785961,1991,1700,91,97,70,33,2063,1715,78,75,78,71,32,14
32.794865,1972,1700,90,98,70,14,2063,1703,74,81,79,75,40,11
32.803410,1985,1698,95,96,70,26,2068,1709,83,79,74,78,37,8
32.812134,1975,1698,94,99,68,16,2069,1715,74,84,68,69,50,9
32.820564,1987,1697,94,102,67,27,2067,1713,93,74,82,60,36,9
32.829582,1982,1697,93,105,66,21,2070,1714,86,73,77,70,42,8
32.838188,1986,1696,95,104,66,25,2061,1701,99,80,70,61,41,9
32.846973,1984,1695,98,101,68,22,2063,1721,81,92,68,69,22,10
32.855640,1984,1694,99,100,69,22,2061,1714,83,85,71,68,34,6
32.864304,1988,1692,100,100,68,28,2057,1717,68,83,78,72,29,10
32.872284,1973,1693,100,100,68,12,2069,1714,75,82,86,65,33,14
32.881676,1984,1694,98,103,65,24,2059,1712,75,80,86,70,29,7
32.890064,1983,1693,98,104,65,23,2063,1720,74,75,73,75,38,8
32.898273,1980,1693,99,102,65,21,2071,1716,86,85,74,62,35,13
32.906506,1987,1694,98,103,64,28,2066,1710,90,73,94,64,27,8
32.914604,1986,1697,98,100,64,27,2069,1721,71,79,82,79,32,5
32.923038,1979,1697,97,101,64,20,2078,1719,83,70,91,69,32,14
32.931782,1976,1697,94,105,63,17,2083,1714,89,62,87,72,50,9
32.939785,1975,1697,94,103,64,17,2085,1716,82,76,75,82,43,11
32.947994,1972,1697,96,101,63,15,2086,1703,87,74,69,95,48,10
32.956688,1982,1697,98,102,61,24,2079,1715,81,76,82,63,51,11
32.964523,1981,1697,97,100,63,24,2073,1726,76,81,84,57,39,10
32.972858,1982,1699,95,96,67,25,2067,1728,70,75,86,61,37,10
32.981709,1976,1700,93,96,68,19,2064,1724,84,73,81,68,27,7
32.990467,1971,1698,95,97,66,15,2066,1734,68,72,78,72,33,9
32.998806,1974,1698,97,96,64,19,2051,1713,76,74,85,56,40,7
33.007687,1978,1698,97,97,66,20,2066,1708,84,74,78,77,30,15
33.016216,1978,1697,98,98,66,19,2071,1718,75,80,76,68,37,17
33.024612,1982,1696,97,101,66,22,2069,1725,82,78,67,73,39,5
33.033337,1982,1696,100,100,64,22,2070,1713,83,69,84,82,30,9
33.042103,1973,1698,97,103,62,13,2069,1714,76,72,81,75,43,8
33.051208,1978,1698,98,104,59,19,2065,1717,78,74,84,64,39,9
33.059734,1987,1697,101,103,56,30,2073,1702,79,82,75,73,51,11
33.068436,1981,1696,104,96,62,23,2076,1719,88,74,71,67,45,12
33.077076,1974,1695,108,92,63,16,2077,1723,75,82,83,61,44,9
33.085201,1991,1695,108,92,63,33,2077,1736,76,74,70,71,38,12
33.093658,1977,1696,108,94,58,21,2070,1724,76,71,88,74,29,8
33.102501,1976,1695,107,96,55,23,2065,1710,74,101,66,67,43,4
33.111362,1967,1694,108,96,54,15,2072,1704,79,85,77,68,44,15
33.119007,1968,1693,108,93,58,16,2072,1697,90,81,77,73,41,13
33.127369,1974,1695,108,95,54,22,2067,1713,70,95,64,69,50,6
33.135300,1971,1695,106,97,54,19,2075,1706,75,81,77,85,41,10
33.143059,1975,1695,105,96,57,22,2072,1710,87,64,84,79,40,8
33.151802,1976,1697,105,95,57,22,2071,1714,77,81,65,80,43,11
33.160278,1973,1698,107,93,57,18,2075,1721,70,73,87,70,45,9
33.168762,1972,1698,106,94,57,17,2069,1715,75,75,77,77,39,11
33.177277,1980,1696,107,93,59,25,2067,1706,83,82,81,60,49,6
33.185448,1974,1695,108,92,60,19,2067,1717,75,86,71,58,48,12
33.193325,1972,1694,109,92,60,17,2066,1707,78,73,80,65,45,18
33.202091,1978,1695,107,92,64,20,2057,1712,74,75,91,64,37,4
33.210716,1983,1695,107,92,64,25,2059,1712,76,82,73,63,39,14
33.219139,1976,1694,108,88,67,19,2055,1717,87,74,66,65,37,9
33.228340,1982,1695,107,92,64,24,2061,1718,80,69,81,66,39,8
33.237091,1978,1694,107,93,62,22,2067,1717,71,69,93,67,34,16
33.245468,1973,1695,108,89,64,17,2075,1714,67,71,90,73,46,14
33.253056,1972,1697,110,89,57,19,2078,1720,73,81,81,70,42,11
33.261444,1982,1698,109,90,56,29,2070,1722,75,75,84,75,35,4
33.269661,1968,1698,109,91,54,16,2077,1714,76,77,80,73,43,14
33.277721,1976,1699,108,91,54,24,2073,1719,82,65,98,72,33,4
33.286140,1975,1697,109,96,53,20,2087,1719,72,76,88,73,44,15
33.293781,1976,1694,109,94,57,22,2092,1716,81,71,91,77,45,11
33.301407,1982,1696,106,97,55,28,2079,1716,80,67,96,69,42,9
33.309643,1971,1696,105,98,54,18,2080,1733,65,80,87,79,32,4
33.317451,1977,1694,106,100,53,24,2078,1715,82,68,96,76,36,5
33.325115,1981,1693,107,99,53,29,2083,1706,84,78,79,76,50,10
33.332859,1976,1696,108,96,52,24,2090,1715,77,91,73,73,44,17
33.340343,1974,1696,104,100,52,22,2080,1709,80,81,77,84,41,8
33.348835,1969,1696,102,102,52,17,2081,1707,79,94,84,72,37,8
33.356422,1972,1696,99,103,52,22,2079,1712,65,91,81,72,45,13
33.364845,1972,1697,98,103,54,20,2086,1712,79,78,88,82,36,11
33.373119,1976,1695,100,104,54,23,2088,1718,70,71,97,81,41,10
33.381550,1983,1696,100,105,52,30,2085,1715,80,84,64,82,47,13
33.389469,1972,1696,99,103,56,18,2085,1709,86,91,79,67,44,9
33.397976,1972,1695,101,102,56,18,2087,1707,69,99,96,69,38,9
33.406425,1976,1695,100,102,57,22,2082,1705,93,72,84,82,41,5
33.414242,1979,1696,100,101,58,24,2099,1714,83,68,79,95,48,12
33.422405,1981,1697,101,99,57,27,2082,1709,75,79,77,83,50,9
33.430260,1972,1697,100,100,57,18,2090,1711,82,62,101,91,33,10
33.438210,1982,1697,101,100,56,28,2086,1721,74,68,99,79,37,8
33.446346,1976,1697,100,101,56,22,2084,1713,84,79,90,74,36,8
33.454254,1978,1698,99,102,54,25,2092,1724,72,90,79,75,41,11
33.461906,1983,1698,100,102,54,29,2090,1704,84,77,85,88,42,10
33.469776,1971,1698,100,102,54,17,2095,1706,88,82,90,74,44,11
33.477814,1972,1698,99,103,53,19,2105,1705,77,89,99,73,45,17
33.485199,1979,1697,98,107,51,26,2101,1721,91,86,80,78,36,9
33.493176,1984,1697,100,107,52,28,2096,1725,75,85,77,84,41,9
33.500706,1979,1697,101,105,53,23,2095,1716,85,80,93,72,37,12
33.509113,1973,1697,102,107,52,15,2092,1704,89,91,82,81,35,10
33.516689,1988,1697,100,107,53,31,2100,1721,78,84,89,73,45,10
33.524410,1979,1696,102,104,56,21,2098,1721,74,88,80,82,39,14
33.532143,1974,1696,102,103,57,16,2091,1727,72,80,80,74,43,15
33.540363,1982,1696,103,100,58,25,2099,1722,83,87,76,71,46,14
33.548271,1976,1697,104,100,56,19,2103,1720,74,99,67,85,45,13
33.556408,1977,1697,108,96,57,19,2091,1729,74,82,86,69,40,11
33.564537,1974,1697,106,100,55,16,2093,1713,75,90,84,72,51,8
33.572708,1977,1697,109,98,54,19,2082,1723,76,88,81,61,44,9
33.580894,1979,1698,108,98,54,21,2076,1712,84,72,86,75,34,13
33.589420,1979,1697,111,95,56,20,2080,1724,82,60,90,85,25,14
33.598213,1987,1698,110,99,54,26,2074,1728,72,72,81,76,38,7
33.606766,1985,1699,109,99,53,25,2077,1727,83,67,85,63,43,9
33.615513,1977,1699,109,99,53,17,2071,1724,83,64,70,87,37,6
33.624340,1981,1698,109,96,57,21,2075,1722,86,64,91,68,35,9
33.632511,1978,1698,111,95,56,18,2074,1724,82,64,74,72,47,11
33.640583,1978,1696,113,94,57,18,2070,1721,88,75,69,73,37,7
33.649738,1977,1696,111,96,55,19,2055,1726,78,62,87,59,36,7
33.659378,1971,1695,111,97,54,14,2054,1727,76,78,69,70,28,6
33.668392,1984,1694,111,99,54,26,2063,1723,70,69,74,67,55,5
33.676746,1980,1696,109,99,55,21,2064,1721,81,67,85,65,37,8
33.685886,1974,1700,105,99,55,15,2060,1724,68,73,75,82,31,7
33.694878,1973,1702,101,102,55,13,2060,1726,75,73,83,57,40,6
33.704201,1990,1702,100,105,52,31,2068,1726,75,77,84,58,44,4
33.713291,1980,1701,101,105,52,21,2074,1726,85,72,76,69,34,12
33.721348,1985,1701,100,107,51,26,2078,1718,89,74,81,77,31,8
33.729767,1983,1700,102,106,51,24,2082,1722,81,80,92,59,36,12
33.737698,1989,1698,106,102,52,31,2086,1727,73,78,93,64,43,8
33.746464,1980,1697,107,100,54,22,2091,1723,80,78,82,69,48,11
33.754528,1986,1697,107,101,53,28,2087,1731,76,71,87,76,38,8
33.763268,1978,1697,108,101,52,20,2081,1724,81,77,80,74,39,6
33.771397,1982,1698,110,100,49,25,2083,1728,77,79,80,69,37,13
33.779434,1979,1701,108,95,54,21,2094,1724,80,62,91,76,50,11
33.787178,1980,1705,106,94,53,22,2087,1736,76,72,84,80,32,7
33.795761,1977,1705,106,93,55,18,2078,1724,80,73,87,68,42,4
33.803768,1982,1704,109,91,57,21,2079,1721,92,72,78,62,44,10
33.812279,1979,1702,109,90,61,17,2080,1720,76,83,68,77,40,16
33.821301,1978,1703,108,88,63,16,2064,1711,85,71,70,84,35,8
33.830200,1980,1702,108,89,61,20,2063,1721,80,78,75,74,32,3
33.838734,1981,1702,106,91,60,22,2076,1718,73,80,84,66,43,12
33.846836,1988,1701,108,89,63,27,2072,1714,90,69,79,73,35,12
33.854797,1981,1701,109,88,64,19,2078,1720,90,64,85,75,37,7
33.862873,1981,1701,108,91,63,18,2084,1722,84,82,83,68,39,6
33.871246,1975,1700,106,96,61,12,2083,1723,78,75,83,72,39,13
33.879429,1977,1700,106,94,63,14,2081,1714,79,90,85,68,36,9
33.887939,1987,1702,105,93,64,23,2082,1704,95,80,80,77,36,10
33.896450,1988,1701,102,97,64,24,2086,1723,76,84,67,77,46,13
33.904606,1986,1702,100,97,65,22,2093,1727,86,66,98,58,42,16
33.912479,1989,1704,99,97,65,24,2095,1730,79,64,96,64,51,11
33.920563,1983,1703,100,98,65,17,2092,1729,95,72,76,67,42,11
33.928768,1998,1705,101,95,68,29,2084,1731,84,71,78,74,38,8
33.937313,1990,1705,96,97,70,22,2087,1726,97,64,68,87,40,5
33.945793,1989,1706,94,100,68,21,2090,1730,82,78,76,64,48,12
33.953812,1990,1707,94,96,71,22,2086,1731,83,73,82,63,46,8
33.962082,1989,1706,96,95,71,21,2089,1731,80,77,80,70,37,14
33.970493,1982,1706,96,97,69,14,2079,1727,92,79,78,66,28,9
33.979713,1990,1705,96,98,68,23,2076,1730,84,87,76,67,28,4
33.988522,1983,1706,97,98,67,15,2081,1722,90,65,79,75,33,17
33.996857,1983,1706,97,100,64,16,2076,1736,72,73,83,64,39,9
34.005917,1987,1706,97,100,64,20,2070,1725,71,84,76,64,40,10
34.014351,1984,1705,98,101,64,16,2069,1727,77,82,67,81,32,3
34.022968,1987,1704,98,100,65,20,2064,1721,84,75,76,63,34,11
34.032051,1979,1705,97,104,61,12,2058,1713,77,76,75,70,35,12
34.040871,1984,1706,97,107,57,17,2060,1717,72,82,82,61,39,7
34.049591,1985,1706,94,108,58,19,2062,1711,81,69,91,72,28,10
34.058716,1988,1706,94,107,59,22,2071,1730,71,66,86,72,29,17
34.067192,1987,1706,93,109,58,21,2071,1718,76,79,74,72,39,13
34.075596,1997,1707,94,110,55,31,2073,1734,64,82,79,64,41,9
34.083809,1990,1707,96,108,57,22,2081,1728,88,61,77,76,37,14
34.091953,1989,1705,97,108,58,21,2081,1727,82,77,84,69,37,5
34.100571,1986,1704,99,108,56,19,2082,1733,81,76,77,71,37,7
34.109291,1988,1704,100,106,59,19,2090,1734,70,79,78,75,45,9
34.117348,1989,1705,101,106,57,20,2090,1741,79,69,85,62,44,10
34.125641,1996,1704,101,105,59,27,2088,1737,73,71,73,72,53,9
34.133808,1996,1705,103,103,58,27,2080,1728,78,74,70,80,41,9
34.142620,1994,1704,107,99,61,23,2081,1734,78,73,78,63,46,9
34.151276,1995,1704,109,97,60,25,2083,1737,70,82,77,76,35,6
34.159771,1994,1705,110,95,60,24,2078,1724,79,78,68,76,40,13
34.167767,1987,1705,108,96,62,16,2076,1726,89,69,66,67,45,14
34.176788,1994,1706,104,101,60,23,2082,1731,83,70,71,68,47,12
34.185093,1991,1708,104,101,59,19,2076,1721,82,78,77,58,45,15
34.193634,2001,1706,106,101,59,29,2070,1733,76,84,67,70,27,13
34.202110,1988,1710,103,98,61,16,2074,1726,76,83,90,56,33,10
34.210705,1993,1711,102,98,61,21,2078,1731,67,82,76,75,40,7
34.219315,1999,1709,103,101,60,26,2079,1744,75,65,96,57,33,9
34.228176,1995,1710,101,103,60,21,2077,1736,75,85,64,82,28,7
34.236786,1997,1710,103,104,56,24,2080,1743,83,78,74,65,27,10
34.246162,1996,1710,103,104,56,23,2075,1728,92,65,85,67,32,6
34.255253,1997,1710,105,101,57,24,2070,1729,76,87,85,53,32,8
34.264191,1993,1709,106,100,58,20,2076,1736,75,67,89,50,45,14
34.273064,1995,1711,104,101,57,22,2073,1727,71,80,77,57,52,9
34.282333,1993,1712,103,101,57,20,2076,1732,82,79,66,60,47,10
34.291473,1989,1712,103,101,57,16,2073,1732,74,69,78,55,53,12
34.300426,1996,1712,102,102,57,23,2066,1740,74,70,68,65,43,6
34.309700,1997,1713,102,103,55,24,2057,1728,86,69,77,58,33,6
34.318810,1987,1710,103,103,53,18,2060,1721,81,85,82,50,30,11
34.328144,1982,1711,102,105,51,13,2054,1738,77,67,68,58,38,8
34.337627,1987,1712,103,102,51,19,2059,1731,77,63,72,77,32,7
34.346695,1988,1713,104,103,48,20,2059,1730,77,73,62,73,34,10
34.356319,1982,1713,104,102,48,15,2061,1725,77,64,82,65,32,16
34.365089,1990,1710,107,96,52,25,2064,1727,80,76,65,62,43,11
34.374157,1982,1710,106,96,54,16,2067,1722,81,80,67,73,36,8
34.383270,1985,1711,105,94,56,19,2068,1735,77,82,90,45,34,5
34.392353,1978,1711,106,92,57,12,2067,1727,75,77,66,69,47,6
34.401249,1992,1710,107,91,59,25,2071,1726,81,69,76,75,31,13
34.410183,1989,1711,107,89,59,23,2070,1733,75,88,62,63,42,7
34.419250,1978,1709,108,89,60,12,2058,1716,90,67,77,59,39,10
34.427967,1982,1708,110,88,62,14,2062,1729,78,75,70,57,44,9
34.437656,1987,1708,111,87,60,21,2060,1735,72,70,75,56,47,5
34.446472,1981,1708,110,88,61,14,2062,1734,76,74,77,54,37,10
34.455112,2002,1707,110,86,64,35,2072,1737,77,64,77,68,36,13
34.463680,1995,1706,113,86,61,29,2074,1735,79,75,79,52,41,13
34.472431,1980,1706,112,90,57,15,2086,1713,90,65,92,61,44,21
34.481060,1987,1708,113,87,57,22,2088,1720,78,76,90,61,50,13
34.488739,1995,1706,116,85,59,29,2092,1720,88,83,74,63,48,16
34.496479,1989,1706,118,83,58,24,2086,1721,80,80,81,75,38,11
34.504738,1989,1706,118,84,56,25,2081,1719,82,73,91,59,46,11
34.512177,1982,1706,113,90,55,18,2086,1719,91,71,79,72,45,9
34.519932,1994,1706,112,96,49,31,2088,1728,89,72,80,72,28,19
34.528000,1990,1705,112,94,52,27,2089,1720,85,76,77,79,38,14
34.535835,1986,1706,113,92,52,23,2096,1717,81,81,81,81,41,14
34.543556,1985,1708,110,95,50,22,2093,1715,86,85,84,67,46,10
34.551617,1988,1708,110,94,51,25,2093,1711,82,88,81,73,50,8
34.559662,1983,1708,111,92,53,19,2097,1722,95,76,81,81,32,10
34.567760,1989,1708,117,86,55,23,2095,1714,83,86,93,62,46,11
34.575485,2000,1707,119,86,57,31,2096,1721,82,70,92,71,50,10
34.583046,1990,1706,121,85,57,21,2097,1734,80,76,79,80,38,10
34.590797,1994,1708,118,88,56,24,2102,1734,68,86,70,76,56,12
34.598438,1999,1706,118,93,53,29,2102,1728,85,71,93,73,45,7
34.606613,1991,1705,118,95,52,21,2107,1737,74,74,90,80,38,14
34.614872,1994,1705,115,97,53,24,2097,1745,82,68,84,70,40,8
34.622715,1990,1705,114,98,52,21,2095,1731,87,91,79,63,32,12
34.631222,2002,1703,115,98,52,34,2104,1745,79,77,86,67,39,11
34.639114,1994,1703,117,97,51,26,2117,1735,85,86,81,76,43,11
34.646839,1987,1703,119,97,48,20,2113,1734,90,70,84,78,49,8
34.654434,1989,1702,118,97,47,25,2120,1732,88,82,85,80,45,8
34.661633,1984,1703,120,92,49,20,2124,1716,99,64,98,78,55,14
34.669331,1985,1702,120,96,47,20,2127,1724,95,84,93,75,45,11
34.676308,1998,1702,119,95,49,33,2116,1723,83,91,85,75,48,11
34.683495,1992,1701,118,96,51,26,2116,1731,85,86,87,79,36,12
34.690914,1987,1702,117,95,53,20,2118,1730,83,78,89,75,50,13
34.698280,1990,1702,120,93,52,23,2114,1712,94,80,102,75,41,10
34.705914,1997,1701,118,92,56,30,2125,1720,97,76,102,76,43,11
34.713406,1991,1699,118,92,59,23,2124,1732,78,89,88,86,40,11
34.720959,1993,1697,119,93,59,25,2123,1734,78,81,95,85,38,12
34.728416,1990,1696,121,91,60,22,2120,1727,81,90,93,73,46,10
34.735729,1999,1696,120,91,62,30,2129,1733,83,73,86,93,48,13
34.743130,1992,1697,119,92,62,22,2128,1732,97,74,92,76,48,9
34.750298,1988,1696,123,90,59,20,2131,1723,83,77,94,91,53,10
34.758095,1987,1696,122,90,60,19,2128,1739,82,79,86,83,45,14
34.765869,1995,1694,120,93,61,27,2116,1730,86,81,82,76,47,14
34.773632,1994,1694,118,94,62,26,2108,1725,89,72,78,85,53,6
34.781376,1990,1695,117,94,61,23,2108,1718,95,78,97,77,34,9
34.789612,1992,1695,117,93,60,27,2101,1728,78,85,91,75,34,10
34.797531,1980,1694,119,92,61,14,2104,1733,84,72,82,68,55,10
34.805172,1986,1695,120,92,59,20,2103,1727,81,73,83,83,45,11
34.812790,1985,1695,118,94,60,18,2105,1726,87,80,97,64,43,8
34.820942,2003,1694,119,93,61,36,2112,1727,89,79,80,77,45,15
34.828667,1999,1696,118,94,61,30,2110,1730,97,83,81,74,31,14
34.836220,1991,1695,119,94,60,23,2095,1732,83,79,86,73,35,7
34.844475,1990,1695,119,94,60,22,2099,1727,82,86,74,76,45,9
34.852863,1992,1695,117,93,63,24,2099,1736,77,76,86,72,43,9
34.861271,1990,1697,116,92,63,22,2095,1734,76,72,92,75,36,10
34.868870,1994,1697,118,91,62,26,2097,1723,81,85,102,61,34,11
34.876945,1982,1698,116,90,65,13,2089,1726,86,85,86,59,35,12
34.885216,1992,1698,114,92,65,23,2084,1734,68,88,80,70,39,5
34.893879,1986,1699,114,88,68,17,2085,1728,77,70,87,79,36,8
34.902298,1994,1699,113,87,70,25,2077,1724,88,67,86,64,40,8
34.910988,1989,1702,112,86,69,20,2079,1733,84,60,92,66,31,13
34.919827,1994,1700,113,86,70,25,2076,1724,89,71,75,72,36,9
34.928333,1991,1700,113,87,71,20,2070,1722,77,83,65,74,39,10
34.936546,1991,1702,113,85,72,19,2075,1717,76,87,72,74,38,11
34.944996,1993,1702,116,81,73,21,2070,1711,91,81,74,59,41,13
34.953632,1995,1701,117,81,73,23,2067,1726,77,77,80,69,31,7
34.962318,1992,1701,117,83,71,20,2067,1731,70,82,79,59,39,7
34.971199,1991,1703,117,84,68,19,2075,1720,76,77,68,85,36,13
34.979904,1998,1707,113,86,66,26,2077,1713,87,69,82,81,29,16
34.988205,1993,1705,114,88,65,21,2074,1731,75,74,76,68,45,5
34.996872,2003,1707,113,87,65,31,2078,1733,76,90,74,55,39,11
35.005341,1995,1709,110,90,64,22,2078,1724,73,79,77,75,41,9
35.013329,2006,1708,110,92,62,34,2078,1715,91,75,71,77,31,18
35.021416,1999,1709,107,96,58,29,2077,1717,93,65,93,66,36,7
35.029472,1989,1709,104,100,57,19,2079,1725,83,74,76,69,41,11
35.037792,1991,1709,105,100,56,21,2080,1732,80,81,77,75,30,5
35.046082,1991,1710,104,100,57,20,2082,1720,86,75,81,67,48,5
35.053627,1990,1710,105,96,59,20,2077,1719,85,76,75,75,38,9
35.061932,1985,1711,104,94,61,15,2076,1719,77,80,81,81,31,7
35.070812,1995,1711,105,93,61,25,2082,1729,85,77,81,65,40,5
35.078876,1985,1711,105,95,59,15,2092,1716,93,84,68,67,48,16
35.086681,1989,1710,108,92,61,18,2093,1710,103,76,77,75,38,14
35.094624,1996,1711,107,91,62,25,2097,1721,83,74,80,86,38,15
35.102074,1999,1713,105,92,62,27,2093,1715,89,85,85,67,43,9
35.110287,1990,1712,104,92,64,18,2094,1727,93,79,77,64,39,15
35.118267,1999,1711,104,92,63,29,2093,1724,94,71,86,68,33,17
35.126514,1991,1712,104,93,61,21,2088,1735,84,90,76,67,30,6
35.134621,1983,1713,103,95,58,14,2090,1714,89,89,82,59,44,13
35.142509,2002,1712,105,94,58,33,2090,1738,77,73,72,79,47,4
35.150669,1984,1711,106,93,59,15,2089,1731,89,74,73,73,43,6
35.159058,1993,1713,101,98,56,25,2085,1727,99,65,71,76,39,8
35.167294,1999,1712,100,98,58,31,2092,1729,88,79,84,65,38,9
35.175518,1988,1710,100,102,54,22,2087,1717,89,88,69,64,51,9
35.184139,1979,1710,102,98,56,13,2076,1714,95,71,83,77,29,7
35.192371,1988,1709,101,101,55,22,2081,1724,79,79,76,74,42,7
35.200462,1987,1709,101,101,55,21,2084,1717,85,74,78,71,45,14
35.208969,1985,1711,103,97,56,18,2082,1713,92,75,90,68,31,13
35.217411,1986,1710,104,98,54,20,2079,1709,89,81,70,78,47,5
35.225708,1984,1710,106,96,54,18,2079,1727,77,74,78,76,39,8
35.233658,1985,1711,105,95,56,18,2080,1717,95,63,81,71,39,14
35.241924,1984,1710,109,91,57,17,2079,1722,78,85,76,63,48,7
35.249557,1991,1708,109,90,59,25,2078,1718,83,75,82,73,34,13
35.258030,1994,1708,107,91,61,27,2080,1727,86,70,84,73,30,10
35.265953,1986,1709,106,91,61,19,2082,1722,80,84,84,72,32,8
35.274509,1986,1711,103,95,57,20,2075,1733,74,81,82,66,36,3
35.282951,1985,1710,103,95,58,19,2078,1722,71,83,93,70,31,8
35.291328,1982,1709,104,95,58,16,2073,1722,86,78,75,64,43,5
35.300026,1984,1711,102,96,60,15,2074,1714,84,81,72,68,49,6
35.309170,1991,1712,101,98,57,23,2076,1717,76,79,95,58,42,9
35.317451,1985,1713,99,95,60,18,2082,1730,72,89,78,67,32,14
35.325832,1993,1714,99,93,60,27,2087,1736,70,75,95,59,42,10
35.333710,1994,1714,102,90,61,27,2088,1712,76,90,83,76,43,8
35.341698,1987,1715,102,93,58,19,2087,1721,83,75,80,79,41,8
35.349514,1995,1715,99,98,56,27,2087,1727,78,93,83,69,24,13
35.357830,1993,1715,98,99,57,24,2092,1730,79,93,79,60,39,12
35.365925,1989,1714,99,99,56,21,2102,1717,83,79,82,74,50,17
35.373638,1986,1712,103,94,57,20,2099,1728,81,75,68,93,44,10
35.381775,1986,1712,105,93,56,20,2102,1726,85,90,75,63,53,10
35.389629,1992,1711,107,90,58,26,2106,1724,80,81,85,74,50,12
35.397179,1985,1711,107,91,57,19,2098,1721,86,76,74,88,39,14
35.405418,1998,1712,106,92,57,31,2086,1725,72,88,87,73,34,7
35.413704,2000,1710,106,96,55,33,2092,1721,76,91,69,71,47,17
35.421597,1982,1711,104,98,54,15,2087,1730,77,80,71,60,56,13
35.429676,1987,1710,104,99,54,20,2088,1715,85,89,73,77,41,8
35.438316,1990,1709,103,98,55,25,2083,1719,88,81,87,66,37,5
35.446552,1986,1710,105,95,55,21,2092,1701,97,83,75,78,48,10
35.454727,1989,1709,107,94,55,24,2091,1707,79,85,94,74,47,5
35.462368,1984,1709,105,96,55,19,2091,1719,83,71,88,79,45,6
35.471096,1988,1708,105,95,57,23,2090,1723,78,85,86,65,44,9
35.479397,1995,1707,106,92,60,30,2086,1718,83,85,80,69,36,15
35.487545,1987,1707,107,89,63,21,2088,1725,90,64,74,72,45,18
35.495811,1990,1709,104,92,61,24,2084,1724,84,69,94,68,36,9
35.504646,1985,1709,105,92,63,16,2082,1730,63,102,85,52,38,12
35.513222,1991,1711,101,94,63,22,2086,1727,78,74,77,83,38,9
35.521458,1987,1712,98,98,61,18,2089,1723,83,78,85,65,43,12
35.529236,1992,1713,98,95,63,23,2087,1721,78,83,83,67,41,14
35.537670,1987,1713,97,97,61,19,2073,1725,69,88,79,63,39,10
35.546185,1990,1714,97,96,61,22,2083,1732,76,80,78,69,37,11
35.554367,1996,1715,96,95,62,28,2090,1719,88,82,76,71,44,10
35.562103,1985,1715,98,94,60,18,2087,1730,83,78,81,72,38,5
35.570065,1992,1715,98,96,58,25,2086,1717,83,90,64,71,47,14
35.577957,1987,1715,97,99,55,21,2085,1721,89,78,81,71,35,10
35.585922,1988,1714,98,96,58,22,2084,1725,73,87,83,57,50,9
35.593964,1991,1714,99,94,59,25,2095,1719,79,80,90,81,36,10
35.602089,1986,1713,99,91,62,21,2101,1732,72,82,84,78,46,7
35.609985,1980,1712,97,92,64,15,2093,1724,86,75,88,69,38,13
35.617867,1996,1712,99,90,64,31,2088,1720,79,74,84,86,34,11
35.625999,1984,1712,100,88,61,23,2086,1734,71,84,89,60,40,8
35.634342,1979,1714,98,85,65,17,2088,1711,93,82,80,74,40,8
35.642036,1983,1715,96,86,66,20,2091,1724,76,85,79,76,37,14
35.650261,1983,1715,96,83,70,19,2087,1730,87,74,70,81,35,10
35.658344,1989,1715,97,84,68,25,2088,1721,76,82,80,74,48,7
35.665886,1980,1716,97,86,65,16,2094,1727,79,78,85,74,44,7
35.673679,1999,1716,98,86,64,35,2107,1722,89,69,81,68,57,21
35.681824,1986,1715,99,87,63,22,2109,1728,87,67,80,88,47,12
35.689941,1995,1718,97,87,63,30,2109,1709,85,82,84,83,55,11
35.697559,1994,1717,99,88,63,27,2104,1728,82,85,79,73,47,10
35.705254,1992,1719,97,88,63,25,2109,1716,87,91,91,70,45,9
35.713184,1987,1719,97,89,61,21,2110,1730,82,73,90,79,47,9
35.720898,1992,1719,99,86,63,25,2109,1721,85,81,98,68,48,8
35.728619,1987,1720,98,88,63,18,2103,1732,92,69,92,67,44,7
35.736526,1995,1720,99,87,63,26,2100,1722,70,83,86,83,47,9
35.744495,1988,1720,99,86,63,20,2102,1733,73,85,86,83,35,7
35.752491,1989,1719,100,86,64,20,2108,1728,89,81,81,82,38,9
35.760330,1984,1722,101,83,62,16,2108,1729,77,74,89,84,45,10
35.767696,1996,1722,101,83,63,27,2106,1725,80,77,99,80,36,9
35.775246,1996,1721,101,83,64,27,2109,1732,71,87,88,80,45,6
35.782818,1991,1723,100,81,66,21,2104,1723,78,78,89,70,54,12
35.790592,1996,1725,99,85,60,27,2112,1726,84,76,97,75,39,15
35.798561,1995,1724,100,84,61,26,2119,1734,78,82,89,81,42,13
35.806122,1988,1724,99,83,63,19,2117,1721,102,71,100,75,42,6
35.813633,1990,1724,99,83,63,21,2121,1722,81,94,92,75,50,7
35.821148,2001,1723,99,85,62,32,2111,1726,85,76,108,68,38,10
35.829056,2000,1720,101,84,63,32,2110,1728,94,84,91,67,36,10
35.837204,1994,1722,100,84,64,24,2108,1718,85,88,85,71,51,10
35.844982,1999,1723,97,86,65,28,2110,1725,77,78,86,75,58,11
35.852627,1996,1723,97,85,65,26,2102,1739,74,87,67,81,44,10
35.860748,1992,1725,95,88,63,21,2109,1727,81,83,89,77,40,12
35.869068,1987,1724,96,86,65,16,2117,1726,81,76,77,98,45,14
35.876770,2001,1724,98,83,66,30,2122,1726,83,90,93,71,45,14
35.884926,2004,1723,101,80,68,32,2111,1734,84,80,85,79,42,7
35.893322,1994,1724,99,84,66,21,2116,1740,78,68,94,78,49,9
35.901154,1991,1724,99,84,64,20,2119,1732,84,79,93,80,43,8
35.908916,1990,1726,98,88,61,17,2115,1730,84,70,84,87,50,10
35.916767,1991,1724,99,88,62,18,2113,1746,70,77,94,64,49,13
35.924656,1997,1726,97,88,62,24,2096,1741,76,70,79,79,42,9
35.932766,1993,1728,96,85,64,20,2094,1732,72,80,88,74,37,11
35.940834,1997,1729,97,83,64,24,2094,1729,92,68,82,79,38,6
35.949192,1992,1729,98,83,63,19,2095,1725,81,81,80,75,41,12
35.957859,1991,1729,100,80,64,18,2095,1725,87,69,83,88,38,5
35.965843,2004,1728,102,81,60,33,2092,1732,84,70,87,75,36,8
35.973946,1998,1728,101,82,63,24,2098,1726,84,77,80,81,41,9
35.982132,2005,1724,101,85,64,31,2097,1715,88,82,86,73,46,7
35.990070,1998,1727,96,88,65,22,2108,1723,89,74,94,64,50,14
35.997898,2004,1726,96,87,68,27,2101,1731,87,82,82,67,42,10
36.005455,1998,1726,98,85,68,21,2102,1734,70,92,77,71,43,15
36.013721,2003,1727,99,84,67,26,2094,1730,86,77,77,71,39,14
36.022011,2006,1728,96,86,68,28,2083,1743,67,72,84,66,42,9
36.030918,1999,1729,96,86,66,22,2083,1727,84,87,74,54,45,12
36.039318,2000,1729,94,87,67,23,2085,1735,76,75,83,64,43,9
36.047638,1990,1728,95,85,66,16,2072,1727,79,81,66,69,36,14
36.056477,1994,1725,96,86,67,20,2071,1722,89,74,69,69,37,11
36.065128,1998,1725,94,87,71,21,2068,1735,75,79,65,61,42,11
36.073914,1994,1725,94,85,73,17,2066,1735,79,73,76,58,31,14
36.082703,1996,1724,97,86,71,18,2063,1718,87,78,83,58,28,11
36.092152,1993,1723,98,86,70,16,2056,1734,69,77,73,62,33,8
36.101486,1998,1723,98,85,69,23,2061,1722,73,89,74,60,33,10
36.110645,1995,1722,99,86,68,20,2062,1721,82,76,80,62,34,7
36.119778,2004,1722,99,85,70,28,2063,1729,72,68,85,67,35,7
36.128349,2001,1720,102,85,69,25,2070,1742,70,67,77,69,39,6
36.136917,1990,1721,101,85,70,13,2073,1725,88,81,75,62,36,6
36.145969,1998,1720,103,83,71,21,2075,1723,88,74,87,61,36,6
36.154869,2003,1721,103,83,71,25,2081,1731,87,72,83,65,30,13
36.163242,2001,1721,105,80,73,22,2081,1729,88,73,86,56,38,11
36.171589,2008,1722,105,79,73,29,2084,1725,89,78,68,78,38,8
36.180260,2004,1722,105,81,73,23,2083,1729,79,79,85,58,43,10
36.188293,2003,1721,106,80,73,23,2091,1724,86,76,81,75,36,13
36.197231,2003,1721,106,84,70,22,2086,1720,86,84,78,66,42,10
36.205818,1994,1719,108,83,69,15,2088,1730,80,80,86,70,38,4
36.213867,2001,1719,109,82,70,21,2085,1718,94,87,75,70,36,5
36.222763,2003,1718,109,83,71,22,2084,1722,89,78,76,68,42,9
36.231228,2007,1718,109,80,75,25,2081,1715,90,76,79,78,33,10
36.240406,2001,1715,107,86,73,20,2078,1717,80,89,90,57,38,7
36.248779,1996,1714,108,86,72,16,2080,1729,82,74,86,61,33,15
36.257576,1997,1716,105,88,69,19,2073,1723,83,90,76,58,33,10
36.266232,1993,1714,106,87,70,16,2074,1721,68,94,75,72,38,6
36.274391,2000,1714,106,88,69,23,2088,1721,85,78,91,68,34,11
36.282734,1996,1710,110,85,71,20,2093,1724,80,86,84,69,37,13
36.290966,1995,1710,111,86,69,19,2087,1720,84,79,90,72,36,6
36.299637,2000,1709,110,87,71,23,2094,1727,81,87,92,63,34,10
36.307755,1998,1709,111,87,69,22,2096,1727,79,77,88,73,47,5
36.315872,2005,1707,110,90,68,30,2100,1727,77,94,98,68,33,3
36.324108,1992,1706,113,88,68,17,2094,1721,96,66,93,75,38,5
36.332214,1992,1706,115,83,71,17,2096,1717,93,91,76,65,40,14
36.340050,1993,1705,117,81,74,16,2090,1724,91,90,79,54,38,14
36.348930,1998,1705,117,83,73,20,2084,1731,85,71,84,74,34,5
36.356945,2004,1706,117,80,75,26,2086,1725,87,92,74,65,29,14
36.365238,2001,1707,114,82,76,22,2087,1718,90,78,80,76,38,7
36.373516,2000,1708,112,81,78,21,2088,1729,81,87,87,62,35,7
36.381615,2000,1709,112,80,77,22,2080,1721,72,90,75,75,40,7
36.389740,1998,1708,112,82,76,20,2083,1713,88,87,75,82,30,8
36.398277,2006,1708,110,85,76,27,2082,1730,75,95,82,68,23,9
36.406830,2001,1707,111,86,74,23,2089,1730,72,87,77,80,31,12
36.415447,1997,1709,109,89,72,18,2092,1727,76,85,83,70,38,13
36.423267,1999,1711,105,90,72,21,2099,1723,81,88,80,68,45,14
36.431744,2003,1709,107,88,73,26,2096,1717,83,95,79,72,40,10
36.439682,1998,1708,110,84,75,21,2093,1709,91,71,86,79,48,9
36.447342,2001,1707,109,85,75,25,2093,1713,79,80,90,75,38,18
36.455727,1993,1707,106,85,77,18,2092,1722,76,87,87,68,43,9
36.463440,1996,1707,105,87,76,21,2102,1718,87,82,83,76,47,9
36.471123,1994,1707,103,86,76,22,2100,1729,79,91,70,78,43,10
36.479008,1999,1706,102,84,79,28,2102,1714,81,92,76,79,41,19
36.487015,2004,1707,102,85,79,31,2103,1728,84,76,87,78,40,10
36.494984,1994,1708,102,84,79,21,2095,1721,78,97,85,69,38,7
36.502937,1996,1707,104,85,76,24,2100,1715,93,78,103,67,35,9
36.511105,1985,1707,103,86,76,13,2101,1713,80,79,90,80,48,11
36.519363,1984,1708,103,86,75,12,2098,1719,78,85,85,75,46,10
36.527103,1997,1705,105,86,77,24,2103,1731,83,79,84,81,33,12
36.535358,1995,1708,105,85,75,22,2099,1733,83,80,78,66,49,10
36.543533,1986,1708,105,89,71,13,2097,1720,75,88,73,83,42,16
36.551952,1993,1707,106,88,72,20,2094,1718,90,77,96,61,47,5
36.559822,1994,1707,109,87,72,19,2092,1712,89,89,84,81,32,5
36.567661,1996,1707,108,87,71,23,2104,1719,93,73,85,78,39,17
36.575851,1996,1703,110,88,73,22,2101,1716,95,78,86,72,45,9
36.583191,1996,1702,112,88,72,22,2109,1720,85,91,89,67,44,13
36.590961,1993,1703,114,84,73,19,2104,1720,89,91,85,72,35,12
36.598560,1997,1705,112,84,72,24,2103,1718,86,88,100,61,36,14
36.606144,2001,1703,111,85,75,27,2104,1716,69,109,86,72,37,15
36.613937,2007,1704,111,84,75,33,2092,1721,88,84,88,70,32,9
36.622311,2003,1700,115,81,77,30,2100,1736,86,83,77,68,42,8
36.629772,1989,1701,114,83,75,16,2104,1726,93,82,92,68,37,6
36.637341,1992,1701,111,85,76,19,2104,1716,91,79,93,67,48,10
36.644749,2003,1702,108,89,74,30,2105,1719,87,98,84,76,35,6
36.652786,1996,1701,109,91,72,23,2109,1728,78,84,95,78,36,10
36.660873,1997,1701,108,94,69,25,2110,1724,82,86,98,81,29,10
36.668621,2008,1700,109,93,70,36,2099,1714,81,91,85,78,43,7
36.676044,2007,1700,110,91,71,35,2103,1722,97,76,89,70,40,9
36.683865,1994,1700,111,90,72,21,2095,1740,74,81,99,66,30,5
36.691360,1992,1700,109,91,74,18,2097,1734,89,72,77,81,35,9
36.699524,1996,1702,107,95,71,21,2103,1723,93,78,93,73,33,10
36.706882,1993,1703,108,95,69,18,2100,1730,76,74,88,82,40,10
36.714596,2000,1703,108,96,68,25,2103,1729,81,81,103,59,37,13
36.722092,1991,1702,109,94,70,16,2105,1714,91,91,88,69,43,9
36.730415,1999,1703,111,91,70,24,2095,1721,79,71,104,75,35,10
36.738125,2002,1704,114,89,69,26,2100,1725,84,94,85,64,40,8
36.745689,2003,1704,114,91,68,26,2103,1733,88,92,74,75,35,6
36.753708,1994,1703,113,89,71,18,2107,1720,90,69,98,74,46,10
36.761280,1994,1704,112,89,72,17,2116,1715,85,85,94,68,52,17
36.768536,1997,1705,110,91,72,19,2114,1719,87,85,93,89,34,7
36.775406,1994,1704,112,90,73,15,2126,1719,92,87,94,76,41,17
36.782665,2006,1705,110,93,71,27,2124,1711,105,84,95,73,41,15
36.789829,2011,1705,110,92,73,31,2126,1716,101,100,90,70,37,12
36.797211,1991,1706,108,93,73,11,2127,1725,85,86,97,77,45,12
36.804623,2002,1706,108,94,73,21,2124,1728,87,87,71,93,50,8
36.812042,2003,1707,108,92,74,22,2125,1725,91,99,87,69,43,11
36.819355,2005,1707,106,94,73,25,2119,1730,83,79,86,91,40,10
36.826725,2014,1708,105,96,71,34,2125,1723,80,98,101,66,48,9
36.834064,2012,1708,106,96,71,31,2131,1737,79,81,103,86,37,8
36.841091,2006,1710,106,96,70,24,2134,1733,97,71,88,85,46,14
36.848694,1998,1712,103,101,66,16,2132,1734,85,83,89,86,45,10
36.855881,2006,1711,105,98,68,24,2134,1722,102,86,101,76,38,9
36.863239,2005,1712,103,99,68,23,2127,1724,84,101,93,81,37,7
36.870678,2004,1712,102,99,69,22,2121,1729,83,88,91,90,29,11
36.878067,2012,1710,102,102,68,30,2122,1733,84,89,90,82,34,10
36.885483,2003,1708,104,102,68,21,2116,1730,75,95,83,88,38,7
36.893047,2002,1708,105,101,69,19,2115,1724,82,92,96,77,36,8
36.901531,2001,1707,104,102,70,18,2123,1742,80,85,86,71,45,14
36.909340,2003,1707,103,107,67,19,2114,1721,82,81,91,84,47,8
36.916977,2001,1706,103,108,67,17,2116,1718,84,90,96,70,42,16
36.924408,2003,1705,103,107,68,20,2109,1720,95,80,92,71,41,10
36.932194,2001,1704,102,105,71,19,2112,1715,105,74,81,86,39,12
36.940002,2003,1702,103,105,72,21,2107,1715,90,88,96,68,36,14
36.948132,2000,1700,104,105,73,18,2105,1715,95,81,91,71,43,9
36.955959,2006,1699,105,106,74,22,2102,1727,75,83,88,76,47,6
36.963997,2012,1699,106,106,75,26,2112,1721,88,99,94,61,38,11
36.971840,2004,1698,105,107,75,19,2104,1719,84,96,89,74,34,8
36.979507,2003,1698,108,102,77,18,2103,1731,85,85,84,80,31,7
36.987820,2008,1698,108,102,78,22,2108,1728,99,81,98,60,27,15
36.995510,2012,1697,109,101,78,27,2112,1734,89,92,83,65,37,12
37.003407,2016,1698,109,101,76,32,2112,1734,77,90,98,61,38,14
37.011002,2008,1699,108,101,76,24,2105,1726,84,88,92,62,46,7
37.018723,2009,1698,108,101,77,25,2111,1730,89,90,92,67,35,8
37.026749,2007,1700,108,99,77,23,2114,1728,83,68,104,75,47,9
37.033920,2015,1699,109,98,78,31,2120,1726,79,72,99,91,42,11
37.041195,2006,1700,108,99,77,22,2118,1720,86,77,104,76,46,9
37.048840,2016,1700,107,100,78,31,2120,1728,92,78,95,75,48,4
37.056164,2012,1701,109,99,77,26,2126,1725,101,75,108,81,31,5
37.063217,2011,1700,106,102,79,24,2131,1729,91,72,97,81,48,13
37.070568,2013,1701,105,101,79,27,2129,1738,85,73,99,75,51,8
37.077370,2010,1701,103,102,79,25,2129,1737,93,83,99,67,37,13
37.084717,2007,1701,105,101,77,23,2127,1726,96,80,100,68,47,10
37.092297,2006,1701,106,101,76,22,2120,1726,94,86,91,75,37,11
37.099739,2010,1702,104,102,76,26,2117,1729,90,81,85,85,37,10
37.107384,2012,1704,102,103,76,27,2115,1730,86,85,93,78,38,5
37.115322,2016,1704,102,103,76,31,2120,1741,83,84,98,66,41,7
37.122753,2007,1703,99,107,76,22,2121,1731,93,78,99,60,45,15
37.130241,2007,1702,99,105,78,23,2119,1728,85,94,84,72,46,10
37.138123,2002,1702,101,101,80,18,2118,1719,102,89,98,64,38,8
37.145508,2008,1702,104,98,81,23,2113,1725,95,89,79,84,34,7
37.153351,2018,1704,106,98,78,32,2114,1727,98,93,88,72,29,7
37.160519,2006,1704,106,96,79,21,2114,1728,96,96,96,60,23,15
37.168472,2013,1704,106,95,79,29,2116,1729,92,101,85,62,36,11
37.176167,2009,1703,107,94,82,23,2113,1722,94,83,94,63,44,13
37.183815,2004,1704,108,95,81,16,2118,1720,97,82,91,84,30,14
37.191383,2006,1706,107,96,80,17,2121,1736,83,79,104,68,35,16
37.198627,2008,1708,107,97,76,20,2116,1718,89,96,92,73,42,6
37.206886,2008,1708,110,95,76,19,2113,1734,86,83,109,55,38,8
37.214611,2016,1706,109,97,77,27,2117,1732,76,82,98,75,43,11
37.222473,2007,1709,110,95,78,15,2111,1725,88,67,98,84,36,13
37.229954,2016,1709,109,97,77,24,2102,1735,84,79,91,75,35,3
37.237633,2012,1707,111,95,79,20,2116,1725,90,66,100,81,38,16
37.245380,2011,1705,113,96,80,17,2112,1729,88,88,76,64,56,11
37.253090,2013,1705,115,97,76,20,2117,1727,81,99,90,67,37,16
37.261024,2018,1705,115,99,75,24,2111,1728,93,89,89,66,33,13
37.268963,2020,1709,111,103,72,25,2121,1741,74,86,90,76,41,13
37.276154,2016,1707,112,101,75,21,2115,1732,87,87,83,74,34,18
37.283794,2020,1707,109,104,76,24,2120,1727,97,74,98,75,39,10
37.291924,2019,1709,109,102,75,24,2114,1737,88,87,78,78,34,12
37.299999,2017,1710,107,103,75,22,2109,1752,83,84,75,68,38,9
37.308289,2022,1711,108,102,76,25,2111,1760,80,81,70,72,39,9
37.316090,2026,1713,108,101,74,30,2111,1747,89,86,85,57,37,10
37.324509,2019,1712,108,103,74,22,2108,1748,78,85,80,75,35,7
37.332485,2020,1711,106,106,73,24,2113,1744,78,83,81,77,38,12
37.340942,2017,1712,104,109,71,21,2119,1748,76,72,99,83,34,7
37.349304,2023,1712,105,109,71,26,2123,1754,79,86,80,78,32,14
37.357246,2025,1715,104,107,72,27,2118,1745,83,79,89,72,36,14
37.365456,2026,1715,105,107,71,28,2124,1732,92,71,82,83,49,15
37.373581,2018,1715,105,107,71,20,2126,1739,90,84,79,76,45,13
37.381989,2026,1714,107,104,73,28,2119,1737,103,72,82,82,32,11
37.389908,2023,1714,107,106,72,24,2127,1750,73,74,96,81,47,6
37.398216,2017,1714,102,111,71,19,2138,1753,87,93,75,75,43,12
37.405827,2013,1713,103,115,67,15,2137,1743,83,80,95,76,51,9
37.413528,2019,1713,103,113,68,22,2138,1741,94,78,101,78,34,12
37.421082,2023,1714,100,117,66,26,2132,1743,89,83,91,89,26,11
37.428516,2019,1714,100,117,66,22,2137,1752,79,89,89,78,37,13
37.436172,2018,1716,98,118,64,22,2141,1744,89,87,85,78,44,14
37.443653,2018,1716,99,117,64,22,2135,1742,79,90,93,80,41,10
37.451023,2021,1717,99,117,64,24,2138,1750,85,79,91,81,40,12
37.458427,2022,1717,99,117,64,25,2143,1741,89,89,91,66,56,11
37.465580,2012,1717,99,119,61,16,2148,1755,78,82,96,74,47,16
37.472935,2026,1719,98,122,56,31,2143,1755,76,77,98,80,49,8
37.480618,2037,1718,99,119,59,42,2145,1749,84,89,104,69,40,10
37.487640,2016,1718,99,118,59,22,2143,1735,95,101,88,66,44,14
37.494495,2022,1719,99,117,58,29,2144,1741,94,98,90,76,33,12
37.501339,2025,1720,98,117,58,32,2141,1747,85,93,82,75,52,7
37.508686,2019,1720,98,115,61,25,2143,1740,93,85,93,82,38,12
37.516258,2018,1720,99,113,62,24,2145,1763,91,69,100,75,31,16
37.523380,2023,1720,100,112,61,30,2142,1754,88,81,81,83,39,16
37.531399,2020,1721,103,109,63,24,2139,1750,90,66,102,75,44,12
37.538837,2014,1720,106,104,66,18,2133,1749,86,79,88,77,40,14
37.546341,2030,1718,107,107,65,33,2138,1745,97,73,95,63,57,8
37.553558,2027,1717,108,106,66,30,2135,1738,100,77,77,97,39,7
37.561089,2016,1717,108,109,62,20,2133,1756,83,65,92,76,52,9
37.568504,2024,1717,109,108,63,27,2132,1752,85,93,79,68,44,11
37.576241,2020,1717,111,107,62,23,2135,1752,75,92,90,65,47,14
37.584072,2018,1717,114,107,59,21,2130,1746,86,76,99,79,33,11
37.591564,2014,1716,115,107,59,17,2132,1741,95,79,79,86,39,13
37.600094,2020,1716,116,107,58,23,2129,1755,87,83,74,74,40,16
37.608147,2018,1716,119,104,58,21,2119,1747,88,72,88,75,37,12
37.615997,2008,1716,117,105,56,14,2122,1752,80,88,81,67,40,14
37.623562,2012,1715,117,105,55,20,2120,1757,89,59,86,81,41,7
37.631756,2012,1713,121,102,54,22,2125,1735,93,71,71,96,48,11
37.639412,2019,1712,121,102,54,30,2115,1737,86,83,83,80,41,5
37.647366,2013,1710,122,103,54,24,2110,1734,96,87,72,77,39,5
37.655254,2013,1712,120,103,55,23,2111,1735,85,85,82,68,44,12
37.662811,2007,1713,118,105,54,17,2104,1733,99,69,81,78,38,6
37.671509,2014,1714,115,107,53,25,2106,1738,90,80,89,60,41,8
37.679329,2017,1716,111,108,55,27,2106,1743,82,87,78,64,42,10
37.687878,2026,1715,108,110,56,37,2113,1747,84,85,72,72,46,7
37.695805,2008,1715,107,111,56,19,2119,1740,88,84,80,77,36,14
37.703472,2009,1717,106,109,58,19,2124,1728,95,92,90,63,49,7
37.711090,2012,1716,107,108,59,22,2131,1730,86,84,90,72,49,20
37.718777,2005,1718,106,103,62,16,2136,1726,86,85,93,62,64,20
37.726105,2015,1722,106,100,62,25,2138,1750,84,83,85,71,51,14
37.733353,2009,1720,108,97,64,20,2138,1742,85,85,93,85,37,11
37.740616,2009,1721,104,99,66,19,2139,1729,89,85,90,84,52,10
37.747742,2008,1721,106,99,62,20,2131,1728,95,95,71,94,41,7
37.755463,2006,1721,106,98,63,18,2131,1734,81,85,98,72,55,6
37.763359,2011,1721,107,95,65,23,2134,1719,85,96,98,84,43,9
37.770752,2004,1719,108,96,64,17,2130,1728,86,96,99,61,51,9
37.778122,2012,1718,108,95,65,26,2142,1720,103,89,89,78,49,14
37.785126,2006,1718,109,95,64,20,2139,1729,107,89,87,68,50,9
37.792587,2006,1716,111,94,65,20,2137,1735,86,81,95,101,33,6
37.799946,2005,1713,114,92,66,20,2142,1727,97,85,97,83,46,7
37.807430,2005,1712,115,95,63,20,2145,1726,89,91,96,89,42,12
37.813995,2015,1711,115,94,65,30,2141,1738,93,91,89,79,42,9
37.821213,2008,1714,113,94,65,22,2146,1726,88,87,101,84,49,11
37.827934,2010,1715,114,94,64,23,2149,1728,84,104,93,84,43,13
37.834503,2010,1715,113,94,66,22,2150,1726,93,88,106,70,48,19
37.841518,2009,1716,112,94,65,22,2141,1731,102,98,84,75,42,9
37.848789,2021,1716,113,91,67,34,2136,1734,91,79,91,82,52,7
37.855927,2009,1717,111,94,66,21,2138,1743,88,83,84,78,46,16
37.863327,2006,1717,110,94,66,19,2140,1739,80,90,89,77,54,11
37.870422,2015,1718,108,97,65,27,2139,1733,93,80,88,87,52,6
37.878254,2011,1718,110,95,65,23,2128,1740,97,70,92,86,28,15
37.885769,2000,1720,108,95,65,12,2131,1747,90,82,91,73,38,10
37.893105,2013,1720,109,94,66,24,2131,1735,83,85,87,83,44,14
37.900368,2010,1721,107,93,68,21,2136,1735,91,89,87,69,58,7
37.907757,2021,1721,106,93,69,32,2143,1739,92,83,95,74,47,13
37.914906,2016,1722,108,94,65,27,2141,1730,94,93,88,77,45,14
37.922546,2013,1721,109,93,67,23,2136,1747,83,84,87,81,43,11
37.929539,2006,1721,110,91,68,16,2130,1733,81,77,89,89,49,12
37.937412,2009,1719,110,89,72,19,2133,1725,95,88,90,76,43,16
37.945000,2003,1720,109,89,71,14,2124,1724,91,84,96,78,44,7
37.952633,2017,1721,107,91,70,28,2122,1734,94,89,81,72,42,10
37.960495,2009,1719,109,90,71,20,2127,1739,82,84,91,79,43,9
37.968288,2006,1720,108,91,68,19,2133,1728,96,93,94,72,40,10
37.975876,2014,1720,107,92,68,27,2138,1740,96,79,93,68,46,16
37.983200,2012,1716,107,94,70,25,2134,1729,98,76,97,78,48,8
37.990093,2014,1717,108,93,69,27,2142,1736,88,81,95,72,55,15
37.996784,2005,1717,107,94,69,18,2143,1732,97,83,87,88,44,12
38.003914,2012,1717,105,95,70,25,2140,1731,98,88,92,69,51,11
38.010857,2013,1716,105,97,69,26,2142,1737,91,80,87,89,42,16
38.017994,2025,1715,104,98,72,36,2135,1733,91,87,84,89,48,3
38.024971,2016,1717,103,97,72,27,2135,1736,97,78,94,85,35,10
38.032711,2012,1717,103,99,70,23,2133,1738,89,84,85,83,41,13
38.040146,2012,1718,103,97,70,24,2131,1724,106,86,86,71,48,10
38.048359,2012,1717,105,98,68,24,2119,1737,101,75,80,76,42,8
38.056034,2020,1718,103,100,66,33,2134,1722,102,94,81,74,45,16
38.064056,2012,1719,102,100,67,24,2130,1731,97,94,77,78,39,14
38.071957,2013,1725,99,99,66,24,2123,1745,95,81,90,70,34,8
38.079243,2010,1724,100,101,63,22,2119,1732,87,87,93,77,31,12
38.086849,2009,1725,101,98,64,21,2117,1739,82,90,80,76,36,14
38.094299,2014,1723,102,98,64,27,2120,1749,85,81,84,66,45,10
38.101952,2014,1723,104,97,65,25,2117,1738,98,80,86,74,33,8
38.110180,2008,1723,105,95,67,18,2124,1744,85,77,88,81,35,14
38.118038,2001,1723,106,94,67,11,2123,1726,102,86,80,75,38,16
38.125881,2015,1724,105,95,67,24,2124,1741,86,92,78,76,38,13
38.133465,2010,1725,105,93,68,19,2127,1728,97,78,93,73,44,14
38.140831,2016,1728,102,96,64,26,2131,1730,97,84,75,77,53,15
38.148525,2020,1726,107,93,63,31,2127,1726,84,89,89,81,53,5
38.156372,2012,1725,108,94,62,23,2126,1748,80,83,83,73,42,17
38.164463,2020,1725,107,93,62,33,2118,1737,89,87,76,74,45,10
38.172230,2014,1725,107,91,63,28,2115,1747,78,73,85,69,56,7
38.179504,2013,1725,110,89,64,25,2123,1739,88,78,87,80,35,16
38.186775,2010,1724,113,86,66,21,2119,1739,98,78,82,71,41,10
38.194447,2012,1725,114,84,67,22,2125,1743,94,80,91,66,44,7
38.202301,2011,1725,112,87,66,21,2125,1734,97,89,75,75,46,9
38.209644,2013,1724,113,88,64,24,2126,1743,73,92,84,78,42,14
38.216805,2015,1722,113,90,63,27,2131,1728,90,89,93,79,42,10
38.224060,2024,1720,113,91,63,37,2129,1741,90,75,89,76,49,9
38.231148,2017,1720,112,94,60,31,2131,1752,90,79,86,80,38,6
38.237869,2017,1721,112,95,59,30,2137,1730,82,102,86,79,43,15
38.245411,2008,1722,110,97,59,20,2144,1717,96,89,103,83,46,10
38.252918,2007,1721,111,100,57,18,2144,1734,80,86,95,92,49,8
38.259808,2018,1720,114,98,57,29,2149,1724,92,80,96,86,55,16
38.266872,2010,1718,113,98,58,23,2147,1733,96,77,98,87,48,8
38.273773,2018,1716,112,98,60,32,2142,1718,104,90,93,83,45,9
38.280712,2017,1713,115,93,64,32,2148,1731,103,90,98,81,37,8
38.288078,2025,1713,112,95,66,39,2144,1745,101,74,105,72,42,5
38.294872,2009,1712,112,94,68,23,2159,1734,101,90,91,76,52,15
38.301899,2005,1711,113,90,71,20,2144,1729,107,73,75,91,56,13
38.308521,2015,1712,110,93,70,30,2142,1723,95,75,98,100,38,13
38.315556,2007,1711,109,92,71,24,2135,1726,94,91,85,92,36,11
38.322941,2000,1711,109,91,72,17,2134,1726,85,89,98,85,40,11
38.330482,2002,1710,109,93,72,18,2136,1722,88,91,106,73,45,11
38.337536,2017,1711,106,96,72,32,2130,1734,83,81,99,74,50,9
38.344894,2000,1712,106,98,68,16,2137,1731,93,71,95,89,39,19
38.352760,2007,1715,103,99,67,23,2125,1731,87,88,90,75,49,5
38.360355,2008,1714,105,98,67,24,2120,1730,85,78,80,82,56,9
38.368084,2010,1714,105,94,72,25,2126,1721,99,74,84,83,56,9
38.375729,2010,1714,109,89,75,23,2128,1735,83,95,83,75,48,9
38.383564,2029,1715,108,89,78,39,2137,1723,102,80,90,84,46,12
38.390793,2010,1715,108,87,81,19,2138,1743,86,83,81,91,43,11
38.398163,2012,1716,107,89,78,22,2142,1740,86,73,88,87,57,11
38.405491,2015,1714,107,93,76,25,2135,1720,96,78,104,84,43,10
38.412476,2018,1714,110,91,74,29,2133,1735,86,96,93,73,43,7
38.419704,2021,1714,110,91,74,32,2140,1728,95,68,107,89,43,10
38.427155,2012,1715,110,89,74,24,2131,1736,78,87,92,80,50,8
38.434509,2010,1716,109,92,72,21,2127,1724,88,83,106,70,48,8
38.441788,2031,1716,108,92,73,42,2134,1723,92,89,95,91,37,7
38.448975,2012,1717,107,93,72,23,2144,1721,91,94,87,82,51,18
38.455654,2015,1717,108,92,73,25,2146,1736,91,91,84,89,43,12
38.463264,2014,1717,106,96,71,24,2138,1736,77,88,86,80,56,15
38.470627,2016,1717,106,97,70,26,2137,1736,87,93,85,92,34,10
38.478146,2009,1716,106,98,71,18,2129,1723,104,75,96,70,52,9
38.485294,2011,1716,106,100,69,20,2141,1729,82,91,100,89,36,14
38.492752,2013,1717,107,97,72,20,2143,1737,91,90,92,80,41,12
38.500198,2012,1718,104,99,72,19,2144,1732,85,87,93,94,41,12
38.506836,2014,1717,104,98,74,21,2149,1737,84,83,90,86,61,8
38.514023,2030,1717,103,96,78,36,2157,1744,93,76,85,97,48,14
38.521053,2022,1718,105,96,75,28,2153,1730,94,94,91,90,46,8
38.528519,2038,1718,105,96,76,43,2160,1750,79,108,77,91,39,16
38.535789,2025,1717,107,94,77,30,2141,1737,88,93,95,91,33,4
38.543011,2021,1717,107,98,73,26,2151,1728,103,94,91,73,49,13
38.550465,2020,1718,105,103,69,25,2148,1737,98,83,92,75,52,11
38.557720,2023,1719,103,103,69,29,2158,1742,90,90,86,97,39,14
38.564621,2017,1719,104,102,69,23,2165,1732,92,89,104,82,51,15
38.571918,2027,1719,104,103,69,32,2172,1745,93,77,106,85,49,17
38.578964,2026,1720,105,103,68,30,2180,1744,88,86,88,101,60,13
38.585320,2030,1720,105,102,69,34,2186,1747,92,83,115,92,48,9
38.591915,2020,1720,106,99,72,23,2178,1754,86,100,86,80,62,10
38.598999,2018,1718,105,101,72,22,2166,1751,81,88,85,91,60,10
38.605862,2027,1717,108,100,70,32,2161,1738,89,85,97,92,51,9
38.612957,2026,1716,108,103,67,32,2160,1747,87,90,82,81,63,10
38.620193,2025,1716,106,105,67,31,2153,1735,83,86,118,66,52,13
38.628021,2019,1716,106,106,66,25,2135,1743,87,86,86,81,45,7
38.635624,2019,1714,108,100,71,26,2137,1732,87,86,91,87,44,10
38.643345,2011,1714,108,100,71,18,2132,1736,102,78,75,94,38,9
38.651077,2022,1714,108,100,70,30,2135,1737,83,89,104,67,47,8
38.658367,2023,1713,105,105,69,31,2143,1740,88,84,83,94,41,13
38.665466,2007,1715,104,104,70,14,2143,1730,84,96,103,64,57,9
38.672394,2023,1718,101,102,71,31,2140,1732,92,88,83,81,51,13
38.679409,2013,1717,104,97,75,20,2140,1737,90,81,88,83,54,7
38.687164,2008,1716,106,97,74,15,2138,1729,86,99,86,75,49,14
38.694492,2021,1715,106,94,78,28,2138,1733,78,102,83,81,51,10
38.702118,2013,1717,103,100,72,21,2144,1741,91,84,79,89,50,10
38.709526,2015,1718,104,101,68,24,2139,1730,91,93,86,82,49,8
38.716717,2021,1717,105,99,71,29,2134,1752,82,78,98,77,38,9
38.724155,2020,1716,105,99,74,26,2128,1746,88,83,90,74,36,11
38.731659,2026,1717,105,97,76,31,2122,1743,85,86,90,76,33,9
38.739338,2017,1715,105,98,78,21,2121,1735,84,91,87,72,44,8
38.746952,2017,1714,107,96,79,21,2123,1737,107,73,84,73,35,14
38.754173,2025,1715,108,96,78,28,2133,1731,93,88,77,80,49,15
38.761925,2017,1715,109,93,80,20,2127,1739,83,92,79,76,50,8
38.769840,2022,1714,109,94,80,25,2126,1738,85,79,81,83,48,12
38.777451,2026,1712,110,94,81,29,2130,1737,86,76,83,83,49,16
38.784863,2016,1711,110,94,82,19,2123,1734,90,80,80,77,48,14
38.792889,2016,1710,108,96,82,20,2124,1726,95,76,85,82,43,17
38.800606,2017,1711,107,97,80,22,2124,1734,91,73,95,83,39,9
38.808239,2026,1712,105,99,79,31,2123,1733,90,87,87,73,41,12
38.815666,2021,1710,107,97,80,27,2137,1743,87,73,99,77,43,15
38.823017,2019,1710,107,99,78,25,2135,1747,86,86,64,84,58,10
38.830688,2017,1712,106,100,76,23,2130,1740,90,77,91,74,48,10
38.838001,2016,1712,108,98,75,23,2133,1734,95,79,77,78,53,17
38.845428,2008,1713,106,100,73,16,2125,1733,90,75,89,79,51,8
38.852825,2022,1714,104,103,71,30,2132,1750,83,83,89,65,50,12
38.860344,2020,1716,102,104,70,28,2132,1739,90,85,94,71,41,12
38.867870,2022,1716,102,105,69,30,2130,1753,85,83,77,78,42,12
38.875034,2022,1713,103,106,70,30,2134,1758,78,81,95,79,36,7
38.882587,2023,1716,100,108,68,31,2136,1748,79,91,92,78,38,10
38.890598,2016,1714,101,106,69,26,2129,1739,95,89,80,79,38,9
38.897800,2022,1713,104,102,70,33,2123,1733,93,80,87,80,40,10
38.905506,2009,1714,103,102,70,20,2120,1736,96,82,75,80,42,9
38.913422,2013,1714,102,103,70,24,2120,1728,102,73,94,68,47,8
38.920979,2019,1713,103,102,71,30,2121,1742,84,88,71,87,42,7
38.928909,2009,1713,103,104,69,20,2121,1740,91,84,81,68,45,12
38.936119,2011,1713,99,109,70,20,2126,1738,101,82,75,86,34,10
38.943554,2014,1715,97,109,70,23,2125,1732,102,85,82,75,39,10
38.950535,2009,1715,96,108,73,17,2128,1738,81,89,90,76,40,14
38.957817,2022,1714,98,107,73,30,2145,1747,83,88,85,85,40,17
38.964787,2024,1715,98,106,73,32,2150,1731,92,87,74,92,63,11
38.971931,2010,1713,101,104,73,19,2145,1751,93,75,82,85,45,14
38.978733,2024,1713,100,109,68,34,2145,1735,91,73,102,76,51,17
38.985901,2015,1712,99,110,69,25,2148,1726,88,90,81,86,59,18
38.993176,2014,1711,100,111,68,24,2138,1737,83,98,91,78,46,5
39.000355,2020,1711,102,109,66,32,2147,1735,100,78,101,74,50,9
39.007504,2017,1712,99,111,66,29,2144,1733,86,93,98,84,41,9
39.014027,2018,1712,100,111,67,28,2157,1741,87,79,95,79,53,23
39.021202,2014,1713,103,107,66,25,2140,1727,90,86,93,85,42,17
39.028076,2013,1712,103,107,68,23,2143,1734,76,92,86,86,55,14
39.035473,2015,1712,102,107,69,25,2146,1718,97,93,89,93,38,18
39.042252,2015,1711,102,107,69,26,2138,1723,93,96,92,83,40,11
39.049419,2016,1709,104,106,70,27,2142,1730,78,103,99,61,51,20
39.056381,2007,1710,102,107,70,18,2141,1716,100,81,101,83,44,16
39.063488,2024,1709,103,106,71,35,2143,1725,97,91,89,83,42,16
39.070450,2024,1707,105,104,72,36,2140,1735,93,94,90,80,39,9
39.077717,2026,1710,102,106,72,36,2140,1727,90,83,92,96,45,7
39.085262,2014,1711,101,105,73,24,2142,1734,96,76,93,77,57,9
39.092373,2007,1711,100,106,75,15,2136,1724,83,81,98,85,48,17
39.099316,2009,1711,98,107,76,17,2140,1728,87,91,94,79,51,10
39.106689,2013,1712,97,108,75,21,2134,1723,99,90,73,84,48,17
39.113495,2017,1711,100,106,75,25,2135,1733,89,93,87,81,39,13
39.120861,2014,1709,103,105,75,22,2129,1731,87,98,89,70,46,8
39.128510,2015,1709,103,108,72,23,2130,1721,86,95,93,94,34,7
39.135941,2010,1710,104,106,71,19,2129,1715,85,89,92,93,41,14
39.143383,2020,1710,105,106,70,29,2128,1732,79,99,89,79,39,11
39.151222,2018,1710,105,106,68,29,2120,1719,107,78,99,68,44,5
39.158394,2013,1711,104,106,68,24,2120,1708,98,92,94,73,43,12
39.165688,2011,1711,103,105,69,23,2122,1729,93,87,81,69,49,14
39.173122,2012,1713,100,104,70,25,2130,1721,84,89,106,80,41,9
39.180393,2010,1714,100,102,68,26,2130,1731,92,81,87,90,38,11
39.187550,2009,1713,101,102,68,25,2127,1723,97,82,99,70,39,17
39.194752,2016,1712,101,102,70,31,2126,1718,96,81,96,86,41,8
39.201927,2023,1711,102,102,69,39,2124,1729,80,94,81,83,51,6
39.209282,2011,1712,101,103,68,27,2121,1716,91,77,96,76,49,16
39.216412,2008,1711,104,100,68,25,2119,1717,84,91,91,84,43,9
39.223591,2006,1712,102,100,70,22,2122,1726,74,97,87,80,41,17
39.230930,2000,1711,102,101,69,17,2118,1721,93,81,98,74,39,12
39.238712,2000,1712,102,101,67,18,2124,1722,81,80,96,84,47,14
39.246380,2003,1712,102,100,68,21,2126,1727,93,76,102,75,42,11
39.253788,2014,1710,105,98,68,33,2129,1714,98,85,92,88,42,10
39.260777,2012,1712,105,96,69,30,2137,1730,93,77,115,72,43,7
39.267590,2009,1711,106,98,67,27,2133,1711,110,87,101,82,34,8
39.274765,2010,1711,107,96,70,26,2127,1725,94,90,90,85,40,3
39.282314,2008,1710,110,96,66,26,2126,1719,86,90,102,76,39,14
39.289150,2011,1709,112,94,66,30,2124,1710,106,90,95,78,35,10
39.296440,2004,1708,115,94,66,21,2124,1730,100,80,77,83,47,7
39.303696,2013,1709,113,93,68,30,2129,1734,87,95,88,62,51,12
39.310978,2004,1708,115,92,67,22,2131,1717,106,89,82,71,53,13
39.318531,2013,1710,114,93,65,31,2129,1729,90,74,92,86,46,12
39.325779,2006,1709,115,91,67,24,2133,1718,98,80,92,82,49,14
39.332878,2003,1710,114,89,69,21,2127,1733,87,92,85,73,43,14
39.340981,2007,1710,114,88,70,25,2130,1729,96,88,88,72,47,10
39.348248,2008,1710,115,86,69,28,2136,1712,98,93,84,84,52,13
39.355320,1999,1710,114,89,66,20,2136,1721,105,94,98,76,34,8
39.362743,2001,1710,116,85,67,23,2128,1720,93,92,93,92,30,8
39.369492,2003,1709,114,88,68,24,2127,1716,103,76,79,85,56,12
39.376503,2009,1708,111,91,69,30,2127,1706,100,89,94,79,40,19
39.383682,2005,1708,110,95,65,27,2120,1713,100,90,91,74,43,9
39.390949,2007,1708,109,93,67,30,2125,1701,114,90,94,78,36,12
39.397827,2004,1707,106,96,69,26,2131,1722,81,87,100,89,40,12
39.405254,1999,1706,105,97,70,21,2136,1716,87,98,110,73,40,12
39.412125,1999,1706,103,101,69,20,2134,1708,90,91,105,85,44,11
39.419292,1999,1706,105,99,67,22,2132,1718,90,106,99,67,32,20
39.426327,2009,1707,105,99,64,34,2130,1701,109,93,98,82,35,12
39.433243,2000,1708,104,100,64,24,2120,1703,92,104,95,81,31,14
39.440132,2006,1706,104,103,62,31,2127,1714,100,92,91,92,26,12
39.447144,2000,1706,105,102,65,22,2125,1702,97,103,102,69,40,12
39.454227,2003,1706,104,104,64,25,2117,1726,92,88,98,77,30,6
39.461555,2009,1704,110,100,64,31,2129,1727,88,87,87,76,48,16
39.468590,2009,1704,109,102,64,30,2123,1712,93,97,84,81,45,11
39.475685,1992,1702,110,104,63,13,2119,1716,95,83,98,82,37,8
39.482872,2000,1701,108,105,65,21,2129,1712,87,101,100,75,40,14
39.490128,2013,1700,109,103,67,34,2129,1706,120,80,97,74,40,12
39.497120,2005,1699,110,102,68,26,2123,1709,99,86,104,70,44,11
39.504349,2003,1699,109,101,70,24,2128,1717,81,107,82,74,54,13
39.511215,2009,1699,110,99,72,29,2127,1713,101,86,74,83,60,10
39.518543,2008,1700,110,98,72,28,2129,1713,105,89,97,62,49,14
39.525593,2000,1700,110,99,70,21,2132,1712,88,115,100,67,37,13
39.532970,2003,1701,108,101,65,28,2130,1717,95,95,86,77,44,16
39.540352,1999,1701,108,100,68,22,2127,1724,83,90,103,70,43,14
39.547363,2003,1701,108,97,70,27,2123,1703,100,84,95,87,45,9
39.554493,2001,1701,110,96,68,26,2125,1709,104,97,80,89,39,7
39.561863,1995,1701,109,97,67,21,2118,1718,88,76,100,82,42,12
39.569214,1998,1701,109,97,67,24,2110,1719,91,86,81,70,54,9
39.576981,2005,1698,110,97,68,32,2115,1724,103,78,81,77,44,8
39.584770,1999,1699,109,94,72,25,2110,1717,87,82,96,83,36,9
39.592556,1994,1699,109,97,68,21,2107,1716,91,78,109,65,37,11
39.600456,1999,1698,109,96,70,26,2108,1717,80,87,101,72,43,8
39.607536,2019,1698,105,99,72,45,2114,1712,99,88,86,81,35,13
39.615208,2000,1699,104,99,72,26,2107,1705,91,88,92,78,40,13
39.622375,1987,1699,105,101,69,13,2104,1714,86,73,97,81,42,11
39.630241,1991,1699,106,101,69,16,2100,1704,95,95,79,81,38,8
39.637848,1998,1702,103,103,65,25,2105,1723,77,81,91,71,45,17
39.645000,1992,1701,105,103,64,19,2096,1709,89,77,98,71,36,16
39.652752,1994,1700,105,103,65,21,2095,1710,84,80,101,71,36,13
39.660263,1996,1701,105,102,65,23,2099,1711,89,81,95,74,36,13
39.667919,1999,1702,106,99,66,26,2093,1713,77,100,93,59,38,13
39.675655,2000,1702,106,100,66,26,2086,1721,84,89,80,72,26,14
39.683502,1989,1699,105,102,67,16,2089,1711,88,92,85,60,40,13
39.691078,1991,1698,103,105,67,18,2089,1691,102,73,93,81,40,9
39.698853,1996,1698,99,109,66,24,2086,1704,86,93,81,80,36,6
39.706417,1986,1698,99,110,65,14,2088,1689,97,80,92,88,38,4
39.714226,1992,1697,98,113,64,20,2091,1700,89,93,84,68,42,15
39.722069,1987,1695,100,112,62,18,2086,1703,86,79,96,71,37,14
39.729900,1986,1697,100,110,63,16,2086,1696,87,94,101,65,35,8
39.737991,1994,1696,99,114,61,24,2095,1701,96,88,82,70,37,21
39.745827,1995,1695,101,113,61,25,2083,1699,93,91,78,81,37,4
39.753719,1994,1696,98,112,64,24,2091,1696,95,86,86,84,36,8
39.761387,1994,1695,98,112,65,24,2096,1709,85,77,89,72,51,13
39.769161,1997,1695,97,111,69,25,2095,1703,90,80,92,77,42,11
39.776794,2002,1696,98,111,67,30,2098,1691,96,93,87,81,41,9
39.784222,1994,1697,99,110,66,22,2100,1698,88,95,84,83,38,14
39.791512,2003,1696,99,108,68,32,2099,1701,88,91,91,79,40,9
39.799339,1998,1697,98,109,67,27,2100,1709,91,93,83,75,42,7
39.806572,1997,1699,100,107,65,26,2108,1698,95,86,86,75,56,12
39.813889,1995,1700,99,108,65,23,2099,1702,88,99,92,65,39,14
39.821236,1999,1701,97,110,64,27,2092,1704,90,88,94,67,37,12
39.828766,1996,1697,104,105,63,27,2090,1692,90,96,77,84,41,10
39.836582,1990,1697,108,102,61,22,2090,1711,75,96,93,70,35,10
39.843834,1997,1692,110,104,64,27,2096,1696,102,84,82,77,47,8
39.851006,1998,1690,111,107,62,28,2096,1700,82,92,85,79,44,14
39.858109,1999,1690,112,107,60,30,2094,1700,97,82,91,71,44,9
39.865692,1987,1690,112,109,58,18,2093,1688,101,74,108,68,50,4
39.873138,1990,1690,109,111,59,21,2102,1698,86,92,88,76,50,12
39.880718,1993,1689,111,108,61,24,2099,1694,100,82,96,73,46,8
39.888073,1993,1689,112,104,64,24,2097,1698,100,80,89,73,45,12
39.895256,1993,1688,113,102,65,25,2104,1707,84,83,99,72,48,11
39.902695,2000,1688,115,101,63,33,2099,1696,81,98,92,85,33,14
39.910450,1998,1689,114,101,63,31,2097,1698,91,68,99,83,47,11
39.917946,1990,1689,115,101,62,23,2088,1704,93,84,83,69,45,10
39.925499,1992,1691,114,99,63,25,2094,1698,97,92,81,67,43,16
39.932808,1995,1691,111,100,65,28,2095,1702,95,78,83,88,38,11
39.939987,2000,1691,110,99,65,35,2094,1697,96,77,86,81,44,13
39.947392,1982,1688,108,105,65,16,2093,1698,96,76,100,67,46,10
39.954365,1990,1688,113,102,61,26,2102,1689,97,99,88,69,45,15
39.961857,1992,1685,118,98,64,27,2091,1709,101,76,85,72,38,10
39.969025,1983,1684,116,100,64,19,2088,1695,102,84,81,73,43,10
39.976376,1989,1684,118,98,64,25,2083,1709,92,81,84,73,33,11
39.984241,1987,1686,119,96,64,22,2086,1705,82,90,89,70,41,9
39.991535,1989,1684,118,95,68,24,2097,1698,101,94,79,75,35,15
39.999416,1993,1684,118,96,67,28,2097,1704,85,98,81,82,35,12
40.006905,1992,1686,116,99,65,26,2095,1703,90,94,92,61,47,8
40.014301,1994,1685,117,96,68,28,2092,1703,89,87,90,72,38,13
40.022144,1993,1685,117,97,67,27,2083,1700,96,82,76,68,54,7
40.029709,1991,1684,116,99,66,26,2083,1698,85,79,95,71,42,13
40.037529,1992,1685,115,100,66,26,2089,1695,81,95,81,73,45,19
40.045170,1989,1685,113,101,67,23,2087,1692,98,81,88,76,37,15
40.052734,1996,1685,113,100,68,30,2082,1691,90,81,94,77,42,7
40.060452,1989,1682,116,101,65,25,2088,1705,84,91,90,77,32,9
40.068233,1998,1681,118,99,68,32,2081,1687,95,92,76,84,40,7
40.075691,1994,1680,117,102,69,26,2089,1690,93,110,81,69,37,9
40.083427,2003,1681,118,101,68,35,2092,1692,101,97,75,76,37,14
40.090393,1998,1680,118,101,69,30,2094,1696,107,87,77,80,41,6
40.097759,1998,1680,117,102,69,30,2099,1707,94,79,96,60,51,12
40.105579,1992,1680,116,102,68,26,2098,1706,95,87,81,71,52,6
40.113144,1994,1679,113,105,70,27,2102,1706,94,81,100,65,41,15
40.120693,1990,1679,113,106,69,23,2095,1702,94,83,91,77,39,9
40.128128,1996,1679,113,107,67,30,2107,1702,86,102,75,72,55,15
40.135529,1996,1680,113,107,65,31,2108,1695,94,96,93,87,37,6
40.142387,1991,1680,117,102,66,26,2106,1701,94,86,92,74,46,13
40.149605,1983,1679,117,104,64,19,2091,1688,95,98,96,69,37,8
40.156937,1991,1681,113,107,63,27,2092,1690,95,90,96,79,37,5
40.164352,1989,1681,115,106,62,25,2092,1698,87,82,96,78,41,10
40.171833,1991,1679,116,107,62,27,2105,1697,100,76,80,87,51,14
40.179386,1991,1681,114,107,61,28,2106,1698,99,99,82,79,38,11
40.186722,1984,1681,113,108,60,22,2108,1692,96,96,97,78,37,12
40.194016,1985,1684,111,104,63,23,2111,1705,82,96,90,78,50,10
40.201290,1981,1684,110,107,62,18,2111,1698,85,92,83,92,47,14
40.208935,1986,1684,110,108,60,24,2110,1699,88,102,93,74,45,9
40.215683,1987,1685,109,110,58,25,2115,1707,96,81,109,74,39,9
40.222706,1986,1685,109,109,59,24,2119,1706,95,79,85,97,47,10
40.229885,1987,1685,109,110,58,25,2117,1707,90,80,104,72,46,18
40.237331,1990,1684,109,110,60,27,2115,1695,105,88,89,85,42,11
40.244205,1993,1684,108,112,58,31,2116,1696,100,74,100,87,45,14
40.251106,1983,1684,107,114,61,17,2119,1689,86,105,98,83,51,7
40.258289,1994,1684,105,116,60,29,2118,1702,85,107,88,94,32,10
40.265690,1991,1683,106,116,62,24,2127,1705,104,82,87,92,40,17
40.273010,1993,1684,104,117,63,25,2123,1706,95,89,81,85,58,9
40.280239,1993,1683,103,118,64,25,2130,1700,103,95,100,81,39,12
40.287319,1999,1683,105,116,65,30,2132,1702,92,91,90,84,57,16
40.294582,1995,1682,106,116,66,25,2136,1700,101,98,83,101,41,12
40.301266,2000,1683,105,116,67,29,2140,1718,89,91,96,84,51,11
40.308105,2004,1684,104,119,64,33,2145,1718,99,78,94,83,50,23
40.314743,2010,1684,106,120,64,36,2139,1721,93,90,82,88,50,15
40.321674,1995,1685,105,122,63,20,2140,1724,97,93,81,81,50,14
40.328094,2001,1684,106,121,65,25,2145,1710,103,92,106,76,50,8
40.334930,2002,1681,108,119,68,26,2147,1716,111,91,94,89,34,12
40.341946,2009,1681,108,119,69,32,2145,1703,95,98,104,90,46,9
40.349041,2001,1681,110,117,68,25,2138,1714,88,101,109,80,37,9
40.356041,2006,1681,109,117,69,30,2149,1706,104,87,94,94,52,12
40.363152,1995,1681,108,119,67,20,2145,1714,86,103,105,86,39,12
40.370083,1994,1680,109,116,69,20,2142,1714,103,87,87,94,45,12
40.377014,2004,1681,108,119,66,30,2136,1712,90,90,109,82,41,12
40.383850,2007,1682,108,119,65,33,2136,1716,99,79,87,93,50,12
40.391003,1998,1683,108,118,65,24,2134,1698,105,90,106,92,39,4
40.398159,2006,1685,107,117,65,32,2143,1706,105,88,87,88,56,13
40.404930,1999,1685,108,118,63,25,2140,1702,104,86,103,93,41,11
40.411839,1997,1685,108,119,64,21,2137,1702,91,90,115,83,45,11
40.418499,2000,1685,108,119,64,24,2150,1718,95,96,99,72,55,15
40.425171,2006,1684,110,117,67,28,2141,1727,89,84,102,80,47,12
40.432266,1997,1683,110,117,70,17,2141,1713,99,92,94,79,54,10
40.439228,2003,1683,109,119,70,22,2143,1715,104,85,103,83,36,17
40.446346,2005,1684,109,119,69,24,2136,1726,79,91,86,90,53,11
40.453762,2008,1684,109,119,69,27,2140,1717,97,73,110,85,48,10
40.460625,2007,1685,109,117,70,26,2134,1719,100,91,96,76,39,13
40.467659,2004,1684,109,117,71,23,2138,1734,87,76,98,86,39,18
40.474743,2023,1684,105,120,72,42,2131,1718,95,83,88,89,49,9
40.481548,2012,1683,107,115,78,29,2129,1707,101,88,94,84,43,12
40.488605,2015,1680,108,116,79,32,2128,1723,96,91,99,79,29,11
40.495651,2017,1682,107,118,76,34,2131,1736,73,90,91,87,38,16
40.502171,2006,1683,107,119,74,23,2127,1711,91,89,90,85,50,11
40.509186,2018,1684,108,117,74,35,2125,1716,95,100,92,66,46,10
40.516293,2005,1682,109,118,74,22,2131,1724,73,104,95,78,43,14
40.523659,2013,1683,108,120,74,28,2131,1713,85,86,104,77,52,14
40.531097,2005,1684,112,116,74,19,2124,1718,87,86,93,87,45,8
40.538544,2009,1684,112,116,74,23,2129,1726,78,91,87,93,39,15
40.545994,2011,1685,112,117,72,25,2128,1721,90,95,83,84,40,15
40.553555,2032,1687,110,120,70,45,2123,1722,102,75,99,63,47,15
40.560242,2008,1689,114,116,68,21,2122,1729,85,91,99,67,34,17
40.567722,2011,1688,115,115,71,22,2114,1717,99,85,93,78,33,9
40.574997,2004,1689,114,117,69,15,2123,1720,87,87,82,90,41,16
40.582554,2015,1689,115,116,71,24,2118,1723,96,73,96,75,45,10
40.589622,2008,1690,113,120,69,16,2130,1726,87,78,101,81,46,11
40.596935,2016,1692,110,122,68,24,2132,1726,87,97,86,79,47,10
40.604477,2021,1692,108,123,69,29,2129,1732,80,92,100,73,43,9
40.611584,2021,1692,109,121,69,30,2128,1733,94,81,82,83,51,4
40.619431,2019,1692,111,118,71,27,2126,1734,88,78,75,83,55,13
40.626911,2011,1692,110,120,69,20,2124,1724,101,98,83,63,44,11
40.634842,2006,1690,114,120,67,15,2123,1722,86,96,97,74,39,9
40.642429,2015,1688,113,121,69,24,2120,1714,87,92,89,77,48,13
40.649948,2012,1689,110,122,70,21,2115,1710,89,93,90,75,43,15
40.657108,2012,1689,111,121,67,24,2111,1722,94,98,78,75,36,8
40.665024,2007,1689,113,118,68,19,2107,1710,90,92,85,84,40,6
40.672222,2025,1690,114,118,68,35,2115,1716,92,81,92,76,46,12
40.679462,2011,1689,112,123,68,19,2120,1709,98,81,87,95,38,12
40.686699,2022,1690,112,122,68,30,2134,1721,85,104,90,79,40,15
40.694427,2019,1692,113,122,64,28,2126,1723,103,78,92,80,39,11
40.701958,2012,1693,112,122,64,21,2126,1729,88,91,98,70,36,14
40.709076,2017,1692,113,124,66,22,2128,1722,94,96,94,73,42,7
40.716564,2023,1691,112,125,66,29,2136,1725,96,86,88,84,45,12
40.723625,2018,1692,113,125,65,23,2138,1716,94,95,91,80,49,13
40.730667,2012,1691,113,125,66,17,2136,1718,103,88,83,86,46,12
40.737934,2019,1691,112,126,66,24,2139,1714,107,88,106,71,41,12
40.744984,2029,1692,110,129,65,33,2136,1729,100,93,87,80,37,10
40.752075,2011,1691,113,127,64,16,2131,1721,94,86,90,88,40,12
40.759483,2014,1691,114,127,61,21,2129,1717,92,90,93,68,55,14
40.766891,2020,1690,114,127,62,27,2125,1715,98,85,94,81,38,14
40.774532,2014,1690,116,127,60,21,2127,1722,101,85,99,74,36,10
40.782093,2018,1692,116,123,61,26,2127,1722,97,89,74,81,54,10
40.789402,2019,1691,118,121,61,28,2128,1734,84,96,84,80,44,6
40.796467,2020,1692,120,121,58,29,2132,1723,109,80,91,90,37,2
40.803936,2018,1690,123,117,61,27,2133,1731,86,108,97,60,42,9
40.810738,2013,1690,121,117,61,24,2140,1718,94,96,93,89,37,13
40.818199,2018,1690,121,118,61,28,2141,1729,101,74,112,75,40,10
40.825729,2012,1690,120,118,62,22,2138,1725,85,97,86,84,44,17
40.832806,2016,1691,118,120,61,26,2143,1727,98,94,95,73,49,7
40.840210,2020,1693,116,120,61,30,2143,1720,88,97,84,96,47,11
40.846905,2014,1694,118,117,62,23,2152,1740,82,83,97,87,50,13
40.853992,2015,1694,118,113,65,25,2150,1733,93,93,102,70,50,9
40.860985,2016,1693,118,113,66,26,2137,1728,100,78,101,73,43,14
40.868469,2009,1692,118,116,64,19,2136,1739,82,80,87,77,61,10
40.876110,2018,1694,116,119,61,28,2139,1731,88,95,88,88,41,8
40.883629,2016,1693,117,119,60,27,2140,1737,80,92,93,84,43,11
40.890514,2015,1693,117,114,67,24,2145,1732,104,71,91,88,51,8
40.897549,2014,1692,117,116,67,22,2145,1728,87,91,88,78,62,11
40.904705,2012,1691,119,117,65,20,2141,1725,99,85,104,78,39,11
40.911644,2012,1691,120,116,65,20,2146,1735,83,88,96,73,56,15
40.918671,2024,1691,120,116,63,34,2130,1739,84,94,87,76,43,7
40.926041,2000,1692,120,116,62,10,2138,1726,88,82,91,93,48,10
40.933640,2012,1694,119,117,57,25,2133,1728,88,86,88,104,35,4
40.940289,2003,1697,118,115,57,16,2142,1726,99,79,96,79,46,17
40.947601,2021,1699,116,115,58,33,2141,1735,84,95,93,84,31,19
40.955070,2011,1699,115,116,59,22,2133,1733,96,84,94,83,37,6
40.962250,2011,1700,116,110,63,22,2134,1732,90,82,98,90,37,5
40.969360,2023,1701,116,109,63,34,2141,1729,93,96,95,69,47,12
40.976570,2012,1699,116,109,64,24,2137,1728,86,100,101,74,38,10
40.983429,2016,1696,119,107,66,28,2153,1724,101,87,107,79,42,13
40.990765,2022,1698,114,108,69,33,2152,1730,100,95,82,81,47,17
40.997887,2013,1698,114,109,68,24,2147,1737,99,90,86,85,42,8
41.005188,2018,1697,114,109,69,29,2144,1737,86,95,90,71,53,12
41.012535,2014,1697,114,112,66,25,2145,1731,96,84,100,72,49,13
41.019691,2010,1698,111,114,66,21,2139,1722,92,87,79,94,46,19
41.026814,2014,1699,107,117,67,24,2139,1728,90,85,76,93,53,14
41.034416,2021,1697,109,116,68,31,2130,1723,94,71,100,82,48,12
41.041580,2022,1695,112,117,66,32,2131,1736,82,92,83,91,33,14
41.048790,2006,1694,113,117,65,17,2138,1724,94,81,94,86,49,10
41.055820,2019,1694,114,117,63,31,2140,1718,95,95,94,78,51,9
41.063232,2010,1695,112,118,62,23,2132,1719,88,92,93,87,42,11
41.070717,2011,1696,115,117,61,22,2140,1729,99,83,93,71,53,12
41.077930,2016,1698,114,120,59,25,2147,1710,96,80,118,75,59,9
41.084915,2014,1699,113,121,58,23,2138,1726,93,98,84,98,29,10
41.092175,2025,1698,116,117,61,33,2137,1728,98,93,80,84,41,13
41.099144,2017,1698,116,116,64,23,2134,1739,94,93,88,69,35,16
41.106651,2021,1699,116,113,66,27,2132,1736,85,87,95,75,40,14
41.114040,2018,1698,115,117,64,24,2133,1736,85,91,77,92,43,9
41.121605,2018,1698,116,115,65,24,2137,1729,100,73,113,68,43,11
41.128990,2028,1702,110,118,64,34,2138,1728,105,74,88,92,41,10
41.136757,2015,1702,108,118,66,21,2135,1733,76,87,87,95,45,12
41.144741,2013,1702,108,118,66,19,2128,1724,98,85,88,85,40,8
41.152527,2014,1706,108,117,63,20,2127,1718,105,87,105,62,44,6
41.159695,2022,1707,107,118,62,28,2133,1731,89,80,91,90,41,11
41.167175,2019,1707,109,118,60,25,2124,1721,94,87,97,78,38,9
41.174625,2009,1708,109,115,62,15,2129,1717,95,95,76,87,44,15
41.182178,2021,1707,106,117,63,28,2129,1730,92,102,76,84,36,9
41.189617,2020,1708,106,115,63,28,2127,1736,89,75,104,80,32,11
41.196999,2015,1705,108,115,62,25,2131,1720,99,85,100,79,38,10
41.204250,2024,1705,109,113,64,33,2134,1736,87,99,84,68,47,13
41.211254,2021,1705,111,107,69,29,2132,1732,90,88,104,67,42,9
41.218178,2020,1705,111,107,68,29,2141,1722,97,82,90,83,49,18
41.225967,2019,1704,111,108,69,27,2135,1726,99,80,97,74,48,11
41.233452,2017,1707,111,107,68,24,2127,1733,82,91,79,97,34,11
41.240829,2021,1707,108,112,66,28,2130,1734,84,87,89,74,49,13
41.248108,2013,1707,110,110,63,23,2122,1735,82,84,90,74,47,10
41.255814,2017,1709,110,107,64,27,2120,1718,103,93,81,76,40,9
41.263474,2016,1708,111,101,69,27,2129,1708,114,82,94,82,37,12
41.270691,2027,1709,110,106,65,37,2130,1725,90,90,94,74,50,7
41.277710,2009,1708,112,106,61,22,2138,1730,81,94,91,79,52,11
41.285480,2009,1709,115,103,62,20,2122,1724,95,98,89,72,37,7
41.293190,2014,1711,115,101,62,25,2125,1746,71,108,80,69,33,18
41.301411,2010,1711,116,101,62,20,2124,1728,92,92,81,76,40,15
41.308914,2017,1712,114,100,64,27,2124,1728,97,87,77,74,48,13
41.316292,2021,1712,116,101,60,32,2117,1733,87,90,83,74,37,13
41.324337,2011,1709,118,101,62,21,2117,1727,93,84,88,74,44,7
41.332073,2012,1708,117,101,65,21,2114,1725,93,77,89,83,42,5
41.339626,2017,1708,117,100,66,26,2128,1719,92,91,98,72,40,16
41.347240,2023,1708,118,100,66,31,2123,1739,95,82,93,69,38,7
41.355278,2011,1707,119,99,67,19,2128,1732,95,92,85,73,36,15
41.363037,2020,1705,121,100,68,26,2125,1731,104,75,88,70,50,7
41.370697,2015,1706,120,99,67,23,2118,1735,81,92,82,81,42,5
41.378494,2023,1708,117,102,65,31,2122,1739,89,88,83,76,36,11
41.385933,2010,1710,114,101,66,19,2116,1714,95,86,91,74,44,12
41.393875,2020,1711,112,104,64,29,2122,1716,90,102,72,76,53,13
41.401352,2019,1710,116,100,64,29,2123,1726,84,85,84,77,51,16
41.408592,2007,1708,119,99,65,16,2119,1731,86,76,77,85,52,12
41.415775,2018,1709,117,100,65,27,2118,1721,87,75,107,63,52,13
41.423046,2007,1708,116,102,66,15,2115,1710,92,78,96,77,44,18
41.430420,2013,1707,117,99,69,21,2112,1730,87,73,108,63,41,10
41.438862,2015,1707,117,99,69,23,2112,1722,86,90,87,81,39,7
41.446350,2026,1708,115,101,68,34,2112,1724,98,86,89,71,35,9
41.454597,2020,1708,116,99,68,29,2108,1736,69,96,85,68,41,13
41.462605,2017,1707,117,95,72,26,2105,1729,93,75,96,61,38,13
41.471012,2017,1708,112,99,72,26,2107,1718,98,75,77,88,37,14
41.478764,2013,1708,111,101,72,21,2102,1723,76,89,107,67,33,7
41.486938,2013,1707,113,101,71,21,2104,1729,86,84,84,67,45,9
41.495663,2013,1707,112,103,72,19,2099,1725,84,82,88,73,37,10
41.503601,2007,1707,113,100,73,14,2098,1730,75,79,107,61,36,10
41.512199,2013,1708,114,99,71,21,2100,1742,71,86,86,76,33,6
41.520611,2017,1710,112,100,71,24,2100,1733,82,97,77,71,33,7
41.529289,2015,1707,113,99,74,22,2100,1739,90,79,72,75,36,9
41.537106,2011,1706,112,100,74,19,2105,1730,88,79,79,72,47,10
41.544834,2009,1707,112,99,74,17,2096,1715,101,86,79,68,36,11
41.552906,2016,1706,115,96,76,23,2096,1724,85,81,87,70,37,12
41.561039,2022,1707,114,97,75,29,2099,1723,83,81,84,76,38,14
41.568855,2015,1707,114,97,75,22,2104,1727,82,98,85,67,36,9
41.577133,2016,1705,114,100,72,25,2109,1727,80,86,81,84,41,10
41.585003,2017,1704,115,99,73,26,2108,1732,79,97,68,76,45,11
41.593361,2007,1703,116,100,72,16,2110,1730,84,73,109,61,44,9
41.600945,2009,1704,116,100,70,19,2110,1728,97,83,84,71,38,9
41.609116,2012,1703,117,99,71,22,2109,1729,88,85,96,73,25,13
41.616749,2020,1703,118,99,69,31,2110,1725,88,99,80,65,46,7
41.624584,2011,1704,118,97,70,22,2120,1734,89,68,106,76,40,7
41.632355,2007,1704,118,94,72,19,2121,1729,91,83,94,77,36,11
41.640652,2006,1703,116,95,75,17,2115,1731,87,81,90,72,41,13
41.648735,2012,1703,117,94,74,24,2111,1731,83,82,90,77,42,6
41.656651,2007,1703,115,98,72,19,2114,1717,96,91,70,78,46,16
41.664230,2011,1702,114,100,72,23,2115,1724,92,91,70,81,45,12
41.671867,2011,1703,115,98,72,23,2118,1722,90,92,71,80,49,14
41.679523,2019,1702,115,97,74,31,2119,1726,72,96,94,66,54,11
41.686863,2012,1706,111,97,75,23,2130,1714,94,94,87,76,48,17
41.694443,2011,1705,109,97,76,24,2125,1731,92,88,85,73,41,15
41.701847,2010,1704,110,95,78,23,2118,1719,97,75,94,73,50,10
41.709480,1998,1706,113,88,72,19,2099,1731,99,77,86,55,39,12
41.717926,2011,1706,113,87,73,32,2093,1722,97,70,82,68,37,17
41.725510,2001,1705,117,83,76,20,2100,1726,98,71,77,87,31,10
41.733566,1999,1704,117,84,75,19,2100,1721,101,75,83,75,36,9
41.741760,2003,1704,118,80,77,24,2094,1723,95,74,95,68,34,5
41.750168,2002,1703,118,80,78,23,2094,1725,87,86,81,61,48,6
41.758095,1997,1703,119,81,75,19,2095,1720,97,81,81,69,38,9
41.766502,2002,1702,117,82,76,25,2096,1723,80,84,79,72,50,8
41.774422,2001,1703,118,79,78,23,2097,1718,86,97,80,66,43,7
41.782429,2001,1705,116,80,76,24,2107,1730,79,84,92,64,47,11
41.790150,2005,1704,115,83,76,27,2102,1732,89,85,68,76,42,10
41.798321,1991,1704,114,84,75,14,2100,1711,96,72,87,77,46,11
41.806103,1990,1704,112,84,76,14,2095,1714,88,79,92,75,36,11
41.813984,2006,1707,112,82,75,30,2096,1710,101,85,77,77,35,11
41.821861,1994,1707,111,83,73,20,2097,1717,87,95,85,66,39,8
41.829865,1994,1707,111,83,73,20,2098,1719,87,90,93,66,35,8
41.837540,2001,1708,110,82,75,26,2093,1705,100,75,77,87,42,7
41.845287,1997,1708,109,85,72,23,2099,1713,93,87,79,69,45,13
41.852684,1995,1708,108,87,70,22,2101,1710,97,82,87,66,46,13
41.860474,1990,1708,106,88,71,17,2098,1716,90,83,97,72,31,9
41.868202,1990,1706,110,87,70,17,2093,1712,101,77,85,73,36,9
41.875996,1991,1706,111,86,69,19,2091,1714,83,76,86,74,47,11
41.883724,1988,1708,107,88,69,16,2091,1714,99,76,86,75,30,11
41.891945,2000,1707,110,85,69,29,2090,1720,88,85,76,76,33,12
41.900211,1990,1707,110,88,66,19,2088,1720,87,80,94,59,41,7
41.908119,1990,1706,110,91,64,19,2088,1708,91,87,84,74,40,4
41.915714,1993,1704,109,92,66,22,2096,1710,101,74,88,79,32,12
41.923794,1989,1706,107,93,65,18,2090,1722,91,86,75,75,34,7
41.931751,1995,1705,107,94,64,25,2091,1728,87,87,78,77,26,8
41.939812,1993,1706,105,95,66,21,2085,1722,80,83,95,63,37,5
41.947887,1996,1707,106,94,66,23,2089,1710,93,86,91,61,38,10
41.956078,2001,1707,105,93,68,28,2088,1711,85,85,72,86,42,7
41.964149,2000,1707,105,94,68,26,2086,1711,89,78,96,64,43,5
41.972260,1993,1706,106,93,69,19,2093,1721,98,89,79,64,36,6
41.980305,1997,1706,102,95,71,23,2089,1710,101,74,83,72,35,14
41.988403,1983,1706,101,97,70,9,2089,1712,86,84,97,66,30,14
41.996094,2001,1705,101,97,71,27,2102,1719,83,88,78,75,44,15
42.003750,1998,1703,102,96,73,24,2103,1713,83,86,84,83,43,11
42.011890,1996,1701,103,97,72,23,2101,1709,97,90,78,69,49,9
42.019302,1992,1701,103,96,72,20,2104,1701,100,81,92,82,34,14
42.026836,1993,1701,104,95,71,22,2113,1712,93,86,91,84,38,9
42.034115,1993,1702,102,97,69,23,2115,1716,82,97,89,79,45,7
42.041492,1988,1700,104,94,73,17,2118,1708,95,93,92,72,48,10
42.048721,2005,1699,106,93,73,34,2115,1714,105,78,82,73,55,8
42.056122,1986,1698,110,85,77,16,2115,1702,101,83,93,82,48,6
42.063309,1991,1696,110,84,78,23,2116,1696,91,93,104,79,39,14
42.070553,1996,1696,111,83,78,28,2108,1709,81,88,101,85,34,10
42.078136,2006,1697,111,83,79,36,2107,1713,105,91,86,66,38,8
42.085926,1994,1698,111,85,76,24,2104,1700,103,87,86,82,36,10
42.093304,1987,1699,109,88,74,17,2106,1704,90,94,97,67,42,12
42.101128,2004,1699,111,86,74,34,2102,1714,85,90,89,76,42,6
42.108524,1992,1699,110,90,70,23,2093,1703,89,90,90,73,41,7
42.116154,1996,1699,111,88,70,28,2099,1707,108,74,76,68,50,16
42.123817,2001,1697,113,86,70,35,2093,1697,101,80,65,83,52,15
42.131550,1989,1697,113,89,68,22,2095,1694,93,96,92,66,44,10
42.138889,1994,1697,114,89,67,27,2100,1716,85,85,92,73,35,14
42.146400,1992,1695,113,94,62,28,2097,1706,85,104,78,77,38,9
42.153725,1978,1694,113,91,65,15,2096,1707,83,90,88,74,45,9
42.161091,1985,1694,114,90,63,24,2092,1701,85,88,89,65,52,12
42.168545,1985,1694,114,90,64,23,2093,1699,77,92,91,88,38,8
42.176628,1987,1695,111,93,62,26,2083,1694,90,76,96,75,44,8
42.183899,1983,1695,111,93,62,22,2085,1694,81,79,105,74,41,11
42.191414,1990,1696,108,95,62,29,2085,1696,77,94,92,69,45,12
42.199741,1978,1697,108,94,61,18,2087,1692,82,85,101,71,47,9
