path,category,bytes,mtime_utc,sha256,annotation
dft/old-results/dimer.tar.gz,dft,12307573,2007-01-13T17:39:09.000000+00:00,27e6a9767364603ac99be727ed2bff3a6e43fd1e0fae33d7de5becbe47016ff1,archive file
dft/old-results/malonate.tar.gz,dft,28387435,2007-01-13T17:39:56.000000+00:00,69bfca05b3bf2b071fee0e64e45484f744342f428db657f57ff86985e7aa68e7,archive file
dft/old-results/oxalate.tar.gz,dft,99992131,2007-01-13T17:43:32.000000+00:00,290b9546b2a39abfd30d7b42db833314284ccc797eaca267e71912a16ecee812,archive file
dft/old-results/succinate.tar.gz,dft,23528661,2007-01-13T17:40:38.000000+00:00,d2478f9c3b7647deafee283e3844c79da9c3f134b0fbcc5b57cba702e8fae8f4,archive file
dft/results/c2o4-strained/c2o4-s.com,dft,299,2007-01-13T17:38:29.000000+00:00,bd731ec40088fda0f53a81196650eb3b4f50716bba2d9efd94e45dfddb246564,Gaussian input deck
dft/results/c2o4-strained/c2o4-s.freq.chk,dft,2113536,2007-01-13T17:38:28.000000+00:00,c1832f54734d345c2b56aaf8cd2a79f13b5d46f401312d21761fbe640ada8988,"Gaussian binary checkpoint; inventoried, not curated"
dft/results/c2o4-strained/c2o4-s.freq.log,dft,33515,2007-01-13T17:38:29.000000+00:00,75e2631df4ab657b27fa91705512af17d2bb16477c2e35b5b54e32611bc08ac0,Gaussian output; parsed into DFT-SOURCE-LOGS.csv
dft/results/c2o4-strained/c2o4-s.wfn,dft,69106,2007-01-13T17:38:29.000000+00:00,4e9f9dc8182834f891da14abfcb28208bee13844aad050793ebe518a5f5af2fc,quantum-chemistry field/wavefunction output
dft/results/c2o4-strained/c2o4-s.xyz,dft,207,2007-01-13T17:38:29.000000+00:00,881e13d539e8607287c7ded5aa10ed0a9fafcb9466e7fabddeae83092ae7d52d,archive file
dft/results/c2o4/c2o4.chk,dft,2007040,2007-01-13T17:32:01.000000+00:00,013db6686fb9e962c565b548f89fabbce99fa4d14ba4f27105cf2571286ea8a7,"Gaussian binary checkpoint; inventoried, not curated"
dft/results/c2o4/c2o4.com,dft,111,2007-01-13T17:32:06.000000+00:00,093a436d3ca7ddfe7a96dbcef9b7dfb18f1b81b05a5df2717b4e9c10928b2896,Gaussian input deck
dft/results/c2o4/c2o4.eps,dft,1427,2007-01-13T17:32:07.000000+00:00,efbcf1aa330df8ab045b94fa600149c1f0f5c3fc72ae6b2613f91ad81e3e58d8,rendered/binary document or figure
dft/results/c2o4/c2o4.freq.chk,dft,2138112,2007-01-13T17:32:05.000000+00:00,89197fe0989a76b8fc669bc291abd83276f802f17b63fd0c9cf2f0049d6ddcd5,"Gaussian binary checkpoint; inventoried, not curated"
dft/results/c2o4/c2o4.freq.com,dft,137,2007-01-13T17:32:01.000000+00:00,4bc096d372723cc8898373768d42bb42e1d77c68b09220ebf91ef10f38f3bab3,Gaussian input deck
dft/results/c2o4/c2o4.freq.log,dft,33898,2007-01-13T17:32:01.000000+00:00,3d8c066e4a2c6d1a5b99ececfcadc040eada742438e6bdb013428e9f46f36909,Gaussian output; parsed into DFT-SOURCE-LOGS.csv
dft/results/c2o4/c2o4.jpg,dft,4777,2007-01-13T17:32:06.000000+00:00,d037e736d3e696ea1d8f2aaada53060d8d33940eec05a79545ea6ff5d8e4b681,rendered/binary document or figure
dft/results/c2o4/c2o4.log,dft,12606,2007-01-13T17:32:01.000000+00:00,6aea021a82abdb26591ba2d70989afc4c40075f45bafba18289be04edc0a7bfc,Gaussian output; parsed into DFT-SOURCE-LOGS.csv
dft/results/c2o4/c2o4.wfn,dft,69106,2007-01-13T17:32:06.000000+00:00,2af7bc5c50d559b06ff21c3b61c9e05afcabee100fa75fee7419dd160e984f9c,quantum-chemistry field/wavefunction output
dft/results/c2o4/c2o4.xyz,dft,205,2007-01-13T17:32:05.000000+00:00,4b7b01362be65d66ab5938a050b8531608491f38fe60fa2084dbd366560032f4,archive file
dft/results/c2o4/done,dft,0,2007-01-13T17:32:06.000000+00:00,e3b0c44298fc1c149afbf4c8996fb92427ae41e4649b934ca495991b7852b855,archive file
dft/results/c2o4/ox.out,dft,426,2007-01-13T17:32:07.000000+00:00,1ef468885cb33bddd2732aa84cdf2e275bc0bfa0051e77f7db30b3a5181c70b8,archive file
dft/results/h10c4sialo11+h2o/den.eps,dft,42054,2007-01-13T17:28:18.000000+00:00,a8301629ed17be0aeb10e1ef3688bb2312ac2a0075a84bfd5802e1478b47f81d,rendered/binary document or figure
dft/results/h10c4sialo11+h2o/den.jpg,dft,44053,2007-01-13T17:28:17.000000+00:00,ce5b30109745e44e8d6aabf3a5549cb013882913d1f73f316892150bf51f4f1a,rendered/binary document or figure
dft/results/h10c4sialo11+h2o/done,dft,0,2007-01-13T17:28:38.000000+00:00,e3b0c44298fc1c149afbf4c8996fb92427ae41e4649b934ca495991b7852b855,archive file
dft/results/h10c4sialo11+h2o/foo.eps,dft,3503314,2007-01-13T17:28:38.000000+00:00,18fd8e45aa8c7d5ab076972cd86349c8eecc89064146f7f8ced2b5b08c5a5f5b,rendered/binary document or figure
dft/results/h10c4sialo11+h2o/hbonds.out,dft,455,2007-01-13T17:28:15.000000+00:00,eab7b78e2faefd4793b4eb85ba7966605a38650b4ab8f112c5fd202a897a2988,archive file
dft/results/h10c4sialo11+h2o/lap.eps,dft,136033,2007-01-13T17:28:42.000000+00:00,af4652e6dd5952d2496eb2732a28a0da7246051fe8009cc1c3e6ea2e2668a2fb,rendered/binary document or figure
dft/results/h10c4sialo11+h2o/lap.jpg,dft,46995,2007-01-13T17:28:17.000000+00:00,565d0bf4b75f18941e64a4aeeb03138d89938d0aca75856134b6ad33088d1efb,rendered/binary document or figure
dft/results/h10c4sialo11+h2o/sialsuw-b3lyp.chk,dft,2187264,2007-01-13T17:28:42.000000+00:00,f262b2cecc03119eb7e124af8d1ac7ca05d61ef80f134670863b661d401d7a6e,"Gaussian binary checkpoint; inventoried, not curated"
dft/results/h10c4sialo11+h2o/sialsuw-b3lyp.com,dft,901,2007-01-13T17:28:31.000000+00:00,c11e711ec2aaaf2ecb5d776a0a482fcaab6ebe3be44f132294cf9d0da0d279b3,Gaussian input deck
dft/results/h10c4sialo11+h2o/sialsuw-b3lyp.freq.chk,dft,7593984,2007-01-13T17:28:30.000000+00:00,5a7f681e605d02f88e44c920758dc76d136715b03bdedfba2070a5d11f4dcc66,"Gaussian binary checkpoint; inventoried, not curated"
dft/results/h10c4sialo11+h2o/sialsuw-b3lyp.freq.com,dft,155,2007-01-13T17:28:43.000000+00:00,4a3e59fe3790857a4fa8b5e5278391bb5b2eea8c767608dd8a3f70edf948f7f8,Gaussian input deck
dft/results/h10c4sialo11+h2o/sialsuw-b3lyp.freq.log,dft,220138,2007-01-13T17:28:43.000000+00:00,073c39ea44db89f421001955b601b831c550f5a9a2c068561f4dfebd81285bd5,Gaussian output; parsed into DFT-SOURCE-LOGS.csv
dft/results/h10c4sialo11+h2o/sialsuw-b3lyp.out,dft,537196,2007-01-13T17:28:13.000000+00:00,a9d5e3497b4d44e3d1f571df30b3678c8636c953e5f4238b882a6f6d5a5c5cec,archive file
dft/results/h10c4sialo11+h2o/sialsuw-b3lyp.wfn,dft,810462,2007-01-13T17:28:15.000000+00:00,dc7d14c0d1ceab3733dd8ed62a7d3b602ef29d6b0dcedfa825c699bd3a18532e,quantum-chemistry field/wavefunction output
dft/results/h10c4sialo11+h2o/sialsuw-d.grd,dft,298011,2007-01-13T17:28:13.000000+00:00,cbdacd37e59c1fe0f5920215dc01b0ff65aac0397245859278abfb2883840433,quantum-chemistry field/wavefunction output
dft/results/h10c4sialo11+h2o/sialsuw-d.inf,dft,91,2007-01-13T17:28:30.000000+00:00,eb62ccfac9f53d0e83874bc28ed00e6597a48b79989de5928ec3c7e42e777636,archive file
dft/results/h10c4sialo11+h2o/sialsuw-l.grd,dft,298011,2007-01-13T17:28:16.000000+00:00,22e70b09ea053227f8102434487c3b0960f5665c92ae40162158ec4fd8f0cef6,quantum-chemistry field/wavefunction output
dft/results/h10c4sialo11+h2o/sialsuw-l.inf,dft,91,2007-01-13T17:28:16.000000+00:00,f25ece00f3fa50dc3145b14c6e3b65fa2ce055d8ce8be6d007f337878ddd4ae5,archive file
dft/results/h10c4sialo11+h2o/sialsuw.eps,dft,5951,2007-01-13T17:28:43.000000+00:00,0cd4a2a6407a484049275dd34bb64cd4b8b7a9f03a5f02008f761bbd0513645c,rendered/binary document or figure
dft/results/h10c4sialo11+h2o/sialsuw.jpg,dft,16692,2007-01-13T17:28:17.000000+00:00,07f339302462d9ae74022cf7bedc2b9c8f24cefb81689c8ba13b5e1d6edc5a65,rendered/binary document or figure
dft/results/h10c4sialo11+h2o/sialsuw.xyz,dft,965,2007-01-13T17:28:14.000000+00:00,debf777c27aad638a67a8e2bc001e629c04d4841769d77a45e06983a5de4d0d0,archive file
dft/results/h10c4sialo11+h2o/su.out,dft,875,2007-01-13T17:28:14.000000+00:00,b43d49ea03dcbbfbc558883e01bf674648f833aad92d0116a93aaf623011e41a,archive file
dft/results/h10c4sialo11+h2o/x.out,dft,1330,2007-01-13T17:28:31.000000+00:00,2d96be81787bd44425e240c0dba7b8352ddb784e7f0c8dee0fd3b3bf1091c9bf,archive file
dft/results/h10c4sialo11+h2o/z.out,dft,179136,2007-01-13T17:28:42.000000+00:00,036e73f28bad8604045d7610142e4176e071394c7f583b6adec03919fe04463f,archive file
dft/results/h10c4sialo11/alc2su-l.grd,dft,298011,2007-01-13T17:31:19.000000+00:00,42af8cad06f7a0fd413270c0841d8aa1f0065171f56fe997df702a88a3a04909,quantum-chemistry field/wavefunction output
dft/results/h10c4sialo11/sialsu-b3lyp.chk,dft,6955008,2007-01-13T17:31:18.000000+00:00,2b1fc73d769d50aafc8dc92fbc59ae061df61bc1559303195e68970d5c388c65,"Gaussian binary checkpoint; inventoried, not curated"
dft/results/h10c4sialo11/sialsu-b3lyp.com,dft,115,2007-01-13T17:31:19.000000+00:00,cc0a67c7054c70c48546616534418808ae62fb75341ce741dc0e8b8baa3e9d83,Gaussian input deck
dft/results/h10c4sialo11/sialsu-b3lyp.freq.chk,dft,9043968,2007-01-13T17:31:43.000000+00:00,9624950787517b972a3cd12772bb885971bec19c34f001994f536a646789e4d0,"Gaussian binary checkpoint; inventoried, not curated"
dft/results/h10c4sialo11/sialsu-b3lyp.freq.com,dft,153,2007-01-13T17:31:28.000000+00:00,5ddfa162a21756edd535522538f6d4ec8914c3dca5bda7f9ee1c43dfcf1ffd93,Gaussian input deck
dft/results/h10c4sialo11/sialsu-b3lyp.freq.log,dft,225366,2007-01-13T17:31:20.000000+00:00,b12b9a80d3611c617e71d8fc807243b80863bf1006631dfe849a344b4db6c34a,Gaussian output; parsed into DFT-SOURCE-LOGS.csv
dft/results/h10c4sialo11/sialsu-b3lyp.log,dft,109266,2007-01-13T17:31:19.000000+00:00,3e5d8bf7ecadcc67d9b7f32eaa03b6981967dc5eb41feabb1f3003fbf1e15e43,Gaussian output; parsed into DFT-SOURCE-LOGS.csv
dft/results/h10c4sialo11/sialsu-b3lyp.wfn,dft,716112,2007-01-13T17:31:46.000000+00:00,1e595136054d071cc62db8a3e2158446f2a5cf2dd665d1c40745abd36b164954,quantum-chemistry field/wavefunction output
dft/results/h10c4sialo11/sialsu-b3lyp.xyz,dft,874,2007-01-13T17:31:21.000000+00:00,59dfff23270e3855e5157358e519e065b72f00d5379b995ce8b90e43152f50ad,archive file
dft/results/h10c4sialo11/sialsu-d.grd,dft,298011,2007-01-13T17:31:21.000000+00:00,d2a90092a4c5ea66d0ff82e3e198ba06c6fa73f1de785aff818569f795c3fecd,quantum-chemistry field/wavefunction output
dft/results/h10c4sialo11/sialsu-l.eps,dft,3561434,2007-01-13T17:31:28.000000+00:00,0b2c9b6a725df62b7dbf67428ae2e071ef6281581af80f96efb32e10185ddb9c,rendered/binary document or figure
dft/results/h10c4sialo11/sialsu-l.grd,dft,298011,2007-01-13T17:31:29.000000+00:00,d2a90092a4c5ea66d0ff82e3e198ba06c6fa73f1de785aff818569f795c3fecd,quantum-chemistry field/wavefunction output
dft/results/h10c4sialo11/x-sioal.out,dft,1330,2007-01-13T17:31:18.000000+00:00,cd166c26925b0ef8d9c9868f86e121d9a0e37885f47b36db65527fba32a17209,archive file
dft/results/h10c4sialo11/x.out,dft,1330,2007-01-13T17:31:22.000000+00:00,2d96be81787bd44425e240c0dba7b8352ddb784e7f0c8dee0fd3b3bf1091c9bf,archive file
dft/results/h10c4sialo11/z-sioal.out,dft,180740,2007-01-13T17:31:20.000000+00:00,603504b828c18fd983fdd98dc7afba179caba319f2dba4c709779d28ff4d84f1,archive file
dft/results/h10c4sialo11/z.out,dft,179351,2007-01-13T17:31:44.000000+00:00,12e25daf6d3b32f905afdb5ee9c702f500da0e0e2434310ec472af63316e8ee6,archive file
dft/results/h11c4sialo11+h2o/done,dft,0,2007-01-13T17:34:34.000000+00:00,e3b0c44298fc1c149afbf4c8996fb92427ae41e4649b934ca495991b7852b855,archive file
dft/results/h11c4sialo11+h2o/hbonds.out,dft,691,2007-01-13T17:34:32.000000+00:00,193669690ac5347ab8defa238a10307f120088b1c60fb906ceb07f74843b71cb,archive file
dft/results/h11c4sialo11+h2o/sialhsuw-b3lyp.chk,dft,8634368,2007-01-13T17:34:31.000000+00:00,ff3b39784ff290c1be4e86ea3fef83fe9597d891567f7c6c0b04dc6ab84e0ab4,"Gaussian binary checkpoint; inventoried, not curated"
dft/results/h11c4sialo11+h2o/sialhsuw-b3lyp.com,dft,137,2007-01-13T17:34:34.000000+00:00,f93a9916d87b9381410d4475ff74244b09c8f15e2af4e4d3bb4db4b62537f17e,Gaussian input deck
dft/results/h11c4sialo11+h2o/sialhsuw-b3lyp.freq.com,dft,157,2007-01-13T17:34:32.000000+00:00,e7443c0b0774deb0cfc9464c7744d9aee6bff290615dc2914df948c39e73da75,Gaussian input deck
dft/results/h11c4sialo11+h2o/sialhsuw-b3lyp.freq.log,dft,255572,2007-01-13T17:34:35.000000+00:00,84fb329bde93c0881bf0aa0086f9bfc9cc63dfa8e2fca0f0acadc9b67f7c5962,Gaussian output; parsed into DFT-SOURCE-LOGS.csv
dft/results/h11c4sialo11+h2o/sialhsuw-b3lyp.log,dft,437514,2007-01-13T17:34:36.000000+00:00,0e147956299bcd85e9e69c9b1f7ae10de2252ba7b240f89a67f8fa0ccd652658,Gaussian output; parsed into DFT-SOURCE-LOGS.csv
dft/results/h11c4sialo11+h2o/sialhsuw-b3lyp.wfn,dft,815936,2007-01-13T17:34:34.000000+00:00,d7b7abb056827ef79ac8d7eb0444fdcfb1f4fbec95b4972e90231ef0b694fbd6,quantum-chemistry field/wavefunction output
dft/results/h11c4sialo11+h2o/sialhsuw-b3lyp.xyz,dft,994,2007-01-13T17:34:34.000000+00:00,5b0ea198e1315a2a18ee780dc9aa36cf339c37ec612a3f56889b7a837dd9b429,archive file
dft/results/h11c4sialo11+h2o/sialhsuw.eps,dft,5845,2007-01-13T17:34:31.000000+00:00,0698ada677f750f40b8c5cbcca9632d8132e0a188499775fea888eeadf1767db,rendered/binary document or figure
dft/results/h11c4sialo11+h2o/sialhsuw.jpg,dft,16710,2007-01-13T17:34:32.000000+00:00,4fb17503e8cc550a9fe54d3bb78603b4c957acc3ae19071551038767daa9206f,rendered/binary document or figure
dft/results/h11c4sialo11/hbonds.out,dft,142,2007-01-13T17:32:55.000000+00:00,e0eedc83f67d954b99666c0a251a599b9a55e822487a80d87e934df3a9e9c60b,archive file
dft/results/h11c4sialo11/sialhsu-b3lyp.chk,dft,5890048,2007-01-13T17:33:05.000000+00:00,f9517b41d41d343efdfb473a40b806f441b0b0a9c35af01fd6091d9838c7953f,"Gaussian binary checkpoint; inventoried, not curated"
dft/results/h11c4sialo11/sialhsu-b3lyp.com,dft,116,2007-01-13T17:32:55.000000+00:00,ad23d4db5b568116a3ab86fe6cda980ebcd7d4c0565373d5272e118cf146cdfc,Gaussian input deck
dft/results/h11c4sialo11/sialhsu-b3lyp.freq.chk,dft,7987200,2007-01-13T17:33:21.000000+00:00,d01108ad7341187fc27dacbcfc759deaa8cc3fc3b9711a03c2bbb0ecb8d4c453,"Gaussian binary checkpoint; inventoried, not curated"
dft/results/h11c4sialo11/sialhsu-b3lyp.freq.com,dft,155,2007-01-13T17:33:06.000000+00:00,085a9ca45dffeb19f60085a8798ac4ab6efcf04a5882e0c05a8f12ae4c9caf8c,Gaussian input deck
dft/results/h11c4sialo11/sialhsu-b3lyp.freq.log,dft,223745,2007-01-13T17:32:55.000000+00:00,af30671b8799a0a24623171b224307d9548517f535498caf481d50a27128adee,Gaussian output; parsed into DFT-SOURCE-LOGS.csv
dft/results/h11c4sialo11/sialhsu-b3lyp.log,dft,93596,2007-01-13T17:33:21.000000+00:00,64108d73c9019a12cc5109eca16a666e78cf1855dae51b6338d966ee92c71bc9,Gaussian output; parsed into DFT-SOURCE-LOGS.csv
dft/results/h11c4sialo11/sialhsu-b3lyp.wfn,dft,721219,2007-01-13T17:32:54.000000+00:00,d0586b5b938713ad0cc515348cfd2f0a0e9452f276b4312a175ae41c135e28dd,quantum-chemistry field/wavefunction output
dft/results/h11c4sialo11/sialhsu-b3lyp.xyz,dft,905,2007-01-13T17:33:06.000000+00:00,e0174b3e1ad5c29babec1466747118ded87a9b3eabf5c0a23b1bf6ef8a7cb329,archive file
dft/results/h2c2o4/done,dft,0,2007-01-13T17:27:18.000000+00:00,e3b0c44298fc1c149afbf4c8996fb92427ae41e4649b934ca495991b7852b855,archive file
dft/results/h2c2o4/h2c2o4.chk,dft,2080768,2007-01-13T17:27:14.000000+00:00,b1e26fdf5ebe58a6c465138fc5e73897e82d75fcbc3e8244521a89ccca901b97,"Gaussian binary checkpoint; inventoried, not curated"
dft/results/h2c2o4/h2c2o4.com,dft,121,2007-01-13T17:27:11.000000+00:00,e53824c7ef4e9621e30de53dee7593d8cb5e1b0cc6c7d7bfdbf779d19000ba26,Gaussian input deck
dft/results/h2c2o4/h2c2o4.eps,dft,1803,2007-01-13T17:27:17.000000+00:00,6aded360a33323118cacedb237ffe2954acb1d3ba7615b29443deb72958b2ed6,rendered/binary document or figure
dft/results/h2c2o4/h2c2o4.freq.chk,dft,2211840,2007-01-13T17:27:17.000000+00:00,f5d510c82ad4401d13a316f254b309e53b4e36511d2d25909aa25adc8df579de,"Gaussian binary checkpoint; inventoried, not curated"
dft/results/h2c2o4/h2c2o4.freq.com,dft,140,2007-01-13T17:27:11.000000+00:00,b683d22288ea956d1c4673a450b7f38af2b6e7578ff8c3cd2c07153cfb471133,Gaussian input deck
dft/results/h2c2o4/h2c2o4.freq.log,dft,40343,2007-01-13T17:27:19.000000+00:00,60ed7b971efc4de8b7bf875b7662ea312e49cc8b0fd7410905f08d2bb06a4136,Gaussian output; parsed into DFT-SOURCE-LOGS.csv
dft/results/h2c2o4/h2c2o4.jpg,dft,5575,2007-01-13T17:27:11.000000+00:00,51338c67b60a8829cf25ad971e6a7ce110d33f0517673f7f5d41db95d6c73cdb,rendered/binary document or figure
dft/results/h2c2o4/h2c2o4.log,dft,76505,2007-01-13T17:27:18.000000+00:00,7dee8c4cee03873e5133d38bf15c3abc1fbe43dc8c728efa409e99e0ce6974ca,Gaussian output; parsed into DFT-SOURCE-LOGS.csv
dft/results/h2c2o4/h2c2o4.wfn,dft,72430,2007-01-13T17:27:18.000000+00:00,ec1073e821520d4092bda0c016a321ff299a64fef654ae65fda58d10b2d9eeaa,quantum-chemistry field/wavefunction output
dft/results/h2c2o4/h2c2o4.xyz,dft,268,2007-01-13T17:27:11.000000+00:00,e68dac9ec3b52b57a13c244e091bb8027c7067074d66716fb4358b25c57bfbdd,archive file
dft/results/h2c3o4-strained/h2c3o4-s.com,dft,386,2007-01-13T17:31:52.000000+00:00,ad17ed8401c0aa91be0596ee2c9952fe4f5553f46fb9dbdf834623866d403d28,Gaussian input deck
dft/results/h2c3o4-strained/h2c3o4-s.freq.chk,dft,2334720,2007-01-13T17:31:51.000000+00:00,0318e8c6319867e2c652ae93fc05f1fd13c985cd64aa48e81fdbf48030693aa0,"Gaussian binary checkpoint; inventoried, not curated"
dft/results/h2c3o4-strained/h2c3o4-s.freq.log,dft,43731,2007-01-13T17:31:52.000000+00:00,ef7bf629a52050c10ec163b68d942e4615b211afedfc191dbd97b8c2180f6e53,Gaussian output; parsed into DFT-SOURCE-LOGS.csv
dft/results/h2c3o4-strained/h2c3o4-s.wfn,dft,97144,2007-01-13T17:31:46.000000+00:00,d8b9728b7c75face675214318f076da66686265f0d6ef292cc5e81bbecb01951,quantum-chemistry field/wavefunction output
dft/results/h2c3o4-strained/h2c3o4-s.xyz,dft,300,2007-01-13T17:31:46.000000+00:00,b98ac5dae9af5590c9fa57c7a2be750386ec1743451adbd9419bb468115c2714,archive file
dft/results/h2c3o4/done,dft,0,2007-01-13T17:37:42.000000+00:00,e3b0c44298fc1c149afbf4c8996fb92427ae41e4649b934ca495991b7852b855,archive file
dft/results/h2c3o4/h2c3o4.chk,dft,2007040,2007-01-13T17:37:42.000000+00:00,3a61d8f28e608d75b57e54983a419b3fd8ef1eacaa36a64590ad45c250f76456,"Gaussian binary checkpoint; inventoried, not curated"
dft/results/h2c3o4/h2c3o4.com,dft,108,2007-01-13T17:37:38.000000+00:00,0d932f2b15154262d5c136e78b788083a128de8260520fb6829ea23a989800a3,Gaussian input deck
dft/results/h2c3o4/h2c3o4.eps,dft,1992,2007-01-13T17:37:39.000000+00:00,5a45a5435a3e86268a7f9851ccb6569c3168f05cba46c90cc18b9fe102a2ea2c,rendered/binary document or figure
dft/results/h2c3o4/h2c3o4.freq.chk,dft,2441216,2007-01-13T17:37:46.000000+00:00,76f8815d9874ccc30ec2d4fddcc34c2e2a79fbff59aaef5340ed2de0cc9a3a5a,"Gaussian binary checkpoint; inventoried, not curated"
dft/results/h2c3o4/h2c3o4.freq.com,dft,141,2007-01-13T17:37:39.000000+00:00,2134796f60756a63ce4274faa4adbd9a12a4d3c3f33be6bfba1bde3c3ea32359,Gaussian input deck
dft/results/h2c3o4/h2c3o4.freq.log,dft,45327,2007-01-13T17:37:46.000000+00:00,5c607ddff84d0232e32ee9b6ecb287205d69465f48dd77b37a1e61a531ef163c,Gaussian output; parsed into DFT-SOURCE-LOGS.csv
dft/results/h2c3o4/h2c3o4.jpg,dft,5427,2007-01-13T17:37:42.000000+00:00,76b29e3733aa452a32ce18b4167742f4f04d6065916664d032c0a89022bc226b,rendered/binary document or figure
dft/results/h2c3o4/h2c3o4.log,dft,112775,2007-01-13T17:37:38.000000+00:00,f98d34026aabc99ecba88f91fc7027cbc1834a2a0768ff5f178785791307fa80,Gaussian output; parsed into DFT-SOURCE-LOGS.csv
dft/results/h2c3o4/h2c3o4.wfn,dft,97144,2007-01-13T17:37:38.000000+00:00,4df718121b0bf2f221760c80200553897151ddd2f789092b23d3c4ab13e5977a,quantum-chemistry field/wavefunction output
dft/results/h2c3o4/h2c3o4.xyz,dft,297,2007-01-13T17:37:39.000000+00:00,0141d882e80566dad0fd2a3a1b46f21c8e48dc039652a6b72c7a385029fedaef,archive file
dft/results/h2c3o4/ma.out,dft,639,2007-01-13T17:37:37.000000+00:00,7d450592914a468be26c352ca40c11eaa4e19920d91bd0a96763cd3ef24417bf,archive file
dft/results/h2o/h2o.com,dft,77,2007-01-13T17:36:45.000000+00:00,819fb08fed048c8b50c022b552855f64fd7901cbf21f8644f4ca8fc7daa10c6a,Gaussian input deck
dft/results/h2o/h2o.eps,dft,855,2007-01-13T17:36:41.000000+00:00,4e7a5f11787e41a6d83f310204c19869e3c70f3194b2f729759a616239718ad8,rendered/binary document or figure
dft/results/h2o/h2o.freq.chk,dft,1671168,2007-01-13T17:36:45.000000+00:00,82be1aeda1f3e9a08ab8e0fb2b877a009a387a58cdbaf6479de544a4741f9331,"Gaussian binary checkpoint; inventoried, not curated"
dft/results/h2o/h2o.freq.log,dft,19410,2007-01-13T17:36:45.000000+00:00,bd166f0407a42766664caab1d8a9a8dd8eff2186d3e76de3adb6d6a98a4c3ffd,Gaussian output; parsed into DFT-SOURCE-LOGS.csv
dft/results/h2o/h2o.jpg,dft,7434,2007-01-13T17:36:45.000000+00:00,67546770379ef2281918a4bca33910cdbf8b3bd0ad4bbf188a962e2a4e45321d,rendered/binary document or figure
dft/results/h2o/h2o.log,dft,29304,2007-01-13T17:36:41.000000+00:00,c967bce499391889e281231cf5542b404c109f26824ac53faf5193ce13c14ba6,Gaussian output; parsed into DFT-SOURCE-LOGS.csv
dft/results/h2o/h2o.xyz,dft,109,2007-01-13T17:36:46.000000+00:00,f55e9bec83a9288358b84378a6ad4b720c3632f1920cadbb50dc75cc5c050a2a,archive file
dft/results/h3alo3/h3alo3.chk,dft,1900544,2007-01-13T17:38:23.000000+00:00,3b79f96b5ac84236d9b2f000cff00b7ce9bbef7faa60b79d92a76a074fb465dd,"Gaussian binary checkpoint; inventoried, not curated"
dft/results/h3alo3/h3alo3.com,dft,256,2007-01-13T17:38:24.000000+00:00,12c1ab265caab1b90553c6280d99cacd90d43f1ce7b21d2c3efe64b425900eed,Gaussian input deck
dft/results/h3alo3/h3alo3.freq.chk,dft,1998848,2007-01-13T17:38:19.000000+00:00,b663ca19072f32934a3f0b970135d422baaf5c40838d06ab085ef27754b0b1bf,"Gaussian binary checkpoint; inventoried, not curated"
dft/results/h3alo3/h3alo3.freq.com,dft,133,2007-01-13T17:38:24.000000+00:00,2d5a913169f1688f598e1d48fe9610242ba8f29a0f3e38ce96928687dbfabe33,Gaussian input deck
dft/results/h3alo3/h3alo3.freq.log,dft,35553,2007-01-13T17:38:15.000000+00:00,a3770a0b7e1cb1717625783ba26bb1b775a8150091441c664922e3d6199b0c94,Gaussian output; parsed into DFT-SOURCE-LOGS.csv
dft/results/h3alo3/h3alo3.log,dft,121159,2007-01-13T17:38:23.000000+00:00,0c39d2628282970101e06582d8adf70d94e2af4200963eeae3a3c8821a30d88a,Gaussian output; parsed into DFT-SOURCE-LOGS.csv
dft/results/h3alo3/h3alo3.wfn,dft,53825,2007-01-13T17:38:16.000000+00:00,ed33aa1ec67cfecb19fc72149640ab0980c68765cce3b61aa99807a8b4e9db43,quantum-chemistry field/wavefunction output
dft/results/h3alo3/h3alo3.xyz,dft,238,2007-01-13T17:38:24.000000+00:00,399a94e9b17a20da08ed2937244e45b4f67aaae921dc546d42bc2f8dd19a9fdf,archive file
dft/results/h3c2alo7/done,dft,0,2007-01-13T17:28:55.000000+00:00,e3b0c44298fc1c149afbf4c8996fb92427ae41e4649b934ca495991b7852b855,archive file
dft/results/h3c2alo7/h3c2alo7-2.log,dft,201465,2007-01-13T17:28:57.000000+00:00,54bdbe3632bab139d7eadefa9966b2d2c1fd7ef7bf337503f5f227da16f984cb,Gaussian output; parsed into DFT-SOURCE-LOGS.csv
dft/results/h3c2alo7/h3c2alo7.chk,dft,2555904,2007-01-13T17:28:54.000000+00:00,910989c8378a244ae62b91f55a0d1299be2b1e280eba05a6fcc931b02f28b907,"Gaussian binary checkpoint; inventoried, not curated"
dft/results/h3c2alo7/h3c2alo7.com,dft,421,2007-01-13T17:28:55.000000+00:00,3a2940a35ba1aa7d9df9bd4349d74a2ea314a9dfc40c82ab2013ac4eb3e9620f,Gaussian input deck
dft/results/h3c2alo7/h3c2alo7.eps,dft,563,2007-01-13T17:28:54.000000+00:00,47157b25b26a5e66824338f8d9406dc047c1e3a3dcd26c78e550e202ab69f3e0,rendered/binary document or figure
dft/results/h3c2alo7/h3c2alo7.freq.chk,dft,3260416,2007-01-13T17:28:50.000000+00:00,af7a3b71679d9f939b619af32dd1eb38ed5ef0bb6b8cbf6b2035c4f80ce2da85,"Gaussian binary checkpoint; inventoried, not curated"
dft/results/h3c2alo7/h3c2alo7.freq.com,dft,145,2007-01-13T17:28:44.000000+00:00,74561f46f96d0bcd76ffea3556847498fc95497c40b9646a38350a741fa60467,Gaussian input deck
dft/results/h3c2alo7/h3c2alo7.freq.log,dft,74217,2007-01-13T17:28:57.000000+00:00,31ec985b40fe86507f642d5f6f06d96804c4519e3d38a009ad8d6711a8c7f9ba,Gaussian output; parsed into DFT-SOURCE-LOGS.csv
dft/results/h3c2alo7/h3c2alo7.log,dft,314671,2007-01-13T17:28:56.000000+00:00,11aa9563b4a3bd5fae0fda112c071b0e912441e2ec08a48d1be77d0fadb5d005,Gaussian output; parsed into DFT-SOURCE-LOGS.csv
dft/results/h3c2alo7/h3c2alo7.wfn,dft,232276,2007-01-13T17:28:45.000000+00:00,4651a9364277a429b9e491f29c9bc1a7572b493195a5609acf4d50df7013dc0b,quantum-chemistry field/wavefunction output
dft/results/h3c2alo7/h3c2alo7.xyz,dft,428,2007-01-13T17:28:55.000000+00:00,85b1e9e8bada4f9a5ea39117323187967a1b1afb0522ed67f2a126c34db9112a,archive file
dft/results/h3c3o4/done,dft,0,2007-01-13T17:38:36.000000+00:00,e3b0c44298fc1c149afbf4c8996fb92427ae41e4649b934ca495991b7852b855,archive file
dft/results/h3c3o4/h3c3o4-2.com,dft,110,2007-01-13T17:38:31.000000+00:00,283782df39137477c92b85de6b9cc89245ef37e10ce76e99d20c415e42cfd826,Gaussian input deck
dft/results/h3c3o4/h3c3o4-2.log,dft,26836,2007-01-13T17:38:36.000000+00:00,13e39a8e85207be6182870cc155a6177e6228a3dde021010f8e7d2888d12250c,Gaussian output; parsed into DFT-SOURCE-LOGS.csv
dft/results/h3c3o4/h3c3o4.chk,dft,2056192,2007-01-13T17:38:42.000000+00:00,aa8b9018050e29f092a917419f20e57c16410fe885bfe707f5f17f05482fc825,"Gaussian binary checkpoint; inventoried, not curated"
dft/results/h3c3o4/h3c3o4.com,dft,336,2007-01-13T17:38:32.000000+00:00,eb8f15ce692d42154f6ea393c9001cce65a2defe3c93ada1dd64ecde35b8794d,Gaussian input deck
dft/results/h3c3o4/h3c3o4.eps,dft,2167,2007-01-13T17:38:30.000000+00:00,791b861882f85550328165e30bfbf05c83c068db2c6be8cfdc250bd2b636d0de,rendered/binary document or figure
dft/results/h3c3o4/h3c3o4.freq.chk,dft,2498560,2007-01-13T17:38:36.000000+00:00,82c8d44e99e0dc8e894d04228eab4b1d7d6a2eb3c27f51b58166ceba4766c347,"Gaussian binary checkpoint; inventoried, not curated"
dft/results/h3c3o4/h3c3o4.freq.com,dft,141,2007-01-13T17:38:36.000000+00:00,e353421b954aa3b847b387af73d11a558426d622c1a1e762273822d479735857,Gaussian input deck
dft/results/h3c3o4/h3c3o4.freq.log,dft,51117,2007-01-13T17:38:37.000000+00:00,fe420e2f78fc8f46c54859e3089bdd1840a9cf8ac8f6293256a497539f4e31c2,Gaussian output; parsed into DFT-SOURCE-LOGS.csv
dft/results/h3c3o4/h3c3o4.jpg,dft,9796,2007-01-13T17:38:32.000000+00:00,26e69ea45794081efb4815c59ccb389ec604456864af946261a4a73b27f2408c,rendered/binary document or figure
dft/results/h3c3o4/h3c3o4.log,dft,219062,2007-01-13T17:38:31.000000+00:00,c940f4d55861d6a254ad1503285263e5f785dbd0aca50442a2c070dc6d9ab104,Gaussian output; parsed into DFT-SOURCE-LOGS.csv
dft/results/h3c3o4/h3c3o4.wfn,dft,99066,2007-01-13T17:38:30.000000+00:00,61b863eb376a8d366dc0597e4170042d0d4d782b5be61359a7d4441d0a98c0fb,quantum-chemistry field/wavefunction output
dft/results/h3c3o4/h3c3o4.xyz,dft,332,2007-01-13T17:38:37.000000+00:00,9d3614c3a3c1cf61025b536faa7dd11174a46a70a07494ea683e6b3b0816012c,archive file
dft/results/h3o/h3o.chk,dft,1687552,2007-01-13T17:31:56.000000+00:00,77dbb4026f1d13e0a609340a5b1df559d4f742eac5d87f4348a0872728e2615a,"Gaussian binary checkpoint; inventoried, not curated"
dft/results/h3o/h3o.com,dft,91,2007-01-13T17:31:53.000000+00:00,76dcd1efb986d7af1ee54a87fb14f8d3d47f5e6d611d4da4b1953ceb6aad605f,Gaussian input deck
dft/results/h3o/h3o.eps,dft,1481,2007-01-13T17:31:56.000000+00:00,8bb1c070c7da46d6b1624c945b9dbd83a1dba0ed71f06f82606dd5d264e6ac21,rendered/binary document or figure
dft/results/h3o/h3o.freq.log,dft,22438,2007-01-13T17:31:57.000000+00:00,6a576cc077e057613cba25c06b6e430962ba36a08244df36802307d1d22b7d31,Gaussian output; parsed into DFT-SOURCE-LOGS.csv
dft/results/h3o/h3o.jpg,dft,8923,2007-01-13T17:31:57.000000+00:00,e1b3e665afb603a3baceeebe4a246b9f6dba76d1ad08875f3cb61c90742574af,rendered/binary document or figure
dft/results/h3o/h3o.log,dft,32942,2007-01-13T17:31:57.000000+00:00,7ed934c9d72b2c40e466178ea89105a4b0fa3d4c841436795254729fc9f88021,Gaussian output; parsed into DFT-SOURCE-LOGS.csv
dft/results/h3o/h3o.xyz,dft,139,2007-01-13T17:31:52.000000+00:00,57602dbbcb7d79979060b750de281ca989cb8a5a42602528a56197d99e4de850,archive file
dft/results/h3o2/h3o2.com,dft,135,2007-01-13T17:30:49.000000+00:00,c35246b3cf43fcfc99c3af28fa60571e5787cea07a0ecf15b7b97ba9eca20e09,Gaussian input deck
dft/results/h3o2/h3o2.freq.chk,dft,1736704,2007-01-13T17:30:53.000000+00:00,8e890cd3068151a6b53f55cfade4b073753fbb316b30a3644bee0483e27f9007,"Gaussian binary checkpoint; inventoried, not curated"
dft/results/h3o2/h3o2.freq.log,dft,26967,2007-01-13T17:30:48.000000+00:00,23e236931aa766d74f1680a26d873ec3fdff1a053cdc8b84cd25e2599cafc7a1,Gaussian output; parsed into DFT-SOURCE-LOGS.csv
dft/results/h3o2/h3o2.wfn,dft,14039,2007-01-13T17:30:48.000000+00:00,123cae3b556fbe389b8b74f791d2403e102f67d88a6fadef9e2df443d0e8c893,quantum-chemistry field/wavefunction output
dft/results/h3o2/h3o2.xyz,dft,174,2007-01-13T17:30:53.000000+00:00,0a3b16dc1fcb575bbe9dd53bfed462066ce37c9f1ac8cc86f283c1bdb61c7918,archive file
dft/results/h4alo4/done,dft,0,2007-01-13T17:29:08.000000+00:00,e3b0c44298fc1c149afbf4c8996fb92427ae41e4649b934ca495991b7852b855,archive file
dft/results/h4alo4/h4alo4-2.com,dft,106,2007-01-13T17:29:08.000000+00:00,0c9a4c3bf754d97cd1e6821a6c7a2839f08dff814032c30db613c43e203342d5,Gaussian input deck
dft/results/h4alo4/h4alo4-2.log,dft,57997,2007-01-13T17:29:15.000000+00:00,7e4cb5a3e1454fabccbf0ae85cdbc98b1c76795b37c5a5a27b6c301bc62c377c,Gaussian output; parsed into DFT-SOURCE-LOGS.csv
dft/results/h4alo4/h4alo4.chk,dft,2179072,2007-01-13T17:29:07.000000+00:00,a9533bcb26ff722449a4905f5dd68cb36a1aec8839002eb98835686a218247a4,"Gaussian binary checkpoint; inventoried, not curated"
dft/results/h4alo4/h4alo4.com,dft,309,2007-01-13T17:29:08.000000+00:00,c0da3fa39cad95cb466f1d6f008d54d94212a407008f3113a614a705945b9eca,Gaussian input deck
dft/results/h4alo4/h4alo4.eps,dft,1978,2007-01-13T17:29:09.000000+00:00,29b148bf6e0f47945be37f1742d5f498f1a8c80e883ee1af7a32397e1ec04914,rendered/binary document or figure
dft/results/h4alo4/h4alo4.freq.chk,dft,2367488,2007-01-13T17:29:14.000000+00:00,98e457a5c1aec69fca5db26b3bbf544b765d068639c88dd65e8adb6534dd4dcd,"Gaussian binary checkpoint; inventoried, not curated"
dft/results/h4alo4/h4alo4.freq.com,dft,141,2007-01-13T17:29:07.000000+00:00,01774e8b2cab2a8c454049b5f0aa2f640c0f99a7a27019e9d626877b89443801,Gaussian input deck
dft/results/h4alo4/h4alo4.freq.log,dft,53680,2007-01-13T17:29:08.000000+00:00,ac21baefe1d92578f63f5db1cb76623c2f684830127c2bf45c0d8820969cb634,Gaussian output; parsed into DFT-SOURCE-LOGS.csv
dft/results/h4alo4/h4alo4.jpg,dft,11029,2007-01-13T17:29:09.000000+00:00,970a97f698f49496225286c74394969c8485905550efc80320b347b4e5a2e54e,rendered/binary document or figure
dft/results/h4alo4/h4alo4.log,dft,294402,2007-01-13T17:29:10.000000+00:00,cd4b1c2a057767ca23df85c565be4e11bda4615637769d949d4c6ec27ef05fab,Gaussian output; parsed into DFT-SOURCE-LOGS.csv
dft/results/h4alo4/h4alo4.wfn,dft,80040,2007-01-13T17:29:04.000000+00:00,fc29ba82350e73976e1699dce1f4c630b3c7e98a4443eabb75c0c7d8758c9934,quantum-chemistry field/wavefunction output
dft/results/h4alo4/h4alo4.xyz,dft,301,2007-01-13T17:29:09.000000+00:00,c063fcd8e1176078d02fc5d531b9e82ad6e09960500d58aa7916b07f47fcaa10,archive file
dft/results/h4c2alo8/done,dft,0,2007-01-13T17:29:33.000000+00:00,e3b0c44298fc1c149afbf4c8996fb92427ae41e4649b934ca495991b7852b855,archive file
dft/results/h4c2alo8/h4c2alo8.chk,dft,4669440,2007-01-13T17:29:23.000000+00:00,923a3e7220ba9af8f1a87c3eb4f280d317708f22d766d7a8555694e602a4735d,"Gaussian binary checkpoint; inventoried, not curated"
dft/results/h4c2alo8/h4c2alo8.com,dft,109,2007-01-13T17:29:24.000000+00:00,54da8837933063feec6c9273160610685d880b79c2e931716661e81759117b59,Gaussian input deck
dft/results/h4c2alo8/h4c2alo8.eps,dft,3242,2007-01-13T17:29:33.000000+00:00,34b7b3a5932f57c28106aab6df0250289e1562b08586647e65d6b71e7da85c13,rendered/binary document or figure
dft/results/h4c2alo8/h4c2alo8.freq.chk,dft,4669440,2007-01-13T17:29:32.000000+00:00,f7a2fe68e9bf6932ea26309349054541f9000290fcde7bd1c71d8ad4960ad046,"Gaussian binary checkpoint; inventoried, not curated"
dft/results/h4c2alo8/h4c2alo8.freq.com,dft,145,2007-01-13T17:29:34.000000+00:00,220dd841bd12d73d406073a221236d2128f3e3605d4db8d7a5afc4bee7104dac,Gaussian input deck
dft/results/h4c2alo8/h4c2alo8.freq.log,dft,92270,2007-01-13T17:29:24.000000+00:00,48f92217a28cc6a1f12a4c9cdc64829d9980141a8776a2219c3a0d167271c2a5,Gaussian output; parsed into DFT-SOURCE-LOGS.csv
dft/results/h4c2alo8/h4c2alo8.jpg,dft,12874,2007-01-13T17:29:33.000000+00:00,aeb431d2e9fa1f5567d911251b0f1749ff369ebe9aaa99a43a79dddbbbdf4e90,rendered/binary document or figure
dft/results/h4c2alo8/h4c2alo8.log,dft,87694,2007-01-13T17:29:24.000000+00:00,4b7be1b6e107b140a4f80a72df2b3eb892565bcba3bc133c16cd97f7c3b7b875,Gaussian output; parsed into DFT-SOURCE-LOGS.csv
dft/results/h4c2alo8/h4c2alo8.wfn,dft,284057,2007-01-13T17:29:23.000000+00:00,63d5f3d7b22d32185a94a438aad45353a4a8a5c5f92094f527bd2f4ee9c535ee,quantum-chemistry field/wavefunction output
dft/results/h4c2alo8/h4c2alo8.xyz,dft,491,2007-01-13T17:29:33.000000+00:00,5c9ffd04859db64a173179f4b1260a19bd96a49b582939bdf8abac51392c7d1f,archive file
dft/results/h4c3o4/done,dft,0,2007-01-13T17:34:46.000000+00:00,e3b0c44298fc1c149afbf4c8996fb92427ae41e4649b934ca495991b7852b855,archive file
dft/results/h4c3o4/h4c3o4.chk,dft,2105344,2007-01-13T17:34:45.000000+00:00,62da93636c34dbae2b29d22726db3aebc8f23a121ae1c5f30b899acbb4bdf022,"Gaussian binary checkpoint; inventoried, not curated"
dft/results/h4c3o4/h4c3o4.com,dft,124,2007-01-13T17:34:46.000000+00:00,81deae7274140b52d60f5860e1b34a2a7c9750a1581bd214c4a3d2789a6765f3,Gaussian input deck
dft/results/h4c3o4/h4c3o4.eps,dft,2360,2007-01-13T17:34:45.000000+00:00,2f53d9688af12eea9e53732393df64928b265221b8629463c1c440bc0d16e6e4,rendered/binary document or figure
dft/results/h4c3o4/h4c3o4.freq.chk,dft,2457600,2007-01-13T17:34:40.000000+00:00,085f96f3b787c0d0d060e5827d4dc52895bc7cfbe3ed97b9f5d77ff9e97e0018,"Gaussian binary checkpoint; inventoried, not curated"
dft/results/h4c3o4/h4c3o4.freq.com,dft,140,2007-01-13T17:34:45.000000+00:00,c255c94abf1e816db1c37bfca0c0a2c7cb1be061151fb6be9a65cd6bfaaee08e,Gaussian input deck
dft/results/h4c3o4/h4c3o4.freq.log,dft,57641,2007-01-13T17:34:36.000000+00:00,aef3481d2196e87b4f6461f448d479b8793ba7d4ccccb572997a530c645c097b,Gaussian output; parsed into DFT-SOURCE-LOGS.csv
dft/results/h4c3o4/h4c3o4.jpg,dft,9104,2007-01-13T17:34:46.000000+00:00,13196c5d280e4386bfdb55c7e1258285886a1cb0555889e85261650b7bc2af06,rendered/binary document or figure
dft/results/h4c3o4/h4c3o4.log,dft,27915,2007-01-13T17:34:45.000000+00:00,186627fd1a75499debf5b24ac4eac6c8e32780c8bb5e79d3d2063e389cf43c9a,Gaussian output; parsed into DFT-SOURCE-LOGS.csv
dft/results/h4c3o4/h4c3o4.wfn,dft,100988,2007-01-13T17:34:41.000000+00:00,ce70ce093e377a5cc16e7ef509796ae9108276ceec655da95c5c057657e7ec83,quantum-chemistry field/wavefunction output
dft/results/h4c3o4/h4c3o4.xyz,dft,364,2007-01-13T17:34:46.000000+00:00,49b0ad4efd36df94346f9a00881283c1484e779094f42689bc7ae5b281dc529b,archive file
dft/results/h4c4o4-strained/h4c4o4-s.com,dft,495,2007-01-13T17:33:43.000000+00:00,a218d3f27fa6f0bb6736670724c9bee2c8793c166b7993418e0fae014166c529,Gaussian input deck
dft/results/h4c4o4-strained/h4c4o4-s.freq.chk,dft,2605056,2007-01-13T17:33:47.000000+00:00,313cd73945ca1ce8d75f478c9cb2a4b0ffcbf105605b0be84832dda3ea845394,"Gaussian binary checkpoint; inventoried, not curated"
dft/results/h4c4o4-strained/h4c4o4-s.freq.log,dft,60289,2007-01-13T17:33:42.000000+00:00,8c7123a603a1a614726c41c0db1271f54ac5227f6b86cba485d1e5bf71a95042,Gaussian output; parsed into DFT-SOURCE-LOGS.csv
dft/results/h4c4o4-strained/h4c4o4-s.wfn,dft,129804,2007-01-13T17:33:43.000000+00:00,0acd6dfcd41b04b45f2dbced138205b3c195f25a982b8704b0a7cabb7267bfdc,quantum-chemistry field/wavefunction output
dft/results/h4c4o4-strained/h4c4o4-s.xyz,dft,397,2007-01-13T17:33:43.000000+00:00,9edf8932560928a475b1a4a1de6c119504eca39c4fcebbfdc46458ed93679551,archive file
dft/results/h4c4o4/done,dft,0,2007-01-13T17:36:40.000000+00:00,e3b0c44298fc1c149afbf4c8996fb92427ae41e4649b934ca495991b7852b855,archive file
dft/results/h4c4o4/h4c4o4.chk,dft,2252800,2007-01-13T17:36:33.000000+00:00,475b9f0da6694769321193834eaee544dce7f36790b91405992571ebcca647b9,"Gaussian binary checkpoint; inventoried, not curated"
dft/results/h4c4o4/h4c4o4.com,dft,376,2007-01-13T17:36:39.000000+00:00,dcddc8e8258821a6d4c7374cb59c825e5fa7a9c5e55c6a2abe194a3c55fa5924,Gaussian input deck
dft/results/h4c4o4/h4c4o4.eps,dft,2540,2007-01-13T17:36:40.000000+00:00,c884ef858451e4d15d06493cd6eefc3681ed05dab71f0c826b41f2fd72a8cde5,rendered/binary document or figure
dft/results/h4c4o4/h4c4o4.freq.chk,dft,2711552,2007-01-13T17:36:37.000000+00:00,f5e9c0fc3e67311322d12f912348d094f3bd4893483bd8be9e9ec51907070baf,"Gaussian binary checkpoint; inventoried, not curated"
dft/results/h4c4o4/h4c4o4.freq.com,dft,141,2007-01-13T17:36:40.000000+00:00,47c2f3a4d800641e8dc31ec11928d928ec591d99d083176cd4438244b55b4801,Gaussian input deck
dft/results/h4c4o4/h4c4o4.freq.log,dft,65832,2007-01-13T17:36:39.000000+00:00,32958fcc2acdbc01fcd3a5421d60271e5ba56a247d05b76ee039de9d1b790bd0,Gaussian output; parsed into DFT-SOURCE-LOGS.csv
dft/results/h4c4o4/h4c4o4.jpg,dft,9859,2007-01-13T17:36:41.000000+00:00,4c2832a61c887099a89dcfb5fe271e7d2a0171fc678814d525d76e021916d9e0,rendered/binary document or figure
dft/results/h4c4o4/h4c4o4.log,dft,254721,2007-01-13T17:36:40.000000+00:00,ab7f990b59b3b727bd7fc946ad7a22acd1df341aa3d79c812034be163de5d09c,Gaussian output; parsed into DFT-SOURCE-LOGS.csv
dft/results/h4c4o4/h4c4o4.wfn,dft,129804,2007-01-13T17:36:38.000000+00:00,64931dfe89915c2401c87ee08db7bd84b5756718414fd25217c36c79d8661807,quantum-chemistry field/wavefunction output
dft/results/h4c4o4/h4c4o4.xyz,dft,395,2007-01-13T17:36:39.000000+00:00,435d27867f55caf1c0c86b40be0f1ebf5a1dc87a5ec13f03695accf05adbcb9d,archive file
dft/results/h4c4o4/su.out,dft,852,2007-01-13T17:36:38.000000+00:00,81b53f911e1f6ab38b70975c22bf64b78fb77d8c9952b6f181b5fcdf44d5cfeb,archive file
dft/results/h4o2/h4o2.chk,dft,1753088,2007-01-13T17:30:01.000000+00:00,fa7f389815a78228910a2ba143cb5137f52d55cd8cbe5961573cab2b711ee45c,"Gaussian binary checkpoint; inventoried, not curated"
dft/results/h4o2/h4o2.com,dft,90,2007-01-13T17:29:58.000000+00:00,24cc2631e160d89bf098ab15021daa150b4c48f8d6133b4ddd7b2ddb48268a93,Gaussian input deck
dft/results/h4o2/h4o2.eps,dft,1262,2007-01-13T17:29:57.000000+00:00,cc49be46761c31edf3a8beb7cd2254c7018e2d2ed519dc405d6ad1f9879a45ad,rendered/binary document or figure
dft/results/h4o2/h4o2.freq.chk,dft,1753088,2007-01-13T17:30:04.000000+00:00,756c59a7dbf475ade0b429e2c94f478a2c87df86e6fbc29c75e02118d4e2c07b,"Gaussian binary checkpoint; inventoried, not curated"
dft/results/h4o2/h4o2.freq.log,dft,30809,2007-01-13T17:30:01.000000+00:00,b8bf730eec85a1394925698ca666234fe8ddfed0da16f4fb05b7f51f4d2283c4,Gaussian output; parsed into DFT-SOURCE-LOGS.csv
dft/results/h4o2/h4o2.jpg,dft,5468,2007-01-13T17:29:58.000000+00:00,bd666314e15ce6584f13596cbaf7261ec2588da028e9894f25e7f2a493264e46,rendered/binary document or figure
dft/results/h4o2/h4o2.log,dft,123238,2007-01-13T17:29:58.000000+00:00,e4f834f10659c594248d4c9e9fcb85a98721b7fa55201a1443020df3f6ccd9b7,Gaussian output; parsed into DFT-SOURCE-LOGS.csv
dft/results/h4o2/h4o2.xyz,dft,206,2007-01-13T17:30:05.000000+00:00,1627509a550af68081800f7c96b6de6500c14f714af6ec7444844a60b77be52a,archive file
dft/results/h4sio4/done,dft,0,2007-01-13T17:32:52.000000+00:00,e3b0c44298fc1c149afbf4c8996fb92427ae41e4649b934ca495991b7852b855,archive file
dft/results/h4sio4/h4sio4.chk,dft,2613248,2007-01-13T17:32:51.000000+00:00,d6dd2430bf4e47b6f24ca4188d1c524037148ea30525d3bc827b772377fe6962,"Gaussian binary checkpoint; inventoried, not curated"
dft/results/h4sio4/h4sio4.com,dft,88,2007-01-13T17:32:52.000000+00:00,9492789ce25a9c83af9032742a69c3f938eb9165a58ce902d4bb77092aeb39b9,Gaussian input deck
dft/results/h4sio4/h4sio4.eps,dft,1978,2007-01-13T17:32:53.000000+00:00,61fd0228150fb74db2730756fdb288df37477c201bdf2e24d5d92592c50d745f,rendered/binary document or figure
dft/results/h4sio4/h4sio4.freq.chk,dft,2613248,2007-01-13T17:32:46.000000+00:00,f12804f682d8af264fff82f5aac6b5b61ddfb0b7648c5f6ed6dd0f33db22dfd0,"Gaussian binary checkpoint; inventoried, not curated"
dft/results/h4sio4/h4sio4.freq.com,dft,140,2007-01-13T17:32:46.000000+00:00,d87a0ac334a1689d1071700fd66d25bd8d759f69c751141e01fae1ac73ee4d6f,Gaussian input deck
dft/results/h4sio4/h4sio4.freq.log,dft,47968,2007-01-13T17:32:47.000000+00:00,da17b1385c4706cf92cb8f2767d77d90738c9dbbaa0fc0f0c3d14fc9d3ddd5ff,Gaussian output; parsed into DFT-SOURCE-LOGS.csv
dft/results/h4sio4/h4sio4.jpg,dft,10720,2007-01-13T17:32:52.000000+00:00,7a4a714b7f187343fc7ad061b7ae6ad7cc02ca97efc8631d19423668e0adcf95,rendered/binary document or figure
dft/results/h4sio4/h4sio4.log,dft,48027,2007-01-13T17:32:47.000000+00:00,50b9d388624615ca0e95a73f5142a37cc3982cbec67bbbbd0875f3e5e11896c3,Gaussian output; parsed into DFT-SOURCE-LOGS.csv
dft/results/h4sio4/h4sio4.wfn,dft,80040,2007-01-13T17:32:52.000000+00:00,f4e353147811e113073472fae40df9d0b17e1cb2776c9adbee515cfceed06ad7,quantum-chemistry field/wavefunction output
dft/results/h4sio4/h4sio4.xyz,dft,300,2007-01-13T17:32:47.000000+00:00,f88beaba704e7d9cb986f8d2feb9302d432c92c72c11aae3a41aa47fda33bc78,archive file
dft/results/h5c3alo7/done,dft,0,2007-01-13T17:36:07.000000+00:00,e3b0c44298fc1c149afbf4c8996fb92427ae41e4649b934ca495991b7852b855,archive file
dft/results/h5c3alo7/h5c3alo7-2.log,dft,453357,2007-01-13T17:35:53.000000+00:00,a754f1e6535584bf630d0df612f67af4a6d4c64d88970fbc2090626b26ea99e7,Gaussian output; parsed into DFT-SOURCE-LOGS.csv
dft/results/h5c3alo7/h5c3alo7.chk,dft,3137536,2007-01-13T17:35:58.000000+00:00,e84ce7d52b2312fad68c470cde51c3f5edd1a77fbae03d5597d1c970e4c3cbf7,"Gaussian binary checkpoint; inventoried, not curated"
dft/results/h5c3alo7/h5c3alo7.com,dft,492,2007-01-13T17:36:10.000000+00:00,476bd6dec2b72e57c9a5e30067ec2ffc3f40cef6ce641cd7ec7554f936ab219b,Gaussian input deck
dft/results/h5c3alo7/h5c3alo7.eps,dft,3428,2007-01-13T17:36:07.000000+00:00,c522501b87ba81d9f0e4b733e0640ab15c891bf3436d31a7f151014758b5ef29,rendered/binary document or figure
dft/results/h5c3alo7/h5c3alo7.freq.chk,dft,4005888,2007-01-13T17:36:06.000000+00:00,1cd50f87215c8a4168381072140bb5ba21b1fafccc3175d3b3e279ab30672f49,"Gaussian binary checkpoint; inventoried, not curated"
dft/results/h5c3alo7/h5c3alo7.freq.com,dft,145,2007-01-13T17:35:53.000000+00:00,650847d18e0d24fa6081eea06a854590fdc99c1b3bd794a9ae8d01222b4aa128,Gaussian input deck
dft/results/h5c3alo7/h5c3alo7.freq.log,dft,103640,2007-01-13T17:36:07.000000+00:00,cb8405673c81cc419e191bf8f9a17c5f8bd1f06d2f9090e0158b979d1e8d1893,Gaussian output; parsed into DFT-SOURCE-LOGS.csv
dft/results/h5c3alo7/h5c3alo7.jpg,dft,13738,2007-01-13T17:36:07.000000+00:00,c13aebdb5469be03ccaf4268eb1c845424765580e3d7ccdef3e15b45aa73c9c4,rendered/binary document or figure
dft/results/h5c3alo7/h5c3alo7.log,dft,452753,2007-01-13T17:36:10.000000+00:00,117d8fe64c40d9e536cc912ca4c14a783f23570318f382b06ab3d9a660c29a20,Gaussian output; parsed into DFT-SOURCE-LOGS.csv
dft/results/h5c3alo7/h5c3alo7.wfn,dft,281566,2007-01-13T17:36:09.000000+00:00,52d463ee1834abbdf0d85bab4b5bfcd666cde2b51afd496a6b3ea91b0747afac,quantum-chemistry field/wavefunction output
dft/results/h5c3alo7/h5c3alo7.xyz,dft,523,2007-01-13T17:35:53.000000+00:00,3075ad59ef6ec233640f7c4ff6e69714292432e8f12bf2875b4e0f01a3e02112,archive file
dft/results/h5c4o4/done,dft,0,2007-01-13T17:31:00.000000+00:00,e3b0c44298fc1c149afbf4c8996fb92427ae41e4649b934ca495991b7852b855,archive file
dft/results/h5c4o4/h5c4o4.chk,dft,2318336,2007-01-13T17:31:05.000000+00:00,eb822e86ee7807cbed40b992bf04a09ebd32a0603edc58aa82c039c41eccbd29,"Gaussian binary checkpoint; inventoried, not curated"
dft/results/h5c4o4/h5c4o4.com,dft,404,2007-01-13T17:30:54.000000+00:00,68365622d6b34b94a992285b73323eab879e14b630ddffae566485b4a8e6cb16,Gaussian input deck
dft/results/h5c4o4/h5c4o4.eps,dft,2730,2007-01-13T17:30:59.000000+00:00,a1259d120d94ee0bde34ddf06eddc1a6b1fe88088c911d768caf5db08231c45c,rendered/binary document or figure
dft/results/h5c4o4/h5c4o4.freq.chk,dft,2777088,2007-01-13T17:30:59.000000+00:00,7dd1d894372fc80d67ee37ac04521f303a3bd65366950a71998702bb49e76ac5,"Gaussian binary checkpoint; inventoried, not curated"
dft/results/h5c4o4/h5c4o4.freq.com,dft,141,2007-01-13T17:30:54.000000+00:00,5a3c1b6361eb655ebe162661bba5f44ecb82815d2677880f8270828654774533,Gaussian input deck
dft/results/h5c4o4/h5c4o4.freq.log,dft,71931,2007-01-13T17:31:05.000000+00:00,4901caeef7242c2e832babe8247f9e775c981dadca261eb44cf8c19e71489000,Gaussian output; parsed into DFT-SOURCE-LOGS.csv
dft/results/h5c4o4/h5c4o4.jpg,dft,9746,2007-01-13T17:31:00.000000+00:00,dc1a2581bd0ffecb8c4e95902ad5b8c95d78241571bc3330b46ccf9f46de5908,rendered/binary document or figure
dft/results/h5c4o4/h5c4o4.log,dft,35852,2007-01-13T17:30:59.000000+00:00,87269b96fa66a5f98007672d981252fba96075796d00db8bcbca2b438bbabd89,Gaussian output; parsed into DFT-SOURCE-LOGS.csv
dft/results/h5c4o4/h5c4o4.wfn,dft,132028,2007-01-13T17:31:00.000000+00:00,89641e0e3c72e3df81e6628ebd81c30f69e01ee3065c9f6f48ef841b85f0d56a,quantum-chemistry field/wavefunction output
dft/results/h5c4o4/h5c4o4.xyz,dft,429,2007-01-13T17:31:00.000000+00:00,e5dff4306048a711ac763289f52909f77b3f23a97bcf06fccc390af099207b82,archive file
dft/results/h5o2/h5o2.com,dft,95,2007-01-13T17:29:03.000000+00:00,7c415a206ee85eabe28a91e0de16f02547bb9dc1e3110dc0c8c1ae2da04e3a9e,Gaussian input deck
dft/results/h5o2/h5o2.eps,dft,1057,2007-01-13T17:29:02.000000+00:00,70711932a4c3e914e9a8aecabe4f483a269e8fb99fa0fca75f4b576f6ef73ea2,rendered/binary document or figure
dft/results/h5o2/h5o2.freq.chk,dft,1785856,2007-01-13T17:29:01.000000+00:00,b03730c2cf019a07e34a9dea6dea3dd2fbfd2f0444fed6964aec359eea59b920,"Gaussian binary checkpoint; inventoried, not curated"
dft/results/h5o2/h5o2.freq.log,dft,37461,2007-01-13T17:28:57.000000+00:00,083661eb905f4c680431041bb7a1fc5e888c4b2d1ebd11e81008e46d11413e72,Gaussian output; parsed into DFT-SOURCE-LOGS.csv
dft/results/h5o2/h5o2.jpg,dft,6153,2007-01-13T17:29:02.000000+00:00,c748967a228537356cb1c25f2d0ec500c652166fc94e8ae4010769113ed22d11,rendered/binary document or figure
dft/results/h5o2/h5o2.log,dft,139662,2007-01-13T17:29:03.000000+00:00,ca8239b8e8a1edf4d736b095676a466a679491cdde10da9213166fea235ddc3f,Gaussian output; parsed into DFT-SOURCE-LOGS.csv
dft/results/h5o2/h5o2.xyz,dft,236,2007-01-13T17:29:02.000000+00:00,715d448e5f679bbc688c3a46dc5065b9f143a823e38c384a7d1c58fe95704a5a,archive file
dft/results/h6c2sialo11+h2o/done,dft,0,2007-01-13T17:37:00.000000+00:00,e3b0c44298fc1c149afbf4c8996fb92427ae41e4649b934ca495991b7852b855,archive file
dft/results/h6c2sialo11+h2o/hbonds.out,dft,384,2007-01-13T17:36:48.000000+00:00,3cc49ecaca41c62641f401b09aaff27c1bb99796441298cb3cc9282b0bf388e2,archive file
dft/results/h6c2sialo11+h2o/ox.out,dft,431,2007-01-13T17:37:00.000000+00:00,0f448912eab0e53d4b7c94179e2b29298e7bed10cbeb501a9396b99697e584c6,archive file
dft/results/h6c2sialo11+h2o/sialoxw-b3lyp.chk,dft,1794048,2007-01-13T17:37:04.000000+00:00,90e5625405cf29d84181bbe13a2233028ea1fa6e695b3c00b63cd000d7f5f2c8,"Gaussian binary checkpoint; inventoried, not curated"
dft/results/h6c2sialo11+h2o/sialoxw-b3lyp.com,dft,130,2007-01-13T17:36:46.000000+00:00,65385557dafd71be83d2560de4f24f2c0c12ef3ef0a59c0b79ad663cdf36e44a,Gaussian input deck
dft/results/h6c2sialo11+h2o/sialoxw-b3lyp.freq.chk,dft,5922816,2007-01-13T17:37:00.000000+00:00,bf98f63a8a6a16d66bf65f3e1aedb91ffb9b730419a233e06b56c069e88f6cd4,"Gaussian binary checkpoint; inventoried, not curated"
dft/results/h6c2sialo11+h2o/sialoxw-b3lyp.freq.com,dft,155,2007-01-13T17:36:50.000000+00:00,c2d035406e8631ab81b67a290792e55bf02bc21c32ea5dc281035e47ffae2ed4,Gaussian input deck
dft/results/h6c2sialo11+h2o/sialoxw-b3lyp.freq.log,dft,156280,2007-01-13T17:37:04.000000+00:00,0d0ffcc6381b49b7fc3ec3687e895f9089f816ff59c27302900ac020306ef171,Gaussian output; parsed into DFT-SOURCE-LOGS.csv
dft/results/h6c2sialo11+h2o/sialoxw-b3lyp.out,dft,812006,2007-01-13T17:36:48.000000+00:00,6a98401a55a75af169ee0a7beee2ad3f47d5172e7ef3b8e1ee5b5d020d7d4a0c,archive file
dft/results/h6c2sialo11+h2o/sialoxw-b3lyp.wfn,dft,644808,2007-01-13T17:36:49.000000+00:00,6f5a41b59200827fb23a8ca9cb09726484a26ce9c47b4af0756a0615baf33a95,quantum-chemistry field/wavefunction output
dft/results/h6c2sialo11+h2o/sialoxw.eps,dft,4772,2007-01-13T17:36:50.000000+00:00,0604cb482815a4c4decbd90396b8fdc33978fda45083dc0609f93ac382ac4d77,rendered/binary document or figure
dft/results/h6c2sialo11+h2o/sialoxw.jpg,dft,14036,2007-01-13T17:36:48.000000+00:00,eef73c21979abbbb0bc9a73cc45576dd6c7a94d9ae37f8b9725c4d10bbf837aa,rendered/binary document or figure
dft/results/h6c2sialo11+h2o/sialoxw.xyz,dft,780,2007-01-13T17:36:46.000000+00:00,fcb903bc5b1b529a9d5e2c381727a5af2915c018af7dc99aedf85d331d0e7ce8,archive file
dft/results/h6c2sialo11/alc2ox-l.grd,dft,298011,2007-01-13T17:28:04.000000+00:00,12e2f89acf82c9196872176723ade0986c19dafe1c44f7f3d926df4f3b3df172,quantum-chemistry field/wavefunction output
dft/results/h6c2sialo11/foo.eps,dft,3531944,2007-01-13T17:28:10.000000+00:00,651ac3dcd3184dfd8e21f3237bac09d9060b813bdace5974ca64c2631624f53b,rendered/binary document or figure
dft/results/h6c2sialo11/sialox-b3lyp.freq.chk,dft,6840320,2007-01-13T17:28:03.000000+00:00,29241280bc767b51faecb6602678fcf594454f07ffc12eb2107c5a180b09d0d5,"Gaussian binary checkpoint; inventoried, not curated"
dft/results/h6c2sialo11/sialox-b3lyp.freq.com,dft,153,2007-01-13T17:27:51.000000+00:00,90f8f8e9bf060ce024be091ee46c992256c31a5484d808e4bbc4be1f5b470d1b,Gaussian input deck
dft/results/h6c2sialo11/sialox-b3lyp.freq.log,dft,160912,2007-01-13T17:27:49.000000+00:00,b40b07a213061a05e96326e0a70ad128bdee27bb16bc6793d7ca14999c0179a1,Gaussian output; parsed into DFT-SOURCE-LOGS.csv
dft/results/h6c2sialo11/sialox-b3lyp.log,dft,87185,2007-01-13T17:27:50.000000+00:00,d55e85dd947b72da245fbde2f58677c63da6adc7c3f4a4bfd33d3095019445d9,Gaussian output; parsed into DFT-SOURCE-LOGS.csv
dft/results/h6c2sialo11/sialox-b3lyp.wfn,dft,560910,2007-01-13T17:28:11.000000+00:00,d9ef3777cd4d9434715bfbf4cb58dda52c57785701d392c57fc4f983befb6ec3,quantum-chemistry field/wavefunction output
dft/results/h6c2sialo11/sialox-b3lyp.xyz,dft,680,2007-01-13T17:28:10.000000+00:00,7c739dbbf1814dded17f7a9dc5d809f311d18da7a6bd1ddd8fb7db4834cb4cfe,archive file
dft/results/h6c2sialo11/sialox-l.eps,dft,3561252,2007-01-13T17:27:49.000000+00:00,bd7c7e8d43ed85a98c45ab481eb8d3bb02a13dcb6f6d86d050fe50cd64ba29c0,rendered/binary document or figure
dft/results/h6c2sialo11/sialox-l.grd,dft,298011,2007-01-13T17:27:50.000000+00:00,0ecea8ca0021ab93126ef96bda8ab9d718bad62555db4d5f1fe3605e3a2bab4d,quantum-chemistry field/wavefunction output
dft/results/h6c2sialo11/x-sioal.out,dft,1330,2007-01-13T17:27:43.000000+00:00,cd166c26925b0ef8d9c9868f86e121d9a0e37885f47b36db65527fba32a17209,archive file
dft/results/h6c2sialo11/x.out,dft,1330,2007-01-13T17:28:04.000000+00:00,2d96be81787bd44425e240c0dba7b8352ddb784e7f0c8dee0fd3b3bf1091c9bf,archive file
dft/results/h6c2sialo11/z-sioal.out,dft,180730,2007-01-13T17:28:04.000000+00:00,c4c574705ec34991407491b2d8623f8a5de361d3bb0e52db03ae68a561624676,archive file
dft/results/h6c2sialo11/z.out,dft,180001,2007-01-13T17:28:11.000000+00:00,1ef76cd8a88411aa42256decf803f7bd73ab44abc5af55d167416316ccf2bdf2,archive file
dft/results/h6c3alo8/done,dft,0,2007-01-13T17:30:21.000000+00:00,e3b0c44298fc1c149afbf4c8996fb92427ae41e4649b934ca495991b7852b855,archive file
dft/results/h6c3alo8/h6c3alo8-freq.log,dft,112053,2007-01-13T17:30:05.000000+00:00,97060b0a5ffb0a113aba492704dae94d0137acaee63e58f37de37d5fe3d4df95,Gaussian output; parsed into DFT-SOURCE-LOGS.csv
dft/results/h6c3alo8/h6c3alo8.chk,dft,4358144,2007-01-13T17:30:12.000000+00:00,d30177e3ca83e6ac2b4f915287112c020f488a22e6cacec9927c798067b8f90c,"Gaussian binary checkpoint; inventoried, not curated"
dft/results/h6c3alo8/h6c3alo8.com,dft,120,2007-01-13T17:30:21.000000+00:00,1156efc46700a8fe6ad685515cc7c4284d894381488396a4df91b4bc0eeae89c,Gaussian input deck
dft/results/h6c3alo8/h6c3alo8.eps,dft,3518,2007-01-13T17:30:05.000000+00:00,39431fb70b59525780670a6b32600d325ec1fb80eb637784a4cc2c6b4a4bc2c7,rendered/binary document or figure
dft/results/h6c3alo8/h6c3alo8.freq.chk,dft,4358144,2007-01-13T17:30:20.000000+00:00,e50c5f086fbc9bba99d69e919bcd9d4a2d49ace3d706fdb9282e4d52d39edc79,"Gaussian binary checkpoint; inventoried, not curated"
dft/results/h6c3alo8/h6c3alo8.freq.com,dft,145,2007-01-13T17:30:20.000000+00:00,94d4619fa70ee9a1933d6ab6714d34517aaf3862b029d9817b008f4c36e707cc,Gaussian input deck
dft/results/h6c3alo8/h6c3alo8.freq.log,dft,109601,2007-01-13T17:30:20.000000+00:00,17ecb7b0382c3e46696b75f36e1d288db8f4ed79ee915a987c275df5e6e459bc,Gaussian output; parsed into DFT-SOURCE-LOGS.csv
dft/results/h6c3alo8/h6c3alo8.jpg,dft,8705,2007-01-13T17:30:21.000000+00:00,88230e766de25767931f55a4875ee57f7606ba904d920d2b86c963d3ee857cde,rendered/binary document or figure
dft/results/h6c3alo8/h6c3alo8.wfn,dft,338334,2007-01-13T17:30:22.000000+00:00,f5c905a128302e5dd5748cc1e81b4e391cfd6578a50b399a4585e905ec540a20,quantum-chemistry field/wavefunction output
dft/results/h6c3alo8/h6c3alo8.xyz,dft,588,2007-01-13T17:30:21.000000+00:00,b0c574a7dbd35e7259765901b7d32497325ca581291463cd7d73f75c9fc15406,archive file
dft/results/h6c4o4/done,dft,0,2007-01-13T17:27:25.000000+00:00,e3b0c44298fc1c149afbf4c8996fb92427ae41e4649b934ca495991b7852b855,archive file
dft/results/h6c4o4/h6c4o4.chk,dft,2400256,2007-01-13T17:27:22.000000+00:00,001b21ccb2dd58d07471e7e842f0a873694861c2be9346d81843029271610fcf,"Gaussian binary checkpoint; inventoried, not curated"
dft/results/h6c4o4/h6c4o4.com,dft,134,2007-01-13T17:27:24.000000+00:00,0f31cbff7a6705e436d2e1322cae96a23cb7d411a6a3a512b8b45204acbe6263,Gaussian input deck
dft/results/h6c4o4/h6c4o4.eps,dft,2919,2007-01-13T17:27:25.000000+00:00,9b70aa90cbf71ae248d8dde1a3e5de74766133ea0000a8ef28d458e626bd21e6,rendered/binary document or figure
dft/results/h6c4o4/h6c4o4.freq.chk,dft,2777088,2007-01-13T17:27:28.000000+00:00,99c7c62d840710366819c6563f89c7a462153867920f4f77c5a389c231234fbd,"Gaussian binary checkpoint; inventoried, not curated"
dft/results/h6c4o4/h6c4o4.freq.com,dft,140,2007-01-13T17:27:22.000000+00:00,b46b922733c39cec4c7973de66606824461ebbcf961a8f3113e675e0d0af6ce9,Gaussian input deck
dft/results/h6c4o4/h6c4o4.freq.log,dft,78888,2007-01-13T17:27:23.000000+00:00,89cd09d7454793c3002d4f1d19beff3731c519fa22e519f06037e46ff498e575,Gaussian output; parsed into DFT-SOURCE-LOGS.csv
dft/results/h6c4o4/h6c4o4.jpg,dft,12532,2007-01-13T17:27:22.000000+00:00,33e50ad8db6f3c0971f1511e7f4065971cbcfdc7b9bdd744096d00a8d7ba38f0,rendered/binary document or figure
dft/results/h6c4o4/h6c4o4.log,dft,334774,2007-01-13T17:27:24.000000+00:00,f51327b39c6eb8e1a4dcbbcd314b7fd09c5430902a40fdb852276b52eb733822,Gaussian output; parsed into DFT-SOURCE-LOGS.csv
dft/results/h6c4o4/h6c4o4.wfn,dft,134210,2007-01-13T17:27:23.000000+00:00,76df2375071bc116122d775f592b3d056ae51bf9088241ec151b9b79dacd44f1,quantum-chemistry field/wavefunction output
dft/results/h6c4o4/h6c4o4.xyz,dft,456,2007-01-13T17:27:24.000000+00:00,2a9e76da062320d17a1b682f770e57e9df10ec4343b10ad398b14c5b0f2100e7,archive file
dft/results/h6sialo7+h2o/done,dft,0,2007-01-13T17:32:12.000000+00:00,e3b0c44298fc1c149afbf4c8996fb92427ae41e4649b934ca495991b7852b855,archive file
dft/results/h6sialo7+h2o/hbonds.out,dft,455,2007-01-13T17:32:08.000000+00:00,cccd5871b2be38baf755f9a27b4bc2cdef329e750b9ab621c309080e026e1984,archive file
dft/results/h6sialo7+h2o/sialw-b3lyp.chk,dft,1130496,2007-01-13T17:32:11.000000+00:00,4cd61fb03cd6b8ee2dbbc4078c99e5486b804ebba1ad304a494435ab496985a7,"Gaussian binary checkpoint; inventoried, not curated"
dft/results/h6sialo7+h2o/sialw-b3lyp.com,dft,568,2007-01-13T17:32:08.000000+00:00,9163de50af3f74f62c364d44eb3dea11aed207e8622a7439a1238ff61ea75962,Gaussian input deck
dft/results/h6sialo7+h2o/sialw-b3lyp.freq.chk,dft,3637248,2007-01-13T17:32:19.000000+00:00,be1ae397030c7d785885797986253de22f28cd9555fd9782b4c3b18c4687fc4d,"Gaussian binary checkpoint; inventoried, not curated"
dft/results/h6sialo7+h2o/sialw-b3lyp.freq.com,dft,151,2007-01-13T17:32:12.000000+00:00,8d9838301c04f88d2cd7430b6901db9fa312a7a7f3f860b33b724dff364bd17b,Gaussian input deck
dft/results/h6sialo7+h2o/sialw-b3lyp.freq.log,dft,103956,2007-01-13T17:32:13.000000+00:00,9c8e5116b5848597a701308bb26423236ed3da0522feaa760c1456e8e8d0d8f5,Gaussian output; parsed into DFT-SOURCE-LOGS.csv
dft/results/h6sialo7+h2o/sialw-b3lyp.out,dft,56427,2007-01-13T17:32:08.000000+00:00,cf345bf7453afc541503215897ed6f4591332940bd901b56bda97db4f9ae4448,archive file
dft/results/h6sialo7+h2o/sialw-b3lyp.wfn,dft,305673,2007-01-13T17:32:12.000000+00:00,cb89f802fb5c6864d1d1be2c01af92b84fae33ba20685126e6948068a27dc644,quantum-chemistry field/wavefunction output
dft/results/h6sialo7+h2o/sialw.eps,dft,3526,2007-01-13T17:32:13.000000+00:00,5ad0db126673513da9e2797fcaa4861f464a04271f64cba5a8330691c5ff9645,rendered/binary document or figure
dft/results/h6sialo7+h2o/sialw.jpg,dft,12490,2007-01-13T17:32:12.000000+00:00,c044c34479a2094c739abf535e9aebb21e206ef15bfa4cda12ee6516d468ae6b,rendered/binary document or figure
dft/results/h6sialo7+h2o/sialw.ps,dft,35258,2007-01-13T17:32:07.000000+00:00,d864211f47af2c08bbe56d2f85379f25417e492f4d52a572fad110ff5fe7391e,rendered/binary document or figure
dft/results/h6sialo7+h2o/sialw.xyz,dft,592,2007-01-13T17:32:13.000000+00:00,0a60bb6671b319f9f4aca82411ece31d01c34d0280865916e138009f30cf3337,archive file
dft/results/h6sialo7/freq,dft,0,2007-01-13T17:37:59.000000+00:00,e3b0c44298fc1c149afbf4c8996fb92427ae41e4649b934ca495991b7852b855,archive file
dft/results/h6sialo7/geom,dft,0,2007-01-13T17:38:07.000000+00:00,e3b0c44298fc1c149afbf4c8996fb92427ae41e4649b934ca495991b7852b855,archive file
dft/results/h6sialo7/sial-b3lyp.chk,dft,2924544,2007-01-13T17:37:59.000000+00:00,b267b09c24af84ae89bebf61f1e6fc5de27c742e8bb98b07ce8b8463224b3cc3,"Gaussian binary checkpoint; inventoried, not curated"
dft/results/h6sialo7/sial-b3lyp.com,dft,140,2007-01-13T17:38:08.000000+00:00,d462452cbebd3e1ba6d43b82ce18c3af2c2dffe76e575ec92bff3ba5ae1cafa0,Gaussian input deck
dft/results/h6sialo7/sial-b3lyp.freq.chk,dft,3514368,2007-01-13T17:37:52.000000+00:00,c12289f7f0611c93cff097f678c1ea17a4b0d4d4a29ba6565c7c0cf8b69d871d,"Gaussian binary checkpoint; inventoried, not curated"
dft/results/h6sialo7/sial-b3lyp.freq.log,dft,91564,2007-01-13T17:38:00.000000+00:00,07cc6a60cd72f93499184e0a363c7d61b4186fe25916a70e65a90eb90a6c831b,Gaussian output; parsed into DFT-SOURCE-LOGS.csv
dft/results/h6sialo7/sial-b3lyp.log,dft,49356,2007-01-13T17:37:47.000000+00:00,118b59ddf087ddc87d623881b973d4b3b492c174b1d6efeb8250e01fa5f60c23,Gaussian output; parsed into DFT-SOURCE-LOGS.csv
dft/results/h6sialo7/sial-b3lyp.wfn,dft,248836,2007-01-13T17:37:47.000000+00:00,a52dd47a88ab2774b24b62a657c4f1dc49d8fdd2befcc39fda721957d054f371,quantum-chemistry field/wavefunction output
dft/results/h6sialo7/sial-b3lyp.xyz,dft,494,2007-01-13T17:38:01.000000+00:00,360a7c0151eae42e1ff1b0af608bfac7b9830920d8cc1c6b8e23bc8fe1f63935,archive file
dft/results/h6sialo7/sial-d.eps,dft,3503589,2007-01-13T17:38:15.000000+00:00,ba4ac0f7a51044eb17a4f8bd83207aeafeff3c45dc165f4e8d5027663777477d,rendered/binary document or figure
dft/results/h6sialo7/sial-l.eps,dft,3491397,2007-01-13T17:38:07.000000+00:00,96a22042a03920c490ff24d2828f2f4c2e48309d7e9c3c352409cc5f227639e4,rendered/binary document or figure
dft/results/h6sialo7/sial-l.grd,dft,298011,2007-01-13T17:37:53.000000+00:00,1b6df0971a676d17167b57991efccc7e8f6307455a48a271dddd6e57668b0725,quantum-chemistry field/wavefunction output
dft/results/h6sialo7/sial.eps,dft,3122,2007-01-13T17:38:00.000000+00:00,ea25a0dad73b36921eafce098f8bb698aa45d8a8f5135de1510fb87bedbefae1,rendered/binary document or figure
dft/results/h6sialo7/sial.ps,dft,21247,2007-01-13T17:38:08.000000+00:00,1166da4dc8fc246813328ba19c769d39f81ff7feff01ce122cf961ab6dd1f6a1,rendered/binary document or figure
dft/results/h6sialo7/x.out,dft,1330,2007-01-13T17:38:00.000000+00:00,cd166c26925b0ef8d9c9868f86e121d9a0e37885f47b36db65527fba32a17209,archive file
dft/results/h6sialo7/z.out,dft,215600,2007-01-13T17:38:01.000000+00:00,77fd11e8af9b5766beb1231334fb26f934eb709d74eaa66a679dac7854049a74,archive file
dft/results/h7c2sialo11+h2o/done,dft,0,2007-01-13T17:34:14.000000+00:00,e3b0c44298fc1c149afbf4c8996fb92427ae41e4649b934ca495991b7852b855,archive file
dft/results/h7c2sialo11+h2o/hbonds.out,dft,538,2007-01-13T17:34:09.000000+00:00,1b5d80c89c09758727c1b3e1221119451002983ffd4334d1595c9d3a85829ca7,archive file
dft/results/h7c2sialo11+h2o/sialhoxw-b3lyp.chk,dft,1785856,2007-01-13T17:34:14.000000+00:00,fd32879c7f550633b349435e7e8d958f37630bb1ea50710a54a1491298fbecec,"Gaussian binary checkpoint; inventoried, not curated"
dft/results/h7c2sialo11+h2o/sialhoxw-b3lyp.com,dft,132,2007-01-13T17:34:14.000000+00:00,09daacd1104a82b1b238e37d58daa50b985874b5be58dcbbe3c36fa2d69b997a,Gaussian input deck
dft/results/h7c2sialo11+h2o/sialhoxw-b3lyp.freq.chk,dft,6184960,2007-01-13T17:34:09.000000+00:00,991d3e79556226c0e13af1524609a6ae24bf09336914e90e9ecada35aa7b4f24,"Gaussian binary checkpoint; inventoried, not curated"
dft/results/h7c2sialo11+h2o/sialhoxw-b3lyp.freq.com,dft,157,2007-01-13T17:34:09.000000+00:00,f88f1ec9fe2eb1034ef3c35a716b897a9a4cbf50e73ba98e742f7b284393232f,Gaussian input deck
dft/results/h7c2sialo11+h2o/sialhoxw-b3lyp.freq.log,dft,165516,2007-01-13T17:34:17.000000+00:00,3256118b5bc6fec15f740ef324f6711cf9ce6414748d134778557aecfa959944,Gaussian output; parsed into DFT-SOURCE-LOGS.csv
dft/results/h7c2sialo11+h2o/sialhoxw-b3lyp.out,dft,690892,2007-01-13T17:34:16.000000+00:00,37f5f2105ca16bf4068da53ad6e72027920a9bdb6b3d1d7a162a32d09566452b,archive file
dft/results/h7c2sialo11+h2o/sialhoxw-b3lyp.wfn,dft,649720,2007-01-13T17:33:58.000000+00:00,1b41dfe4136324a54cb239f6fa122aff622c69ff76609e70bec273e6cb6f7d36,quantum-chemistry field/wavefunction output
dft/results/h7c2sialo11+h2o/sialhoxw.eps,dft,4699,2007-01-13T17:34:14.000000+00:00,5c3079935ef805be0ce4e63b2758676698a1bcae91eab015cc84c43951acdfdb,rendered/binary document or figure
dft/results/h7c2sialo11+h2o/sialhoxw.jpg,dft,12597,2007-01-13T17:33:58.000000+00:00,7e00b5126625bd8c69cb27fa87f078e12ec2f4ca935a8ddf807bdddfd02a8db0,rendered/binary document or figure
dft/results/h7c2sialo11+h2o/sialhoxw.xyz,dft,809,2007-01-13T17:34:15.000000+00:00,68e6554e6676e2526adbed8e301402d79644df802637a7f1c67a9f7ab1a316bc,archive file
dft/results/h7c2sialo11/hbonds.out,dft,284,2007-01-13T17:30:25.000000+00:00,01a72ed945f3e0642cd2c41752f938ca05fc0c7a232aab7dce1920aa02bfa7d4,archive file
dft/results/h7c2sialo11/sialhox-b3lyp.com,dft,116,2007-01-13T17:30:27.000000+00:00,a987f60cc97ab2a9683b891fdc20bd43eb94d77a466736ab2aef60e9b3715125,Gaussian input deck
dft/results/h7c2sialo11/sialhox-b3lyp.freq.chk,dft,6217728,2007-01-13T17:30:40.000000+00:00,f58f0c39d21b4d42f365f741433b77c5b327ef1da4f1a368f065ad8727a0c3f5,"Gaussian binary checkpoint; inventoried, not curated"
dft/results/h7c2sialo11/sialhox-b3lyp.freq.com,dft,155,2007-01-13T17:30:27.000000+00:00,b756901a54227c0359c327f9d12217ddaa0dea0691f026424ff109de0ab6c851,Gaussian input deck
dft/results/h7c2sialo11/sialhox-b3lyp.freq.log,dft,158785,2007-01-13T17:30:48.000000+00:00,455dc273da62c7e0d48ba9133555c91b9ef36ecccbfbc853536cb7bcf6ddb9ea,Gaussian output; parsed into DFT-SOURCE-LOGS.csv
dft/results/h7c2sialo11/sialhox-b3lyp.log,dft,534217,2007-01-13T17:30:26.000000+00:00,ea0c85b8e8d58f16e95fc82115211a55456a8d15e83062d0f828c675a5abdd6c,Gaussian output; parsed into DFT-SOURCE-LOGS.csv
dft/results/h7c2sialo11/sialhox-b3lyp.wfn,dft,565497,2007-01-13T17:30:24.000000+00:00,f22960123d97b62325c4e0d06528b9ae58189d5f56a55fa7ccb260060be5853a,quantum-chemistry field/wavefunction output
dft/results/h7c2sialo11/sialhox-b3lyp.xyz,dft,712,2007-01-13T17:30:23.000000+00:00,6c1288956b271cbfda40a2ebb54dd0062531bfdf186156e0fad51390db886906,archive file
dft/results/h7c2sialo11/sialhox-l.eps,dft,3537318,2007-01-13T17:30:46.000000+00:00,87eb596541ffed2262fe4a423633fd2a430e0f97ee292f9570c4780ad123cd18,rendered/binary document or figure
dft/results/h7c2sialo11/sialhox-l.grd,dft,298011,2007-01-13T17:30:23.000000+00:00,78d17e495ff9d11451e8617c92efe8ca8e8ca796a292d1d7a237f2ec5bac9de6,quantum-chemistry field/wavefunction output
dft/results/h7c2sialo11/x.out,dft,1331,2007-01-13T17:30:40.000000+00:00,8f94ece19f3a850b70dbc4ebdcae42995ea26b97e24bc08f4d64a5aa6b379809,archive file
dft/results/h7c2sialo11/z.out,dft,177724,2007-01-13T17:30:47.000000+00:00,25b6d46fc3cc1cef9b34f9e110cd9f48c7239d51b5b2be36fb1e14f091b564e1,archive file
dft/results/h7c4alo7/done,dft,0,2007-01-13T17:27:09.000000+00:00,e3b0c44298fc1c149afbf4c8996fb92427ae41e4649b934ca495991b7852b855,archive file
dft/results/h7c4alo7/h7c4alo7-2.log,dft,176435,2007-01-13T17:27:10.000000+00:00,674325ea13bd82ee37a53bc6e87e9dba9e99aacf85c40b7eda310df8529b4ac7,Gaussian output; parsed into DFT-SOURCE-LOGS.csv
dft/results/h7c4alo7/h7c4alo7.chk,dft,3366912,2007-01-13T17:27:07.000000+00:00,79062ddbeef34dc082d807d4f2df309bedc2396a12357b27d52e815730007051,"Gaussian binary checkpoint; inventoried, not curated"
dft/results/h7c4alo7/h7c4alo7.com,dft,570,2007-01-13T17:27:10.000000+00:00,9d0190b9ee45ec3c5d1ba2fbb43c9fc652193a18c97f1c6b38abdb9c3f9dc59e,Gaussian input deck
dft/results/h7c4alo7/h7c4alo7.eps,dft,3852,2007-01-13T17:27:09.000000+00:00,9d4920aee6d2b83e462b8c4e253a3b147cb2b3511bfce12584f2627838353898,rendered/binary document or figure
dft/results/h7c4alo7/h7c4alo7.freq.chk,dft,4399104,2007-01-13T17:27:01.000000+00:00,53c570575ffdbce1ff0eff58879cc1ab11a90095cd6f4870b7ebae449fd22ef8,"Gaussian binary checkpoint; inventoried, not curated"
dft/results/h7c4alo7/h7c4alo7.freq.com,dft,145,2007-01-13T17:27:09.000000+00:00,16698b3b82641b90c8ef3cd07d1a890687bb8ad247b54a3375ec5994083f30f7,Gaussian input deck
dft/results/h7c4alo7/h7c4alo7.freq.log,dft,123837,2007-01-13T17:27:07.000000+00:00,be93fb697650eb82f47d16d85033aab37c4aa4bf73388e77c576372be0575237,Gaussian output; parsed into DFT-SOURCE-LOGS.csv
dft/results/h7c4alo7/h7c4alo7.jpg,dft,13119,2007-01-13T17:27:09.000000+00:00,9453be3ac6701bc86e28c6ee0256e51e1a7fa7315b7fb894c223a3722f0832f0,rendered/binary document or figure
dft/results/h7c4alo7/h7c4alo7.log,dft,472407,2007-01-13T17:27:09.000000+00:00,aa0ab0aacc5f1b491e339e70bb02405738f464b1981dff2d805a682afe635708,Gaussian output; parsed into DFT-SOURCE-LOGS.csv
dft/results/h7c4alo7/h7c4alo7.wfn,dft,335520,2007-01-13T17:27:02.000000+00:00,f33f91eceabd8011dddb0b7c091c611c9609213c5650fa74153d0f580cd730b2,quantum-chemistry field/wavefunction output
dft/results/h7c4alo7/h7c4alo7.xyz,dft,618,2007-01-13T17:27:07.000000+00:00,6bc3e5fcd63b4d02690b1b1356218f1bf704027d7c5a01418aa4ace60991adb6,archive file
dft/results/h7sialo7+h2o/done,dft,0,2007-01-13T17:36:21.000000+00:00,e3b0c44298fc1c149afbf4c8996fb92427ae41e4649b934ca495991b7852b855,archive file
dft/results/h7sialo7+h2o/hbonds.out,dft,379,2007-01-13T17:36:11.000000+00:00,e5245779755159606412d65c9eccf4cfd12234088bf09fedb349854465ee4e7f,archive file
dft/results/h7sialo7+h2o/sialhw-b3lyp.chk,dft,1171456,2007-01-13T17:36:24.000000+00:00,8806856a7f95bfe9f8b38aa1f48c30dcf9da7a79af9c104b5a140d1245048614,"Gaussian binary checkpoint; inventoried, not curated"
dft/results/h7sialo7+h2o/sialhw-b3lyp.com,dft,593,2007-01-13T17:36:10.000000+00:00,e3a405d4a3fe244ca477f4e507bbfa6b751dbced20acd1c167367ee1313f1677,Gaussian input deck
dft/results/h7sialo7+h2o/sialhw-b3lyp.freq.chk,dft,3596288,2007-01-13T17:36:21.000000+00:00,2c09fbf1ea04bcd9fc2fa484fec4065a46ce69a22f684d495e8d024358bcc480,"Gaussian binary checkpoint; inventoried, not curated"
dft/results/h7sialo7+h2o/sialhw-b3lyp.freq.com,dft,152,2007-01-13T17:36:21.000000+00:00,3bf6948769ff065be67adeae7cdf18a49a09c10130b03dc8100cc4d28c4a21f1,Gaussian input deck
dft/results/h7sialo7+h2o/sialhw-b3lyp.freq.log,dft,113659,2007-01-13T17:36:13.000000+00:00,6d8c437403df279ccd6f1bb0540c55828a9a6c29ab85dba378525fe75fe708ff,Gaussian output; parsed into DFT-SOURCE-LOGS.csv
dft/results/h7sialo7+h2o/sialhw-b3lyp.out,dft,29276,2007-01-13T17:36:13.000000+00:00,bbc183554bf1a82484a70168cdb89370d68ac2a566b530e7ae8f206e99ca30a0,archive file
dft/results/h7sialo7+h2o/sialhw-b3lyp.wfn,dft,309132,2007-01-13T17:36:12.000000+00:00,ef28967b27a03dda35bb783129a716e1b3586f768c18f83da93cbadff10984ef,quantum-chemistry field/wavefunction output
dft/results/h7sialo7+h2o/sialhw.eps,dft,3714,2007-01-13T17:36:11.000000+00:00,9156ed8e6741dddb85c9dbcefa6b6c991d686686af2f08987ce1df4c8d7dae8d,rendered/binary document or figure
dft/results/h7sialo7+h2o/sialhw.jpg,dft,11158,2007-01-13T17:36:11.000000+00:00,194b986188dc221b4c9d36e4cae3345e686d07643cfc4b98b776c195e4f8fbd3,rendered/binary document or figure
dft/results/h7sialo7+h2o/sialhw.xyz,dft,620,2007-01-13T17:36:13.000000+00:00,c903494f7525fc8f6e777a4bf5b9d4540c458a52502c1c08f3e26f450130a84c,archive file
dft/results/h7sialo7/sialh-b3lyp.chk,dft,3072000,2007-01-13T17:29:56.000000+00:00,31938b11683c85959c89ba1d5148a101707ae84863642025c5273a8434ee54e2,"Gaussian binary checkpoint; inventoried, not curated"
dft/results/h7sialo7/sialh-b3lyp.com,dft,113,2007-01-13T17:29:47.000000+00:00,99094fefa6faa6b3ed48f171c045b78e207bddad098c6fc9a1269299e407a412,Gaussian input deck
dft/results/h7sialo7/sialh-b3lyp.freq.chk,dft,3563520,2007-01-13T17:29:41.000000+00:00,1e25e2e253d9b51dba916bd8053c7afc348e411d457af2b78fca3931707bc665,"Gaussian binary checkpoint; inventoried, not curated"
dft/results/h7sialo7/sialh-b3lyp.freq.com,dft,129,2007-01-13T17:29:34.000000+00:00,7af947ca34125862463a56e5ddb9e852445730dcb94c1c8bbe763c04506afa1c,Gaussian input deck
dft/results/h7sialo7/sialh-b3lyp.freq.log,dft,103107,2007-01-13T17:29:49.000000+00:00,c0e8c265f44a8cc8ec87e2335dbc706ef2ffee9eb02e1976b612846ff1cce7d8,Gaussian output; parsed into DFT-SOURCE-LOGS.csv
dft/results/h7sialo7/sialh-b3lyp.log,dft,53033,2007-01-13T17:29:35.000000+00:00,a49eaece312ffa9891be646ad711e90fa0f881fe6651e9185993a426f70faa89,Gaussian output; parsed into DFT-SOURCE-LOGS.csv
dft/results/h7sialo7/sialh-b3lyp.wfn,dft,251928,2007-01-13T17:29:49.000000+00:00,1d267cb56817f9b2ecaf99f163c218ca8439a249acd584a50cb9d2679bcceeb0,quantum-chemistry field/wavefunction output
dft/results/h7sialo7/sialh-b3lyp.xyz,dft,523,2007-01-13T17:29:35.000000+00:00,c6ab6b193c325ee660066e9fea2f166723135e88f72f13b6f9880a05b868dfd0,archive file
dft/results/h7sialo7/sialh-l.eps,dft,3559682,2007-01-13T17:29:46.000000+00:00,c33c9b1ac046754a92facbf34c601bedf3e8418c0c98a5aec2970cab230d428e,rendered/binary document or figure
dft/results/h7sialo7/sialh-l.grd,dft,298011,2007-01-13T17:29:48.000000+00:00,615e56c3cfe2066fa2cbde6712d71df6535fd98d26938e744ecd76dd7832a900,quantum-chemistry field/wavefunction output
dft/results/h7sialo7/sialh.eps,dft,3301,2007-01-13T17:29:57.000000+00:00,bb27e68f6edaaa3692eecef993af9fc96ed03bcfb00e63d9bb598dfef9c8de12,rendered/binary document or figure
dft/results/h7sialo7/sialh.ps,dft,23735,2007-01-13T17:29:47.000000+00:00,37207cceb52acc4dfd8b869074f8669d59d57fdbfc80413f14358205b8cfc9d1,rendered/binary document or figure
dft/results/h7sialo7/x.out,dft,1330,2007-01-13T17:29:49.000000+00:00,cd166c26925b0ef8d9c9868f86e121d9a0e37885f47b36db65527fba32a17209,archive file
dft/results/h7sialo7/z.out,dft,180846,2007-01-13T17:29:56.000000+00:00,a7a5bc9c700d002a71a95fcc4b3d3355c137e144ddda0563068ca2150e2e4755,archive file
dft/results/h8c3sialo11+h2o/done,dft,0,2007-01-13T17:33:41.000000+00:00,e3b0c44298fc1c149afbf4c8996fb92427ae41e4649b934ca495991b7852b855,archive file
dft/results/h8c3sialo11+h2o/hbonds.out,dft,379,2007-01-13T17:33:28.000000+00:00,eeef746ff9921ccb4493a272e099671d4ffb17abb0d1c0e71bc78c38700e4abd,archive file
dft/results/h8c3sialo11+h2o/ma.out,dft,647,2007-01-13T17:33:22.000000+00:00,cd2dc17de7bae0b23a4f14598d0e2de492b6e5675274cde18903b0f8aeb1f070,archive file
dft/results/h8c3sialo11+h2o/sialmaw-b3lyp.chk,dft,1843200,2007-01-13T17:33:27.000000+00:00,9743bb02c1e4e38e1678505de6579d16f5348c6c387877bb81098289802ca553,"Gaussian binary checkpoint; inventoried, not curated"
dft/results/h8c3sialo11+h2o/sialmaw-b3lyp.com,dft,163,2007-01-13T17:33:41.000000+00:00,9e25cb1f1141bf022b808d7dc3c7b18380bcf82cc8021b8910405d3285e0892b,Gaussian input deck
dft/results/h8c3sialo11+h2o/sialmaw-b3lyp.freq.chk,dft,6701056,2007-01-13T17:33:40.000000+00:00,904f04a5e1916c8e51d15d2f6e0954b36d67071f4ac5b06f73b0288261c55b12,"Gaussian binary checkpoint; inventoried, not curated"
dft/results/h8c3sialo11+h2o/sialmaw-b3lyp.freq.com,dft,155,2007-01-13T17:33:28.000000+00:00,ba78f65cb683fd0ba28404013ba3b9d1428fa7e472199f24f892b394b30c9ec4,Gaussian input deck
dft/results/h8c3sialo11+h2o/sialmaw-b3lyp.freq.log,dft,189275,2007-01-13T17:33:28.000000+00:00,ff73448d694497cd2a899f5f5ac3bc1d53894bd73b16387b13c473bb7439bcb0,Gaussian output; parsed into DFT-SOURCE-LOGS.csv
dft/results/h8c3sialo11+h2o/sialmaw-b3lyp.out,dft,306076,2007-01-13T17:33:41.000000+00:00,4e88cc6e83dafbc7e9fbed82ef35edd8975eece0348e30c549854df48f9b59f2,archive file
dft/results/h8c3sialo11+h2o/sialmaw-b3lyp.wfn,dft,725324,2007-01-13T17:33:23.000000+00:00,b442ef3415125788bca5756c559441a6a3ee26f7581c406aa2b4d3ee716032f8,quantum-chemistry field/wavefunction output
dft/results/h8c3sialo11+h2o/sialmaw.eps,dft,5339,2007-01-13T17:33:23.000000+00:00,1a1a5cc5f330bf32d27c9505dd7754039abe1c9449a70d3815120946255744e4,rendered/binary document or figure
dft/results/h8c3sialo11+h2o/sialmaw.jpg,dft,13496,2007-01-13T17:33:42.000000+00:00,9a3cedf1a8dd27c5e6f739d712513f7463d9b1873495caa7fdb64766479c8fd2,rendered/binary document or figure
dft/results/h8c3sialo11+h2o/sialmaw.xyz,dft,872,2007-01-13T17:33:42.000000+00:00,0ec09be7149ef463f5f47d82730288e187c67ede9c15e2665a897943a666e714,archive file
dft/results/h8c3sialo11/alc2ma-l.grd,dft,298011,2007-01-13T17:35:11.000000+00:00,93553562c5a27dbae317f0cbb4af6c07edb99963384fe5bcd4ad56d1d0b69fc1,quantum-chemistry field/wavefunction output
dft/results/h8c3sialo11/foo.eps,dft,3461862,2007-01-13T17:35:18.000000+00:00,3cdba71d07726d48cc990ef87125259f42157b7ee501628b258d3d0ab589f794,rendered/binary document or figure
dft/results/h8c3sialo11/sialma-b3lyp.chk,dft,6144000,2007-01-13T17:35:06.000000+00:00,10e0fc4a518ae939e7852b64e69bf5fc39c21020a904439657853d2e4928e15d,"Gaussian binary checkpoint; inventoried, not curated"
dft/results/h8c3sialo11/sialma-b3lyp.com,dft,115,2007-01-13T17:35:06.000000+00:00,70f0ac1743c39575adde0f86dec3ceb53ca69e03207c0554adcd1a9eeeb29fe2,Gaussian input deck
dft/results/h8c3sialo11/sialma-b3lyp.freq.chk,dft,7987200,2007-01-13T17:35:32.000000+00:00,6e314aa869ff566cad389fbba339a977ac1a9617730acb88d016a50383c08be8,"Gaussian binary checkpoint; inventoried, not curated"
dft/results/h8c3sialo11/sialma-b3lyp.freq.com,dft,142,2007-01-13T17:35:12.000000+00:00,623bacf8dc219232d33293328e0a64f24ca1a1a36a53ef83d3364b075166277f,Gaussian input deck
dft/results/h8c3sialo11/sialma-b3lyp.freq.log,dft,193556,2007-01-13T17:35:08.000000+00:00,55374cae36ac49c06545d81fa42d4617f60cd3e84e87fd3442d4dde759a7d73d,Gaussian output; parsed into DFT-SOURCE-LOGS.csv
dft/results/h8c3sialo11/sialma-b3lyp.log,dft,99775,2007-01-13T17:35:07.000000+00:00,bbcb37be2e7e703436df19d47a5c69284ba062fc93467cdff710bdcd075a1702,Gaussian output; parsed into DFT-SOURCE-LOGS.csv
dft/results/h8c3sialo11/sialma-b3lyp.wfn,dft,636179,2007-01-13T17:35:10.000000+00:00,519c5ebe11a95dd820eb7c96b7fd18d6a1c43fb2310b55ba5c461cdabb699c19,quantum-chemistry field/wavefunction output
dft/results/h8c3sialo11/sialma-b3lyp.xyz,dft,772,2007-01-13T17:34:53.000000+00:00,2755c6b5f6612795b307f883f0e0b3585b6238ac5928861638b075778383588e,archive file
dft/results/h8c3sialo11/sialma-l.eps,dft,3451617,2007-01-13T17:34:52.000000+00:00,fc31a9019b97779683f39628c2458fec0d82f2f12877a7706f20031d6d9512b9,rendered/binary document or figure
dft/results/h8c3sialo11/sialma-l.grd,dft,298011,2007-01-13T17:35:07.000000+00:00,c402edf3c2f3cb32c5cc5353ff648ce4363496dfe5bed7780665cbf3626e2cc2,quantum-chemistry field/wavefunction output
dft/results/h8c3sialo11/x-sioal.out,dft,1330,2007-01-13T17:34:53.000000+00:00,cd166c26925b0ef8d9c9868f86e121d9a0e37885f47b36db65527fba32a17209,archive file
dft/results/h8c3sialo11/x.out,dft,1330,2007-01-13T17:35:11.000000+00:00,2d96be81787bd44425e240c0dba7b8352ddb784e7f0c8dee0fd3b3bf1091c9bf,archive file
dft/results/h8c3sialo11/z-sioal.out,dft,180735,2007-01-13T17:35:09.000000+00:00,f703410f2ff05432d4def26b5987e4c37525860fc3a4299119bd4d1d641b5b61,archive file
dft/results/h8c3sialo11/z.out,dft,178785,2007-01-13T17:35:32.000000+00:00,6ad0b5b1bf49bdcefcce6bb991f6653db1c0eadbac8c8e2a1d8bfcaeaedca723,archive file
dft/results/h8c4alo8/copied,dft,0,2007-01-13T17:32:37.000000+00:00,e3b0c44298fc1c149afbf4c8996fb92427ae41e4649b934ca495991b7852b855,archive file
dft/results/h8c4alo8/done,dft,0,2007-01-13T17:32:39.000000+00:00,e3b0c44298fc1c149afbf4c8996fb92427ae41e4649b934ca495991b7852b855,archive file
dft/results/h8c4alo8/h8c4alo8-2.log,dft,211204,2007-01-13T17:32:30.000000+00:00,cb1c953d5d5bb6d5cd97e64fd52d9d3247b7026de43e337ea67614394a469db1,Gaussian output; parsed into DFT-SOURCE-LOGS.csv
dft/results/h8c4alo8/h8c4alo8.chk,dft,3956736,2007-01-13T17:32:36.000000+00:00,889902fbd50b4fa971b8f15d5a4f7b20bbd576be503fc20e6de02a22795bb737,"Gaussian binary checkpoint; inventoried, not curated"
dft/results/h8c4alo8/h8c4alo8.com,dft,638,2007-01-13T17:32:31.000000+00:00,03bad0e6083e1ceb0c1df6e9069010d76b71f3d2f24259422536e2539ec7bd66,Gaussian input deck
dft/results/h8c4alo8/h8c4alo8.eps,dft,4227,2007-01-13T17:32:37.000000+00:00,5e742dae4ae9cb5e6f889903ea761a264a56527893eddccb36db341fa6e70154,rendered/binary document or figure
dft/results/h8c4alo8/h8c4alo8.freq.chk,dft,5169152,2007-01-13T17:32:29.000000+00:00,5f2806430381e063ad5b170a5a6792dd2986a8081f8d1f36cbed34841638243e,"Gaussian binary checkpoint; inventoried, not curated"
dft/results/h8c4alo8/h8c4alo8.freq.com,dft,145,2007-01-13T17:32:41.000000+00:00,a4ece6744696b2764bb7bf00777ef94f1354105ef4244ce4df54ebc435b6d1d3,Gaussian input deck
dft/results/h8c4alo8/h8c4alo8.freq.log,dft,146216,2007-01-13T17:32:30.000000+00:00,4f3ad6d69836313167fac8b111317a865c181e71954b566c8b885af4af9d3ced,Gaussian output; parsed into DFT-SOURCE-LOGS.csv
dft/results/h8c4alo8/h8c4alo8.jpg,dft,16012,2007-01-13T17:32:29.000000+00:00,9d1e55d350e52246d8f40ea173a8e690fec350aea77589a9728c1887db3d8579,rendered/binary document or figure
dft/results/h8c4alo8/h8c4alo8.log,dft,1075803,2007-01-13T17:32:39.000000+00:00,f48cb0cd38b83325f3cb7ac28f845db9d98c3bc88cb4a6937bd27d454f8b1e06,Gaussian output; parsed into DFT-SOURCE-LOGS.csv
dft/results/h8c4alo8/h8c4alo8.wfn,dft,390354,2007-01-13T17:32:40.000000+00:00,8b22bff70d3620ca465d0c6789fd10bd9d0e824d39ff121985fdefc92ee39702,quantum-chemistry field/wavefunction output
dft/results/h8c4alo8/h8c4alo8.xyz,dft,679,2007-01-13T17:32:41.000000+00:00,b817d65b7913937f1b4d48c45ade6a52ee98a7c799e7bbd00099fe46e0f69613,archive file
dft/results/h8si2o8/copied,dft,0,2007-01-13T17:27:36.000000+00:00,e3b0c44298fc1c149afbf4c8996fb92427ae41e4649b934ca495991b7852b855,archive file
dft/results/h8si2o8/done,dft,0,2007-01-13T17:27:37.000000+00:00,e3b0c44298fc1c149afbf4c8996fb92427ae41e4649b934ca495991b7852b855,archive file
dft/results/h8si2o8/h8si2o8-2.log,dft,224302,2007-01-13T17:27:43.000000+00:00,7c24972484283e59ed736816bf03e9ce89802a4b72d31b549ae19d379d28e0ee,Gaussian output; parsed into DFT-SOURCE-LOGS.csv
dft/results/h8si2o8/h8si2o8.chk,dft,3186688,2007-01-13T17:27:42.000000+00:00,3f740195e8c46c16f7b17376aa2e4bff44863ba8b5c630d3a9a1e060e70b5c36,"Gaussian binary checkpoint; inventoried, not curated"
dft/results/h8si2o8/h8si2o8.com,dft,125,2007-01-13T17:27:35.000000+00:00,321b757e6d5dca79c94505e216b4a91f4913f62d7a66c32e25b7c333699d77db,Gaussian input deck
dft/results/h8si2o8/h8si2o8.eps,dft,3506,2007-01-13T17:27:36.000000+00:00,557c163d17b26d07c873b5d7e9e6239b0e69a24d52192b754cd0e92d386e2e91,rendered/binary document or figure
dft/results/h8si2o8/h8si2o8.freq.chk,dft,3825664,2007-01-13T17:27:34.000000+00:00,d474e1487ce0838f822170dacf33f58a7f9f118189d9b67a77b42dd665cf7381,"Gaussian binary checkpoint; inventoried, not curated"
dft/results/h8si2o8/h8si2o8.freq.com,dft,142,2007-01-13T17:27:36.000000+00:00,d1f0c6070dd46d1a0c5ba7950f6a56dcd3cd6e1a2dd41a70ee1ec0378de28e72,Gaussian input deck
dft/results/h8si2o8/h8si2o8.freq.log,dft,105220,2007-01-13T17:27:43.000000+00:00,36ac5412481a3536ac7af7fbbc9c256fa8ed76dcda917ccc504bfa79a76632f7,Gaussian output; parsed into DFT-SOURCE-LOGS.csv
dft/results/h8si2o8/h8si2o8.jpg,dft,10940,2007-01-13T17:27:36.000000+00:00,92b81318314f530d626da1992573b41c15b88040f7af86e58968700ed5f3de00,rendered/binary document or figure
dft/results/h8si2o8/h8si2o8.log,dft,106143,2007-01-13T17:27:35.000000+00:00,f15cc116ad478f51dfe2dda641a53a9603c2fbced878196de9dc20cda2ce4589,Gaussian output; parsed into DFT-SOURCE-LOGS.csv
dft/results/h8si2o8/h8si2o8.wfn,dft,305673,2007-01-13T17:27:35.000000+00:00,262c1ac23f93f803d90cf8dea629941acd5c34f1e6dab60a30ec8503fd78df9a,quantum-chemistry field/wavefunction output
dft/results/h8si2o8/h8si2o8.xyz,dft,587,2007-01-13T17:27:35.000000+00:00,01adb6a3502ffff16729466e2f89359bc007d48dd3904b1a30bca2ce47e6be3f,archive file
dft/results/h9c3sialo11+h2o/done,dft,0,2007-01-13T17:35:40.000000+00:00,e3b0c44298fc1c149afbf4c8996fb92427ae41e4649b934ca495991b7852b855,archive file
dft/results/h9c3sialo11+h2o/hbonds.out,dft,461,2007-01-13T17:35:36.000000+00:00,7d036411b27a7d2c76fc9fe1c61ce5af16598495ddfac8df111e645e3d78d2cc,archive file
dft/results/h9c3sialo11+h2o/sialhmaw-b3lyp.chk,dft,1933312,2007-01-13T17:35:39.000000+00:00,e228638fd54e577eb28b1d082205f49a1fe4c3a1f91078b483eca133e6fee85e,"Gaussian binary checkpoint; inventoried, not curated"
dft/results/h9c3sialo11+h2o/sialhmaw-b3lyp.com,dft,841,2007-01-13T17:35:35.000000+00:00,e457a1454ea9bd54ab17a1204a7edf4eb7aefa6af427f66e1744c99506570b26,Gaussian input deck
dft/results/h9c3sialo11+h2o/sialhmaw-b3lyp.freq.chk,dft,6856704,2007-01-13T17:35:51.000000+00:00,9438f051bab7db166784ca0df75c49568fcb000954f2b7b39505321477c9db64,"Gaussian binary checkpoint; inventoried, not curated"
dft/results/h9c3sialo11+h2o/sialhmaw-b3lyp.freq.com,dft,157,2007-01-13T17:35:36.000000+00:00,2c68588257ab81db6118c69d91e9ac4f6f215fc7dd90884adeba6b3b580047ba,Gaussian input deck
dft/results/h9c3sialo11+h2o/sialhmaw-b3lyp.freq.log,dft,197227,2007-01-13T17:35:40.000000+00:00,cd9a13e3f3ff5d4922d8cd1856f8d07b53e4a010f594e028d1911277d3a22966,Gaussian output; parsed into DFT-SOURCE-LOGS.csv
dft/results/h9c3sialo11+h2o/sialhmaw-b3lyp.out,dft,394707,2007-01-13T17:35:33.000000+00:00,caa0804dbc0ce75924107e4f5be9a07b7b4e5e1afa42f8255d57b40aa3c9469a,archive file
dft/results/h9c3sialo11+h2o/sialhmaw-b3lyp.wfn,dft,730496,2007-01-13T17:35:35.000000+00:00,c40b2d8a3f72e41923a32ddf5f5222994eebbf9ed08018b0f4234716c743399a,quantum-chemistry field/wavefunction output
dft/results/h9c3sialo11+h2o/sialhmaw.eps,dft,5410,2007-01-13T17:35:34.000000+00:00,6c2582f6ec34128f39321978d391f51a8c9d8bd4ce365a9fda60548181aa89e0,rendered/binary document or figure
dft/results/h9c3sialo11+h2o/sialhmaw.jpg,dft,13053,2007-01-13T17:35:36.000000+00:00,ffaba6a51e41e486aa422005bbce5f40e6c7535583cccf4ab656918e70c5c579,rendered/binary document or figure
dft/results/h9c3sialo11+h2o/sialhmaw.xyz,dft,906,2007-01-13T17:35:39.000000+00:00,0d776df13d3412271f13d92cf3afb76c16911cd06dd0cc9e507eca8b3ccf924b,archive file
dft/results/h9c3sialo11/sialhma-b3lyp.chk,dft,4956160,2007-01-13T17:37:29.000000+00:00,cc3d84abf862d1621018b6946c1ce242e835cb900d24b582b6b9843a0001d537,"Gaussian binary checkpoint; inventoried, not curated"
dft/results/h9c3sialo11/sialhma-b3lyp.com,dft,116,2007-01-13T17:37:20.000000+00:00,4c7c0663c7d62b6ac58d85e2eddb8c2e52293c6e7c37b005d7fb81757b8aaa15,Gaussian input deck
dft/results/h9c3sialo11/sialhma-b3lyp.freq.chk,dft,6807552,2007-01-13T17:37:19.000000+00:00,c3cb173d33ffff7400ee4d2c11f3af54055708b2f01f86973a48bb3b75b596ee,"Gaussian binary checkpoint; inventoried, not curated"
dft/results/h9c3sialo11/sialhma-b3lyp.freq.com,dft,144,2007-01-13T17:37:37.000000+00:00,7963ac036aee46541786d13083c957e305c8bb2ba69619503c4ef86f17e3af33,Gaussian input deck
dft/results/h9c3sialo11/sialhma-b3lyp.freq.log,dft,184601,2007-01-13T17:37:30.000000+00:00,417b5ef80692d93f7de7a14e1cd41bbdd2cf559f5f6f32f13409217d2764b340,Gaussian output; parsed into DFT-SOURCE-LOGS.csv
dft/results/h9c3sialo11/sialhma-b3lyp.log,dft,582396,2007-01-13T17:37:06.000000+00:00,f1c65ebc9680556ab6df2d53220f64f63759721329676cf3fec5195f6dd1ed12,Gaussian output; parsed into DFT-SOURCE-LOGS.csv
dft/results/h9c3sialo11/sialhma-b3lyp.wfn,dft,641026,2007-01-13T17:37:07.000000+00:00,8f4e3dbd97097ecc6ce19c9d54ce640343381047a7627fb8fce9ce2bc258577c,quantum-chemistry field/wavefunction output
dft/results/h9c3sialo11/sialhma-l.eps,dft,3460994,2007-01-13T17:37:36.000000+00:00,d86f2599c6d18ca4dd76d85edc4f88b7271b753b893c3d12b8e4e0e4e0f0cc57,rendered/binary document or figure
dft/results/h9c3sialo11/sialhma-l.gif,dft,167340,2007-01-13T17:37:05.000000+00:00,4f190969b5cef2444823fac9621c2f4edcaef79e5b9f1e671a8e75785e32d2f4,archive file
dft/results/h9c3sialo11/sialhma-l.grd,dft,298011,2007-01-13T17:37:30.000000+00:00,87518ecfd2096c8dc0c2498c32fab66188bfc1d2e8b0c124b21e1bad5543338c,quantum-chemistry field/wavefunction output
dft/results/h9c3sialo11/sialhma.xyz,dft,808,2007-01-13T17:37:37.000000+00:00,9edf75717c989b9febd1b8ddc4ac7afb4b8e9eaf187879f36cc45f05353ef90a,archive file
dft/results/h9c3sialo11/x.out,dft,1331,2007-01-13T17:37:29.000000+00:00,8f94ece19f3a850b70dbc4ebdcae42995ea26b97e24bc08f4d64a5aa6b379809,archive file
dft/results/h9c3sialo11/z.out,dft,177965,2007-01-13T17:37:36.000000+00:00,059afec4025c85b4006f59905130e82bee52f58c43c4aae7a5868e4bd1a4a03c,archive file
dft/results/hc2o4/copied,dft,0,2007-01-13T17:33:52.000000+00:00,e3b0c44298fc1c149afbf4c8996fb92427ae41e4649b934ca495991b7852b855,archive file
dft/results/hc2o4/done,dft,0,2007-01-13T17:33:52.000000+00:00,e3b0c44298fc1c149afbf4c8996fb92427ae41e4649b934ca495991b7852b855,archive file
dft/results/hc2o4/hc2o4.chk,dft,2039808,2007-01-13T17:33:55.000000+00:00,5b26e893b717209f212e07d2667bede8c90d7c966131cc2edd821a3cc56aa5e4,"Gaussian binary checkpoint; inventoried, not curated"
dft/results/hc2o4/hc2o4.com,dft,110,2007-01-13T17:33:52.000000+00:00,e6c3bc67dc8ed4afe3f4bf828e7cf74e169dd5fe9d3e523751b69869e116d679,Gaussian input deck
dft/results/hc2o4/hc2o4.eps,dft,1613,2007-01-13T17:33:52.000000+00:00,70a45957edd9b6dd270f545e448f6aa235f404f7c6ad129c79c9915c95cf3e3b,rendered/binary document or figure
dft/results/hc2o4/hc2o4.freq.chk,dft,2170880,2007-01-13T17:33:50.000000+00:00,21c11f0e9008853082151195ab3193ac16e60c8628bfef76089081927c080555,"Gaussian binary checkpoint; inventoried, not curated"
dft/results/hc2o4/hc2o4.freq.com,dft,139,2007-01-13T17:33:50.000000+00:00,c3e56d9f99e1027ce053996b6154d72f6da8546f79e7f9a52abca32c1be3b954,Gaussian input deck
dft/results/hc2o4/hc2o4.freq.log,dft,38827,2007-01-13T17:33:51.000000+00:00,d49100f4447677e1a06b32d1ca02b79537ca42e13e4b1efaae3f2cd56cf95847,Gaussian output; parsed into DFT-SOURCE-LOGS.csv
dft/results/hc2o4/hc2o4.jpg,dft,8744,2007-01-13T17:33:52.000000+00:00,60ce926ee7e89855576d49f519617723d3257bf96f3f77632c41e5c09a7cf67f,rendered/binary document or figure
dft/results/hc2o4/hc2o4.log,dft,113904,2007-01-13T17:33:56.000000+00:00,7ed3378a843a8936ab7ad4e2f9a1c0f44fb77cbba87d0f2be5c18ead6a436aa1,Gaussian output; parsed into DFT-SOURCE-LOGS.csv
dft/results/hc2o4/hc2o4.wfn,dft,70768,2007-01-13T17:33:51.000000+00:00,c24b6bb364648f56169fe3daac6281c57b61d94ac32b7f6628fdb8a12f76d53b,quantum-chemistry field/wavefunction output
dft/results/hc2o4/hc2o4.xyz,dft,236,2007-01-13T17:33:51.000000+00:00,6725e2f941d1092cad2100c90c54d82863f7145a768913123b01504bb545df0d,archive file
dft/results/oh/oh.chk,dft,1654784,2007-01-13T17:36:29.000000+00:00,3a2e97841c12caefcb737730afa788747a3a60e7e1efeab566a691026f1078ac,"Gaussian binary checkpoint; inventoried, not curated"
dft/results/oh/oh.com,dft,111,2007-01-13T17:36:25.000000+00:00,d30df80b635b2ef0f64c196e6e3a1c3585b4250dd70cfda3e1b462da04bd04c7,Gaussian input deck
dft/results/oh/oh.freq.log,dft,17390,2007-01-13T17:36:24.000000+00:00,ab78c627075d48af04542f229232dd05ce9b5bb4ae8a8d1fcc39d6c026a76d3a,Gaussian output; parsed into DFT-SOURCE-LOGS.csv
dft/results/oh/oh.wfn,dft,4130,2007-01-13T17:36:29.000000+00:00,f6cb47c4a02a31db6af9831209adec35d7cb2a22cdc691fe1c46fc10300572db,quantum-chemistry field/wavefunction output
dft/results/oh/oh.xyz,dft,77,2007-01-13T17:36:25.000000+00:00,be008c1fcf2cf489de97f9c0b93dcd2e2925242a8eb926cdfce906a3dbf9a651,archive file
dft/scripts/freqs.sh,dft,1488,2007-01-13T17:26:55.000000+00:00,f7140e060ab89156c19241c4d42f3b0158c3d86560325564f11bebfdc1aa8f07,archive file
dft/scripts/getnrg.sh,dft,232,2007-01-13T17:26:54.000000+00:00,edd819a99759e0783c7df21e0a5248e55135cacdccd6a78195f12a0dc00906c7,archive file
dft/scripts/makewaves.sh,dft,1431,2007-01-13T17:26:55.000000+00:00,e6bc5138fc22a29b55362c62bd3cc56ed6d1d3f817a3bd2c8662eda731516789,archive file
dft/scripts/mkjpg.sh,dft,321,2007-01-13T17:26:55.000000+00:00,2e0d26befc909d9835e653aebf266bdd07098a42f7681ca94ee71cc17e01e20d,archive file
dft/tex/rxn.aux,dft,3042,2007-01-13T17:38:48.000000+00:00,4278855c0d96451dbd07796b0dea05f722e20ea4389902e41d988afe45aeff20,archive file
dft/tex/rxn.dvi,dft,36160,2007-01-13T17:38:48.000000+00:00,d9fab59c64836ba4911c52858e67c592e3430147cfb94335006483198ae1962a,rendered/binary document or figure
dft/tex/rxn.log,dft,2018,2007-01-13T17:38:46.000000+00:00,955cb58291539731ee5d3b22342d81a5d63ffc6f9183afec78aef25941f18459,archive file
dft/tex/rxn.ps,dft,97062,2007-01-13T17:38:47.000000+00:00,a9c8f06fe3c97a98f66f2d658115be3552c34ead14c0d222b3b488cd4b2f600a,rendered/binary document or figure
dft/tex/rxn.tex,dft,16412,2007-01-13T17:38:47.000000+00:00,903a0c0a66b9d27bdb2857fac57f11fb5dd7efdb264e8f2b00da6e39eebfc2b4,thesis/document source
dft/tex/tbls.aux,dft,409,2007-01-13T17:38:46.000000+00:00,c532e27a4075ffabc8886c4c308337a51be6760de8ee06ece7396d81687cf0bb,archive file
dft/tex/tbls.dvi,dft,21596,2007-01-13T17:38:48.000000+00:00,141ca8d3cc3fb23d6ea0e9b69ee7f5b5455155be92c7d86845bc36d2c4935611,rendered/binary document or figure
dft/tex/tbls.log,dft,2228,2007-01-13T17:38:47.000000+00:00,3a364dbc4d73aefd47b7d2866fd419ca60f19c2ce3918cc68161d750ef356772,archive file
dft/tex/tbls.ps,dft,59950,2007-01-13T17:38:46.000000+00:00,b87502ada5782bfe1b6f4409f1db31f5607a56fd7f6317148552f339a6b02af3,rendered/binary document or figure
dft/tex/tbls.tex,dft,8114,2007-01-13T17:38:48.000000+00:00,6bba32d21bafeb0bee1bf7c9456adf3fae9000720ba89681372da2899b2175db,thesis/document source
dft/txt/CalcRxn.m,dft,1348,2007-01-13T17:38:43.000000+00:00,d0fecb9ec178d52eae31266c544d8a525c9e024ff263578a8a58ea9741e469da,archive file
dft/txt/CalcZpe.m,dft,1348,2007-01-13T17:38:42.000000+00:00,192c9416bd85f03a042089e5048235af5a7461cdf1a91267d696556730bae13b,archive file
dft/txt/baderref.txt,dft,548,2007-01-13T17:38:44.000000+00:00,2015bb749d0d4576cac4258fbb2649ebf305b346dc8703f1ba7662593da2422d,archive file
dft/txt/bcp.txt,dft,7150,2007-01-13T17:38:43.000000+00:00,5b8844206968b113c503635bbf56fe7e398ddc72bb8b16fc9f1aa7636386720c,archive file
dft/txt/enthalpy.txt,dft,1470,2007-01-13T17:38:43.000000+00:00,a62b1459da3cd06425feaa5ade7ceef4707a6294786bf7d9f013020192ebac13,archive file
dft/txt/hbnd.txt,dft,3868,2007-01-13T17:38:44.000000+00:00,300f67914d8634ae5a25d067278c65d7b5e710d0bef354c3d89007fcb5f13e06,archive file
dft/txt/nrg.txt,dft,1823,2007-01-13T17:38:45.000000+00:00,4e03ffcbcb7aaae5ff2568283022aaed4147b817cac8db09f669255d0c43588d,archive file
dft/txt/org.txt,dft,3943,2007-01-13T17:38:44.000000+00:00,b1e78f9885db1f80caf5c6145570c42081a8808f3e35499d03549bc24dc25087,archive file
dft/txt/org.txt~,dft,432,2007-01-13T17:38:44.000000+00:00,fe72f078c9db7c893484e6cbc184edadf2e8b670872781d19c42b366b4487874,archive file
dft/txt/rxn-nrg.txt,dft,273,2007-01-13T17:38:45.000000+00:00,70332a7ff4c5f429f5c0c2cef92483fc239db202eb0fcf09df8ef9a9173dfa70,archive file
dft/txt/rxns.txt,dft,4205,2007-01-13T17:38:42.000000+00:00,8ca031a71c1c0b44a4f56fa9756ca26ef84caa38562bda4bdf280a7a195fbe70,archive file
dft/txt/zpe.txt,dft,1753,2007-01-13T17:38:45.000000+00:00,e1784e9c22093349019d1c3daf301358cf6268617395829ac7280d4f675f5d6e,archive file
dft/work/run.out,dft,0,2007-01-13T17:43:32.000000+00:00,e3b0c44298fc1c149afbf4c8996fb92427ae41e4649b934ca495991b7852b855,archive file
dft/work/sialsuw-b3lyp.chk,dft,3653632,2007-01-13T17:43:39.000000+00:00,615b1d08ab5dcccfcb999080d9d16f3773b81ae453b11be00f80206ad5e3a578,"Gaussian binary checkpoint; inventoried, not curated"
dft/work/sialsuw-b3lyp.com,dft,155,2007-01-13T17:43:33.000000+00:00,4a3e59fe3790857a4fa8b5e5278391bb5b2eea8c767608dd8a3f70edf948f7f8,Gaussian input deck
dft/work/sialsuw-b3lyp.log,dft,35249,2007-01-13T17:43:39.000000+00:00,418857b162d7627bb56b812eec55093a342b280c017087a21c1123153aac085b,archive file
mc/model/8000.out,mc,101,2007-01-13T17:48:28.000000+00:00,0351bb7121b91e2e0fd342759d94718079e37388ac2b9850f1c491dc9788c53f,archive file
mc/model/Makefile,mc,292,2007-01-13T17:48:18.000000+00:00,5ccedd3804c99d67b88cdb289d63d27525600169a222b91f2869899717b72f86,C model source
"mc/model/RCS/Makefile,v",mc,902,2007-01-13T17:48:15.000000+00:00,c92de77faf180cbfd2eda22bf21d551325898a350d000c14313d4b32c94ff61d,RCS source archive
"mc/model/RCS/actions.c,v",mc,2716,2007-01-13T17:48:14.000000+00:00,172400d0cc4eec93493c8efce67bc03e95661839c1dc53490c4b94ced19cc2b9,RCS source archive
"mc/model/RCS/actions.h,v",mc,454,2007-01-13T17:48:14.000000+00:00,10c0d71e7cc05d8328315b447ca686397a047d2b9ff0f7c4b945a36c3dae3016,RCS source archive
"mc/model/RCS/bfsearch.c,v",mc,2605,2007-01-13T17:48:15.000000+00:00,6df87bd7ffe119958e6ab524c97bd95f223586d73bd177c5b77e619b8658bbc1,RCS source archive
"mc/model/RCS/bfsearch.h,v",mc,489,2007-01-13T17:48:11.000000+00:00,f9c938341cd790dab4a97b18f6111c550c42f994909416437e70e284f212f02b,RCS source archive
"mc/model/RCS/common.h,v",mc,4567,2007-01-13T17:48:10.000000+00:00,aae9c6980c83b1b392b90d4ce039d2aa658f0e60bf1cee59e4e47107f7c2774a,RCS source archive
"mc/model/RCS/envrn.c,v",mc,8591,2007-01-13T17:48:10.000000+00:00,a9186b1124ace72955ce7c420b6b682229e545d9c1ee23b096a5b71938ac52fc,RCS source archive
"mc/model/RCS/envrn.h,v",mc,428,2007-01-13T17:48:11.000000+00:00,8aa6b1e8e364f52325a08ae9f9576e363d739f6cf8d12dfe2d939cb62054adef,RCS source archive
"mc/model/RCS/evtlist.c,v",mc,2080,2007-01-13T17:48:12.000000+00:00,e97339f09ba9dd3ab4260988219af49d5dae7df23e56ada4f2af77cf69d04fde,RCS source archive
"mc/model/RCS/evtlist.h,v",mc,934,2007-01-13T17:48:10.000000+00:00,95ece0e3f313caf6915232b0c647391bcaf026086e15fe0694b609c9868ef363,RCS source archive
"mc/model/RCS/futil.c,v",mc,1103,2007-01-13T17:48:09.000000+00:00,0eb7f3cb9196a436e646c53d9b4b91412c4ddd158c51938d7712af94479b7f9a,RCS source archive
"mc/model/RCS/futil.h,v",mc,443,2007-01-13T17:48:16.000000+00:00,0940ac605f46d239d698dd3eaa98370942dff19b8c6fd8091ff4dd09252abd19,RCS source archive
"mc/model/RCS/lattice.c,v",mc,8467,2007-01-13T17:48:13.000000+00:00,62ff51897833ca06f17c452b867ceb60a52c92472d955f98290b356b527cc264,RCS source archive
"mc/model/RCS/lattice.h,v",mc,2371,2007-01-13T17:48:16.000000+00:00,9a39d9ec980031f52065a141ab89fda361dc1cf6aa5dbf5062101edd6a3254e9,RCS source archive
"mc/model/RCS/mckaol.c,v",mc,2115,2007-01-13T17:48:12.000000+00:00,844b361e718db59a161a4c55551c675c3080a9f711c13eceb845b9e5cf405fdd,RCS source archive
"mc/model/RCS/myerr.c,v",mc,387,2007-01-13T17:48:13.000000+00:00,0aea35115701dd4d9f259971b24b824c6fa769ef52b2b3b05035248f92b13476,RCS source archive
"mc/model/RCS/myerr.h,v",mc,319,2007-01-13T17:48:15.000000+00:00,09a857f9869cb8273a77c51ad04e2a0741dbb46342f1adaf1316050353f6954b,RCS source archive
"mc/model/RCS/output.c,v",mc,8019,2007-01-13T17:48:12.000000+00:00,6c2e376c1a3d1b8c1a5f8e5bf3a12c0c507356858f35248d87a0de52d87e7e27,RCS source archive
"mc/model/RCS/output.h,v",mc,827,2007-01-13T17:48:14.000000+00:00,b8828f478606dab4cb0850c9c4c81cc35c073dcd10d4811d52ba5b341d84d2e4,RCS source archive
"mc/model/RCS/ran2.c,v",mc,1583,2007-01-13T17:48:11.000000+00:00,b75b513d6f25ed337b15430ca7c9c6b7d37518811e5cf147bc7b4408810fa4b9,RCS source archive
"mc/model/RCS/ran2.h,v",mc,394,2007-01-13T17:48:16.000000+00:00,faa6b152e31726b1cf1375786d21fd95a3c890cfd0d017a3f389e4ee48890e4c,RCS source archive
"mc/model/RCS/reactionlist.h,v",mc,678,2007-01-13T17:48:12.000000+00:00,af014ea8bdabc1585499de0c0598e7b0c57a66c771a6a004cd376fd76241c00b,RCS source archive
"mc/model/RCS/reactions.c,v",mc,7853,2007-01-13T17:48:13.000000+00:00,63edc45369fc930be6cb096d1844423046754018b53b05fa211a4b89412da848,RCS source archive
"mc/model/RCS/reactions.h,v",mc,1151,2007-01-13T17:48:13.000000+00:00,8eaa570f81a1261005cef066cd1e9de16ee299e52d9ccdb96cd7e9e321adcd3a,RCS source archive
"mc/model/RCS/rxnlist.c,v",mc,3584,2007-01-13T17:48:09.000000+00:00,09c13983a48ae06f92618a15577b340dc57cb6edd6075fcebb13e8caf44b326d,RCS source archive
"mc/model/RCS/rxnlist.h,v",mc,1425,2007-01-13T17:48:17.000000+00:00,1cebe9aeecb0d701bc9eafb314a2ba5631f3b61b84012fc02b1a922f443e067c,RCS source archive
"mc/model/RCS/sim.c,v",mc,1228,2007-01-13T17:48:14.000000+00:00,4c26a79d3ebff0dc25cb6672b5d45916297c413ab7230c7fb91d05e9e15e5a19,RCS source archive
"mc/model/RCS/sim.h,v",mc,725,2007-01-13T17:48:17.000000+00:00,89ec27a0aebcd93a0c8c6d700e301780ec8b1fb8157642238396ad6463232b48,RCS source archive
"mc/model/RCS/ucell.c,v",mc,1911,2007-01-13T17:48:15.000000+00:00,5fd50ebc35884d75bdc1754264030cdcae6ba93b72e65b4aeaa313f8b79f8c34,RCS source archive
"mc/model/RCS/ucell.h,v",mc,1174,2007-01-13T17:48:10.000000+00:00,74fcd0d4a261582af7958af9cdf3240c3c9001aa86539986830f9afb2499914f,RCS source archive
mc/model/actions.c,mc,2180,2007-01-13T17:48:18.000000+00:00,2c77ef7fdac0da479e2e55ec505a993ba9518ed2b0d4fc9d1deeb14b59785371,C model source
mc/model/actions.h,mc,245,2007-01-13T17:48:26.000000+00:00,93205600666066b3fa0c2255d041cdcaa5da458d0ecd667ff8be3ce1a1b0853d,C model source
mc/model/bfsearch.c,mc,2267,2007-01-13T17:48:22.000000+00:00,827509472e6cc24755b0abf286de2946cf286c97a39ca460fd340d8f6d7c4bb3,C model source
mc/model/bfsearch.h,mc,280,2007-01-13T17:48:17.000000+00:00,a4b6c57a25e04ebe926ff02586eb61eae820cecf830df151f1fac565e340cc84,C model source
mc/model/common.h,mc,4358,2007-01-13T17:48:26.000000+00:00,4cb2a292219602ae612ebe03c49e2e5ee8f0c310613436685f3c8e28b254c925,C model source
mc/model/data.cell,mc,8774,2007-01-13T17:48:19.000000+00:00,4a93dde3656a8ca9f05c5be9fbd01db8ca5b73d2463beae628e5f0aaf335c362,KMC run input
mc/model/data.lattice,mc,47,2007-01-13T17:48:19.000000+00:00,b83dcec2040576b8d016c3ea9731a010ded62bd09da8a947df989900ed8b2998,KMC run input
mc/model/data.rxn,mc,2948,2007-01-13T17:48:27.000000+00:00,964805da201d936c9028a4c102a03a64cc27d4ce1cda1c45d08bd2d559cd2899,KMC run input
mc/model/data.sim,mc,283,2007-01-13T17:48:24.000000+00:00,6ce9d2ec3437acae6faabf2b7e94e13b43f867291e53c5ea686be142e68b39bf,KMC run input
mc/model/envrn.c,mc,6942,2007-01-13T17:48:18.000000+00:00,c5ada89b7a80360447be0d5aed632a563757e839b76ea6f604477e31fa4b8123,C model source
mc/model/envrn.h,mc,219,2007-01-13T17:48:21.000000+00:00,f876c19651cb4dc2e82e9121ce519ad7a5b0f83bc52e3325bde7106f840e5745,C model source
mc/model/evtlist.c,mc,1317,2007-01-13T17:48:27.000000+00:00,cf8598b0c706c74ad77aebbb1ed8572b013379b40257e9ac3cfdd00e427fe9c9,C model source
mc/model/evtlist.h,mc,725,2007-01-13T17:48:09.000000+00:00,c2a9ed7c53d1cdaaedf1f456330c7952fe48c3743125a16cf679e36a0887b833,C model source
mc/model/futil.c,mc,894,2007-01-13T17:48:22.000000+00:00,b840dc319852ed34f3a8f65ba927ee5f39b4954d73b2bd6e64632eadde5bd51e,C model source
mc/model/futil.h,mc,234,2007-01-13T17:48:21.000000+00:00,ef6a97adef5dab37f24e3f518f3700ab2fce52dc754fff73b425453d27dc0536,C model source
mc/model/input/prot.cell,mc,8774,2007-01-13T17:48:24.000000+00:00,4a93dde3656a8ca9f05c5be9fbd01db8ca5b73d2463beae628e5f0aaf335c362,archive file
mc/model/input/prot.lattice,mc,47,2007-01-13T17:48:23.000000+00:00,b83dcec2040576b8d016c3ea9731a010ded62bd09da8a947df989900ed8b2998,archive file
mc/model/input/prot.rxn,mc,2892,2007-01-13T17:48:24.000000+00:00,2be1ffbca0e56fcb2794c9322ebe90e92704ec92a58d626f08409a48b1933441,archive file
mc/model/input/prot.sim,mc,290,2007-01-13T17:48:23.000000+00:00,a79512289033592fa9c1f18c97e362dda98491b3dc57c70753538cead95f699d,archive file
mc/model/job,mc,49,2007-01-13T17:48:21.000000+00:00,321d6c851db6e86954555b6fc3a4c03d9c0c5ca7894d3279ed2d0cd2aed0ce66,archive file
mc/model/lattice.c,mc,7860,2007-01-13T17:48:24.000000+00:00,b9336e1dc2c19a8e5ba0df55cd0886961c2e246345b3e6ebf1744f93d7f94413,C model source
mc/model/lattice.h,mc,1624,2007-01-13T17:48:17.000000+00:00,4411a4377fb3cf539e4d1d6dd4de55d35a3269cb91d69b5e20a3bb067044b62c,C model source
mc/model/mckaol,mc,35403,2007-01-13T17:48:22.000000+00:00,b430c13c7515b14140ada007414769240e330340fc422d373df7a449f0192659,archive file
mc/model/mckaol.c,mc,1436,2007-01-13T17:48:09.000000+00:00,d426f9fd1e37f7b96dd20e45b2905d66f4415f2f20b44e6f652176ff2990e4d0,C model source
mc/model/myerr.c,mc,178,2007-01-13T17:48:23.000000+00:00,7d1841619f18cc52e3c4936f9a2e4e97966efa44c3658f99168932e34327217f,C model source
mc/model/myerr.h,mc,110,2007-01-13T17:48:20.000000+00:00,95c4056c91c8ebd9c09065e0e1cc821a74234c3e5a68335e99207f62dd3b7d3d,C model source
mc/model/output.c,mc,6731,2007-01-13T19:46:56.000000+00:00,35d52196474ad6aeb7598ab5a6da5db17614f09e756dfb8caadc9b1b1dbe91a7,C model source
mc/model/output.h,mc,369,2007-01-13T17:48:28.000000+00:00,a1cbc61f7228b8b61e1d739401728a7fb0df1cfc0f1cb4069997b74df5b4ed94,C model source
mc/model/ran2.c,mc,1374,2007-01-13T17:48:19.000000+00:00,07d8676226696ece524f88532127d53b40758fd8d7f17beecc9617c6ba6c38c4,C model source
mc/model/ran2.h,mc,185,2007-01-13T17:48:26.000000+00:00,f641294a4bd4916d89aa7fcabe16b275a4cd521fc4260bc68c0ad825d67a74e5,C model source
mc/model/reactions.c,mc,7644,2007-01-13T17:48:26.000000+00:00,96c24451f3a6a719821e90512c0dcd012ce00fad7cf96a48ff0277e4d30e7b93,C model source
mc/model/reactions.h,mc,942,2007-01-13T17:48:18.000000+00:00,8931452ccc24c6a7d94e78fee668b7c220f8c9dbeba6e27fb97d80b7a1f3db91,C model source
mc/model/results.dat,mc,218175,2007-01-13T17:48:25.000000+00:00,e8eff74ca4fb018c254a95a2a21313a72ecc97d4e7901b420ae51dd73f11b449,KMC run output
mc/model/rxnlist.c,mc,2601,2007-01-13T17:48:34.000000+00:00,844b7d8fbde9a08c8d15ce22ab67a0ddc2b8abdc45b057af29f97f3bb6b8ba90,C model source
mc/model/rxnlist.h,mc,890,2007-01-13T17:48:27.000000+00:00,680e4adf3e700c1e34caa5bcd1af4e27edc58a71a050cfb3d7f898c61e1a2cd4,C model source
mc/model/sim.c,mc,1019,2007-01-13T17:48:21.000000+00:00,2d51cadd73a77cbe6bdbf21d259acd7e7f6e653d040b15a0d6661e60062bf3a1,C model source
mc/model/sim.h,mc,516,2007-01-13T17:48:19.000000+00:00,ab7b93f2ed51455bdc95a1b5391aa81b73397c2b1960fc55d56f4224370172e2,C model source
mc/model/start.msi,mc,2142012,2007-01-13T17:48:34.000000+00:00,d1c99b8d1ee5cccd41b7ce27cd7a03faedf339db6a083cc1f1ab94ae367e6d59,archive file
mc/model/ucell.c,mc,1702,2007-01-13T17:48:20.000000+00:00,2a6dda1f15472143dc73281042b7f8fc1b15a78526b40f3773ec252ae329cdfb,C model source
mc/model/ucell.h,mc,965,2007-01-13T17:48:27.000000+00:00,dd86abcae87e996085b222b37fbb004636ef2937effab5f9316c8a7972e27213,C model source
mc/results/hotrox/932951264/data.cell,mc,8774,2007-01-13T17:44:21.000000+00:00,4a93dde3656a8ca9f05c5be9fbd01db8ca5b73d2463beae628e5f0aaf335c362,KMC run input
mc/results/hotrox/932951264/data.lattice,mc,40,2007-01-13T17:44:21.000000+00:00,dc085379df75a48ba37f953c6e61108d6535bbe9e25b9277edc70bfde156c597,KMC run input
mc/results/hotrox/932951264/data.rxn,mc,2946,2007-01-13T17:44:23.000000+00:00,446afacd63403292b8518185ec3096cd8c6a440086ee2eb9b12cd29ca156407e,KMC run input
mc/results/hotrox/932951264/data.sim,mc,290,2007-01-13T17:44:22.000000+00:00,25242588b37b5f134a03d877ed1aa3d863a82b3dd538f11baad8634c8fd837ad,KMC run input
mc/results/hotrox/932951264/plot.ps,mc,56994,2007-01-13T17:44:23.000000+00:00,cad2cae217755421810f981c35cd2491fc67b20dd5f90e321f450d65820a28a3,rendered/binary document or figure
mc/results/hotrox/932951264/results.dat,mc,247636,2007-01-13T17:44:22.000000+00:00,e23e359e7b37541d80bee71fd0fcc0e5411b29ddff3543ab49a3bdc7f744c286,KMC run output
mc/results/hotrox/932951264/surfAl.out,mc,616,2007-01-13T17:44:23.000000+00:00,b34ca815cb5ae1ba8a34546a8f8b0b32ee3d46e0bdd5e1a69f8b5a1a96bbc45f,KMC run output
mc/results/hotrox/932951264/surfSi.out,mc,436,2007-01-13T17:44:21.000000+00:00,fb735dd919d648c0158965b8d64a96633a40365a0140114a547181d8c7c231a7,KMC run output
mc/results/hotrox/932957621/data.cell,mc,8774,2007-01-13T17:45:44.000000+00:00,4a93dde3656a8ca9f05c5be9fbd01db8ca5b73d2463beae628e5f0aaf335c362,KMC run input
mc/results/hotrox/932957621/data.lattice,mc,40,2007-01-13T17:45:43.000000+00:00,ad5a70e3afffb21d98d0b2fdfe3577177aa597eff216c8fa57e68165cd8989ee,KMC run input
mc/results/hotrox/932957621/data.rxn,mc,2946,2007-01-13T17:45:45.000000+00:00,446afacd63403292b8518185ec3096cd8c6a440086ee2eb9b12cd29ca156407e,KMC run input
mc/results/hotrox/932957621/data.sim,mc,290,2007-01-13T17:45:44.000000+00:00,25242588b37b5f134a03d877ed1aa3d863a82b3dd538f11baad8634c8fd837ad,KMC run input
mc/results/hotrox/932957621/plot.ps,mc,57759,2007-01-13T17:45:45.000000+00:00,a44dcc81a41b3b8d37591a10e76ce8b626801042e33534461675d94c8fdd66ba,rendered/binary document or figure
mc/results/hotrox/932957621/results.dat,mc,270749,2007-01-13T17:45:44.000000+00:00,4e1a2d4e3897a585b1e8e08f87dd01d9e0c60fcdf0ab3a35c68950540e67d119,KMC run output
mc/results/hotrox/932957621/surfAl.out,mc,1572,2007-01-13T17:45:45.000000+00:00,9481cbb23ee3364068a1d68883a5b66efe356eb809715073453177b7624e6aad,KMC run output
mc/results/hotrox/932957621/surfSi.out,mc,1067,2007-01-13T17:45:43.000000+00:00,b76a3f6b587357b2ac89224db8d1665666a1cf8eeca370f84b14f78023b8cb37,KMC run output
mc/results/hotrox/932971367/data.cell,mc,8774,2007-01-13T17:44:47.000000+00:00,4a93dde3656a8ca9f05c5be9fbd01db8ca5b73d2463beae628e5f0aaf335c362,KMC run input
mc/results/hotrox/932971367/data.lattice,mc,40,2007-01-13T17:44:47.000000+00:00,9d5b9d4f4412735f898d8f8b27c89307caeb23898e3b3aee64b6e761621ef390,KMC run input
mc/results/hotrox/932971367/data.rxn,mc,2946,2007-01-13T17:44:49.000000+00:00,446afacd63403292b8518185ec3096cd8c6a440086ee2eb9b12cd29ca156407e,KMC run input
mc/results/hotrox/932971367/data.sim,mc,290,2007-01-13T17:44:47.000000+00:00,25242588b37b5f134a03d877ed1aa3d863a82b3dd538f11baad8634c8fd837ad,KMC run input
mc/results/hotrox/932971367/plot.ps,mc,55725,2007-01-13T17:44:49.000000+00:00,1afab17a1a777abae16269729d0568958cfddab9d19e81cb691c9bdb217622ef,rendered/binary document or figure
mc/results/hotrox/932971367/results.dat,mc,283281,2007-01-13T17:44:49.000000+00:00,a30b335525471d2230cffb02101082386d498dfac3b09dcf50fba751ded09aca,KMC run output
mc/results/hotrox/932971367/surfAl.out,mc,3304,2007-01-13T17:44:49.000000+00:00,4c7642c8511316f5928e537c114a7b4d0708308cce9bfc496feb3f47b7104e27,KMC run output
mc/results/hotrox/932971367/surfSi.out,mc,2023,2007-01-13T17:44:47.000000+00:00,514d6644df3869c672c88f50e8203be3f3241901cfb673121f87816cbc9393c6,KMC run output
mc/results/hotrox/932997996/data.cell,mc,8774,2007-01-13T17:44:16.000000+00:00,4a93dde3656a8ca9f05c5be9fbd01db8ca5b73d2463beae628e5f0aaf335c362,KMC run input
mc/results/hotrox/932997996/data.lattice,mc,41,2007-01-13T17:44:16.000000+00:00,0e82dff5c3223366300d6fcdd4e67ff9018c2f0ff479295590bb7cad84cd891d,KMC run input
mc/results/hotrox/932997996/data.rxn,mc,2946,2007-01-13T17:44:18.000000+00:00,446afacd63403292b8518185ec3096cd8c6a440086ee2eb9b12cd29ca156407e,KMC run input
mc/results/hotrox/932997996/data.sim,mc,290,2007-01-13T17:44:16.000000+00:00,25242588b37b5f134a03d877ed1aa3d863a82b3dd538f11baad8634c8fd837ad,KMC run input
mc/results/hotrox/932997996/plot.ps,mc,55659,2007-01-13T17:44:17.000000+00:00,0eb92c65b61cd27423454a7f0e52383baa4828a41dd7ac4c79945f691a3f997e,rendered/binary document or figure
mc/results/hotrox/932997996/results.dat,mc,303120,2007-01-13T17:44:17.000000+00:00,c267d95a3d62a35103a890d8f2a1aed318d2b5fb312cffd7e821fbc4e2b29b47,KMC run output
mc/results/hotrox/932997996/surfAl.out,mc,6819,2007-01-13T17:44:18.000000+00:00,634e478420d02615cc41b4d712e21e53bf26abe76905982c3e2beaec446952bb,KMC run output
mc/results/hotrox/932997996/surfSi.out,mc,4229,2007-01-13T17:44:15.000000+00:00,1c88eaa4bf1a7c1dea9a238b414d83ad199f7e414f12a495cc1f4a969acc87da,KMC run output
mc/results/hotrox/933126853/data.cell,mc,8774,2007-01-13T17:44:45.000000+00:00,4a93dde3656a8ca9f05c5be9fbd01db8ca5b73d2463beae628e5f0aaf335c362,KMC run input
mc/results/hotrox/933126853/data.lattice,mc,40,2007-01-13T17:44:44.000000+00:00,9d5b9d4f4412735f898d8f8b27c89307caeb23898e3b3aee64b6e761621ef390,KMC run input
mc/results/hotrox/933126853/data.rxn,mc,2946,2007-01-13T17:44:46.000000+00:00,446afacd63403292b8518185ec3096cd8c6a440086ee2eb9b12cd29ca156407e,KMC run input
mc/results/hotrox/933126853/data.sim,mc,290,2007-01-13T17:44:45.000000+00:00,25242588b37b5f134a03d877ed1aa3d863a82b3dd538f11baad8634c8fd837ad,KMC run input
mc/results/hotrox/933126853/plot.ps,mc,55725,2007-01-13T17:44:46.000000+00:00,d7e618a91272e947288d8fde3c532e4a8dec31b011dcf62cb7b4ea886e1b4861,rendered/binary document or figure
mc/results/hotrox/933126853/results.dat,mc,283281,2007-01-13T17:44:45.000000+00:00,a30b335525471d2230cffb02101082386d498dfac3b09dcf50fba751ded09aca,KMC run output
mc/results/hotrox/933126853/surfAl.out,mc,3304,2007-01-13T17:44:46.000000+00:00,4c7642c8511316f5928e537c114a7b4d0708308cce9bfc496feb3f47b7104e27,KMC run output
mc/results/hotrox/933126853/surfSi.out,mc,2023,2007-01-13T17:44:44.000000+00:00,514d6644df3869c672c88f50e8203be3f3241901cfb673121f87816cbc9393c6,KMC run output
mc/results/hotrox/933189176/data.cell,mc,8774,2007-01-13T17:44:32.000000+00:00,4a93dde3656a8ca9f05c5be9fbd01db8ca5b73d2463beae628e5f0aaf335c362,KMC run input
mc/results/hotrox/933189176/data.lattice,mc,40,2007-01-13T17:44:31.000000+00:00,b2832b5853b64d1fcadc2f0055d049e1dc90a3063b25e1763914180566a63bc4,KMC run input
mc/results/hotrox/933189176/data.rxn,mc,2946,2007-01-13T17:44:33.000000+00:00,446afacd63403292b8518185ec3096cd8c6a440086ee2eb9b12cd29ca156407e,KMC run input
mc/results/hotrox/933189176/data.sim,mc,290,2007-01-13T17:44:32.000000+00:00,25242588b37b5f134a03d877ed1aa3d863a82b3dd538f11baad8634c8fd837ad,KMC run input
mc/results/hotrox/933189176/plot.ps,mc,55435,2007-01-13T17:44:33.000000+00:00,45d86ca08a7b66004f08906fda3a9e5c7d6c728e8b137eb725fbe8c985af2f28,rendered/binary document or figure
mc/results/hotrox/933189176/results.dat,mc,294489,2007-01-13T17:44:33.000000+00:00,f899c2fe2b4180f8e45127bdab2d2744c02d8a4b94f402090dbc402eb077b0cb,KMC run output
mc/results/hotrox/933189176/surfAl.out,mc,3171,2007-01-13T17:44:34.000000+00:00,90f30ee981f62e955fe0a236cbb60c66c5bf68370c27fd7e62f0200e1c081f13,KMC run output
mc/results/hotrox/933189176/surfSi.out,mc,2244,2007-01-13T17:44:31.000000+00:00,97830e8c3187587f5805868a6a1e71683a0640e975215bbf9c6900af3f11c77f,KMC run output
mc/results/hotrox/933221409/data.cell,mc,8774,2007-01-13T17:44:27.000000+00:00,4a93dde3656a8ca9f05c5be9fbd01db8ca5b73d2463beae628e5f0aaf335c362,KMC run input
mc/results/hotrox/933221409/data.lattice,mc,40,2007-01-13T17:44:26.000000+00:00,1c9b20c77a0a193cd36282dbcca26ccfe8e73ed4f8f16deefd750240e3fcbe84,KMC run input
mc/results/hotrox/933221409/data.rxn,mc,2946,2007-01-13T17:44:28.000000+00:00,446afacd63403292b8518185ec3096cd8c6a440086ee2eb9b12cd29ca156407e,KMC run input
mc/results/hotrox/933221409/data.sim,mc,290,2007-01-13T17:44:27.000000+00:00,25242588b37b5f134a03d877ed1aa3d863a82b3dd538f11baad8634c8fd837ad,KMC run input
mc/results/hotrox/933221409/plot.ps,mc,57925,2007-01-13T17:44:28.000000+00:00,d4fcbf042672a5dd2d6d0a6c16c1e11408c321123d4087d5d87f18ea375892af,rendered/binary document or figure
mc/results/hotrox/933221409/results.dat,mc,295266,2007-01-13T17:44:28.000000+00:00,aceb2a12fd3b0d385583ca93a5270f26cea02ef337be20660038a4599ccf2a76,KMC run output
mc/results/hotrox/933221409/surfAl.out,mc,3738,2007-01-13T17:44:28.000000+00:00,bc1c35248c2b6f606fd0c093cfd9dd54aaa99cb7169b7c3652e6eb58ab5f427e,KMC run output
mc/results/hotrox/933221409/surfSi.out,mc,2844,2007-01-13T17:44:26.000000+00:00,3ac21abc55e5664efd00abe08e369b4f015cf50b4a09387e11060ade6bff5310,KMC run output
mc/results/hotrox/933260036/data.cell,mc,8774,2007-01-13T17:45:52.000000+00:00,4a93dde3656a8ca9f05c5be9fbd01db8ca5b73d2463beae628e5f0aaf335c362,KMC run input
mc/results/hotrox/933260036/data.lattice,mc,40,2007-01-13T17:45:51.000000+00:00,556e8351766b9b29196eccd0c0f8c407199e5d0d081a2e83c2de78219c1ae0ab,KMC run input
mc/results/hotrox/933260036/data.rxn,mc,2946,2007-01-13T17:45:53.000000+00:00,446afacd63403292b8518185ec3096cd8c6a440086ee2eb9b12cd29ca156407e,KMC run input
mc/results/hotrox/933260036/data.sim,mc,290,2007-01-13T17:45:52.000000+00:00,25242588b37b5f134a03d877ed1aa3d863a82b3dd538f11baad8634c8fd837ad,KMC run input
mc/results/hotrox/933260036/plot.ps,mc,40396,2007-01-13T17:45:53.000000+00:00,07d469c044f060d8d4245d36367a57c7e467fd802c173b083c896274cb095cd4,rendered/binary document or figure
mc/results/hotrox/933260036/results.dat,mc,191788,2007-01-13T17:45:52.000000+00:00,341ee74e7384f41277cfcb3f066b0536352d7524a6aa77c59c491cf6cc00c54e,KMC run output
mc/results/hotrox/933297368/data.cell,mc,8774,2007-01-13T17:46:44.000000+00:00,4a93dde3656a8ca9f05c5be9fbd01db8ca5b73d2463beae628e5f0aaf335c362,KMC run input
mc/results/hotrox/933297368/data.lattice,mc,40,2007-01-13T17:46:43.000000+00:00,fbad1981bba363725f9ab486556997e87e8dd9434ef11ede1997f20827a776a4,KMC run input
mc/results/hotrox/933297368/data.rxn,mc,2946,2007-01-13T17:46:45.000000+00:00,446afacd63403292b8518185ec3096cd8c6a440086ee2eb9b12cd29ca156407e,KMC run input
mc/results/hotrox/933297368/data.sim,mc,290,2007-01-13T17:46:44.000000+00:00,25242588b37b5f134a03d877ed1aa3d863a82b3dd538f11baad8634c8fd837ad,KMC run input
mc/results/hotrox/933297368/plot.ps,mc,57639,2007-01-13T17:46:45.000000+00:00,ad191863ba73837ce23abb6031b940f903b951249b822b269952a505547cb9d3,rendered/binary document or figure
mc/results/hotrox/933297368/results.dat,mc,298290,2007-01-13T17:46:45.000000+00:00,851d272a3e017fd116d38872e74f84c78bf12d253ffd0bdc6acaa07fc824d62b,KMC run output
mc/results/hotrox/933297368/surfAl.out,mc,6013,2007-01-13T17:46:46.000000+00:00,bbc2486adb132ecfb20586672d9d87f9a77458a3d2bf329b7dfb3467e7271735,KMC run output
mc/results/hotrox/933297368/surfSi.out,mc,3971,2007-01-13T17:46:43.000000+00:00,9cd80663cd6fdd0b9185094927730deb124752828f99f56e160e2b6ca2eb0dda,KMC run output
mc/results/hotrox/933345948/data.cell,mc,8774,2007-01-13T17:46:28.000000+00:00,4a93dde3656a8ca9f05c5be9fbd01db8ca5b73d2463beae628e5f0aaf335c362,KMC run input
mc/results/hotrox/933345948/data.lattice,mc,47,2007-01-13T17:46:27.000000+00:00,b83dcec2040576b8d016c3ea9731a010ded62bd09da8a947df989900ed8b2998,KMC run input
mc/results/hotrox/933345948/data.rxn,mc,2946,2007-01-13T17:46:29.000000+00:00,446afacd63403292b8518185ec3096cd8c6a440086ee2eb9b12cd29ca156407e,KMC run input
mc/results/hotrox/933345948/data.sim,mc,256,2007-01-13T17:46:28.000000+00:00,b0fdf9e768ec5143453fc6ece0ebcc64c2e1c2c0592fb39cf1a9517806b59bf1,KMC run input
mc/results/hotrox/933345948/plot.ps,mc,17296,2007-01-13T17:46:29.000000+00:00,72aab5f8ff2b96700e5e655332667df477254e2aae47f16e46406040bf7b0d2e,rendered/binary document or figure
mc/results/hotrox/933345948/results.dat,mc,29153,2007-01-13T17:46:28.000000+00:00,cfb977f2536cc9648b7eb52b7ecb52eef9dc395e8c607a708e803407d0ebe294,KMC run output
mc/results/hotrox/933345948/surfAl.out,mc,4771,2007-01-13T17:46:29.000000+00:00,4c82ae1aecd07453566b0d86ba725590315512c96323edc02dfaea076f4c470a,KMC run output
mc/results/hotrox/933345948/surfSi.out,mc,3174,2007-01-13T17:46:27.000000+00:00,054925d0aa2315582695c46e22f369257b9e04616253fe1200082e32e7bddf9b,KMC run output
mc/results/hotrox/933351388/data.cell,mc,8774,2007-01-13T17:45:36.000000+00:00,4a93dde3656a8ca9f05c5be9fbd01db8ca5b73d2463beae628e5f0aaf335c362,KMC run input
mc/results/hotrox/933351388/data.lattice,mc,47,2007-01-13T17:45:36.000000+00:00,b83dcec2040576b8d016c3ea9731a010ded62bd09da8a947df989900ed8b2998,KMC run input
mc/results/hotrox/933351388/data.rxn,mc,2946,2007-01-13T17:45:37.000000+00:00,446afacd63403292b8518185ec3096cd8c6a440086ee2eb9b12cd29ca156407e,KMC run input
mc/results/hotrox/933351388/data.sim,mc,257,2007-01-13T17:45:36.000000+00:00,bda9063264e49f9c2baf070aa5127a19924b498fdd2640a30bbe82cabd63bbd5,KMC run input
mc/results/hotrox/933351388/plot.ps,mc,21738,2007-01-13T17:45:37.000000+00:00,0a94c24ac797dc7353435a592512a35b67062fe6800a134c84f131cfccb86b21,rendered/binary document or figure
mc/results/hotrox/933351388/results.dat,mc,58535,2007-01-13T17:45:36.000000+00:00,9cf3e28cb40930644ec53c2ed4b9dfc65fecc23619dd50697443caeae9b3f0c6,KMC run output
mc/results/hotrox/933351388/surfAl.out,mc,5210,2007-01-13T17:45:37.000000+00:00,43226493f1a77b9edd501dbb7452c4e794505c4b5d3d1016ff34d954c94e539e,KMC run output
mc/results/hotrox/933351388/surfSi.out,mc,3586,2007-01-13T17:45:35.000000+00:00,42179d6635a24fa247c71aa389366896a1dfcf5c98215f7b14c2db2d75b5ae14,KMC run output
mc/results/hotrox/933361899/data.cell,mc,8774,2007-01-13T17:45:54.000000+00:00,4a93dde3656a8ca9f05c5be9fbd01db8ca5b73d2463beae628e5f0aaf335c362,KMC run input
mc/results/hotrox/933361899/data.lattice,mc,47,2007-01-13T17:45:54.000000+00:00,b83dcec2040576b8d016c3ea9731a010ded62bd09da8a947df989900ed8b2998,KMC run input
mc/results/hotrox/933361899/data.rxn,mc,2946,2007-01-13T17:45:55.000000+00:00,446afacd63403292b8518185ec3096cd8c6a440086ee2eb9b12cd29ca156407e,KMC run input
mc/results/hotrox/933361899/data.sim,mc,257,2007-01-13T17:45:54.000000+00:00,604d4dbfe6df69b51275c77f4bca6b25c887386376c4fc017f0e853d02b97873,KMC run input
mc/results/hotrox/933361899/plot.ps,mc,30202,2007-01-13T17:45:55.000000+00:00,583b083508a13096ba578394758ed6c33ce36c53e1585c94f49e1eca37eeefb4,rendered/binary document or figure
mc/results/hotrox/933361899/results.dat,mc,119406,2007-01-13T17:45:55.000000+00:00,786a3f1e5f27932e21417ecbfb7b062a04b8b4732fb0c6d45f2c7e546d870966,KMC run output
mc/results/hotrox/933361899/surfAl.out,mc,5719,2007-01-13T17:45:55.000000+00:00,eb0bccd3a7719d681d789a92ad2ff002617034ac2653b3b2385203dd23ff03fb,KMC run output
mc/results/hotrox/933361899/surfSi.out,mc,3941,2007-01-13T17:45:53.000000+00:00,5846e55e375b8215816141adaef225b69822d9d846a5f1fe94b06d41acc2ac4f,KMC run output
mc/results/hotrox/933383097/data.cell,mc,8774,2007-01-13T17:45:59.000000+00:00,4a93dde3656a8ca9f05c5be9fbd01db8ca5b73d2463beae628e5f0aaf335c362,KMC run input
mc/results/hotrox/933383097/data.lattice,mc,47,2007-01-13T17:45:59.000000+00:00,b83dcec2040576b8d016c3ea9731a010ded62bd09da8a947df989900ed8b2998,KMC run input
mc/results/hotrox/933383097/data.rxn,mc,2946,2007-01-13T17:46:00.000000+00:00,446afacd63403292b8518185ec3096cd8c6a440086ee2eb9b12cd29ca156407e,KMC run input
mc/results/hotrox/933383097/data.sim,mc,257,2007-01-13T17:45:59.000000+00:00,f90adfa3d9c65444dde933976d2a4709745f872ef4d01b9b6b7b410ac995e336,KMC run input
mc/results/hotrox/933383097/plot.ps,mc,37712,2007-01-13T17:46:00.000000+00:00,107af5bb4a73129b4492c5ecd6c766e0a0b5f50bfed16d4d190bb6cd4da7567d,rendered/binary document or figure
mc/results/hotrox/933383097/results.dat,mc,180254,2007-01-13T17:46:00.000000+00:00,a4734c33c8f6163cb5edc6a6bc7c684ce710854bdd371e5adf6e83a9aa629bed,KMC run output
mc/results/hotrox/933383097/surfAl.out,mc,5667,2007-01-13T17:46:01.000000+00:00,17fe8afee89c59e89f29498dd3215b568f4377156babc02653b5a7851a7f5f0f,KMC run output
mc/results/hotrox/933383097/surfSi.out,mc,3903,2007-01-13T17:45:59.000000+00:00,d60a57da76abac1a922f52a23413988af230343c6d2cdb76ab72374aff765674,KMC run output
mc/results/hotrox/933414903/data.cell,mc,8774,2007-01-13T17:46:11.000000+00:00,4a93dde3656a8ca9f05c5be9fbd01db8ca5b73d2463beae628e5f0aaf335c362,KMC run input
mc/results/hotrox/933414903/data.lattice,mc,47,2007-01-13T17:46:10.000000+00:00,b83dcec2040576b8d016c3ea9731a010ded62bd09da8a947df989900ed8b2998,KMC run input
mc/results/hotrox/933414903/data.rxn,mc,2946,2007-01-13T17:46:12.000000+00:00,446afacd63403292b8518185ec3096cd8c6a440086ee2eb9b12cd29ca156407e,KMC run input
mc/results/hotrox/933414903/data.sim,mc,257,2007-01-13T17:46:11.000000+00:00,45a2826bc36f27eceeab64ca82a3effc06da8c6358d549b720e6e31fb740cb99,KMC run input
mc/results/hotrox/933414903/plot.ps,mc,46756,2007-01-13T17:46:12.000000+00:00,e8ad248ea4ca86b82768eddd8d8bec2b52aead7d9d2a40cc44cf049cabb1db25,rendered/binary document or figure
mc/results/hotrox/933414903/results.dat,mc,241503,2007-01-13T17:46:12.000000+00:00,c2dde6f126622e8c4ae2d7c1aa2d03164c3d703c13bc03a90a308ad0c54bf531,KMC run output
mc/results/hotrox/933414903/surfAl.out,mc,5894,2007-01-13T17:46:13.000000+00:00,bc9395e97ed262f427d46f4191222873ded098b0c119ef4e6192a86250c565e2,KMC run output
mc/results/hotrox/933414903/surfSi.out,mc,4175,2007-01-13T17:46:10.000000+00:00,bd1018dc349bfd7d25ed192528a3a039d641e213d1663e7709d4a09aa9b72b34,KMC run output
mc/results/hotrox/933461324/data.cell,mc,8774,2007-01-13T17:44:29.000000+00:00,4a93dde3656a8ca9f05c5be9fbd01db8ca5b73d2463beae628e5f0aaf335c362,KMC run input
mc/results/hotrox/933461324/data.lattice,mc,47,2007-01-13T17:44:29.000000+00:00,b83dcec2040576b8d016c3ea9731a010ded62bd09da8a947df989900ed8b2998,KMC run input
mc/results/hotrox/933461324/data.rxn,mc,2948,2007-01-13T17:44:31.000000+00:00,84e48719f46efd97be27ff0f0b7c5b11aaed51e820e3ebcbba3e846278db26cd,KMC run input
mc/results/hotrox/933461324/data.sim,mc,283,2007-01-13T17:44:30.000000+00:00,d7d75f150ecd8de0795006b3e82fa4cc3bcdf91c4967dda0a35db977b5455d9c,KMC run input
mc/results/hotrox/933461324/plot.ps,mc,30350,2007-01-13T17:44:30.000000+00:00,b131f88608c44f676a50512cd722f47018f4670b826ab25db1002f0cdc8df40c,rendered/binary document or figure
mc/results/hotrox/933461324/results.dat,mc,118368,2007-01-13T17:44:30.000000+00:00,f4098c677ae3da537f9f2e4e7409021652ef19444983bc1788b8bde148438ca3,KMC run output
mc/results/hotrox/933461324/surfAl.out,mc,5364,2007-01-13T17:44:31.000000+00:00,6f4b9532a1d5a3c11bd3a190f576712945998cb53bd49484cfbe5ae39c8e6283,KMC run output
mc/results/hotrox/933461324/surfSi.out,mc,3800,2007-01-13T17:44:29.000000+00:00,2569e3dd1396e032e541545f5feb9c6ec42a83574782b7004b93f46911fc5bf6,KMC run output
mc/results/hotrox/933483813/data.cell,mc,8774,2007-01-13T17:45:19.000000+00:00,4a93dde3656a8ca9f05c5be9fbd01db8ca5b73d2463beae628e5f0aaf335c362,KMC run input
mc/results/hotrox/933483813/data.lattice,mc,47,2007-01-13T17:45:19.000000+00:00,b83dcec2040576b8d016c3ea9731a010ded62bd09da8a947df989900ed8b2998,KMC run input
mc/results/hotrox/933483813/data.rxn,mc,2948,2007-01-13T17:45:20.000000+00:00,84e48719f46efd97be27ff0f0b7c5b11aaed51e820e3ebcbba3e846278db26cd,KMC run input
mc/results/hotrox/933483813/data.sim,mc,284,2007-01-13T17:45:20.000000+00:00,9ff045526cf40f51e165680671083904599fc1c317361cea8a0ad8030a4cf738,KMC run input
mc/results/hotrox/933483813/plot.ps,mc,30806,2007-01-13T17:45:20.000000+00:00,254e1604c5c409c9d0415cc236b118d2d1953e6522ac349fc6cdfaa56c55cb31,rendered/binary document or figure
mc/results/hotrox/933483813/results.dat,mc,118930,2007-01-13T17:45:20.000000+00:00,8b5607af1c36f12968650960214a4aec90eba97ee1942acbba2626ad24a708f6,KMC run output
mc/results/hotrox/933483813/surfAl.out,mc,5371,2007-01-13T17:45:21.000000+00:00,ecc804aefbe50139e50683e29b4c63fb73240dc9a1788707df255a944666ff01,KMC run output
mc/results/hotrox/933483813/surfSi.out,mc,3788,2007-01-13T17:45:19.000000+00:00,9ccc351bca835603bd3aefe029d43dfab4e71346773911f2c588e3d120754be9,KMC run output
mc/results/hotrox/933506537/data.cell,mc,8774,2007-01-13T17:44:05.000000+00:00,4a93dde3656a8ca9f05c5be9fbd01db8ca5b73d2463beae628e5f0aaf335c362,KMC run input
mc/results/hotrox/933506537/data.lattice,mc,47,2007-01-13T17:44:05.000000+00:00,b83dcec2040576b8d016c3ea9731a010ded62bd09da8a947df989900ed8b2998,KMC run input
mc/results/hotrox/933506537/data.rxn,mc,2948,2007-01-13T17:44:06.000000+00:00,84e48719f46efd97be27ff0f0b7c5b11aaed51e820e3ebcbba3e846278db26cd,KMC run input
mc/results/hotrox/933506537/data.sim,mc,284,2007-01-13T17:44:05.000000+00:00,7b1649781a16c4b586ac503aaf92a30fae9d9d4a076949872c1d7e05bdcf645f,KMC run input
mc/results/hotrox/933506537/plot.ps,mc,29639,2007-01-13T17:44:06.000000+00:00,668b8b24790ac04d788116d538641695005f14d83895228fb1c02c298af2a668,rendered/binary document or figure
mc/results/hotrox/933506537/results.dat,mc,118083,2007-01-13T17:44:06.000000+00:00,edf1a38576298f6cbf030068012f6373dc5e79b08ab8d99bdf5e1161ba7221e3,KMC run output
mc/results/hotrox/933506537/surfAl.out,mc,4964,2007-01-13T17:44:07.000000+00:00,ced8a204014bc1ce3c6f6bec69a47c01e90eca7f155b56476dff9e6cc5646b5f,KMC run output
mc/results/hotrox/933506537/surfSi.out,mc,3448,2007-01-13T17:44:05.000000+00:00,2e1a88b27c00f08c26e779b2ee4886c0240cf3d77d84e3e8e40143c7d03d2700,KMC run output
mc/results/hotrox/933528988/data.cell,mc,8774,2007-01-13T17:45:27.000000+00:00,4a93dde3656a8ca9f05c5be9fbd01db8ca5b73d2463beae628e5f0aaf335c362,KMC run input
mc/results/hotrox/933528988/data.lattice,mc,47,2007-01-13T17:45:27.000000+00:00,b83dcec2040576b8d016c3ea9731a010ded62bd09da8a947df989900ed8b2998,KMC run input
mc/results/hotrox/933528988/data.rxn,mc,2948,2007-01-13T17:45:28.000000+00:00,84e48719f46efd97be27ff0f0b7c5b11aaed51e820e3ebcbba3e846278db26cd,KMC run input
mc/results/hotrox/933528988/data.sim,mc,284,2007-01-13T17:45:27.000000+00:00,2dc7ab4f470a9c2c7efdb95f95798de42cfc77ee767ac5d5426e39cca6c29fc1,KMC run input
mc/results/hotrox/933528988/plot.ps,mc,29462,2007-01-13T17:45:28.000000+00:00,4dd92b9144686f8145395698b66dfba0fd025006c4cc86ae4f8bcf52f7498a4d,rendered/binary document or figure
mc/results/hotrox/933528988/results.dat,mc,118141,2007-01-13T17:45:28.000000+00:00,9052c53e9b9449521030878c7f315c41cdc0771ac92cb92884a78079bc3ee01d,KMC run output
mc/results/hotrox/933528988/surfAl.out,mc,4805,2007-01-13T17:45:29.000000+00:00,6ad521c7a9fdc9edf903f8f00052c16bdd36e1b87f6375ec6a89729426826c0c,KMC run output
mc/results/hotrox/933528988/surfSi.out,mc,3362,2007-01-13T17:45:26.000000+00:00,de9dded176aed59d1efe7d7e05fafe9d735144304264e6f63f9b2a3390d49eae,KMC run output
mc/results/hotrox/933551670/data.cell,mc,8774,2007-01-13T17:45:25.000000+00:00,4a93dde3656a8ca9f05c5be9fbd01db8ca5b73d2463beae628e5f0aaf335c362,KMC run input
mc/results/hotrox/933551670/data.lattice,mc,47,2007-01-13T17:45:24.000000+00:00,b83dcec2040576b8d016c3ea9731a010ded62bd09da8a947df989900ed8b2998,KMC run input
mc/results/hotrox/933551670/data.rxn,mc,2948,2007-01-13T17:45:26.000000+00:00,84e48719f46efd97be27ff0f0b7c5b11aaed51e820e3ebcbba3e846278db26cd,KMC run input
mc/results/hotrox/933551670/data.sim,mc,283,2007-01-13T17:45:25.000000+00:00,a3210c1ceef8bdc509dcc49a323314593d45f85080ec0dbed8908b4ae66e35e4,KMC run input
mc/results/hotrox/933551670/plot.ps,mc,29096,2007-01-13T17:45:26.000000+00:00,33ab02c2e86e41954c90f06d7667a57750692415998875762949fa2d2f5ded57,rendered/binary document or figure
mc/results/hotrox/933551670/results.dat,mc,118187,2007-01-13T17:45:25.000000+00:00,8bdef2a36ff4382bec1a86b428f0460b4e7b07681320e300093a38784b112a42,KMC run output
mc/results/hotrox/933551670/surfAl.out,mc,5480,2007-01-13T17:45:26.000000+00:00,3f26d3214572b4d51bf7e23ef198ee1d59c625897ac0f0e54323e4180e3f8944,KMC run output
mc/results/hotrox/933551670/surfSi.out,mc,3804,2007-01-13T17:45:24.000000+00:00,55087b9678e7859d9115e91cd9bc5d45e48be30757928c6bd1bcd2411fdbf1f7,KMC run output
mc/results/hotrox/933574275/data.cell,mc,8774,2007-01-13T17:46:41.000000+00:00,4a93dde3656a8ca9f05c5be9fbd01db8ca5b73d2463beae628e5f0aaf335c362,KMC run input
mc/results/hotrox/933574275/data.lattice,mc,47,2007-01-13T17:46:41.000000+00:00,b83dcec2040576b8d016c3ea9731a010ded62bd09da8a947df989900ed8b2998,KMC run input
mc/results/hotrox/933574275/data.rxn,mc,2948,2007-01-13T17:46:42.000000+00:00,84e48719f46efd97be27ff0f0b7c5b11aaed51e820e3ebcbba3e846278db26cd,KMC run input
mc/results/hotrox/933574275/data.sim,mc,284,2007-01-13T17:46:42.000000+00:00,28f0132eeecf8493cc66784edf28ed8997c9b3235060eb575c0744f7a130f30d,KMC run input
mc/results/hotrox/933574275/plot.ps,mc,29548,2007-01-13T17:46:42.000000+00:00,349062663371003aaa5469112df595f4c599c5df168b85da23db4e1d1f2d3d7b,rendered/binary document or figure
mc/results/hotrox/933574275/results.dat,mc,118338,2007-01-13T17:46:42.000000+00:00,7e882cafe0b802ffa7e147aa58ee77c3575fe918b371776693c4f50c710455d8,KMC run output
mc/results/hotrox/933574275/surfAl.out,mc,4814,2007-01-13T17:46:43.000000+00:00,e09c303ffbd14722c6b89027b5e95a7149a0c97ba641a08199b502f64f60f670,KMC run output
mc/results/hotrox/933574275/surfSi.out,mc,3198,2007-01-13T17:46:41.000000+00:00,0808664b0fbd46463dc55b6a7cf336274781a1ff9339d2d2d06414bf0d3b62d7,KMC run output
mc/results/hotrox/933596908/data.cell,mc,8774,2007-01-13T17:44:42.000000+00:00,4a93dde3656a8ca9f05c5be9fbd01db8ca5b73d2463beae628e5f0aaf335c362,KMC run input
mc/results/hotrox/933596908/data.lattice,mc,47,2007-01-13T17:44:42.000000+00:00,b83dcec2040576b8d016c3ea9731a010ded62bd09da8a947df989900ed8b2998,KMC run input
mc/results/hotrox/933596908/data.rxn,mc,2948,2007-01-13T17:44:43.000000+00:00,84e48719f46efd97be27ff0f0b7c5b11aaed51e820e3ebcbba3e846278db26cd,KMC run input
mc/results/hotrox/933596908/data.sim,mc,284,2007-01-13T17:44:42.000000+00:00,4c925afd1bdf3a0d7a2ccb38384239ba502879eaca4789a9964dd34a3fd106ce,KMC run input
mc/results/hotrox/933596908/plot.ps,mc,28774,2007-01-13T17:44:43.000000+00:00,6e3e36824a795701568f334bd305eceef37b276fc5469c6b5d334539b7ae6148,rendered/binary document or figure
mc/results/hotrox/933596908/results.dat,mc,118298,2007-01-13T17:44:43.000000+00:00,8895a7147035aa83616aa8dcf767dbd25cab508a66ae6b74e68e6d472a31defa,KMC run output
mc/results/hotrox/933596908/surfAl.out,mc,5318,2007-01-13T17:44:44.000000+00:00,4f3eb7ebb4d8136638f3bc95d483168cdb3dab5ba749b30e10e47f4aa43e9b64,KMC run output
mc/results/hotrox/933596908/surfSi.out,mc,3727,2007-01-13T17:44:42.000000+00:00,e9859b1d029c167815a975fca1a7407f09d92632c6a4ad51be0ccbfca90dc903,KMC run output
mc/results/hotrox/933619444/data.cell,mc,8774,2007-01-13T17:44:08.000000+00:00,4a93dde3656a8ca9f05c5be9fbd01db8ca5b73d2463beae628e5f0aaf335c362,KMC run input
mc/results/hotrox/933619444/data.lattice,mc,47,2007-01-13T17:44:07.000000+00:00,b83dcec2040576b8d016c3ea9731a010ded62bd09da8a947df989900ed8b2998,KMC run input
mc/results/hotrox/933619444/data.rxn,mc,2948,2007-01-13T17:44:09.000000+00:00,84e48719f46efd97be27ff0f0b7c5b11aaed51e820e3ebcbba3e846278db26cd,KMC run input
mc/results/hotrox/933619444/data.sim,mc,284,2007-01-13T17:44:08.000000+00:00,225fe8ceb86ba3f7f9451586905df89cb87d633b17742440be4ef1ffe97c6e49,KMC run input
mc/results/hotrox/933619444/plot.ps,mc,28707,2007-01-13T17:44:09.000000+00:00,8770d8f3790c284f5b0e7b1d4a6a97a1725e801ff0b453abe3c099e46402ef28,rendered/binary document or figure
mc/results/hotrox/933619444/results.dat,mc,118093,2007-01-13T17:44:08.000000+00:00,e536d20c959dab7eefe194faf37dfd44d5e713c8c85f5e26c6cf7bff85337d85,KMC run output
mc/results/hotrox/933619444/surfAl.out,mc,4917,2007-01-13T17:44:09.000000+00:00,1fa79b1810675dd8dab46555c9086df14182c91eb3f9f944de28b7c7348061d3,KMC run output
mc/results/hotrox/933619444/surfSi.out,mc,3754,2007-01-13T17:44:07.000000+00:00,26c6b7056a98533b4317720cc6c235814121e3d7e0814d7a9ac40a7fe380443d,KMC run output
mc/results/hotrox/933641989/data.cell,mc,8774,2007-01-13T17:43:58.000000+00:00,4a93dde3656a8ca9f05c5be9fbd01db8ca5b73d2463beae628e5f0aaf335c362,KMC run input
mc/results/hotrox/933641989/data.lattice,mc,47,2007-01-13T17:43:58.000000+00:00,b83dcec2040576b8d016c3ea9731a010ded62bd09da8a947df989900ed8b2998,KMC run input
mc/results/hotrox/933641989/data.rxn,mc,2948,2007-01-13T17:43:59.000000+00:00,84e48719f46efd97be27ff0f0b7c5b11aaed51e820e3ebcbba3e846278db26cd,KMC run input
mc/results/hotrox/933641989/data.sim,mc,284,2007-01-13T17:43:58.000000+00:00,2e4a20809d1b25a8f9d70e0848233bc76783c7ab234595d1d6e0f5abdb0abc99,KMC run input
mc/results/hotrox/933641989/plot.ps,mc,29660,2007-01-13T17:43:59.000000+00:00,5b61cd9fe8b52308fca4bb12ed081291fad8bf4d39336070ac89bdf8e96ff5b8,rendered/binary document or figure
mc/results/hotrox/933641989/results.dat,mc,118537,2007-01-13T17:43:59.000000+00:00,c6a784ea1e856acb81774758d9923222e8e1b7230a4a5159793ea33afdaa2b48,KMC run output
mc/results/hotrox/933641989/surfAl.out,mc,5226,2007-01-13T17:43:59.000000+00:00,02e678904c050493a02bb083f2ff351c811522ad928c05d2e517add09ac6b44a,KMC run output
mc/results/hotrox/933641989/surfSi.out,mc,3617,2007-01-13T17:43:57.000000+00:00,5f956398ed8bd89a7184c2cab697ffee747068434e43e9bebefe44b65d1ce55c,KMC run output
mc/results/hotrox/933664755/data.cell,mc,8774,2007-01-13T17:45:17.000000+00:00,4a93dde3656a8ca9f05c5be9fbd01db8ca5b73d2463beae628e5f0aaf335c362,KMC run input
mc/results/hotrox/933664755/data.lattice,mc,47,2007-01-13T17:45:16.000000+00:00,b83dcec2040576b8d016c3ea9731a010ded62bd09da8a947df989900ed8b2998,KMC run input
mc/results/hotrox/933664755/data.rxn,mc,2948,2007-01-13T17:45:18.000000+00:00,84e48719f46efd97be27ff0f0b7c5b11aaed51e820e3ebcbba3e846278db26cd,KMC run input
mc/results/hotrox/933664755/data.sim,mc,285,2007-01-13T17:45:17.000000+00:00,b68a85297452862e6bb4df33e26bbed4423d9fd5c3e84726ef9d22ef748185eb,KMC run input
mc/results/hotrox/933664755/plot.ps,mc,28933,2007-01-13T17:45:18.000000+00:00,0d38c28a8503d63e4033c4e0fbca5d1c11f53b0ca408266445462cd05f7966c4,rendered/binary document or figure
mc/results/hotrox/933664755/results.dat,mc,118215,2007-01-13T17:45:17.000000+00:00,ffd393ace2ab0d03f3fbb748838b04748e50b2b17087b32ac895797e011f6e64,KMC run output
mc/results/hotrox/933664755/surfAl.out,mc,4480,2007-01-13T17:45:18.000000+00:00,c28227009a93cc9961179ec9044b647d5f9a1b0c051538f985d7951881b87528,KMC run output
mc/results/hotrox/933664755/surfSi.out,mc,3281,2007-01-13T17:45:16.000000+00:00,8f88e0726d7fd79100d2ba172c14811068b3efdf750037707b563dc4792366b7,KMC run output
mc/results/hotrox/933688530/data.cell,mc,8774,2007-01-13T17:46:20.000000+00:00,4a93dde3656a8ca9f05c5be9fbd01db8ca5b73d2463beae628e5f0aaf335c362,KMC run input
mc/results/hotrox/933688530/data.lattice,mc,47,2007-01-13T17:46:20.000000+00:00,b83dcec2040576b8d016c3ea9731a010ded62bd09da8a947df989900ed8b2998,KMC run input
mc/results/hotrox/933688530/data.rxn,mc,2942,2007-01-13T17:46:21.000000+00:00,a3149605c01e808eaeb5b0e7d6def7c252d926525e249a0b8627a33bca956bfa,KMC run input
mc/results/hotrox/933688530/data.sim,mc,283,2007-01-13T17:46:20.000000+00:00,d7d75f150ecd8de0795006b3e82fa4cc3bcdf91c4967dda0a35db977b5455d9c,KMC run input
mc/results/hotrox/933688530/plot.ps,mc,29950,2007-01-13T17:46:21.000000+00:00,5e7ba6976f103accea4e581099a821bc59f03c6389098ff53390bf89d5bd7292,rendered/binary document or figure
mc/results/hotrox/933688530/results.dat,mc,118099,2007-01-13T17:46:21.000000+00:00,a0b9dde945a07270d79b828a773e6468cd09f9a3b09720686da4784f467c4e92,KMC run output
mc/results/hotrox/933688530/surfAl.out,mc,5346,2007-01-13T17:46:21.000000+00:00,6a59d6431d8450cfd1e534e36b3fd7da616caf510156c464bed90079c68670b2,KMC run output
mc/results/hotrox/933688530/surfSi.out,mc,3323,2007-01-13T17:46:19.000000+00:00,21a300d9c20f3985c014bcb422609aec1701ddd683867bb293ab763fc9f19468,KMC run output
mc/results/hotrox/933731809/data.cell,mc,8774,2007-01-13T17:44:19.000000+00:00,4a93dde3656a8ca9f05c5be9fbd01db8ca5b73d2463beae628e5f0aaf335c362,KMC run input
mc/results/hotrox/933731809/data.lattice,mc,47,2007-01-13T17:44:19.000000+00:00,b83dcec2040576b8d016c3ea9731a010ded62bd09da8a947df989900ed8b2998,KMC run input
mc/results/hotrox/933731809/data.rxn,mc,2942,2007-01-13T17:44:20.000000+00:00,a3149605c01e808eaeb5b0e7d6def7c252d926525e249a0b8627a33bca956bfa,KMC run input
mc/results/hotrox/933731809/data.sim,mc,284,2007-01-13T17:44:19.000000+00:00,9ff045526cf40f51e165680671083904599fc1c317361cea8a0ad8030a4cf738,KMC run input
mc/results/hotrox/933731809/plot.ps,mc,31177,2007-01-13T17:44:20.000000+00:00,892202fdcb0f90947034df492a64baf366ac8ead157f0d004807c5959b247cf0,rendered/binary document or figure
mc/results/hotrox/933731809/results.dat,mc,118467,2007-01-13T17:44:20.000000+00:00,fa7e9767288ed9ca277c5b38bc5db29bc4547243db98bc5af11ea1e15226222f,KMC run output
mc/results/hotrox/933731809/surfAl.out,mc,5029,2007-01-13T17:44:20.000000+00:00,53eb6fa14fb6482e0ae125a78420d6559686da921a24aa5b822b2ab5d79221ea,KMC run output
mc/results/hotrox/933731809/surfSi.out,mc,3708,2007-01-13T17:44:18.000000+00:00,d9eda7779bf59b9fd562461d3e099a22d74a56b93d77c5307a4cb42fec72c3a5,KMC run output
mc/results/hotrox/933759791/data.cell,mc,8774,2007-01-13T17:44:40.000000+00:00,4a93dde3656a8ca9f05c5be9fbd01db8ca5b73d2463beae628e5f0aaf335c362,KMC run input
mc/results/hotrox/933759791/data.lattice,mc,47,2007-01-13T17:44:39.000000+00:00,b83dcec2040576b8d016c3ea9731a010ded62bd09da8a947df989900ed8b2998,KMC run input
mc/results/hotrox/933759791/data.rxn,mc,2942,2007-01-13T17:44:41.000000+00:00,a3149605c01e808eaeb5b0e7d6def7c252d926525e249a0b8627a33bca956bfa,KMC run input
mc/results/hotrox/933759791/data.sim,mc,284,2007-01-13T17:44:40.000000+00:00,7b1649781a16c4b586ac503aaf92a30fae9d9d4a076949872c1d7e05bdcf645f,KMC run input
mc/results/hotrox/933759791/plot.ps,mc,29625,2007-01-13T17:44:41.000000+00:00,f10c68fdb10efc9afcb798884ab5b45873b75b77cd3a6867cc36d57ea739bfac,rendered/binary document or figure
mc/results/hotrox/933759791/results.dat,mc,118114,2007-01-13T17:44:40.000000+00:00,67baa55d3f7ad371600ebb8369754b94263fcb1e2a940ecf703327612347b8cc,KMC run output
mc/results/hotrox/933759791/surfAl.out,mc,5533,2007-01-13T17:44:41.000000+00:00,a2a275cefc6dadaa4ed5a939ed25cbf946035b736d2414af400c267dd45bb89c,KMC run output
mc/results/hotrox/933759791/surfSi.out,mc,3509,2007-01-13T17:44:39.000000+00:00,a5db3d073dbc95876cfa2c7238bb74b961cad01e315e14441354ac09777315c3,KMC run output
mc/results/hotrox/933788465/data.cell,mc,8774,2007-01-13T17:44:00.000000+00:00,4a93dde3656a8ca9f05c5be9fbd01db8ca5b73d2463beae628e5f0aaf335c362,KMC run input
mc/results/hotrox/933788465/data.lattice,mc,47,2007-01-13T17:44:00.000000+00:00,b83dcec2040576b8d016c3ea9731a010ded62bd09da8a947df989900ed8b2998,KMC run input
mc/results/hotrox/933788465/data.rxn,mc,2942,2007-01-13T17:44:02.000000+00:00,a3149605c01e808eaeb5b0e7d6def7c252d926525e249a0b8627a33bca956bfa,KMC run input
mc/results/hotrox/933788465/data.sim,mc,284,2007-01-13T17:44:01.000000+00:00,2dc7ab4f470a9c2c7efdb95f95798de42cfc77ee767ac5d5426e39cca6c29fc1,KMC run input
mc/results/hotrox/933788465/plot.ps,mc,29765,2007-01-13T17:44:01.000000+00:00,643ff6fb49cf466c9c5cb15c18c300e225da33f93ee135aca9eab25a973b240a,rendered/binary document or figure
mc/results/hotrox/933788465/results.dat,mc,118347,2007-01-13T17:44:01.000000+00:00,e663a26a55d32629db3f643133b7c144dc811f48658be5db372408748c5fc9a7,KMC run output
mc/results/hotrox/933788465/surfAl.out,mc,5533,2007-01-13T17:44:02.000000+00:00,a54b47e35a4db8835160ee25175d34a10fdabe437687e005e81e84a008f77212,KMC run output
mc/results/hotrox/933788465/surfSi.out,mc,3537,2007-01-13T17:44:00.000000+00:00,a246c19c9b251663c269c15a4a87ff67551e5b8fccdba2c5393f5ec1cec7fe64,KMC run output
mc/results/hotrox/933827668/data.cell,mc,8774,2007-01-13T17:44:03.000000+00:00,4a93dde3656a8ca9f05c5be9fbd01db8ca5b73d2463beae628e5f0aaf335c362,KMC run input
mc/results/hotrox/933827668/data.lattice,mc,47,2007-01-13T17:44:03.000000+00:00,b83dcec2040576b8d016c3ea9731a010ded62bd09da8a947df989900ed8b2998,KMC run input
mc/results/hotrox/933827668/data.rxn,mc,2942,2007-01-13T17:44:04.000000+00:00,a3149605c01e808eaeb5b0e7d6def7c252d926525e249a0b8627a33bca956bfa,KMC run input
mc/results/hotrox/933827668/data.sim,mc,283,2007-01-13T17:44:03.000000+00:00,a3210c1ceef8bdc509dcc49a323314593d45f85080ec0dbed8908b4ae66e35e4,KMC run input
mc/results/hotrox/933827668/plot.ps,mc,30913,2007-01-13T17:44:04.000000+00:00,a9a5500266845eefa1908b24fa2c0a95d2fbb404b39cadde2b3b34506d246f22,rendered/binary document or figure
mc/results/hotrox/933827668/results.dat,mc,119021,2007-01-13T17:44:04.000000+00:00,7fbbe86ab2d75357d679ea33d5e0dfae868ffe5e82337f9acca98c050316af22,KMC run output
mc/results/hotrox/933827668/surfAl.out,mc,5021,2007-01-13T17:44:04.000000+00:00,a803a60565e394cf2c1d5638f4409c8e9b84b7a26bb0d41b0b0f79cf04792a22,KMC run output
mc/results/hotrox/933827668/surfSi.out,mc,3639,2007-01-13T17:44:02.000000+00:00,3f0f8ebb80e09a56cbb52a56b6d6d611370e08a8c36866b1e29bdc552cd7aed0,KMC run output
mc/results/hotrox/933848875/data.cell,mc,8774,2007-01-13T17:45:46.000000+00:00,4a93dde3656a8ca9f05c5be9fbd01db8ca5b73d2463beae628e5f0aaf335c362,KMC run input
mc/results/hotrox/933848875/data.lattice,mc,47,2007-01-13T17:45:46.000000+00:00,b83dcec2040576b8d016c3ea9731a010ded62bd09da8a947df989900ed8b2998,KMC run input
mc/results/hotrox/933848875/data.rxn,mc,2942,2007-01-13T17:45:48.000000+00:00,a3149605c01e808eaeb5b0e7d6def7c252d926525e249a0b8627a33bca956bfa,KMC run input
mc/results/hotrox/933848875/data.sim,mc,284,2007-01-13T17:45:46.000000+00:00,28f0132eeecf8493cc66784edf28ed8997c9b3235060eb575c0744f7a130f30d,KMC run input
mc/results/hotrox/933848875/plot.ps,mc,29666,2007-01-13T17:45:47.000000+00:00,0ac3158df0818646a4b9f8d285838dc64b3a5798f0dcb216e31be378fd7325f6,rendered/binary document or figure
mc/results/hotrox/933848875/results.dat,mc,118638,2007-01-13T17:45:47.000000+00:00,1a4f94f65f0c84350253ec0eaeb5604144cf670c4b309b6a70ada2b5e8aa0409,KMC run output
mc/results/hotrox/933848875/surfAl.out,mc,5538,2007-01-13T17:45:48.000000+00:00,aa1082215bdbeac9e071e1308a0c384c2cfec868e76e25761e9eb46a6b9e0297,KMC run output
mc/results/hotrox/933848875/surfSi.out,mc,3527,2007-01-13T17:45:46.000000+00:00,d805b7ace4fde047569dccdca42cd8903178f3e18fe7cc937ada77860ed46119,KMC run output
mc/results/hotrox/933892438/data.cell,mc,8774,2007-01-13T17:46:25.000000+00:00,4a93dde3656a8ca9f05c5be9fbd01db8ca5b73d2463beae628e5f0aaf335c362,KMC run input
mc/results/hotrox/933892438/data.lattice,mc,47,2007-01-13T17:46:25.000000+00:00,b83dcec2040576b8d016c3ea9731a010ded62bd09da8a947df989900ed8b2998,KMC run input
mc/results/hotrox/933892438/data.rxn,mc,2948,2007-01-13T17:46:27.000000+00:00,84e48719f46efd97be27ff0f0b7c5b11aaed51e820e3ebcbba3e846278db26cd,KMC run input
mc/results/hotrox/933892438/data.sim,mc,283,2007-01-13T17:46:25.000000+00:00,6f90f2d2158ac8ab3c00d7c4f3b4f39189fa0cbeecb32969284e4f8095972ef7,KMC run input
mc/results/hotrox/933892438/plot.ps,mc,55417,2007-01-13T17:46:26.000000+00:00,d71cc193ab69a446a53334f0227c12a5f43176ac8bdb701c834ab85f97b3069c,rendered/binary document or figure
mc/results/hotrox/933892438/results.dat,mc,300648,2007-01-13T17:46:26.000000+00:00,f6c411e00698ca8f7fe767f7718fc3674c9a9679fc312d78931b479d42897441,KMC run output
mc/results/hotrox/933892438/surfAl.out,mc,5566,2007-01-13T17:46:27.000000+00:00,a0cf9ea385e425f4632008b227dfeb59dfd28caad9d5ccd1ffe6e8757e7793c6,KMC run output
mc/results/hotrox/933892438/surfSi.out,mc,3934,2007-01-13T17:46:25.000000+00:00,ef49a4eb066c50e9b063ef54c41f77e2c40fefc4a8848d4904ab8323bb72eea9,KMC run output
mc/results/hotrox/933963558/data.cell,mc,8774,2007-01-13T17:45:14.000000+00:00,4a93dde3656a8ca9f05c5be9fbd01db8ca5b73d2463beae628e5f0aaf335c362,KMC run input
mc/results/hotrox/933963558/data.lattice,mc,47,2007-01-13T17:45:14.000000+00:00,b83dcec2040576b8d016c3ea9731a010ded62bd09da8a947df989900ed8b2998,KMC run input
mc/results/hotrox/933963558/data.rxn,mc,2948,2007-01-13T17:45:16.000000+00:00,84e48719f46efd97be27ff0f0b7c5b11aaed51e820e3ebcbba3e846278db26cd,KMC run input
mc/results/hotrox/933963558/data.sim,mc,284,2007-01-13T17:45:14.000000+00:00,48bbe4e9a3aa031d7d0cc882079b887c0739d0b8871708d00a0a9a3adfb832a9,KMC run input
mc/results/hotrox/933963558/plot.ps,mc,55439,2007-01-13T17:45:15.000000+00:00,1c11d4eaa15cf98c972ba8e62b4df3789d06a06cb177e39b9fe4630fe2c46341,rendered/binary document or figure
mc/results/hotrox/933963558/results.dat,mc,304035,2007-01-13T17:45:15.000000+00:00,8b2d7e0da9407ba230479f8ed5027ebc144a90b670108921626de346507c6a63,KMC run output
mc/results/hotrox/933963558/surfAl.out,mc,5841,2007-01-13T17:45:16.000000+00:00,08c3ab29aaef93dcf8e66f74893c5c3aa46e5949a93ec6fc856ba013ff622f7b,KMC run output
mc/results/hotrox/933963558/surfSi.out,mc,4251,2007-01-13T17:45:13.000000+00:00,503582a9fd4a7aca8c73e92ec0177d32b6918a1c50850ce504bd7f7d987d0a05,KMC run output
mc/results/hotrox/934049239/data.cell,mc,8774,2007-01-13T17:46:02.000000+00:00,4a93dde3656a8ca9f05c5be9fbd01db8ca5b73d2463beae628e5f0aaf335c362,KMC run input
mc/results/hotrox/934049239/data.lattice,mc,47,2007-01-13T17:46:01.000000+00:00,b83dcec2040576b8d016c3ea9731a010ded62bd09da8a947df989900ed8b2998,KMC run input
mc/results/hotrox/934049239/data.rxn,mc,2948,2007-01-13T17:46:03.000000+00:00,84e48719f46efd97be27ff0f0b7c5b11aaed51e820e3ebcbba3e846278db26cd,KMC run input
mc/results/hotrox/934049239/data.sim,mc,284,2007-01-13T17:46:02.000000+00:00,6a5a4c00eb180fcab7bbb2a90f004f9900bc033bbbcc248fc14eea2c9f5cfab0,KMC run input
mc/results/hotrox/934049239/plot.ps,mc,55450,2007-01-13T17:46:03.000000+00:00,4586a62fd253a649e83a2e42cb219958848d0a98a72911076d03eac30dbdf6fc,rendered/binary document or figure
mc/results/hotrox/934049239/results.dat,mc,299354,2007-01-13T17:46:03.000000+00:00,8b92b1b436ba8da72648bc982d86d35f7b990ee139d92b1d39792500f72f8da3,KMC run output
mc/results/hotrox/934049239/surfAl.out,mc,5402,2007-01-13T17:46:03.000000+00:00,e1fb0a55f8580e37617f618f319754fdcf07d3f4d21a7b761618957270a1e9da,KMC run output
mc/results/hotrox/934049239/surfSi.out,mc,3788,2007-01-13T17:46:01.000000+00:00,e0d2d21cb3a9fa793fa44bcfe02f8e1fac4a7bd499811f3dbff8b590ff887402,KMC run output
mc/results/hotrox/934152686/data.cell,mc,8774,2007-01-13T17:45:11.000000+00:00,4a93dde3656a8ca9f05c5be9fbd01db8ca5b73d2463beae628e5f0aaf335c362,KMC run input
mc/results/hotrox/934152686/data.lattice,mc,47,2007-01-13T17:45:11.000000+00:00,b83dcec2040576b8d016c3ea9731a010ded62bd09da8a947df989900ed8b2998,KMC run input
mc/results/hotrox/934152686/data.rxn,mc,2948,2007-01-13T17:45:13.000000+00:00,84e48719f46efd97be27ff0f0b7c5b11aaed51e820e3ebcbba3e846278db26cd,KMC run input
mc/results/hotrox/934152686/data.sim,mc,284,2007-01-13T17:45:11.000000+00:00,903a2b27b20577a4f4284d3abe964b0dc4f6b1a764cd12ab9d415d7593682d69,KMC run input
mc/results/hotrox/934152686/plot.ps,mc,55462,2007-01-13T17:45:12.000000+00:00,892679ec80d0e4109b81ce27cf51d23c20ef3e6d0b7d74a0056c4de69f33b652,rendered/binary document or figure
mc/results/hotrox/934152686/results.dat,mc,298975,2007-01-13T17:45:12.000000+00:00,38816b870109200475cf207bbd9a7e3a22fe9f9144a2c54fb4a94bd8e76c600c,KMC run output
mc/results/hotrox/934152686/surfAl.out,mc,5796,2007-01-13T17:45:13.000000+00:00,3aee10ede5e19555b73a4e4bdf3b049f974ef0bc971c9ec9681a960ce5cf4da5,KMC run output
mc/results/hotrox/934152686/surfSi.out,mc,3912,2007-01-13T17:45:10.000000+00:00,2676ccb4fb4767f062c1542c5e23574f73ada496e373d20b09002047060376c5,KMC run output
mc/results/hotrox/934261408/data.cell,mc,8774,2007-01-13T17:46:30.000000+00:00,4a93dde3656a8ca9f05c5be9fbd01db8ca5b73d2463beae628e5f0aaf335c362,KMC run input
mc/results/hotrox/934261408/data.lattice,mc,47,2007-01-13T17:46:30.000000+00:00,b83dcec2040576b8d016c3ea9731a010ded62bd09da8a947df989900ed8b2998,KMC run input
mc/results/hotrox/934261408/data.rxn,mc,2948,2007-01-13T17:46:32.000000+00:00,84e48719f46efd97be27ff0f0b7c5b11aaed51e820e3ebcbba3e846278db26cd,KMC run input
mc/results/hotrox/934261408/data.sim,mc,283,2007-01-13T17:46:30.000000+00:00,7952a504845b9a88d7149a22dbb1a5ae500ceb38825b6930ef6c054c7795cd73,KMC run input
mc/results/hotrox/934261408/plot.ps,mc,55723,2007-01-13T17:46:32.000000+00:00,d1ea1c225517b5c5725f19f7743d1a5b1c2f6641c2c1d412ac28828c2c041189,rendered/binary document or figure
mc/results/hotrox/934261408/results.dat,mc,298553,2007-01-13T17:46:32.000000+00:00,aec0f50ae53807587896f3527b2d58ce393b507673d28c54d28eb899eaa8ba99,KMC run output
mc/results/hotrox/934261408/surfAl.out,mc,5014,2007-01-13T17:46:32.000000+00:00,6966883b89354f6a9470dfa2ce38d6940f9a70f883a89f61dc47adea69daf3d8,KMC run output
mc/results/hotrox/934261408/surfSi.out,mc,3575,2007-01-13T17:46:30.000000+00:00,96b21e14ac02c9e89e55fc40763aa430e82a3dc70f1dac11750461e42acc4014,KMC run output
mc/results/hotrox/934355573/data.cell,mc,8774,2007-01-13T17:46:22.000000+00:00,4a93dde3656a8ca9f05c5be9fbd01db8ca5b73d2463beae628e5f0aaf335c362,KMC run input
mc/results/hotrox/934355573/data.lattice,mc,47,2007-01-13T17:46:22.000000+00:00,b83dcec2040576b8d016c3ea9731a010ded62bd09da8a947df989900ed8b2998,KMC run input
mc/results/hotrox/934355573/data.rxn,mc,2948,2007-01-13T17:46:24.000000+00:00,84e48719f46efd97be27ff0f0b7c5b11aaed51e820e3ebcbba3e846278db26cd,KMC run input
mc/results/hotrox/934355573/data.sim,mc,284,2007-01-13T17:46:23.000000+00:00,e75a1eda5efb9f694d96a7e0fa6bf442ba5dcace2a374f98f5cee055c8c89b02,KMC run input
mc/results/hotrox/934355573/plot.ps,mc,55258,2007-01-13T17:46:24.000000+00:00,7faffe5ebeda4ed1d567e30e7ea38047b74c62b3f82d2abaebdc66a27cfd3e92,rendered/binary document or figure
mc/results/hotrox/934355573/results.dat,mc,300666,2007-01-13T17:46:23.000000+00:00,109d6269c14986b5e1ef43708aaa3936de3f4f6006f5d9568046be4d9d233767,KMC run output
mc/results/hotrox/934355573/surfAl.out,mc,6241,2007-01-13T17:46:24.000000+00:00,d5aee52c3d5e4243784fed2f8eb84d5eda53229151d69a934410be6ca7875fd3,KMC run output
mc/results/hotrox/934355573/surfSi.out,mc,4099,2007-01-13T17:46:22.000000+00:00,af7fa16ae622b9e72924863e35bdcad765579e5d332633567dfbc654631bc027,KMC run output
mc/results/hotrox/934440675/data.cell,mc,8774,2007-01-13T17:44:59.000000+00:00,4a93dde3656a8ca9f05c5be9fbd01db8ca5b73d2463beae628e5f0aaf335c362,KMC run input
mc/results/hotrox/934440675/data.lattice,mc,47,2007-01-13T17:44:59.000000+00:00,b83dcec2040576b8d016c3ea9731a010ded62bd09da8a947df989900ed8b2998,KMC run input
mc/results/hotrox/934440675/data.rxn,mc,2948,2007-01-13T17:45:01.000000+00:00,84e48719f46efd97be27ff0f0b7c5b11aaed51e820e3ebcbba3e846278db26cd,KMC run input
mc/results/hotrox/934440675/data.sim,mc,284,2007-01-13T17:44:59.000000+00:00,6cf76b14ab5788b1d7e6a0afa84ac4b6bd17f9f3af9f16f9c650c9f981257bd3,KMC run input
mc/results/hotrox/934440675/plot.ps,mc,55570,2007-01-13T17:45:01.000000+00:00,6e8237c282c027b701c1959f38297dd41c2f47b08f95254c1b6e84acbf3590e5,rendered/binary document or figure
mc/results/hotrox/934440675/results.dat,mc,298068,2007-01-13T17:45:00.000000+00:00,e7eceae3475464990e0bfb7724e355ff57729c9a6c475294bf91541ab3adf0fd,KMC run output
mc/results/hotrox/934440675/surfAl.out,mc,4844,2007-01-13T17:45:01.000000+00:00,af7b96189e011ed20480bda8de07a60405e8cc2194a706b77ec628f19dd72e9c,KMC run output
mc/results/hotrox/934440675/surfSi.out,mc,3599,2007-01-13T17:44:58.000000+00:00,0b3304f420f9345addd57541ea74bdc61e6750a9261fd1a9b7e63760f624121d,KMC run output
mc/results/hotrox/934524717/data.cell,mc,8774,2007-01-13T17:43:55.000000+00:00,4a93dde3656a8ca9f05c5be9fbd01db8ca5b73d2463beae628e5f0aaf335c362,KMC run input
mc/results/hotrox/934524717/data.lattice,mc,47,2007-01-13T17:43:55.000000+00:00,b83dcec2040576b8d016c3ea9731a010ded62bd09da8a947df989900ed8b2998,KMC run input
mc/results/hotrox/934524717/data.rxn,mc,2948,2007-01-13T17:43:57.000000+00:00,84e48719f46efd97be27ff0f0b7c5b11aaed51e820e3ebcbba3e846278db26cd,KMC run input
mc/results/hotrox/934524717/data.sim,mc,284,2007-01-13T17:43:55.000000+00:00,97a865f469fc2c4d890649584b4a4559bd7eabf2e7eeac032b5c7bf2b05712ba,KMC run input
mc/results/hotrox/934524717/plot.ps,mc,55512,2007-01-13T17:43:56.000000+00:00,0d24a3b876d58838fbc714da26b423e019439bc2ad41b62602fa364a3918fe2c,rendered/binary document or figure
mc/results/hotrox/934524717/results.dat,mc,299213,2007-01-13T17:43:56.000000+00:00,b04193140cc8abee2339a47b60eb5442edfb5c04fd4e72527ceb7921952882f0,KMC run output
mc/results/hotrox/934524717/surfAl.out,mc,5270,2007-01-13T17:43:57.000000+00:00,a2e60af13f08959f1caff2495bb709f4f6655fe222e803c62e452c0c5b1c37cf,KMC run output
mc/results/hotrox/934524717/surfSi.out,mc,3643,2007-01-13T17:43:55.000000+00:00,90d45190f6ebe15541a9415ee48ff423ed89645cf33e955704ff96375c55a77e,KMC run output
mc/results/hotrox/934617825/data.cell,mc,8774,2007-01-13T17:44:56.000000+00:00,4a93dde3656a8ca9f05c5be9fbd01db8ca5b73d2463beae628e5f0aaf335c362,KMC run input
mc/results/hotrox/934617825/data.lattice,mc,47,2007-01-13T17:44:56.000000+00:00,b83dcec2040576b8d016c3ea9731a010ded62bd09da8a947df989900ed8b2998,KMC run input
mc/results/hotrox/934617825/data.rxn,mc,2948,2007-01-13T17:44:58.000000+00:00,84e48719f46efd97be27ff0f0b7c5b11aaed51e820e3ebcbba3e846278db26cd,KMC run input
mc/results/hotrox/934617825/data.sim,mc,284,2007-01-13T17:44:56.000000+00:00,5c72401d268319879ef41e8e75c0c58655bec81bd504f6f99d62f63de62e61fb,KMC run input
mc/results/hotrox/934617825/plot.ps,mc,55735,2007-01-13T17:44:57.000000+00:00,5fe8db26722bd54a6229a6986b7243dc98e0c060a4206380a78a41dd815f4f7c,rendered/binary document or figure
mc/results/hotrox/934617825/results.dat,mc,304109,2007-01-13T17:44:57.000000+00:00,cc9c82d50e791cbd3718872f6b53cb532422f4363fb1d175c915a98308231b07,KMC run output
mc/results/hotrox/934617825/surfAl.out,mc,6105,2007-01-13T17:44:58.000000+00:00,6c1278a8b74d485c3c573ed1d6586a0d6e8b2bebbb6843cd24b915baf9fd665c,KMC run output
mc/results/hotrox/934617825/surfSi.out,mc,4424,2007-01-13T17:44:55.000000+00:00,2e8a9ddbfa7bb5f1e482ea4b81637456b23b30da7fbaac9fd76cd02673ba1da6,KMC run output
mc/results/hotrox/934742809/data.cell,mc,8774,2007-01-13T17:46:17.000000+00:00,4a93dde3656a8ca9f05c5be9fbd01db8ca5b73d2463beae628e5f0aaf335c362,KMC run input
mc/results/hotrox/934742809/data.lattice,mc,47,2007-01-13T17:46:16.000000+00:00,b83dcec2040576b8d016c3ea9731a010ded62bd09da8a947df989900ed8b2998,KMC run input
mc/results/hotrox/934742809/data.rxn,mc,2948,2007-01-13T17:46:19.000000+00:00,84e48719f46efd97be27ff0f0b7c5b11aaed51e820e3ebcbba3e846278db26cd,KMC run input
mc/results/hotrox/934742809/data.sim,mc,285,2007-01-13T17:46:17.000000+00:00,0bee1fec93c1d3b43e7b5fe33a6016765f2a495e7e9c1a2c30164bb788c966dd,KMC run input
mc/results/hotrox/934742809/plot.ps,mc,55934,2007-01-13T17:46:18.000000+00:00,0a1a5f7efb880739ae44ae5e4eb6d789603c6a4255378ceaa4cb8ca206704857,rendered/binary document or figure
mc/results/hotrox/934742809/results.dat,mc,299231,2007-01-13T17:46:18.000000+00:00,00c8a4a401b614c15475c0b32ce8d36d1f79cb6c2e302c37f64a0d0c6b08aff0,KMC run output
mc/results/hotrox/934742809/surfAl.out,mc,4955,2007-01-13T17:46:19.000000+00:00,330b45dddd5ae84cfbf85142c86f51ccbc68262b9b43145aee4e8a72fcace435,KMC run output
mc/results/hotrox/934742809/surfSi.out,mc,3349,2007-01-13T17:46:16.000000+00:00,08fb3d2c4365e60d523f6551aa1c862edbcc81c48bf373d8f290f708dcefa149,KMC run output
mc/results/hotrox/934850881/data.cell,mc,8774,2007-01-13T17:46:14.000000+00:00,4a93dde3656a8ca9f05c5be9fbd01db8ca5b73d2463beae628e5f0aaf335c362,KMC run input
mc/results/hotrox/934850881/data.lattice,mc,47,2007-01-13T17:46:13.000000+00:00,b83dcec2040576b8d016c3ea9731a010ded62bd09da8a947df989900ed8b2998,KMC run input
mc/results/hotrox/934850881/data.rxn,mc,2942,2007-01-13T17:46:15.000000+00:00,a3149605c01e808eaeb5b0e7d6def7c252d926525e249a0b8627a33bca956bfa,KMC run input
mc/results/hotrox/934850881/data.sim,mc,283,2007-01-13T17:46:14.000000+00:00,6f90f2d2158ac8ab3c00d7c4f3b4f39189fa0cbeecb32969284e4f8095972ef7,KMC run input
mc/results/hotrox/934850881/plot.ps,mc,57480,2007-01-13T17:46:15.000000+00:00,c4654a0243eed7e06e610062e39eaff86c8c93e5f5a05cc46d0dfbde819b649f,rendered/binary document or figure
mc/results/hotrox/934850881/results.dat,mc,300865,2007-01-13T17:46:15.000000+00:00,f71655cf6842687995d6dff8b3bc368c4d688c92e03c514670d3ce768797d0e0,KMC run output
mc/results/hotrox/934850881/surfAl.out,mc,5087,2007-01-13T17:46:16.000000+00:00,9418ce483b8c3c31b9ea162c19696131150f02f8e59835b65e5ae798fc0be9bf,KMC run output
mc/results/hotrox/934850881/surfSi.out,mc,3595,2007-01-13T17:46:13.000000+00:00,e0e491b46dc838e77f207feeeba176a9191ccf6a5049a582e6bf38741cd6083e,KMC run output
mc/results/hotrox/934958086/data.cell,mc,8774,2007-01-13T17:45:22.000000+00:00,4a93dde3656a8ca9f05c5be9fbd01db8ca5b73d2463beae628e5f0aaf335c362,KMC run input
mc/results/hotrox/934958086/data.lattice,mc,47,2007-01-13T17:45:21.000000+00:00,b83dcec2040576b8d016c3ea9731a010ded62bd09da8a947df989900ed8b2998,KMC run input
mc/results/hotrox/934958086/data.rxn,mc,2942,2007-01-13T17:45:23.000000+00:00,a3149605c01e808eaeb5b0e7d6def7c252d926525e249a0b8627a33bca956bfa,KMC run input
mc/results/hotrox/934958086/data.sim,mc,284,2007-01-13T17:45:22.000000+00:00,48bbe4e9a3aa031d7d0cc882079b887c0739d0b8871708d00a0a9a3adfb832a9,KMC run input
mc/results/hotrox/934958086/plot.ps,mc,57593,2007-01-13T17:45:23.000000+00:00,01f43df5b33cfb8d336f919d945ba39dc739096c7d9ca2096951c1593c9e94a6,rendered/binary document or figure
mc/results/hotrox/934958086/results.dat,mc,300477,2007-01-13T17:45:23.000000+00:00,7a9fb4bd183017bdd20f100fd5098bf9fb25eb1bda15b05319fa697c2efcb38d,KMC run output
mc/results/hotrox/934958086/surfAl.out,mc,5513,2007-01-13T17:45:23.000000+00:00,48dd24c3feb5c010643f8dd1d87bf60500d722673fb2f860afd06f8b377cc568,KMC run output
mc/results/hotrox/934958086/surfSi.out,mc,3703,2007-01-13T17:45:21.000000+00:00,8ea7fde5e843226665787bd27f3f5a84ba5f7f49c616d92a335e84bda9f6ca3a,KMC run output
mc/results/hotrox/935077498/data.cell,mc,8774,2007-01-13T17:45:02.000000+00:00,4a93dde3656a8ca9f05c5be9fbd01db8ca5b73d2463beae628e5f0aaf335c362,KMC run input
mc/results/hotrox/935077498/data.lattice,mc,47,2007-01-13T17:45:02.000000+00:00,b83dcec2040576b8d016c3ea9731a010ded62bd09da8a947df989900ed8b2998,KMC run input
mc/results/hotrox/935077498/data.rxn,mc,2942,2007-01-13T17:45:04.000000+00:00,a3149605c01e808eaeb5b0e7d6def7c252d926525e249a0b8627a33bca956bfa,KMC run input
mc/results/hotrox/935077498/data.sim,mc,284,2007-01-13T17:45:02.000000+00:00,6a5a4c00eb180fcab7bbb2a90f004f9900bc033bbbcc248fc14eea2c9f5cfab0,KMC run input
mc/results/hotrox/935077498/done,mc,0,2007-01-13T17:45:03.000000+00:00,e3b0c44298fc1c149afbf4c8996fb92427ae41e4649b934ca495991b7852b855,archive file
mc/results/hotrox/935077498/plot.ps,mc,55384,2007-01-13T17:45:04.000000+00:00,0b7c9d6fb7c0d94871de5c6d5006bbb4d1ae93e3b4a617dfc8d433780531e9fa,rendered/binary document or figure
mc/results/hotrox/935077498/results.dat,mc,300216,2007-01-13T17:45:03.000000+00:00,695a77002351af8b585484d73d00245d4fb8dc1a4218a4d1b2102e4cd17fe004,KMC run output
mc/results/hotrox/935077498/surfAl.out,mc,5589,2007-01-13T17:45:04.000000+00:00,e0d9372ace79530f73c83ca935dd0f9ca3af6321cea22550a79b2f97b4edd62a,KMC run output
mc/results/hotrox/935077498/surfSi.out,mc,4049,2007-01-13T17:45:02.000000+00:00,5f7d79d6583360506d98f36ca1de4fcc44df84f86d0ad3cc73f60206627b8390,KMC run output
mc/results/hotrox/935195329/data.cell,mc,8774,2007-01-13T17:45:30.000000+00:00,4a93dde3656a8ca9f05c5be9fbd01db8ca5b73d2463beae628e5f0aaf335c362,KMC run input
mc/results/hotrox/935195329/data.lattice,mc,47,2007-01-13T17:45:29.000000+00:00,b83dcec2040576b8d016c3ea9731a010ded62bd09da8a947df989900ed8b2998,KMC run input
mc/results/hotrox/935195329/data.rxn,mc,2942,2007-01-13T17:45:32.000000+00:00,a3149605c01e808eaeb5b0e7d6def7c252d926525e249a0b8627a33bca956bfa,KMC run input
mc/results/hotrox/935195329/data.sim,mc,284,2007-01-13T17:45:30.000000+00:00,903a2b27b20577a4f4284d3abe964b0dc4f6b1a764cd12ab9d415d7593682d69,KMC run input
mc/results/hotrox/935195329/done,mc,0,2007-01-13T17:45:30.000000+00:00,e3b0c44298fc1c149afbf4c8996fb92427ae41e4649b934ca495991b7852b855,archive file
mc/results/hotrox/935195329/plot.ps,mc,57788,2007-01-13T17:45:31.000000+00:00,16c10e86b9045274f8db280bf1ae1b5aea78960121b08a986f504aab6f194b5e,rendered/binary document or figure
mc/results/hotrox/935195329/results.dat,mc,298862,2007-01-13T17:45:31.000000+00:00,c58231104cc73bd93b12cde5e2e6cf22cbda9e8c80bcd113163dd9729f88105c,KMC run output
mc/results/hotrox/935195329/surfAl.out,mc,6116,2007-01-13T17:45:32.000000+00:00,882757eca9725e7c9c49c7d8d610ee0cb4721fdcdca5a33b784daf8f09dbf5df,KMC run output
mc/results/hotrox/935195329/surfSi.out,mc,3847,2007-01-13T17:45:29.000000+00:00,adb12b30e226a472a0d90bbc47f5ef18cc9d5e1f506c542474f2e0f0a6b9a576,KMC run output
mc/results/hotrox/935262456/data.cell,mc,8774,2007-01-13T17:45:33.000000+00:00,4a93dde3656a8ca9f05c5be9fbd01db8ca5b73d2463beae628e5f0aaf335c362,KMC run input
mc/results/hotrox/935262456/data.lattice,mc,47,2007-01-13T17:45:32.000000+00:00,b83dcec2040576b8d016c3ea9731a010ded62bd09da8a947df989900ed8b2998,KMC run input
mc/results/hotrox/935262456/data.rxn,mc,2942,2007-01-13T17:45:35.000000+00:00,a3149605c01e808eaeb5b0e7d6def7c252d926525e249a0b8627a33bca956bfa,KMC run input
mc/results/hotrox/935262456/data.sim,mc,283,2007-01-13T17:45:33.000000+00:00,7952a504845b9a88d7149a22dbb1a5ae500ceb38825b6930ef6c054c7795cd73,KMC run input
mc/results/hotrox/935262456/done,mc,0,2007-01-13T17:45:33.000000+00:00,e3b0c44298fc1c149afbf4c8996fb92427ae41e4649b934ca495991b7852b855,archive file
mc/results/hotrox/935262456/plot.ps,mc,57880,2007-01-13T17:45:34.000000+00:00,a4a47733c65c85dc53d3f0ac5624e4c14d9e0d2d317db98e3260ea9b42c19e5b,rendered/binary document or figure
mc/results/hotrox/935262456/results.dat,mc,302255,2007-01-13T17:45:34.000000+00:00,bf11aa0cabb915456dac50e58c23f110cfe10ae8d3f960b39f4317a3d1b3c802,KMC run output
mc/results/hotrox/935262456/surfAl.out,mc,6079,2007-01-13T17:45:35.000000+00:00,8f8ee30d0888ba45aa55605310bb28ed07d0da0ebc48915fbd550acb4e97452b,KMC run output
mc/results/hotrox/935262456/surfSi.out,mc,4063,2007-01-13T17:45:32.000000+00:00,cba75538350b8ab621babec4280be6363eb98ceaac2f7bfac225c60ffab3c8cc,KMC run output
mc/results/hotrox/935319110/data.cell,mc,8774,2007-01-13T17:46:04.000000+00:00,4a93dde3656a8ca9f05c5be9fbd01db8ca5b73d2463beae628e5f0aaf335c362,KMC run input
mc/results/hotrox/935319110/data.lattice,mc,47,2007-01-13T17:46:04.000000+00:00,b83dcec2040576b8d016c3ea9731a010ded62bd09da8a947df989900ed8b2998,KMC run input
mc/results/hotrox/935319110/data.rxn,mc,2942,2007-01-13T17:46:06.000000+00:00,a3149605c01e808eaeb5b0e7d6def7c252d926525e249a0b8627a33bca956bfa,KMC run input
mc/results/hotrox/935319110/data.sim,mc,284,2007-01-13T17:46:04.000000+00:00,e75a1eda5efb9f694d96a7e0fa6bf442ba5dcace2a374f98f5cee055c8c89b02,KMC run input
mc/results/hotrox/935319110/done,mc,0,2007-01-13T17:46:05.000000+00:00,e3b0c44298fc1c149afbf4c8996fb92427ae41e4649b934ca495991b7852b855,archive file
mc/results/hotrox/935319110/plot.ps,mc,57615,2007-01-13T17:46:06.000000+00:00,4dc86cce6ff0ff7508bc5a475534258f14845c3e5ff664208e1f9e71e3ecbfb2,rendered/binary document or figure
mc/results/hotrox/935319110/results.dat,mc,300553,2007-01-13T17:46:05.000000+00:00,ac23fcd0f5c66a36d93ed546f182425fa487fceb353a6996b015b0b60e9fe246,KMC run output
mc/results/hotrox/935319110/surfAl.out,mc,5369,2007-01-13T17:46:06.000000+00:00,2b7d4f51bbd941acee2fedb2b7c57d929d668a8a7dda16cf26c7738ac39a463e,KMC run output
mc/results/hotrox/935319110/surfSi.out,mc,3639,2007-01-13T17:46:04.000000+00:00,9f7b6eccf7b7bf2a58a003571fbe6c0beab5cf5615066876a44a66a176e154ac,KMC run output
mc/results/hotrox/935372437/data.cell,mc,8774,2007-01-13T17:46:07.000000+00:00,4a93dde3656a8ca9f05c5be9fbd01db8ca5b73d2463beae628e5f0aaf335c362,KMC run input
mc/results/hotrox/935372437/data.lattice,mc,47,2007-01-13T17:46:07.000000+00:00,b83dcec2040576b8d016c3ea9731a010ded62bd09da8a947df989900ed8b2998,KMC run input
mc/results/hotrox/935372437/data.rxn,mc,2942,2007-01-13T17:46:09.000000+00:00,a3149605c01e808eaeb5b0e7d6def7c252d926525e249a0b8627a33bca956bfa,KMC run input
mc/results/hotrox/935372437/data.sim,mc,284,2007-01-13T17:46:07.000000+00:00,6cf76b14ab5788b1d7e6a0afa84ac4b6bd17f9f3af9f16f9c650c9f981257bd3,KMC run input
mc/results/hotrox/935372437/done,mc,0,2007-01-13T17:46:08.000000+00:00,e3b0c44298fc1c149afbf4c8996fb92427ae41e4649b934ca495991b7852b855,archive file
mc/results/hotrox/935372437/plot.ps,mc,58116,2007-01-13T17:46:09.000000+00:00,68f8a217e643bea57b0a014d7132a11b82be41798da585728cfdae0a496fc498,rendered/binary document or figure
mc/results/hotrox/935372437/results.dat,mc,303196,2007-01-13T17:46:09.000000+00:00,78e200edf1077f8f36c8b74239085fcf00638b9550b348868e02e0f5a5a6ea75,KMC run output
mc/results/hotrox/935372437/surfAl.out,mc,6272,2007-01-13T17:46:10.000000+00:00,28766beee094beb5df4a8354e1ded2f5620de927ef35225fca767da3f5288fe0,KMC run output
mc/results/hotrox/935372437/surfSi.out,mc,3953,2007-01-13T17:46:07.000000+00:00,2c53ad52b639a617cf961420c1898a9f630565ed4bd609fa685618f78968b037,KMC run output
mc/results/hotrox/935426224/data.cell,mc,8774,2007-01-13T17:44:24.000000+00:00,4a93dde3656a8ca9f05c5be9fbd01db8ca5b73d2463beae628e5f0aaf335c362,KMC run input
mc/results/hotrox/935426224/data.lattice,mc,47,2007-01-13T17:44:24.000000+00:00,b83dcec2040576b8d016c3ea9731a010ded62bd09da8a947df989900ed8b2998,KMC run input
mc/results/hotrox/935426224/data.rxn,mc,2942,2007-01-13T17:44:26.000000+00:00,a3149605c01e808eaeb5b0e7d6def7c252d926525e249a0b8627a33bca956bfa,KMC run input
mc/results/hotrox/935426224/data.sim,mc,284,2007-01-13T17:44:24.000000+00:00,97a865f469fc2c4d890649584b4a4559bd7eabf2e7eeac032b5c7bf2b05712ba,KMC run input
mc/results/hotrox/935426224/done,mc,0,2007-01-13T17:44:24.000000+00:00,e3b0c44298fc1c149afbf4c8996fb92427ae41e4649b934ca495991b7852b855,archive file
mc/results/hotrox/935426224/plot.ps,mc,56031,2007-01-13T17:44:25.000000+00:00,7da34802bdd3a5eb5f241af7ceb37e0c743f8fb3a137a22e716f1f16f1fd40b6,rendered/binary document or figure
mc/results/hotrox/935426224/results.dat,mc,301901,2007-01-13T17:44:25.000000+00:00,ccaea17d8b0d7c88c33d6249fba0968dec8b3dc897d6509132f77a6d83e63f56,KMC run output
mc/results/hotrox/935426224/surfAl.out,mc,5437,2007-01-13T17:44:26.000000+00:00,caa8aaed210f3cfa411c0023e144a1d86695d8d725cf60fa565b8ff06c5a2ad7,KMC run output
mc/results/hotrox/935426224/surfSi.out,mc,3822,2007-01-13T17:44:23.000000+00:00,a2decbd7440d183de6af57c1fd402b879c5b0a2e8010cfbd4341c27b7b215e92,KMC run output
mc/results/hotrox/935479478/data.cell,mc,8774,2007-01-13T17:44:35.000000+00:00,4a93dde3656a8ca9f05c5be9fbd01db8ca5b73d2463beae628e5f0aaf335c362,KMC run input
mc/results/hotrox/935479478/data.lattice,mc,47,2007-01-13T17:44:34.000000+00:00,b83dcec2040576b8d016c3ea9731a010ded62bd09da8a947df989900ed8b2998,KMC run input
mc/results/hotrox/935479478/data.rxn,mc,2942,2007-01-13T17:44:36.000000+00:00,a3149605c01e808eaeb5b0e7d6def7c252d926525e249a0b8627a33bca956bfa,KMC run input
mc/results/hotrox/935479478/data.sim,mc,284,2007-01-13T17:44:35.000000+00:00,5c72401d268319879ef41e8e75c0c58655bec81bd504f6f99d62f63de62e61fb,KMC run input
mc/results/hotrox/935479478/plot.ps,mc,55624,2007-01-13T17:44:36.000000+00:00,6fed119aa4ed8602b3b428b97d4c2835de5536347b5fecdd0cd040bf9892a6d5,rendered/binary document or figure
mc/results/hotrox/935479478/results.dat,mc,300182,2007-01-13T17:44:35.000000+00:00,4d3d057f20fa5f346dabddadcf08aa9fff8381677e8cacbaf0253423d1ba0d31,KMC run output
mc/results/hotrox/935479478/surfAl.out,mc,5666,2007-01-13T17:44:36.000000+00:00,85ffc3457aa15faa5adc501c4275fb7725f47f2a2a888340c4c1f29f99300f75,KMC run output
mc/results/hotrox/935479478/surfSi.out,mc,3843,2007-01-13T17:44:34.000000+00:00,7edd85f1628dc66518f4abf94d5daeb69d9541ffef668a1cbd85c08ff2c5446b,KMC run output
mc/results/hotrox/935532302/data.cell,mc,8774,2007-01-13T17:46:36.000000+00:00,4a93dde3656a8ca9f05c5be9fbd01db8ca5b73d2463beae628e5f0aaf335c362,KMC run input
mc/results/hotrox/935532302/data.lattice,mc,47,2007-01-13T17:46:36.000000+00:00,b83dcec2040576b8d016c3ea9731a010ded62bd09da8a947df989900ed8b2998,KMC run input
mc/results/hotrox/935532302/data.rxn,mc,2942,2007-01-13T17:46:37.000000+00:00,a3149605c01e808eaeb5b0e7d6def7c252d926525e249a0b8627a33bca956bfa,KMC run input
mc/results/hotrox/935532302/data.sim,mc,285,2007-01-13T17:46:36.000000+00:00,0bee1fec93c1d3b43e7b5fe33a6016765f2a495e7e9c1a2c30164bb788c966dd,KMC run input
mc/results/hotrox/935532302/plot.ps,mc,56853,2007-01-13T17:46:37.000000+00:00,e0134b4550c4c77de5612822e6041a796dcd1b973b6996736c37ed6334362fad,rendered/binary document or figure
mc/results/hotrox/935532302/results.dat,mc,301442,2007-01-13T17:46:37.000000+00:00,db336820ffebc80036686883c1de969a26a262a152aa1759323a70f2f7a0e6c8,KMC run output
mc/results/hotrox/935532302/surfAl.out,mc,5877,2007-01-13T17:46:38.000000+00:00,ba65a5be7325a0444d1ba599863a7ce30b8ba670b9bb43d654c6c1c70d0430f1,KMC run output
mc/results/hotrox/935532302/surfSi.out,mc,4270,2007-01-13T17:46:35.000000+00:00,75fecc3fac3af6fe4604b4f2cde5e409d1df948297f43fd8dcf879ee70330fb1,KMC run output
mc/results/hotrox/935630600/data.cell,mc,8774,2007-01-13T17:46:33.000000+00:00,4a93dde3656a8ca9f05c5be9fbd01db8ca5b73d2463beae628e5f0aaf335c362,KMC run input
mc/results/hotrox/935630600/data.lattice,mc,47,2007-01-13T17:46:33.000000+00:00,b83dcec2040576b8d016c3ea9731a010ded62bd09da8a947df989900ed8b2998,KMC run input
mc/results/hotrox/935630600/data.rxn,mc,2946,2007-01-13T17:46:35.000000+00:00,9a4513bebbc06e2eca062674a3ffab1eca95a4b44d77cdb132c23c11434b8884,KMC run input
mc/results/hotrox/935630600/data.sim,mc,283,2007-01-13T17:46:33.000000+00:00,6f90f2d2158ac8ab3c00d7c4f3b4f39189fa0cbeecb32969284e4f8095972ef7,KMC run input
mc/results/hotrox/935630600/plot.ps,mc,57293,2007-01-13T17:46:35.000000+00:00,e2b731082ec5dae33a9026e1cc6fc3e53e8afbb78f2364112c74148e797b44a9,rendered/binary document or figure
mc/results/hotrox/935630600/results.dat,mc,305372,2007-01-13T17:46:34.000000+00:00,e663e71bb2bcc7b35d3b25c7ac47e21945214bcf3dff37010409c7804a7c6a98,KMC run output
mc/results/hotrox/935630600/surfAl.out,mc,6103,2007-01-13T17:46:35.000000+00:00,a3c52439eb2d5c76baf2cf5305295c0a5727f7822c5f1b79d142e3be653a07ba,KMC run output
mc/results/hotrox/935630600/surfSi.out,mc,4235,2007-01-13T17:46:33.000000+00:00,4ec96282eb2ff1dc96ec0a2101736950808ea9a36d52783eb6ff5057354e4ef2,KMC run output
mc/results/hotrox/935731327/data.cell,mc,8774,2007-01-13T17:44:37.000000+00:00,4a93dde3656a8ca9f05c5be9fbd01db8ca5b73d2463beae628e5f0aaf335c362,KMC run input
mc/results/hotrox/935731327/data.lattice,mc,47,2007-01-13T17:44:37.000000+00:00,b83dcec2040576b8d016c3ea9731a010ded62bd09da8a947df989900ed8b2998,KMC run input
mc/results/hotrox/935731327/data.rxn,mc,2946,2007-01-13T17:44:38.000000+00:00,9a4513bebbc06e2eca062674a3ffab1eca95a4b44d77cdb132c23c11434b8884,KMC run input
mc/results/hotrox/935731327/data.sim,mc,284,2007-01-13T17:44:37.000000+00:00,48bbe4e9a3aa031d7d0cc882079b887c0739d0b8871708d00a0a9a3adfb832a9,KMC run input
mc/results/hotrox/935731327/plot.ps,mc,57454,2007-01-13T17:44:38.000000+00:00,e918b5940f21735371be6c5822690d8c6fd1dd946e960324e47546afbe932351,rendered/binary document or figure
mc/results/hotrox/935731327/results.dat,mc,301363,2007-01-13T17:44:38.000000+00:00,cfaf0f294d4a870f59eaef4957f5b805fbd169320442aed994f7339cacc25250,KMC run output
mc/results/hotrox/935731327/surfAl.out,mc,5764,2007-01-13T17:44:39.000000+00:00,d9bc40f64e05e36bcfab7f6109c3f8540d1778d369c32fa3bb49204618abec1b,KMC run output
mc/results/hotrox/935731327/surfSi.out,mc,3618,2007-01-13T17:44:37.000000+00:00,a65e6c5475a0207100f09fbf9bdc85b80074aea3eeb6b35789b5278aac52b68f,KMC run output
mc/results/hotrox/935829945/data.cell,mc,8774,2007-01-13T17:44:50.000000+00:00,4a93dde3656a8ca9f05c5be9fbd01db8ca5b73d2463beae628e5f0aaf335c362,KMC run input
mc/results/hotrox/935829945/data.lattice,mc,47,2007-01-13T17:44:50.000000+00:00,b83dcec2040576b8d016c3ea9731a010ded62bd09da8a947df989900ed8b2998,KMC run input
mc/results/hotrox/935829945/data.rxn,mc,2946,2007-01-13T17:44:52.000000+00:00,9a4513bebbc06e2eca062674a3ffab1eca95a4b44d77cdb132c23c11434b8884,KMC run input
mc/results/hotrox/935829945/data.sim,mc,284,2007-01-13T17:44:51.000000+00:00,6a5a4c00eb180fcab7bbb2a90f004f9900bc033bbbcc248fc14eea2c9f5cfab0,KMC run input
mc/results/hotrox/935829945/plot.ps,mc,58061,2007-01-13T17:44:52.000000+00:00,b417a0bd2e033a35ba44b6328078b078a9583e7d047a49454ea5434c98f70619,rendered/binary document or figure
mc/results/hotrox/935829945/results.dat,mc,302612,2007-01-13T17:44:52.000000+00:00,3d7f23665753e34574520257247f460da9c225931bfe57f370734b3c98021978,KMC run output
mc/results/hotrox/935829945/surfAl.out,mc,5686,2007-01-13T17:44:52.000000+00:00,f7f24f0db683011646e16136dd70f2926a8ad03595872e874ad4ca274014f33f,KMC run output
mc/results/hotrox/935829945/surfSi.out,mc,3428,2007-01-13T17:44:50.000000+00:00,2cd1dd363c7ab5297133c2e7ac89256b259db21e5bb00190e19c72de81812f52,KMC run output
mc/results/hotrox/935875929/data.cell,mc,8774,2007-01-13T17:45:49.000000+00:00,4a93dde3656a8ca9f05c5be9fbd01db8ca5b73d2463beae628e5f0aaf335c362,KMC run input
mc/results/hotrox/935875929/data.lattice,mc,47,2007-01-13T17:45:49.000000+00:00,b83dcec2040576b8d016c3ea9731a010ded62bd09da8a947df989900ed8b2998,KMC run input
mc/results/hotrox/935875929/data.rxn,mc,2946,2007-01-13T17:45:50.000000+00:00,9a4513bebbc06e2eca062674a3ffab1eca95a4b44d77cdb132c23c11434b8884,KMC run input
mc/results/hotrox/935875929/data.sim,mc,284,2007-01-13T17:45:49.000000+00:00,903a2b27b20577a4f4284d3abe964b0dc4f6b1a764cd12ab9d415d7593682d69,KMC run input
mc/results/hotrox/935875929/plot.ps,mc,58361,2007-01-13T17:45:50.000000+00:00,5e835cddc10c53756e5496d1f548810aa92b20970a9ecc324aaa93b6219e43bc,rendered/binary document or figure
mc/results/hotrox/935875929/results.dat,mc,302856,2007-01-13T17:45:50.000000+00:00,7dfe39f6c2ff879f3c888d4b934cc8b2bf1e5a938249bb43d59efa5e18686376,KMC run output
mc/results/hotrox/935875929/surfAl.out,mc,5840,2007-01-13T17:45:51.000000+00:00,6bd6ac7eb9c62bae8f269105fad016c814aef019ff6cf30df306aaaa23a3fd50,KMC run output
mc/results/hotrox/935875929/surfSi.out,mc,3982,2007-01-13T17:45:48.000000+00:00,fb2f7e5498d403f60d3794faecab54e55b0312d917e660614a8f6d2459805a6e,KMC run output
mc/results/hotrox/935942927/data.cell,mc,8774,2007-01-13T17:45:38.000000+00:00,4a93dde3656a8ca9f05c5be9fbd01db8ca5b73d2463beae628e5f0aaf335c362,KMC run input
mc/results/hotrox/935942927/data.lattice,mc,47,2007-01-13T17:45:38.000000+00:00,b83dcec2040576b8d016c3ea9731a010ded62bd09da8a947df989900ed8b2998,KMC run input
mc/results/hotrox/935942927/data.rxn,mc,2946,2007-01-13T17:45:40.000000+00:00,9a4513bebbc06e2eca062674a3ffab1eca95a4b44d77cdb132c23c11434b8884,KMC run input
mc/results/hotrox/935942927/data.sim,mc,283,2007-01-13T17:45:38.000000+00:00,7952a504845b9a88d7149a22dbb1a5ae500ceb38825b6930ef6c054c7795cd73,KMC run input
mc/results/hotrox/935942927/plot.ps,mc,57928,2007-01-13T17:45:39.000000+00:00,0c07e23a1f9ae16106725859988b015b53d290451d6d041033182ddb6ebd4486,rendered/binary document or figure
mc/results/hotrox/935942927/results.dat,mc,303732,2007-01-13T17:45:39.000000+00:00,1607d1ba4dea9a2106e5f166a4cdedf0fa5292b9bff0d4802ddf7a3cf6c40631,KMC run output
mc/results/hotrox/935942927/surfAl.out,mc,6905,2007-01-13T17:45:40.000000+00:00,7d7c87debe5b54423de2353e3fbfba578d506667da0d7b158bbabcd2973d01ea,KMC run output
mc/results/hotrox/935942927/surfSi.out,mc,4391,2007-01-13T17:45:38.000000+00:00,f79763d567c771bb2dc6306e5dba78e54b13252eaf1eda3872b0e2fe6f719d39,KMC run output
mc/results/hotrox/936043589/data.cell,mc,8774,2007-01-13T17:45:56.000000+00:00,4a93dde3656a8ca9f05c5be9fbd01db8ca5b73d2463beae628e5f0aaf335c362,KMC run input
mc/results/hotrox/936043589/data.lattice,mc,47,2007-01-13T17:45:56.000000+00:00,b83dcec2040576b8d016c3ea9731a010ded62bd09da8a947df989900ed8b2998,KMC run input
mc/results/hotrox/936043589/data.rxn,mc,2946,2007-01-13T17:45:58.000000+00:00,9a4513bebbc06e2eca062674a3ffab1eca95a4b44d77cdb132c23c11434b8884,KMC run input
mc/results/hotrox/936043589/data.sim,mc,284,2007-01-13T17:45:56.000000+00:00,e75a1eda5efb9f694d96a7e0fa6bf442ba5dcace2a374f98f5cee055c8c89b02,KMC run input
mc/results/hotrox/936043589/plot.ps,mc,58035,2007-01-13T17:45:58.000000+00:00,b4deddb528ae30940564e131b4b7869d538d47ac33ebcb89166bd61cdd9ec20c,rendered/binary document or figure
mc/results/hotrox/936043589/results.dat,mc,303020,2007-01-13T17:45:57.000000+00:00,22704c0047aad922997de7d69b4babe71cccc449892c42086a48c35dd18235da,KMC run output
mc/results/hotrox/936043589/surfAl.out,mc,6527,2007-01-13T17:45:58.000000+00:00,80ac7195fb80207023220062d714ba4bbb394420bec9e5e4601049f0e4acd85b,KMC run output
mc/results/hotrox/936043589/surfSi.out,mc,3770,2007-01-13T17:45:56.000000+00:00,e825356c133ec9aacaa9aa2db14f85a0156d29e91861bc283888ca85fe3d792e,KMC run output
mc/results/hotrox/936093706/data.cell,mc,8774,2007-01-13T17:46:49.000000+00:00,4a93dde3656a8ca9f05c5be9fbd01db8ca5b73d2463beae628e5f0aaf335c362,KMC run input
mc/results/hotrox/936093706/data.lattice,mc,47,2007-01-13T17:46:49.000000+00:00,b83dcec2040576b8d016c3ea9731a010ded62bd09da8a947df989900ed8b2998,KMC run input
mc/results/hotrox/936093706/data.rxn,mc,2946,2007-01-13T17:46:51.000000+00:00,9a4513bebbc06e2eca062674a3ffab1eca95a4b44d77cdb132c23c11434b8884,KMC run input
mc/results/hotrox/936093706/data.sim,mc,284,2007-01-13T17:46:49.000000+00:00,6cf76b14ab5788b1d7e6a0afa84ac4b6bd17f9f3af9f16f9c650c9f981257bd3,KMC run input
mc/results/hotrox/936093706/plot.ps,mc,57991,2007-01-13T17:46:51.000000+00:00,bc2b0a217f4000a534fc5e1dbd7cba8609111c0e2fd65c71d9894f598fe508be,rendered/binary document or figure
mc/results/hotrox/936093706/results.dat,mc,312586,2007-01-13T17:46:51.000000+00:00,9e68c4b98c89d611ce81ae9d56f5db256b1abe4246ae82fd32345be9b89fd85e,KMC run output
mc/results/hotrox/936093706/surfAl.out,mc,6861,2007-01-13T17:46:51.000000+00:00,8b82908bb6a2ecad9d3ada6f05e322b413d10c11d30c1ae3a82d6cfca7d89339,KMC run output
mc/results/hotrox/936093706/surfSi.out,mc,4362,2007-01-13T17:46:49.000000+00:00,f5a90759bab371ec7865b2e1d964f0c921b2b0bd811d8aacda4e6ae703aa91e1,KMC run output
mc/results/hotrox/936182757/data.cell,mc,8774,2007-01-13T17:44:10.000000+00:00,4a93dde3656a8ca9f05c5be9fbd01db8ca5b73d2463beae628e5f0aaf335c362,KMC run input
mc/results/hotrox/936182757/data.lattice,mc,47,2007-01-13T17:44:10.000000+00:00,b83dcec2040576b8d016c3ea9731a010ded62bd09da8a947df989900ed8b2998,KMC run input
mc/results/hotrox/936182757/data.rxn,mc,2946,2007-01-13T17:44:12.000000+00:00,9a4513bebbc06e2eca062674a3ffab1eca95a4b44d77cdb132c23c11434b8884,KMC run input
mc/results/hotrox/936182757/data.sim,mc,284,2007-01-13T17:44:10.000000+00:00,97a865f469fc2c4d890649584b4a4559bd7eabf2e7eeac032b5c7bf2b05712ba,KMC run input
mc/results/hotrox/936182757/plot.ps,mc,57215,2007-01-13T17:44:11.000000+00:00,4c3a81597b73c12d18f84637ca1820764920cf2b0871076aa8ca5ad98dbe4978,rendered/binary document or figure
mc/results/hotrox/936182757/results.dat,mc,299684,2007-01-13T17:44:11.000000+00:00,42bce065ad41b3cbf4110def677ab2d58d79c01e70d05a6bf01c62c3a3f3f2b9,KMC run output
mc/results/hotrox/936182757/surfAl.out,mc,6565,2007-01-13T17:44:12.000000+00:00,525246c7056875a09f233a896d1182acd756c986976a109714095f4e8bd86ce7,KMC run output
mc/results/hotrox/936182757/surfSi.out,mc,4113,2007-01-13T17:44:09.000000+00:00,60f5e0c665b5872dbbf21d963caeab8a2b007b522abb2ae0470f65d29029eb8c,KMC run output
mc/results/hotrox/936284090/data.cell,mc,8774,2007-01-13T17:45:05.000000+00:00,4a93dde3656a8ca9f05c5be9fbd01db8ca5b73d2463beae628e5f0aaf335c362,KMC run input
mc/results/hotrox/936284090/data.lattice,mc,47,2007-01-13T17:45:05.000000+00:00,b83dcec2040576b8d016c3ea9731a010ded62bd09da8a947df989900ed8b2998,KMC run input
mc/results/hotrox/936284090/data.rxn,mc,2946,2007-01-13T17:45:06.000000+00:00,9a4513bebbc06e2eca062674a3ffab1eca95a4b44d77cdb132c23c11434b8884,KMC run input
mc/results/hotrox/936284090/data.sim,mc,284,2007-01-13T17:45:05.000000+00:00,5c72401d268319879ef41e8e75c0c58655bec81bd504f6f99d62f63de62e61fb,KMC run input
mc/results/hotrox/936284090/plot.ps,mc,57859,2007-01-13T17:45:06.000000+00:00,06506e7a42af73528e1ed4981a4046715249060db468e33b2d3e6b3bfed8d0e5,rendered/binary document or figure
mc/results/hotrox/936284090/results.dat,mc,300669,2007-01-13T17:45:06.000000+00:00,af58b870453cb160c8963e9d916345ab0f3a50dfd6779eb0fcc34ed35f6d6efc,KMC run output
mc/results/hotrox/936284090/surfAl.out,mc,5756,2007-01-13T17:45:07.000000+00:00,d44d5af5af72c253fd64e4b4bed7f3e390fb701b77f90a891242fa5cdd56bd8c,KMC run output
mc/results/hotrox/936284090/surfSi.out,mc,3756,2007-01-13T17:45:04.000000+00:00,ad2c93873b7c26a94ad07c7562a11ece20a52ce5f5c50f45b7eb7953d08494cf,KMC run output
mc/results/hotrox/936387274/data.cell,mc,8774,2007-01-13T17:46:47.000000+00:00,4a93dde3656a8ca9f05c5be9fbd01db8ca5b73d2463beae628e5f0aaf335c362,KMC run input
mc/results/hotrox/936387274/data.lattice,mc,47,2007-01-13T17:46:46.000000+00:00,b83dcec2040576b8d016c3ea9731a010ded62bd09da8a947df989900ed8b2998,KMC run input
mc/results/hotrox/936387274/data.rxn,mc,2946,2007-01-13T17:46:48.000000+00:00,9a4513bebbc06e2eca062674a3ffab1eca95a4b44d77cdb132c23c11434b8884,KMC run input
mc/results/hotrox/936387274/data.sim,mc,285,2007-01-13T17:46:47.000000+00:00,0bee1fec93c1d3b43e7b5fe33a6016765f2a495e7e9c1a2c30164bb788c966dd,KMC run input
mc/results/hotrox/936387274/plot.ps,mc,58085,2007-01-13T17:46:48.000000+00:00,6c6a607d979ca578351c5b11745e62bd72477da9d5a8184b536b4f92665b78fc,rendered/binary document or figure
mc/results/hotrox/936387274/results.dat,mc,304624,2007-01-13T17:46:47.000000+00:00,6f6e16aa232fd014dde8dcb8448e4d772fa4728ba556b6d4b2a14eaf219ed336,KMC run output
mc/results/hotrox/936387274/surfAl.out,mc,6537,2007-01-13T17:46:48.000000+00:00,136ba0f1ae8342fe30138687243f6c6ca6292f7bc15b3c48bf345567865efbd7,KMC run output
mc/results/hotrox/936387274/surfSi.out,mc,4235,2007-01-13T17:46:46.000000+00:00,0067aa5d4427ca94bd80a7ca6d90f3f540e77817ad08fdb00bde5ee3deb9dc2b,KMC run output
mc/results/hotrox/936930575/data.cell,mc,8774,2007-01-13T17:44:53.000000+00:00,4a93dde3656a8ca9f05c5be9fbd01db8ca5b73d2463beae628e5f0aaf335c362,KMC run input
mc/results/hotrox/936930575/data.lattice,mc,47,2007-01-13T17:44:53.000000+00:00,b83dcec2040576b8d016c3ea9731a010ded62bd09da8a947df989900ed8b2998,KMC run input
mc/results/hotrox/936930575/data.rxn,mc,2945,2007-01-13T17:44:55.000000+00:00,7e12bc548f2d3156fd233150df43ed522fcec8e0a42929046c9b07347472b321,KMC run input
mc/results/hotrox/936930575/data.sim,mc,290,2007-01-13T17:44:53.000000+00:00,25242588b37b5f134a03d877ed1aa3d863a82b3dd538f11baad8634c8fd837ad,KMC run input
mc/results/hotrox/936930575/plot.ps,mc,55811,2007-01-13T17:44:55.000000+00:00,875756aa62971181800e65ca4ec1bd67af08d18d1e2a8be7dc3275b5c966efce,rendered/binary document or figure
mc/results/hotrox/936930575/results.dat,mc,298539,2007-01-13T17:44:54.000000+00:00,072f0b35ff9b13eb9fa78dd09e6c471aa020d6731a36e4bfe6573754794f8dd8,KMC run output
mc/results/hotrox/936930575/surfAl.out,mc,5521,2007-01-13T17:44:55.000000+00:00,3b4caed45ff3a3f93ba2e84c2d6fb94b83bf03df6964d30f63ff3720eecfa3fb,KMC run output
mc/results/hotrox/936930575/surfSi.out,mc,3788,2007-01-13T17:44:53.000000+00:00,5eb45c52e72d6e959d4a55ff43fb63bac7993abbb42d3e8bddab4cbaed8eca4d,KMC run output
mc/results/hotrox/937052777/data.cell,mc,8774,2007-01-13T17:45:41.000000+00:00,4a93dde3656a8ca9f05c5be9fbd01db8ca5b73d2463beae628e5f0aaf335c362,KMC run input
mc/results/hotrox/937052777/data.lattice,mc,47,2007-01-13T17:45:41.000000+00:00,b83dcec2040576b8d016c3ea9731a010ded62bd09da8a947df989900ed8b2998,KMC run input
mc/results/hotrox/937052777/data.rxn,mc,2945,2007-01-13T17:45:42.000000+00:00,392de7b555a405d2445d8d2bcb6ccd90230a8c9c65a95f223b8db9cf370f893b,KMC run input
mc/results/hotrox/937052777/data.sim,mc,290,2007-01-13T17:45:41.000000+00:00,25242588b37b5f134a03d877ed1aa3d863a82b3dd538f11baad8634c8fd837ad,KMC run input
mc/results/hotrox/937052777/plot.ps,mc,55013,2007-01-13T17:45:42.000000+00:00,97d176eb32fd5e2e52db35801db2a01d6faef74a88c0a08218aa38762ed0980a,rendered/binary document or figure
mc/results/hotrox/937052777/results.dat,mc,297037,2007-01-13T17:45:42.000000+00:00,8ad2bba59a65a3b51450a5fe2d8bff77b980986183e1d699cd99f66b4cec6837,KMC run output
mc/results/hotrox/937052777/surfAl.out,mc,4397,2007-01-13T17:45:43.000000+00:00,864add5212219d8592052c844a11e5bb6e85d3a98881967186a1bc3abd6a8f5f,KMC run output
mc/results/hotrox/937052777/surfSi.out,mc,3735,2007-01-13T17:45:40.000000+00:00,88b330023be2a03be35fd0abf560b82c8e3d2ac10822598a75647400232aa030,KMC run output
mc/results/hotrox/937172019/data.cell,mc,8774,2007-01-13T17:44:13.000000+00:00,4a93dde3656a8ca9f05c5be9fbd01db8ca5b73d2463beae628e5f0aaf335c362,KMC run input
mc/results/hotrox/937172019/data.lattice,mc,47,2007-01-13T17:44:13.000000+00:00,b83dcec2040576b8d016c3ea9731a010ded62bd09da8a947df989900ed8b2998,KMC run input
mc/results/hotrox/937172019/data.rxn,mc,2945,2007-01-13T17:44:15.000000+00:00,2ef6235be8525f5a58244a6b41f3423f5a5acdfdd8818006251f71347c7de3ab,KMC run input
mc/results/hotrox/937172019/data.sim,mc,290,2007-01-13T17:44:13.000000+00:00,25242588b37b5f134a03d877ed1aa3d863a82b3dd538f11baad8634c8fd837ad,KMC run input
mc/results/hotrox/937172019/plot.ps,mc,54871,2007-01-13T17:44:15.000000+00:00,f2ceb72b6aeaa104f9e0151a47973c8996395ee65d2fcea48c2d5bcd4a1aeec4,rendered/binary document or figure
mc/results/hotrox/937172019/results.dat,mc,296519,2007-01-13T17:44:14.000000+00:00,a9191cda42334080efee61c8125bb7d84a7f54c3f06df9074665e8173e3bceca,KMC run output
mc/results/hotrox/937172019/surfAl.out,mc,4135,2007-01-13T17:44:15.000000+00:00,b4c966796cb127f6665cd2800fb827d6743d524492ff00d8fa7c267d0e4f5853,KMC run output
mc/results/hotrox/937172019/surfSi.out,mc,3284,2007-01-13T17:44:12.000000+00:00,89177a63c3bf1462425fcf543e30e79595931615abb42d0ed8429599e1a09c86,KMC run output
mc/results/hotrox/937288334/data.cell,mc,8774,2007-01-13T17:46:39.000000+00:00,4a93dde3656a8ca9f05c5be9fbd01db8ca5b73d2463beae628e5f0aaf335c362,KMC run input
mc/results/hotrox/937288334/data.lattice,mc,47,2007-01-13T17:46:38.000000+00:00,b83dcec2040576b8d016c3ea9731a010ded62bd09da8a947df989900ed8b2998,KMC run input
mc/results/hotrox/937288334/data.rxn,mc,2945,2007-01-13T17:46:40.000000+00:00,896c5c9a7fc6a2863a64ee9077f02cc3e7857c9b3f92f7bc4af40b8161a88001,KMC run input
mc/results/hotrox/937288334/data.sim,mc,290,2007-01-13T17:46:39.000000+00:00,25242588b37b5f134a03d877ed1aa3d863a82b3dd538f11baad8634c8fd837ad,KMC run input
mc/results/hotrox/937288334/plot.ps,mc,55305,2007-01-13T17:46:40.000000+00:00,c38f9cb441da6c2c8a9f4a53e9953587906b86901f1b8c3804c55b9d997bb7c4,rendered/binary document or figure
mc/results/hotrox/937288334/results.dat,mc,295762,2007-01-13T17:46:40.000000+00:00,1d1a7c612419686ac55b9de7482dd91b175d470f57a10be06b4a52041b8a0b88,KMC run output
mc/results/hotrox/937288334/surfAl.out,mc,4620,2007-01-13T17:46:40.000000+00:00,8e8e54b305f84fe493591c1e4ed9036a7c848191e53baf1fc93ca23d51bef456,KMC run output
mc/results/hotrox/937288334/surfSi.out,mc,3742,2007-01-13T17:46:38.000000+00:00,6da2f1d07f3f5298792416f6da622ae839043119588a90931b5da38aaf689a82,KMC run output
mc/results/hotrox/937398617/data.cell,mc,8774,2007-01-13T17:45:08.000000+00:00,4a93dde3656a8ca9f05c5be9fbd01db8ca5b73d2463beae628e5f0aaf335c362,KMC run input
mc/results/hotrox/937398617/data.lattice,mc,47,2007-01-13T17:45:07.000000+00:00,b83dcec2040576b8d016c3ea9731a010ded62bd09da8a947df989900ed8b2998,KMC run input
mc/results/hotrox/937398617/data.rxn,mc,2945,2007-01-13T17:45:10.000000+00:00,a4ab3fb41db6e5bc1ddf7f5fb417d014b4a80eaba4b04525266154d87e773931,KMC run input
mc/results/hotrox/937398617/data.sim,mc,290,2007-01-13T17:45:08.000000+00:00,25242588b37b5f134a03d877ed1aa3d863a82b3dd538f11baad8634c8fd837ad,KMC run input
mc/results/hotrox/937398617/plot.ps,mc,54709,2007-01-13T17:45:09.000000+00:00,19f927db58adaf7a7c03484a8cd67ead44794ff2038a5657b7f7346c5ac40921,rendered/binary document or figure
mc/results/hotrox/937398617/results.dat,mc,294722,2007-01-13T17:45:09.000000+00:00,059fdad86e88fdd06a910bdaf4efd51c2d8f91242598c8630ef32bed8343362b,KMC run output
mc/results/hotrox/937398617/surfAl.out,mc,4160,2007-01-13T17:45:10.000000+00:00,3cb5218acb8c3b78913afb6336db944d912b59125c89bac56fb1b2e1c40a0960,KMC run output
mc/results/hotrox/937398617/surfSi.out,mc,3535,2007-01-13T17:45:07.000000+00:00,54e18372b35cd046d9561f7e73678bfc03344fda057f8f6d8d993bbe031b414a,KMC run output
mc/results/jasper/933892971/data.cell,mc,8774,2007-01-13T17:47:26.000000+00:00,4a93dde3656a8ca9f05c5be9fbd01db8ca5b73d2463beae628e5f0aaf335c362,KMC run input
mc/results/jasper/933892971/data.lattice,mc,47,2007-01-13T17:47:25.000000+00:00,b83dcec2040576b8d016c3ea9731a010ded62bd09da8a947df989900ed8b2998,KMC run input
mc/results/jasper/933892971/data.rxn,mc,2948,2007-01-13T17:47:27.000000+00:00,34e022c59caa757892990a477d41afbeeac69c3998cf98fa347383750cdc7cee,KMC run input
mc/results/jasper/933892971/data.sim,mc,290,2007-01-13T17:47:26.000000+00:00,25242588b37b5f134a03d877ed1aa3d863a82b3dd538f11baad8634c8fd837ad,KMC run input
mc/results/jasper/933892971/plot.ps,mc,55811,2007-01-13T17:47:27.000000+00:00,259b439456eb8770c4ee604ab503dc71d447c6f88094f97deadd612467a5efe7,rendered/binary document or figure
mc/results/jasper/933892971/results.dat,mc,298539,2007-01-13T17:47:26.000000+00:00,072f0b35ff9b13eb9fa78dd09e6c471aa020d6731a36e4bfe6573754794f8dd8,KMC run output
mc/results/jasper/933892971/surfAl.out,mc,5521,2007-01-13T17:47:27.000000+00:00,3b4caed45ff3a3f93ba2e84c2d6fb94b83bf03df6964d30f63ff3720eecfa3fb,KMC run output
mc/results/jasper/933892971/surfSi.out,mc,3788,2007-01-13T17:47:25.000000+00:00,5eb45c52e72d6e959d4a55ff43fb63bac7993abbb42d3e8bddab4cbaed8eca4d,KMC run output
mc/results/jasper/934011274/data.cell,mc,8774,2007-01-13T17:47:54.000000+00:00,4a93dde3656a8ca9f05c5be9fbd01db8ca5b73d2463beae628e5f0aaf335c362,KMC run input
mc/results/jasper/934011274/data.lattice,mc,47,2007-01-13T17:47:54.000000+00:00,b83dcec2040576b8d016c3ea9731a010ded62bd09da8a947df989900ed8b2998,KMC run input
mc/results/jasper/934011274/data.rxn,mc,2948,2007-01-13T17:47:55.000000+00:00,4f3673ae965eb8ea373b7191233b5eb02915481ef4df1daa81e0fa69cb2fa6be,KMC run input
mc/results/jasper/934011274/data.sim,mc,290,2007-01-13T17:47:54.000000+00:00,25242588b37b5f134a03d877ed1aa3d863a82b3dd538f11baad8634c8fd837ad,KMC run input
mc/results/jasper/934011274/plot.ps,mc,55731,2007-01-13T17:47:55.000000+00:00,836cface2724a55b8c135e634a9e80f76862f913b82f639c7a06d18ce4b4849f,rendered/binary document or figure
mc/results/jasper/934011274/results.dat,mc,297409,2007-01-13T17:47:55.000000+00:00,099f402eb80c3373d58bc992ddd290a7e7fba08d6170b2b049c90cad484f2114,KMC run output
mc/results/jasper/934011274/surfAl.out,mc,5789,2007-01-13T17:47:56.000000+00:00,6b3e2d790b25b9f27f610ae5dec040af5577bdff58490a74a1519191ed4ac098,KMC run output
mc/results/jasper/934011274/surfSi.out,mc,4141,2007-01-13T17:47:53.000000+00:00,af5f02f6c6ef441ebca54783af64a2e02d66fd7c1878c6825ef46328efe31091,KMC run output
mc/results/jasper/934134365/data.cell,mc,8774,2007-01-13T17:47:28.000000+00:00,4a93dde3656a8ca9f05c5be9fbd01db8ca5b73d2463beae628e5f0aaf335c362,KMC run input
mc/results/jasper/934134365/data.lattice,mc,47,2007-01-13T17:47:28.000000+00:00,b83dcec2040576b8d016c3ea9731a010ded62bd09da8a947df989900ed8b2998,KMC run input
mc/results/jasper/934134365/data.rxn,mc,2948,2007-01-13T17:47:30.000000+00:00,65d61527b5e69e18b5f1d1c9b4074effb36fff7abcac7bbb77d68c8689a31967,KMC run input
mc/results/jasper/934134365/data.sim,mc,290,2007-01-13T17:47:28.000000+00:00,25242588b37b5f134a03d877ed1aa3d863a82b3dd538f11baad8634c8fd837ad,KMC run input
mc/results/jasper/934134365/plot.ps,mc,55791,2007-01-13T17:47:29.000000+00:00,a9fb1b07c71675b38df6aaef0ae99784c9269a8de1a40afb81c05988caa494a5,rendered/binary document or figure
mc/results/jasper/934134365/results.dat,mc,297676,2007-01-13T17:47:29.000000+00:00,ef464b49e86e13dd744ba24ce31c04a8a4629a8d1bac722f07184287cd8af299,KMC run output
mc/results/jasper/934134365/surfAl.out,mc,4701,2007-01-13T17:47:30.000000+00:00,ff2c92761e93cd20e84ebe262dd803e5ca0c8f25f38127892138581593ac3473,KMC run output
mc/results/jasper/934134365/surfSi.out,mc,3617,2007-01-13T17:47:28.000000+00:00,3b5ce99ea81f0cf290cd2dbe7f7cf35dadadf9ee897647d08b9181b07f87533c,KMC run output
mc/results/jasper/934237270/data.cell,mc,8774,2007-01-13T17:47:03.000000+00:00,4a93dde3656a8ca9f05c5be9fbd01db8ca5b73d2463beae628e5f0aaf335c362,KMC run input
mc/results/jasper/934237270/data.lattice,mc,47,2007-01-13T17:47:03.000000+00:00,b83dcec2040576b8d016c3ea9731a010ded62bd09da8a947df989900ed8b2998,KMC run input
mc/results/jasper/934237270/data.rxn,mc,2948,2007-01-13T17:47:05.000000+00:00,1761d8562d6f2daaf2319e2cbbb1d956fc63566c65586443d737c8e951760e3a,KMC run input
mc/results/jasper/934237270/data.sim,mc,290,2007-01-13T17:47:03.000000+00:00,25242588b37b5f134a03d877ed1aa3d863a82b3dd538f11baad8634c8fd837ad,KMC run input
mc/results/jasper/934237270/plot.ps,mc,55577,2007-01-13T17:47:05.000000+00:00,c9494ac150e2bda938cc022ac89be789ae29bca5401552a2ac3b17afcb384eab,rendered/binary document or figure
mc/results/jasper/934237270/results.dat,mc,297791,2007-01-13T17:47:04.000000+00:00,c27fe8b1e9a70a1667b2b4c283f5a5495278deff85128a9cd3ee31cd76b20323,KMC run output
mc/results/jasper/934237270/surfAl.out,mc,4980,2007-01-13T17:47:05.000000+00:00,8df5b382d458fc1a341d2bdaccdf4309e25385e4c88d3c343f76670e0b548ef3,KMC run output
mc/results/jasper/934237270/surfSi.out,mc,3570,2007-01-13T17:47:02.000000+00:00,8f42a76aa7590fcb269dbadeaeaec005c89521cceb0a4d6b3ceea9328ce471ac,KMC run output
mc/results/jasper/934303155/data.cell,mc,8774,2007-01-13T17:47:51.000000+00:00,4a93dde3656a8ca9f05c5be9fbd01db8ca5b73d2463beae628e5f0aaf335c362,KMC run input
mc/results/jasper/934303155/data.lattice,mc,47,2007-01-13T17:47:51.000000+00:00,b83dcec2040576b8d016c3ea9731a010ded62bd09da8a947df989900ed8b2998,KMC run input
mc/results/jasper/934303155/data.rxn,mc,2948,2007-01-13T17:47:53.000000+00:00,bf2804a39e87fc80a634d5cc76fe3a853030b3736526802f3b2584da591a1fb2,KMC run input
mc/results/jasper/934303155/data.sim,mc,290,2007-01-13T17:47:51.000000+00:00,25242588b37b5f134a03d877ed1aa3d863a82b3dd538f11baad8634c8fd837ad,KMC run input
mc/results/jasper/934303155/plot.ps,mc,55344,2007-01-13T17:47:52.000000+00:00,7758be9efddf11baa2de69d67b0dd4cb07deb9a1178b34b15f7fe19b21a7b1f7,rendered/binary document or figure
mc/results/jasper/934303155/results.dat,mc,300298,2007-01-13T17:47:52.000000+00:00,c8085b146bde779d0fe4fe3929bb13a99745810b7d0528541d91386c01bc49c0,KMC run output
mc/results/jasper/934303155/surfAl.out,mc,5811,2007-01-13T17:47:53.000000+00:00,a5512a6119396eda5c5cc45be21ac3fc7990576badf09e186998cbf0183b68f8,KMC run output
mc/results/jasper/934303155/surfSi.out,mc,3611,2007-01-13T17:47:50.000000+00:00,e28d54e839cf525db5cbb4049d2ebe537fe5bdc0205300029a4107f4e2362eb5,KMC run output
mc/results/jasper/934371788/data.cell,mc,8774,2007-01-13T17:47:18.000000+00:00,4a93dde3656a8ca9f05c5be9fbd01db8ca5b73d2463beae628e5f0aaf335c362,KMC run input
mc/results/jasper/934371788/data.lattice,mc,47,2007-01-13T17:47:18.000000+00:00,b83dcec2040576b8d016c3ea9731a010ded62bd09da8a947df989900ed8b2998,KMC run input
mc/results/jasper/934371788/data.rxn,mc,2948,2007-01-13T17:47:20.000000+00:00,84e48719f46efd97be27ff0f0b7c5b11aaed51e820e3ebcbba3e846278db26cd,KMC run input
mc/results/jasper/934371788/data.sim,mc,290,2007-01-13T17:47:18.000000+00:00,25242588b37b5f134a03d877ed1aa3d863a82b3dd538f11baad8634c8fd837ad,KMC run input
mc/results/jasper/934371788/plot.ps,mc,55517,2007-01-13T17:47:19.000000+00:00,3c609555f23d546db9bdec67583e793b0f05977073f56bbcbb3d6021a1512586,rendered/binary document or figure
mc/results/jasper/934371788/results.dat,mc,298141,2007-01-13T17:47:19.000000+00:00,e78facab61bf46b79d923eca87749477eadba91506160aa979d3eab0b8b66cdf,KMC run output
mc/results/jasper/934371788/surfAl.out,mc,5269,2007-01-13T17:47:20.000000+00:00,4b0be9957030f0f2db316100c11280fe717e40f4118831dcd3c3c63862372c1c,KMC run output
mc/results/jasper/934371788/surfSi.out,mc,3408,2007-01-13T17:47:18.000000+00:00,d82a9351b8971e5665ef048fb4714f82b0cd651ea9b583f56bf5d67209c79539,KMC run output
mc/results/jasper/934461648/data.cell,mc,8774,2007-01-13T17:47:12.000000+00:00,4a93dde3656a8ca9f05c5be9fbd01db8ca5b73d2463beae628e5f0aaf335c362,KMC run input
mc/results/jasper/934461648/data.lattice,mc,47,2007-01-13T17:47:12.000000+00:00,b83dcec2040576b8d016c3ea9731a010ded62bd09da8a947df989900ed8b2998,KMC run input
mc/results/jasper/934461648/data.rxn,mc,2948,2007-01-13T17:47:14.000000+00:00,7f1768c95ddfe8fbe1203ca367be33930f3db27a7bcef6ff7c5ba6340756d41a,KMC run input
mc/results/jasper/934461648/data.sim,mc,290,2007-01-13T17:47:12.000000+00:00,25242588b37b5f134a03d877ed1aa3d863a82b3dd538f11baad8634c8fd837ad,KMC run input
mc/results/jasper/934461648/plot.ps,mc,55435,2007-01-13T17:47:14.000000+00:00,aff916caa361c51f11763e3ea719acb3208d18cfdd86071a8434aafdd3a59459,rendered/binary document or figure
mc/results/jasper/934461648/results.dat,mc,299805,2007-01-13T17:47:14.000000+00:00,f64b5c7ce466a6f1af91a97d9b5323d76e94a70afefb7ae57746e1940bc5eb52,KMC run output
mc/results/jasper/934461648/surfAl.out,mc,6398,2007-01-13T17:47:14.000000+00:00,5b6d5f1fd17200881433420ad2842fc0707ab09bb0d4849ddd43ed143790dbbc,KMC run output
mc/results/jasper/934461648/surfSi.out,mc,4326,2007-01-13T17:47:11.000000+00:00,c319aa75173e10f8d43b910089094325708bf80287f5a03e2a465374155810a8,KMC run output
mc/results/jasper/934580310/data.cell,mc,8774,2007-01-13T17:47:39.000000+00:00,4a93dde3656a8ca9f05c5be9fbd01db8ca5b73d2463beae628e5f0aaf335c362,KMC run input
mc/results/jasper/934580310/data.lattice,mc,47,2007-01-13T17:47:39.000000+00:00,b83dcec2040576b8d016c3ea9731a010ded62bd09da8a947df989900ed8b2998,KMC run input
mc/results/jasper/934580310/data.rxn,mc,2948,2007-01-13T17:47:41.000000+00:00,1b2142f1fe8fd4a24d314a0cea2aedbb9d2565d25f828ca10c7941ece5d856b9,KMC run input
mc/results/jasper/934580310/data.sim,mc,290,2007-01-13T17:47:39.000000+00:00,25242588b37b5f134a03d877ed1aa3d863a82b3dd538f11baad8634c8fd837ad,KMC run input
mc/results/jasper/934580310/plot.ps,mc,55535,2007-01-13T17:47:41.000000+00:00,fe8eefd4934b8943b317ff4db1878d2b45d3468b37e8e789450a21755707e784,rendered/binary document or figure
mc/results/jasper/934580310/results.dat,mc,299375,2007-01-13T17:47:41.000000+00:00,124174e91e19d33c004f8e1c4b49bda40cdf2d8a5d25d9e105343a90b3c64ff9,KMC run output
mc/results/jasper/934580310/surfAl.out,mc,6178,2007-01-13T17:47:42.000000+00:00,d37cc20c74f24396b49f7a5fee5270e3f2de7b2ac6c1c87e04398975a5e0f432,KMC run output
mc/results/jasper/934580310/surfSi.out,mc,4304,2007-01-13T17:47:38.000000+00:00,65c7b5d096f01f49aa316f6a8bb8a42235d1418162bb52f152533fa19b6772ea,KMC run output
mc/results/jasper/934682820/data.cell,mc,8774,2007-01-13T17:47:09.000000+00:00,4a93dde3656a8ca9f05c5be9fbd01db8ca5b73d2463beae628e5f0aaf335c362,KMC run input
mc/results/jasper/934682820/data.lattice,mc,47,2007-01-13T17:47:09.000000+00:00,b83dcec2040576b8d016c3ea9731a010ded62bd09da8a947df989900ed8b2998,KMC run input
mc/results/jasper/934682820/data.rxn,mc,2948,2007-01-13T17:47:11.000000+00:00,3fe87c9142f1d79209619cd49764f5694b128f0e0bcbfe83f9464004eab29d74,KMC run input
mc/results/jasper/934682820/data.sim,mc,290,2007-01-13T17:47:09.000000+00:00,25242588b37b5f134a03d877ed1aa3d863a82b3dd538f11baad8634c8fd837ad,KMC run input
mc/results/jasper/934682820/plot.ps,mc,57560,2007-01-13T17:47:10.000000+00:00,3a3e6bb6c230c6b66dcce082ec17c0483c61100fb91fc887a6aa27f5e2654eff,rendered/binary document or figure
mc/results/jasper/934682820/results.dat,mc,300900,2007-01-13T17:47:10.000000+00:00,fc2072dddae5816104254baff1828c246cc7db0ee020f98c7c45967923012734,KMC run output
mc/results/jasper/934682820/surfAl.out,mc,5038,2007-01-13T17:47:11.000000+00:00,b61b0930cbe5bf4f7d72596a91309939351ba44780cd6ff4c857f622f5425424,KMC run output
mc/results/jasper/934682820/surfSi.out,mc,3446,2007-01-13T17:47:09.000000+00:00,00ad72e0c0decfb264cab70b146b3f00534085f8f0547f4ad5fcf893e5efc01a,KMC run output
mc/results/jasper/934782915/data.cell,mc,8774,2007-01-13T17:47:36.000000+00:00,4a93dde3656a8ca9f05c5be9fbd01db8ca5b73d2463beae628e5f0aaf335c362,KMC run input
mc/results/jasper/934782915/data.lattice,mc,47,2007-01-13T17:47:36.000000+00:00,b83dcec2040576b8d016c3ea9731a010ded62bd09da8a947df989900ed8b2998,KMC run input
mc/results/jasper/934782915/data.rxn,mc,2948,2007-01-13T17:47:38.000000+00:00,6d1359fc8c95c19e0e920ad6533d4f503a28d4dd0eacb4a45da3f403e4efbc42,KMC run input
mc/results/jasper/934782915/data.sim,mc,290,2007-01-13T17:47:36.000000+00:00,25242588b37b5f134a03d877ed1aa3d863a82b3dd538f11baad8634c8fd837ad,KMC run input
mc/results/jasper/934782915/plot.ps,mc,57960,2007-01-13T17:47:38.000000+00:00,e4fdd432c0a53b52bb47d609420e454ff81e51201c963bc71c86c3e5ec04b774,rendered/binary document or figure
mc/results/jasper/934782915/results.dat,mc,299557,2007-01-13T17:47:37.000000+00:00,23f8cb905d492da2b42a012ee086cb13ade28858f272ef704993caf8f553c154,KMC run output
mc/results/jasper/934782915/surfAl.out,mc,5294,2007-01-13T17:47:38.000000+00:00,0f6957b57784666fac0b3658d5ec6ae23ecf0c51e96fb6c055f2d87ec836c168,KMC run output
mc/results/jasper/934782915/surfSi.out,mc,3809,2007-01-13T17:47:36.000000+00:00,f8501ef2f46e8d75fd5d8cd6007a80f6505e4682b830af8d7f3ac06c964983e2,KMC run output
mc/results/jasper/934857661/data.cell,mc,8774,2007-01-13T17:46:57.000000+00:00,4a93dde3656a8ca9f05c5be9fbd01db8ca5b73d2463beae628e5f0aaf335c362,KMC run input
mc/results/jasper/934857661/data.lattice,mc,47,2007-01-13T17:46:56.000000+00:00,b83dcec2040576b8d016c3ea9731a010ded62bd09da8a947df989900ed8b2998,KMC run input
mc/results/jasper/934857661/data.rxn,mc,2982,2007-01-13T17:46:59.000000+00:00,94ebcd7cda4fb18f84fb80f5b4645bdf162aeaa658b0638ee1c31b83869a5b6b,KMC run input
mc/results/jasper/934857661/data.sim,mc,290,2007-01-13T17:46:57.000000+00:00,25242588b37b5f134a03d877ed1aa3d863a82b3dd538f11baad8634c8fd837ad,KMC run input
mc/results/jasper/934857661/plot.ps,mc,55679,2007-01-13T17:46:58.000000+00:00,4baffa36710f8793616af80d52113641e3d1d1ab5bf7e56a72e0819e2aa816ca,rendered/binary document or figure
mc/results/jasper/934857661/results.dat,mc,303120,2007-01-13T17:46:58.000000+00:00,c267d95a3d62a35103a890d8f2a1aed318d2b5fb312cffd7e821fbc4e2b29b47,KMC run output
mc/results/jasper/934857661/surfAl.out,mc,6819,2007-01-13T17:46:59.000000+00:00,634e478420d02615cc41b4d712e21e53bf26abe76905982c3e2beaec446952bb,KMC run output
mc/results/jasper/934857661/surfSi.out,mc,4229,2007-01-13T17:46:56.000000+00:00,1c88eaa4bf1a7c1dea9a238b414d83ad199f7e414f12a495cc1f4a969acc87da,KMC run output
mc/results/jasper/934954163/data.cell,mc,8774,2007-01-13T17:46:53.000000+00:00,4a93dde3656a8ca9f05c5be9fbd01db8ca5b73d2463beae628e5f0aaf335c362,KMC run input
mc/results/jasper/934954163/data.lattice,mc,47,2007-01-13T17:46:52.000000+00:00,b83dcec2040576b8d016c3ea9731a010ded62bd09da8a947df989900ed8b2998,KMC run input
mc/results/jasper/934954163/data.rxn,mc,2976,2007-01-13T17:46:55.000000+00:00,704f903d9b5fd3ba596bfc85a0062f71214fb3f9f2e650ab450bc8d5aee547f6,KMC run input
mc/results/jasper/934954163/data.sim,mc,290,2007-01-13T17:46:53.000000+00:00,25242588b37b5f134a03d877ed1aa3d863a82b3dd538f11baad8634c8fd837ad,KMC run input
mc/results/jasper/934954163/plot.ps,mc,58155,2007-01-13T17:46:55.000000+00:00,5ebea40ee48a2689bdc386d21a96e2f486a308b4ef5ed73e173a4cb719087612,rendered/binary document or figure
mc/results/jasper/934954163/results.dat,mc,302374,2007-01-13T17:46:55.000000+00:00,3f46e9193d33e466552bad50ff539f9733b4019f4dfe0e0d2265ed16a93738f4,KMC run output
mc/results/jasper/934954163/surfAl.out,mc,5775,2007-01-13T17:46:56.000000+00:00,40921a83c354a2bdcf8fd9141dfe5952784412b6cd2e2c073c71f3f2b3715a47,KMC run output
mc/results/jasper/934954163/surfSi.out,mc,4165,2007-01-13T17:46:52.000000+00:00,84c084fed4ec3fc5936cd2f2c5545f4ce44888c64a4a3a47b765397e5c983695,KMC run output
mc/results/jasper/935019643/data.cell,mc,8774,2007-01-13T17:47:34.000000+00:00,4a93dde3656a8ca9f05c5be9fbd01db8ca5b73d2463beae628e5f0aaf335c362,KMC run input
mc/results/jasper/935019643/data.lattice,mc,47,2007-01-13T17:47:33.000000+00:00,b83dcec2040576b8d016c3ea9731a010ded62bd09da8a947df989900ed8b2998,KMC run input
mc/results/jasper/935019643/data.rxn,mc,2946,2007-01-13T17:47:35.000000+00:00,50010d1890d17b5a9145dd681a8bf426fdad3abdbade6bee455af9b0869520e4,KMC run input
mc/results/jasper/935019643/data.sim,mc,290,2007-01-13T17:47:34.000000+00:00,25242588b37b5f134a03d877ed1aa3d863a82b3dd538f11baad8634c8fd837ad,KMC run input
mc/results/jasper/935019643/plot.ps,mc,56445,2007-01-13T17:47:35.000000+00:00,aec374e245ba953015b19aea13e640970a8352f58d1e367a3a0e5ccf229462a5,rendered/binary document or figure
mc/results/jasper/935019643/results.dat,mc,299569,2007-01-13T17:47:34.000000+00:00,1dac5f3afaefb957869efba0f6110164936fa6788c49fde61259aa087387e20f,KMC run output
mc/results/jasper/935019643/surfAl.out,mc,5162,2007-01-13T17:47:35.000000+00:00,81aa884ec71941767d5d57d7f8e3e8cda51d6b3472a27a3bb83fb70e14a9a6e8,KMC run output
mc/results/jasper/935019643/surfSi.out,mc,3583,2007-01-13T17:47:33.000000+00:00,11f5f0aaa1eb4bb4bbb18d1ae3ee803659065cb0d922e3596fe4396419021055,KMC run output
mc/results/jasper/935083230/data.cell,mc,8774,2007-01-13T17:47:06.000000+00:00,4a93dde3656a8ca9f05c5be9fbd01db8ca5b73d2463beae628e5f0aaf335c362,KMC run input
mc/results/jasper/935083230/data.lattice,mc,47,2007-01-13T17:47:06.000000+00:00,b83dcec2040576b8d016c3ea9731a010ded62bd09da8a947df989900ed8b2998,KMC run input
mc/results/jasper/935083230/data.rxn,mc,2946,2007-01-13T17:47:08.000000+00:00,393da01e2c221a658c125b129bd24b282a03160c5281b5122c86ab33b46ee9da,KMC run input
mc/results/jasper/935083230/data.sim,mc,290,2007-01-13T17:47:06.000000+00:00,25242588b37b5f134a03d877ed1aa3d863a82b3dd538f11baad8634c8fd837ad,KMC run input
mc/results/jasper/935083230/plot.ps,mc,58055,2007-01-13T17:47:08.000000+00:00,4d97d85e80f8c6292e69c2771d20455e2bb1c80c0e32a8792749176667cde1c4,rendered/binary document or figure
mc/results/jasper/935083230/results.dat,mc,303403,2007-01-13T17:47:07.000000+00:00,72f5fe1088f5772436658ac0c699923fdf0e8c6742bdd9865fcf7f67c6ea9348,KMC run output
mc/results/jasper/935083230/surfAl.out,mc,6615,2007-01-13T17:47:08.000000+00:00,59de07576a33322255dd6f99ed712bb73ce31c765afd825057502b9e57715995,KMC run output
mc/results/jasper/935083230/surfSi.out,mc,4238,2007-01-13T17:47:06.000000+00:00,ef54fab065e65e9f15beb1fb80fb90c8d859894e0bcac372eed181406c5fe2d5,KMC run output
mc/results/jasper/935189733/data.cell,mc,8774,2007-01-13T17:47:48.000000+00:00,4a93dde3656a8ca9f05c5be9fbd01db8ca5b73d2463beae628e5f0aaf335c362,KMC run input
mc/results/jasper/935189733/data.lattice,mc,47,2007-01-13T17:47:48.000000+00:00,b83dcec2040576b8d016c3ea9731a010ded62bd09da8a947df989900ed8b2998,KMC run input
mc/results/jasper/935189733/data.rxn,mc,2946,2007-01-13T17:47:50.000000+00:00,d6ea1f9cda4f75e7613f2b0202cb8635744371d7e8a81c0e41925f665ee95640,KMC run input
mc/results/jasper/935189733/data.sim,mc,290,2007-01-13T17:47:49.000000+00:00,25242588b37b5f134a03d877ed1aa3d863a82b3dd538f11baad8634c8fd837ad,KMC run input
mc/results/jasper/935189733/plot.ps,mc,58324,2007-01-13T17:47:50.000000+00:00,aff71dacb3ec148c9fa915d73da881a863888dcd21bbb0792ab47f840b4d37aa,rendered/binary document or figure
mc/results/jasper/935189733/results.dat,mc,307038,2007-01-13T17:47:49.000000+00:00,33a235bce5c74cb7446b66e8ed15c066e9dbb714931f5b12c3b7e38b11dd2ae8,KMC run output
mc/results/jasper/935189733/surfAl.out,mc,6239,2007-01-13T17:47:50.000000+00:00,f1867657d2b3acfaf930a88846e962a33549ee2006b2f60871e65d172d04d7de,KMC run output
mc/results/jasper/935189733/surfSi.out,mc,4172,2007-01-13T17:47:48.000000+00:00,b4b198f7d72491927342c6e2c97e771cdafc9f8e0db82695491d9413ce56a958,KMC run output
mc/results/jasper/935297155/data.cell,mc,8774,2007-01-13T17:47:21.000000+00:00,4a93dde3656a8ca9f05c5be9fbd01db8ca5b73d2463beae628e5f0aaf335c362,KMC run input
mc/results/jasper/935297155/data.lattice,mc,47,2007-01-13T17:47:21.000000+00:00,b83dcec2040576b8d016c3ea9731a010ded62bd09da8a947df989900ed8b2998,KMC run input
mc/results/jasper/935297155/data.rxn,mc,2946,2007-01-13T17:47:22.000000+00:00,9a4513bebbc06e2eca062674a3ffab1eca95a4b44d77cdb132c23c11434b8884,KMC run input
mc/results/jasper/935297155/data.sim,mc,290,2007-01-13T17:47:21.000000+00:00,25242588b37b5f134a03d877ed1aa3d863a82b3dd538f11baad8634c8fd837ad,KMC run input
mc/results/jasper/935297155/plot.ps,mc,57742,2007-01-13T17:47:22.000000+00:00,e7234219c0e01318cbb87dbae845002775ed59fb9e12c299f8429b887ed8bf89,rendered/binary document or figure
mc/results/jasper/935297155/results.dat,mc,300250,2007-01-13T17:47:22.000000+00:00,18a0bf98e561dc321296def80d2463472f021d2455a835c92975f93a8d609047,KMC run output
mc/results/jasper/935297155/surfAl.out,mc,5662,2007-01-13T17:47:22.000000+00:00,2e87ccc5490c62c2abbb89a410e4b809fa8a5082189d21c1ae9e21ce62d2631c,KMC run output
mc/results/jasper/935297155/surfSi.out,mc,4073,2007-01-13T17:47:20.000000+00:00,1809123bfafad5cafd047d3000e83a9402145778fd30dcdec796e1ac980e7338,KMC run output
mc/results/jasper/935403030/data.cell,mc,8774,2007-01-13T17:47:15.000000+00:00,4a93dde3656a8ca9f05c5be9fbd01db8ca5b73d2463beae628e5f0aaf335c362,KMC run input
mc/results/jasper/935403030/data.lattice,mc,47,2007-01-13T17:47:15.000000+00:00,b83dcec2040576b8d016c3ea9731a010ded62bd09da8a947df989900ed8b2998,KMC run input
mc/results/jasper/935403030/data.rxn,mc,2946,2007-01-13T17:47:17.000000+00:00,72a3a06943130bf93aff1b62a0df0e9f95eff7f5af367ef94308a9de29aa55cf,KMC run input
mc/results/jasper/935403030/data.sim,mc,290,2007-01-13T17:47:16.000000+00:00,25242588b37b5f134a03d877ed1aa3d863a82b3dd538f11baad8634c8fd837ad,KMC run input
mc/results/jasper/935403030/plot.ps,mc,57952,2007-01-13T17:47:17.000000+00:00,629adb7516e1055935e49f0c83ecf1c8491979748cc68e7c8c3ae6ae7301135f,rendered/binary document or figure
mc/results/jasper/935403030/results.dat,mc,303504,2007-01-13T17:47:16.000000+00:00,7af056f654f552c3cbeeffcdfe53a4ecc3c358c685f3bf9f1873817274cde064,KMC run output
mc/results/jasper/935403030/surfAl.out,mc,5610,2007-01-13T17:47:17.000000+00:00,ad962a847ae78c57fe700dca309a70b5ba2f0a2d6cbcf3d41469f0223f135d61,KMC run output
mc/results/jasper/935403030/surfSi.out,mc,4102,2007-01-13T17:47:15.000000+00:00,82943884776dd43261b2d4136d269ee2b5e27f697149ab30e607329c331788dd,KMC run output
mc/results/jasper/935507837/data.cell,mc,8774,2007-01-13T17:47:00.000000+00:00,4a93dde3656a8ca9f05c5be9fbd01db8ca5b73d2463beae628e5f0aaf335c362,KMC run input
mc/results/jasper/935507837/data.lattice,mc,47,2007-01-13T17:47:00.000000+00:00,b83dcec2040576b8d016c3ea9731a010ded62bd09da8a947df989900ed8b2998,KMC run input
mc/results/jasper/935507837/data.rxn,mc,2946,2007-01-13T17:47:02.000000+00:00,fe88faec257dea44be4c0f731b3f988c3d94dec02a47a29bbc7531db05d78dad,KMC run input
mc/results/jasper/935507837/data.sim,mc,290,2007-01-13T17:47:00.000000+00:00,25242588b37b5f134a03d877ed1aa3d863a82b3dd538f11baad8634c8fd837ad,KMC run input
mc/results/jasper/935507837/plot.ps,mc,57939,2007-01-13T17:47:01.000000+00:00,9dd896ec09a57917a0a7474cf660dce088dbcf2884188e37e254099e9423bf3d,rendered/binary document or figure
mc/results/jasper/935507837/results.dat,mc,302054,2007-01-13T17:47:01.000000+00:00,7bc012e054feba936abbc2cd636135112bbed0635fe9919104ce93579d862593,KMC run output
mc/results/jasper/935507837/surfAl.out,mc,6072,2007-01-13T17:47:02.000000+00:00,07d027cc799f4562f8464ca0cb2d6f55107a7e311a8b08b414a6eed88d72a089,KMC run output
mc/results/jasper/935507837/surfSi.out,mc,4094,2007-01-13T17:46:59.000000+00:00,6301937da207de3147acf67d9ad1778c0681889adb4ed8a2bade93f1a2ca2beb,KMC run output
mc/results/jasper/935616400/data.cell,mc,8774,2007-01-13T17:47:43.000000+00:00,4a93dde3656a8ca9f05c5be9fbd01db8ca5b73d2463beae628e5f0aaf335c362,KMC run input
mc/results/jasper/935616400/data.lattice,mc,47,2007-01-13T17:47:42.000000+00:00,b83dcec2040576b8d016c3ea9731a010ded62bd09da8a947df989900ed8b2998,KMC run input
mc/results/jasper/935616400/data.rxn,mc,2946,2007-01-13T17:47:44.000000+00:00,8031483f07fecccdf0812c8904eeaaf5555d800c70c33e4c6b5c125d9bef1c1e,KMC run input
mc/results/jasper/935616400/data.sim,mc,290,2007-01-13T17:47:43.000000+00:00,25242588b37b5f134a03d877ed1aa3d863a82b3dd538f11baad8634c8fd837ad,KMC run input
mc/results/jasper/935616400/plot.ps,mc,58093,2007-01-13T17:47:44.000000+00:00,4900680cbf61d1923d03ba0e3d5b24c195909cfd7bf4522f42fd03795faabc3e,rendered/binary document or figure
mc/results/jasper/935616400/results.dat,mc,307991,2007-01-13T17:47:44.000000+00:00,9d5f31f5f7bf0c66651330b170feb3bd674ae7121577c32b6ddcb507fe12af4f,KMC run output
mc/results/jasper/935616400/surfAl.out,mc,7536,2007-01-13T17:47:45.000000+00:00,244b266243e972bebb76977361c519b211030e4e2ddcc2d33fec06d4838feb25,KMC run output
mc/results/jasper/935616400/surfSi.out,mc,4805,2007-01-13T17:47:42.000000+00:00,8c7cf81dfad2518608bfb4dddc2c83a1e81cb4322bc33c8f773427ad1c6c605c,KMC run output
mc/results/jasper/935726897/data.cell,mc,8774,2007-01-13T17:47:31.000000+00:00,4a93dde3656a8ca9f05c5be9fbd01db8ca5b73d2463beae628e5f0aaf335c362,KMC run input
mc/results/jasper/935726897/data.lattice,mc,47,2007-01-13T17:47:31.000000+00:00,b83dcec2040576b8d016c3ea9731a010ded62bd09da8a947df989900ed8b2998,KMC run input
mc/results/jasper/935726897/data.rxn,mc,2946,2007-01-13T17:47:32.000000+00:00,20cce1db6047272d0faffc9685d136c191a79f71ea1bed7a13c8fb3411b03fc1,KMC run input
mc/results/jasper/935726897/data.sim,mc,290,2007-01-13T17:47:31.000000+00:00,25242588b37b5f134a03d877ed1aa3d863a82b3dd538f11baad8634c8fd837ad,KMC run input
mc/results/jasper/935726897/plot.ps,mc,58109,2007-01-13T17:47:32.000000+00:00,2f8eb1bda32b84a900c6f645fd662dd328d77065c68aa28c3a085d87aa1c08f8,rendered/binary document or figure
mc/results/jasper/935726897/results.dat,mc,304197,2007-01-13T17:47:32.000000+00:00,81cf8e47fcf01a9560fdadfa17d54d0afcedf093a857e25561ae1364b9784d75,KMC run output
mc/results/jasper/935726897/surfAl.out,mc,6825,2007-01-13T17:47:33.000000+00:00,aa8236ecee7b9fa7f2d1ea9f24ca333ef2d46837e1837f37a4023a0a440387c8,KMC run output
mc/results/jasper/935726897/surfSi.out,mc,4234,2007-01-13T17:47:30.000000+00:00,e5ad5a866ee36fac2b43d559e29678cfe33b19dbaa461737905ee85aba932ea6,KMC run output
mc/results/jasper/935835145/data.cell,mc,8774,2007-01-13T17:47:57.000000+00:00,4a93dde3656a8ca9f05c5be9fbd01db8ca5b73d2463beae628e5f0aaf335c362,KMC run input
mc/results/jasper/935835145/data.lattice,mc,47,2007-01-13T17:47:56.000000+00:00,b83dcec2040576b8d016c3ea9731a010ded62bd09da8a947df989900ed8b2998,KMC run input
mc/results/jasper/935835145/data.rxn,mc,2942,2007-01-13T17:47:59.000000+00:00,920a2ae753cd130e5d02643c45cb3f238d99e3d6d649b015e7790c1fd1ee13a7,KMC run input
mc/results/jasper/935835145/data.sim,mc,290,2007-01-13T17:47:57.000000+00:00,25242588b37b5f134a03d877ed1aa3d863a82b3dd538f11baad8634c8fd837ad,KMC run input
mc/results/jasper/935835145/plot.ps,mc,57710,2007-01-13T17:47:59.000000+00:00,c9e36be449c54eafb760acd76aa0320b5c0cec5e4bbc17a20be4c8666b2f9e53,rendered/binary document or figure
mc/results/jasper/935835145/results.dat,mc,306258,2007-01-13T17:47:58.000000+00:00,4169c60b929b810cb7755719f672b95bcbe81b2901fb9e764b8660ef8aa8875a,KMC run output
mc/results/jasper/935835145/surfAl.out,mc,6341,2007-01-13T17:47:59.000000+00:00,bb9f8e99308a525fb71b8ff39edaddad93d32a775ee84e23a27a8c4775cfb23b,KMC run output
mc/results/jasper/935835145/surfSi.out,mc,4325,2007-01-13T17:47:56.000000+00:00,011b326b4e11f869107ab0fc3093303bd7c615a0f9820741cfa08e64bef2abfd,KMC run output
mc/results/jasper/936930540/data.cell,mc,8774,2007-01-13T17:47:46.000000+00:00,4a93dde3656a8ca9f05c5be9fbd01db8ca5b73d2463beae628e5f0aaf335c362,KMC run input
mc/results/jasper/936930540/data.lattice,mc,47,2007-01-13T17:47:45.000000+00:00,b83dcec2040576b8d016c3ea9731a010ded62bd09da8a947df989900ed8b2998,KMC run input
mc/results/jasper/936930540/data.rxn,mc,2943,2007-01-13T17:47:47.000000+00:00,1867f866ac35873274772bf579ab928d02715c9d5f6d5818bd21609b1e585d51,KMC run input
mc/results/jasper/936930540/data.sim,mc,290,2007-01-13T17:47:46.000000+00:00,25242588b37b5f134a03d877ed1aa3d863a82b3dd538f11baad8634c8fd837ad,KMC run input
mc/results/jasper/936930540/plot.ps,mc,57742,2007-01-13T17:47:47.000000+00:00,4c61ddc45235a22184cbe18d25cb211f0c194f39fb14d713d8b4c4b9f3b936c1,rendered/binary document or figure
mc/results/jasper/936930540/results.dat,mc,300250,2007-01-13T17:47:47.000000+00:00,18a0bf98e561dc321296def80d2463472f021d2455a835c92975f93a8d609047,KMC run output
mc/results/jasper/936930540/surfAl.out,mc,5662,2007-01-13T17:47:47.000000+00:00,2e87ccc5490c62c2abbb89a410e4b809fa8a5082189d21c1ae9e21ce62d2631c,KMC run output
mc/results/jasper/936930540/surfSi.out,mc,4073,2007-01-13T17:47:45.000000+00:00,1809123bfafad5cafd047d3000e83a9402145778fd30dcdec796e1ac980e7338,KMC run output
mc/results/jasper/937023845/data.cell,mc,8774,2007-01-13T17:47:23.000000+00:00,4a93dde3656a8ca9f05c5be9fbd01db8ca5b73d2463beae628e5f0aaf335c362,KMC run input
mc/results/jasper/937023845/data.lattice,mc,47,2007-01-13T17:47:23.000000+00:00,b83dcec2040576b8d016c3ea9731a010ded62bd09da8a947df989900ed8b2998,KMC run input
mc/results/jasper/937023845/data.rxn,mc,2943,2007-01-13T17:47:24.000000+00:00,9b5bf89a2657a03a865461f887a525a3ea2bb02a01e4241b0c22aa619d191588,KMC run input
mc/results/jasper/937023845/data.sim,mc,290,2007-01-13T17:47:23.000000+00:00,25242588b37b5f134a03d877ed1aa3d863a82b3dd538f11baad8634c8fd837ad,KMC run input
mc/results/jasper/937023845/plot.ps,mc,41413,2007-01-13T17:47:24.000000+00:00,125a287c2b7a2080d1bb5a1bc8abb41cc55f8e8cd8a2177dd49b85342e759add,rendered/binary document or figure
mc/results/jasper/937023845/results.dat,mc,199825,2007-01-13T17:47:24.000000+00:00,98fe8565f5cefcf2672e85e674d884945e44b4b94c07276930b67756799e6ed7,KMC run output
mc/results/rawrates.m,mc,1575,2007-01-13T17:47:59.000000+00:00,4d1798a171cad5c879e514b02423090672b0450099f51e9bb7db661cc30146bb,archive file
mc/scripts/errtest.pl,mc,2702,2007-01-13T17:43:53.000000+00:00,2deb70f8e5c4e1df3bde79c90ad0947babb6f8e738e6ba03996e91e63dfca600,archive file
mc/scripts/length.pl,mc,3364,2007-01-13T17:43:53.000000+00:00,df48ea4b327126b8c0cee5d7dc2fd19cf22a8e38c3a2883adb2f0b0c6948e0f4,archive file
mc/scripts/sens.pl,mc,4117,2007-01-13T17:43:54.000000+00:00,da489ac727ff1606c4c3c6a76e4960e35ed05071f668fca69fda6c1966ed36bd,archive file
mc/scripts/size.pl,mc,3364,2007-01-13T17:43:53.000000+00:00,df48ea4b327126b8c0cee5d7dc2fd19cf22a8e38c3a2883adb2f0b0c6948e0f4,archive file
mc/scripts/vsT.pl,mc,3364,2007-01-13T17:43:53.000000+00:00,df48ea4b327126b8c0cee5d7dc2fd19cf22a8e38c3a2883adb2f0b0c6948e0f4,archive file
mc/scripts/vsdG.pl,mc,3364,2007-01-13T17:43:54.000000+00:00,df48ea4b327126b8c0cee5d7dc2fd19cf22a8e38c3a2883adb2f0b0c6948e0f4,archive file
mc/tex/c2o4.eps,mc,791,2007-01-13T17:48:08.000000+00:00,6a41f7ca8dbd9b1d01ddfd8e15dad3b8ae05323cfe1996c254d73cb5da47051c,rendered/binary document or figure
mc/tex/c2o4.ps,mc,418289,2007-01-13T17:48:03.000000+00:00,d7c4fc5e90930b182837a4ba0bd9cc7d294aea5247e8d1be97a08685ca0c798b,rendered/binary document or figure
mc/tex/desc.tex,mc,11213,2007-01-13T17:48:03.000000+00:00,2349857251c7393d76c7c41865983eaef31f36bc0bcc3a63e5a19a32c175294d,thesis/document source
mc/tex/diss.aux,mc,8,2007-01-13T17:48:07.000000+00:00,3345a075a22fb3bbc04567a1e5660ed0240d53f5881f458a2234dcd42a78d335,archive file
mc/tex/diss.dvi,mc,46224,2007-01-13T17:48:05.000000+00:00,3a09032855a9300c577e576ebd1d19bf37a37030616a82aa00f5de2da0a6ad18,rendered/binary document or figure
mc/tex/diss.log,mc,2367,2007-01-13T17:48:08.000000+00:00,4a53cc23cc34af9ad5b05ce9b65db95122ac40b2efd17ca78a7f806ccb075795,archive file
mc/tex/diss.ps,mc,338093,2007-01-13T17:48:04.000000+00:00,e15be4928814e9a5a7ebc2bc932d0bcf9a278e40c8ecb32962fb466e4cafb02e,rendered/binary document or figure
mc/tex/diss.ps.aux,mc,422,2007-01-13T17:48:06.000000+00:00,d0757708b78782e08eb17044c15c9036b039404581a92647849aafc46789812e,archive file
mc/tex/diss.tex,mc,35938,2007-01-13T17:48:07.000000+00:00,3714e2ca8dbaeb64fc26e0345739a4ead89462a4015e13bb5ca162d79d4c0d15,thesis/document source
mc/tex/paper.aux,mc,296,2007-01-13T17:48:07.000000+00:00,9a58a3639a4cb904d0db5ad75a52677c2d2d483db6eb98f821cebf3e97b3a563,archive file
mc/tex/paper.dvi,mc,45668,2007-01-13T17:48:08.000000+00:00,fec71ec5b7a5268e9425cbc9f18d6704f9a8b326ccb47b1f0712e5c5265ae209,rendered/binary document or figure
mc/tex/paper.log,mc,3455,2007-01-13T17:48:07.000000+00:00,1c3750170c08246be87db67fda22da32c92e6fbfe7f1b23a225450ccffcdad95,archive file
mc/tex/paper.lyx,mc,8873,2007-01-13T17:48:05.000000+00:00,727e3219e593f331045550b72842095242641159a584333a4434452d7a6f19b1,archive file
mc/tex/paper.ps,mc,475372,2007-01-13T17:48:06.000000+00:00,e4a47e82008bb0f7e704fd4c75edece06221ec688353b3ad921cd23e60b30e0c,rendered/binary document or figure
mc/tex/paper.tex,mc,35323,2007-01-13T17:48:03.000000+00:00,2eab515d692a658aa3aa4edadcea05e0da3f3b4301842d12ddd3bfa89a3bbb10,thesis/document source
mc/tex/texput.log,mc,620,2007-01-13T17:48:04.000000+00:00,096d302a5300bd3086bd023246d5cca89a0e0dcb7c52a58c90ed50f276197adf,archive file
mc/txt/ea.txt,mc,278,2007-01-13T17:48:00.000000+00:00,049b8814fb430c60ffb2b3163efa1ed1e2b2f7bfc37c0678474463d352ee5926,archive file
mc/txt/eaal.ps,mc,8087,2007-01-13T17:48:02.000000+00:00,a894fb932c6926fe94caf929094e37d2d3312bb62f4627c6c9c34de380df339d,rendered/binary document or figure
mc/txt/eaplot.m,mc,1064,2007-01-13T17:48:01.000000+00:00,62310f32147e06c30195bf70d65f9edc048a27bc7d7422426313aa1adabcdcce,archive file
mc/txt/easi.ps,mc,8087,2007-01-13T17:48:00.000000+00:00,2dbad29fee3a9204627836573c63582aec503c99e233a3e857c22003e3299246,rendered/binary document or figure
mc/txt/ral.ps,mc,8475,2007-01-13T17:48:01.000000+00:00,554b981a2df897fe1c4316a9571764fb1608e3e7efeeaab9913cea9d69c99252,rendered/binary document or figure
mc/txt/rates.txt,mc,1379,2007-01-13T17:48:01.000000+00:00,d179baac4521fa49207181e3658c90fb8a798582c5229be4042f7638a5e8917f,archive file
mc/txt/rplot.m,mc,1198,2007-01-13T17:48:00.000000+00:00,2409e316f4a2ded9c338e78ea0bd07d1af03f5b89d87695d07bafd6e4a071c7e,archive file
mc/txt/rsi.ps,mc,8475,2007-01-13T17:48:01.000000+00:00,73109d14c6ba89d7f17639fcb0e6d275bf96c1b45562cbff15d107887e85bd3f,rendered/binary document or figure
mc/util/hotrates.sh,mc,565,2007-01-13T17:43:51.000000+00:00,7a89694c0fad0d31f3019fff7384de9cf9c6ea2e19b0fa206ea808882a123472,archive file
mc/util/hotsimp.sh,mc,529,2007-01-13T17:43:50.000000+00:00,675660adfdce07a20c3acd69823edc61735f3b4ba4491763e6143feb31d49022,archive file
mc/util/jasrates.sh,mc,565,2007-01-13T17:43:52.000000+00:00,e23778d3897ed524c5a4c5369fa9f92315e8a3af775eb18d9cccf42332584c56,archive file
mc/util/jassimp.sh,mc,529,2007-01-13T17:43:52.000000+00:00,3e93d9ee175391b8b24e46f22c743c4ed0332280e0452aed2ec171c23d42fefe,archive file
mc/util/oldrates.sh,mc,649,2007-01-13T17:43:51.000000+00:00,6300cd1d52feed68cdeaef86905ee3b552a7beb9e907f64304634d914a5c9873,archive file
mc/util/polyFit,mc,9373,2007-01-13T17:43:50.000000+00:00,4a91f927eeb0971ac49974f7560628fb1ca1a79ee895676057bbfea604403bb5,archive file
mc/util/polyFit.c,mc,6176,2007-01-13T17:43:51.000000+00:00,cd3a10a1f97ec2343704940b44ed3d5ccd424c83c2f06b5008a52b0fc48ab1b3,C model source
mc/util/qmrrates.sh,mc,565,2007-01-13T17:43:50.000000+00:00,36bf34fe039d2e6654a2c46ae7ba4e600b87130d7a774a2bbcb8a726c5f072a4,archive file
mc/util/rates.sh,mc,561,2007-01-13T17:43:52.000000+00:00,ae43b86b9946e7d96964a2d33f2a185ec9dd01ff41e5d292910cff13b5323cef,archive file
mc/util/simpleRate,mc,13070,2007-01-13T17:43:51.000000+00:00,244b387e45e4a6ccacf7540b393b0fff09b7a2209efbef2d4d9d893bdd20d9b4,archive file
mc/util/simpleRate.c,mc,1679,2007-01-13T17:43:50.000000+00:00,b64b1d374b3a4c7e64afe82ad5c5e4454a6e0bf11636e22ce9cd946e7ff2c95c,C model source
misc/mcsumm.tex,misc,1539,2007-01-13T17:43:43.000000+00:00,44bb05baccadf6b0ea0cc0237df34efcb40881006727c53420795494c916f0dc,thesis/document source
misc/status-dft.txt,misc,1860,2007-01-13T17:43:42.000000+00:00,bbf9bdba65f6e5f55acb9b30b2f0107a179b16dcac034cc67a456c947db216b5,archive file
misc/status-mc.txt,misc,3736,2007-01-13T17:43:43.000000+00:00,ef514c580ce094361263781e9606a8b79c4cb0d5ffe570436f3a4997ab3ef926,archive file
misc/status-mc.txt~,misc,3428,2007-01-13T17:43:40.000000+00:00,b98e473d15e638357b300156af03b023ca031e632a9c3f6fa2f1c660b884a5cb,archive file
misc/summary.aux,misc,8,2007-01-13T17:43:42.000000+00:00,3345a075a22fb3bbc04567a1e5660ed0240d53f5881f458a2234dcd42a78d335,archive file
misc/summary.dvi,misc,5500,2007-01-13T17:43:41.000000+00:00,971dda54be3c7dfc05c986c73a28b1832bbac5c7d2df3a2f1a7b2d5aba98e313,rendered/binary document or figure
misc/summary.log,misc,1823,2007-01-13T17:43:40.000000+00:00,bac9ad8b284ff53205a5761ae50c26a89282cd63511dcace70eb31b095cf02b9,archive file
misc/summary.ps,misc,92628,2007-01-13T17:43:43.000000+00:00,59bba937f212a52006b754de0980b77a7a686f8444d187fa3c8be480af05a775,rendered/binary document or figure
misc/summary.tex,misc,4248,2007-01-13T17:43:40.000000+00:00,69133034e36279d2e718f88c7b5e406ec31d669b5e50807616031056fc30ee88,thesis/document source
misc/thirdabs.aux,misc,8,2007-01-13T17:43:42.000000+00:00,3345a075a22fb3bbc04567a1e5660ed0240d53f5881f458a2234dcd42a78d335,archive file
misc/thirdabs.dvi,misc,5948,2007-01-13T17:43:41.000000+00:00,ce6cedf0d2c1d7ae78a0d9cbc7d6c3eca8a2868cd82d92bc4d6987564829a906,rendered/binary document or figure
misc/thirdabs.log,misc,2134,2007-01-13T17:43:42.000000+00:00,369cbe9d33279bf374b57379aadeb8129dbf7791aa0ed3506f0109e98ff037cf,archive file
misc/thirdabs.ps,misc,114438,2007-01-13T17:43:41.000000+00:00,7be41c7d89718a70fbdf008f83faa7a3d9cc1d347ca726083c363d0edf1cc1d6,rendered/binary document or figure
misc/thirdabs.tex,misc,4679,2007-01-13T17:43:41.000000+00:00,1e518feb0b564b8c932462c99bd26258ed5943e9a19199d32e07c720226f6587,thesis/document source
ref/bsse,ref,324,2007-01-13T17:43:44.000000+00:00,ab5b033aa1f29e53c65f5fe5e8f10dc638002922dd7b20d04291d6e76f41bc25,archive file
ref/cvd.pdf,ref,559561,2007-01-13T17:43:47.000000+00:00,3f5bf808a563b5e6f381c55223906e0563f27b1db58f97f459370f414ea7e7ed,rendered/binary document or figure
ref/neworganicrefs,ref,120,2007-01-13T17:43:47.000000+00:00,f9136790478c240252675e5f392104943058afe284be4140286fdac51e45fbcc,archive file
ref/ovid1.txt,ref,17731,2007-01-13T17:43:47.000000+00:00,f9ef6cf31b668f28ada06001c1237ddc289f4fd3aee63150d18ceb7e63cdd658,archive file
ref/ovid2.txt,ref,3412,2007-01-13T17:43:46.000000+00:00,2247692bf69a67bb395cf7782d0082bc9b3366c5052e992b95a7d2fe545fd2a1,archive file
ref/parallelmc.ps,ref,955445,2007-01-13T17:43:49.000000+00:00,793c72cb2dc688e361614fd22291dc4fcafced6b2a1ad1f7b0220ba0289c6d35,rendered/binary document or figure
ref/printed.tar.gz,ref,959957,2007-01-13T17:43:45.000000+00:00,5184b1d3f320559da6eb9657197d8715bd2042264f4af8a49383e86d48d96d61,archive file
ref/reffind,ref,58,2007-01-13T17:43:47.000000+00:00,92a5bbcbc33668b52d19d66c976607c9c07b3c8e1ebebbcecdc6ea1e8c9ddd3d,archive file
text/appA.aux,text,2759,2007-01-13T17:48:36.000000+00:00,e7b1a68c13e51952e1b61f52d09d7d2a68e6c0e97328339472974a3791d64872,archive file
text/appA.tex,text,1900,2007-01-13T17:48:50.000000+00:00,a0f6f02b4d735c7448d3abeb3376d0bc902cc3d7e6d2391bf6cb7fd993f373b4,thesis/document source
text/appB.aux,text,1784,2007-01-13T17:48:37.000000+00:00,4742c53d2295adf496fc1b57e7347df2f43c6e9e180d9ec3e9b94c0c9aa55851,archive file
text/appB.tex,text,3092,2007-01-13T17:48:35.000000+00:00,c041c24b1517d0330efed7279c620a71b77811a4103a1c0eb37935329e6b01eb,thesis/document source
text/ch1.aux,text,3490,2007-01-13T17:48:50.000000+00:00,56ea2ddb3b6fb106d05a97fc8197c2804cdc1ba4d975190cb1785144fcced1b2,archive file
text/ch1.tex,text,30976,2007-01-13T17:48:50.000000+00:00,da887886e5b835fe9653e9f9eda0a548f1141145548a1f8ff8dca108a3cae244,thesis/document source
text/ch2.aux,text,2670,2007-01-13T17:48:49.000000+00:00,0e63391590fb139cf0e58f95069fdcf2c33aadbee4bacc562724abefb2d58d27,archive file
text/ch2.tex,text,35824,2007-01-13T17:48:39.000000+00:00,8ef84734e2500f97ac8776036915e19e79488455d65af2e200d9b8cad830fb54,thesis/document source
text/ch3.aux,text,1211,2007-01-13T17:48:41.000000+00:00,2e3650ddda6891b8babf03aad46a4fe23ef1a715b88c2b3671fda900e5fdc50e,archive file
text/ch3.tex,text,1101,2007-01-13T17:48:39.000000+00:00,031beb296fde03714178da68a082fdc00f5c823cbac414564b6b9ccccedc6cd6,thesis/document source
text/ch4.aux,text,6243,2007-01-13T17:48:39.000000+00:00,b4a2a9d5cc6b07dcf3f79a8b50a2b96bf2f0de7aa94e864114eff92deb94b503,archive file
text/ch4.tex,text,61814,2007-01-13T17:48:36.000000+00:00,10034da933e50ee9cb3789a5bf3d36b1c77304ab3d86a6dfc1496c47d6b2320e,thesis/document source
text/ch5.aux,text,2329,2007-01-13T17:48:38.000000+00:00,732040cdbfa9f57319c02385ac2429a15934aab01610480b148b94c050f6c7c2,archive file
text/ch5.log,text,139648,2007-01-13T17:48:36.000000+00:00,c825450c1d16a252ec38b62c12c1d713861900f5662b38f0d5dc1f082f48a324,archive file
text/ch5.tex,text,12149,2007-01-13T17:48:37.000000+00:00,f2c25868aae06b0953f213631c71fbbf4b6f68ebe171a24cd115b09fe560552c,thesis/document source
text/matlab/alplot.m,text,280,2007-01-13T17:48:38.000000+00:00,275e08cd6455e97d59f7b849fea0a729f574d37f55fbb6d31dfb99bd999dd892,archive file
text/src/Makefile,text,303,2007-01-13T17:48:43.000000+00:00,9e129ee7d8c6ac6bbe0a7e3c4aae50e995b6f1575f8c135208a7c099b915ed8a,C model source
text/src/actions.c,text,2180,2007-01-13T17:48:43.000000+00:00,2c77ef7fdac0da479e2e55ec505a993ba9518ed2b0d4fc9d1deeb14b59785371,C model source
text/src/actions.h,text,441,2007-01-13T17:48:48.000000+00:00,60f135a1c7268cc2e64a8796d68e35d941a5092bace9f249c07c742434a279f3,C model source
text/src/bfsearch.c,text,2255,2007-01-13T17:48:46.000000+00:00,bd3a1e80f0ff3223a32abf53635b4967d66a73193599afd38670c60927573cab,C model source
text/src/bfsearch.h,text,537,2007-01-13T17:48:43.000000+00:00,baafc148d3fde2b869d68fd17c4e49bd9af9a3ccfedf3473aebc1081ee041c68,C model source
text/src/common.h,text,4298,2007-01-13T17:48:48.000000+00:00,dc861d42ffd83ff62dac12024c0aa77fcb2c8eeeef51cf8414a0f83dd34e4fd6,C model source
text/src/envrn.c,text,7193,2007-01-13T17:48:43.000000+00:00,f4ee2205c5eec0e4ec03b3bf3eb86acb116c4d603a8d18686fbf7bc1f096cd4a,C model source
text/src/envrn.h,text,219,2007-01-13T17:48:45.000000+00:00,f876c19651cb4dc2e82e9121ce519ad7a5b0f83bc52e3325bde7106f840e5745,C model source
text/src/evtlist.c,text,1471,2007-01-13T17:48:48.000000+00:00,3df6d74a70e7d64a2ca33c906906b87cd711d68b74465b98eacca407ae58c780,C model source
text/src/evtlist.h,text,725,2007-01-13T17:48:42.000000+00:00,c2a9ed7c53d1cdaaedf1f456330c7952fe48c3743125a16cf679e36a0887b833,C model source
text/src/futil.c,text,901,2007-01-13T17:48:46.000000+00:00,544f830c6726e5f61392eef74599f7ef46e3fccfb9ce6c5d9054a4abe74798bc,C model source
text/src/futil.h,text,234,2007-01-13T17:48:45.000000+00:00,ef6a97adef5dab37f24e3f518f3700ab2fce52dc754fff73b425453d27dc0536,C model source
text/src/lattice.c,text,8291,2007-01-13T17:48:47.000000+00:00,3b28ee204c3852579b4473cdff22173b9531254ac5ddb7ce1675f9761cbe2fb2,C model source
text/src/lattice.h,text,1624,2007-01-13T17:48:42.000000+00:00,4411a4377fb3cf539e4d1d6dd4de55d35a3269cb91d69b5e20a3bb067044b62c,C model source
text/src/mckaol.c,text,1443,2007-01-13T17:48:42.000000+00:00,e937af370929fce227dc136c5fea98044f65e29916357da6d7b127961e995c23,C model source
text/src/myerr.c,text,178,2007-01-13T17:48:46.000000+00:00,7d1841619f18cc52e3c4936f9a2e4e97966efa44c3658f99168932e34327217f,C model source
text/src/myerr.h,text,110,2007-01-13T17:48:45.000000+00:00,95c4056c91c8ebd9c09065e0e1cc821a74234c3e5a68335e99207f62dd3b7d3d,C model source
text/src/output.c,text,7335,2007-01-13T17:48:45.000000+00:00,fcfc4800f763cdaeb4a712c83839a0b4b2e1ccdb9d4ad66e69841b5887cddf33,C model source
text/src/output.h,text,369,2007-01-13T17:48:49.000000+00:00,a1cbc61f7228b8b61e1d739401728a7fb0df1cfc0f1cb4069997b74df5b4ed94,C model source
text/src/ran2.c,text,1421,2007-01-13T17:48:44.000000+00:00,e0e55e1137cea014e39b55a3b4dda3cb48358847d7ae62ffc62b118ce650d173,C model source
text/src/ran2.h,text,185,2007-01-13T17:48:47.000000+00:00,f641294a4bd4916d89aa7fcabe16b275a4cd521fc4260bc68c0ad825d67a74e5,C model source
text/src/reactions.c,text,7914,2007-01-13T17:48:47.000000+00:00,0cf42f1b21ea65aac54d9b4b57c075359b0b60ac1c575821f2250789cec9f24c,C model source
text/src/reactions.h,text,942,2007-01-13T17:48:44.000000+00:00,8931452ccc24c6a7d94e78fee668b7c220f8c9dbeba6e27fb97d80b7a1f3db91,C model source
text/src/rxnlist.c,text,2601,2007-01-13T17:48:49.000000+00:00,844b7d8fbde9a08c8d15ce22ab67a0ddc2b8abdc45b057af29f97f3bb6b8ba90,C model source
text/src/rxnlist.h,text,890,2007-01-13T17:48:49.000000+00:00,680e4adf3e700c1e34caa5bcd1af4e27edc58a71a050cfb3d7f898c61e1a2cd4,C model source
text/src/sim.c,text,1019,2007-01-13T17:48:46.000000+00:00,2d51cadd73a77cbe6bdbf21d259acd7e7f6e653d040b15a0d6661e60062bf3a1,C model source
text/src/sim.h,text,516,2007-01-13T17:48:44.000000+00:00,ab7b93f2ed51455bdc95a1b5391aa81b73397c2b1960fc55d56f4224370172e2,C model source
text/src/ucell.c,text,1731,2007-01-13T17:48:44.000000+00:00,d18293580a6de1b91632bec654ff73987a99ca4eef853b4b8d1fed4872cb5be0,C model source
text/src/ucell.h,text,978,2007-01-13T17:48:48.000000+00:00,834a65b5916323cbebce655bc16fc57d43929385169413fdfcce880e193965e9,C model source
text/thesis.aux,text,4894,2007-01-13T17:48:37.000000+00:00,2597f8d8badc42993baab12b55f999ab8293179a74b4f5773b4c81e51726eb03,archive file
text/thesis.bbl,text,23512,2007-01-13T17:48:38.000000+00:00,1dbf55c056bdcdb92f04b13f479a2be55adb26f7b5be72206dcc5c279af4c4d7,archive file
text/thesis.bib,text,43097,2007-01-13T17:48:41.000000+00:00,47d0c412360c71b164054b9ce5c8adee3bf82959a7e5d216cd7087ebce7077c2,thesis/document source
text/thesis.blg,text,1088,2007-01-13T17:48:41.000000+00:00,73440b45a78980cc1038879fa5bdff659f8b63ce6ff3e60c6cc72761cb92e7ce,archive file
text/thesis.dvi,text,337760,2007-01-13T17:48:40.000000+00:00,bde8980eb05eb17c5cc3bb6217caa745e564a7f10c912f288e015bc1cd8da091,rendered/binary document or figure
text/thesis.lof,text,1315,2007-01-13T17:48:41.000000+00:00,805a60910a7ad7b5f4b8a945e7275dca7e19749d749490d6222644065f98d4c4,archive file
text/thesis.lot,text,1303,2007-01-13T17:48:37.000000+00:00,17daecb2e55dc3ae33941f7f0f8a3e044d69a589dccca33581c26c68caa23d56,archive file
text/thesis.pdf,text,1935108,2007-01-13T17:10:42.000000+00:00,9d591ca1210e9c9b3752c33156ac6049aaa6b5daa451d35fa64e91eec6a36fa4,rendered/binary document or figure
text/thesis.ps,text,7856997,2007-01-13T18:05:00.000000+00:00,fc75ece9895700b47d800709900bf99426fbfbfd5fd1df258314c5f9feb6b489,rendered/binary document or figure
text/thesis.tex,text,1095,2007-01-13T17:48:39.000000+00:00,df8ed8ba3b54482b334c218417d8ef57a0f9110e51f0723ebca0e1196ebecf73,thesis/document source
text/thesis.toc,text,6725,2007-01-13T17:48:35.000000+00:00,11e442b984646282a694db23f3523e76f94f3b6c5e91806c065fb7f622aac4a8,archive file
