0.000018,1200,1100,100,0,0,0,1200,1100,0,99,1,0,0,0
0.016452,1212,1097,97,6,1,11,1213,1020,45,58,39,29,18,4
0.031210,1210,1094,97,9,1,9,1216,1028,40,54,47,31,11,5
0.045860,1213,1093,96,11,1,12,1222,1022,40,56,44,34,19,7
0.059985,1212,1091,93,16,1,11,1230,1023,42,49,53,33,26,4
0.073930,1210,1090,92,18,1,9,1232,1017,50,55,48,31,21,10
0.087383,1211,1087,87,26,1,10,1235,1020,44,47,61,31,25,7
0.101032,1212,1085,85,30,1,11,1237,1025,45,50,54,32,28,3
0.113140,1214,1084,87,29,1,13,1242,1029,38,67,40,41,18,9
0.126637,1211,1082,84,34,1,10,1231,1026,36,62,51,38,17,1
0.140031,1206,1081,81,37,3,4,1238,1016,43,61,50,35,19,14
0.153390,1218,1079,81,38,4,16,1232,1019,50,55,53,32,18,5
0.166209,1218,1078,80,39,5,16,1235,1021,41,47,59,37,24,6
0.178475,1216,1078,79,40,5,14,1243,1023,37,63,52,49,13,6
0.190711,1213,1076,76,43,6,12,1242,1026,40,47,60,39,25,5
0.203155,1212,1076,72,46,7,11,1249,1017,34,62,55,40,24,17
0.215976,1207,1075,70,49,7,6,1242,1017,53,46,63,32,25,6
0.228934,1213,1073,72,47,9,12,1236,1026,35,68,51,29,18,9
0.242020,1206,1069,72,51,9,5,1242,1024,45,55,50,47,17,4
0.255189,1222,1068,74,49,11,20,1249,1025,35,55,60,38,30,6
0.267372,1213,1067,74,50,11,11,1255,1015,41,63,60,38,30,8
0.279203,1224,1065,77,49,12,21,1250,1031,30,60,50,39,29,11
0.291284,1217,1064,77,48,15,13,1256,1018,49,54,57,41,26,11
0.303195,1225,1063,75,52,14,21,1259,1017,46,55,54,45,32,10
0.315218,1215,1062,75,53,14,11,1255,1015,47,48,62,47,29,7
0.326629,1219,1062,74,54,14,15,1264,1024,50,54,56,46,24,10
0.338338,1217,1061,76,52,15,13,1264,1014,43,55,56,50,35,11
0.349815,1225,1059,76,53,16,21,1254,1027,44,60,51,43,23,6
0.362237,1215,1060,72,55,18,10,1255,1017,43,55,64,45,26,5
0.375445,1216,1060,73,55,17,11,1253,1019,44,47,60,49,26,8
0.387445,1219,1057,75,55,18,14,1257,1021,50,62,53,37,26,8
0.399880,1216,1056,75,55,18,12,1252,1016,51,63,56,36,24,6
0.411560,1216,1054,72,59,18,13,1257,1016,44,55,69,46,23,4
0.423254,1219,1055,69,62,15,18,1262,1016,52,56,55,39,30,14
0.434838,1215,1057,69,60,16,13,1259,1020,33,52,61,60,22,11
0.446308,1217,1055,69,61,17,15,1257,1010,44,62,48,54,32,7
0.458605,1219,1056,68,61,18,16,1265,1016,50,49,68,43,25,14
0.470836,1217,1056,71,56,20,14,1263,1025,49,57,54,42,30,6
0.482996,1215,1056,71,56,20,12,1270,1023,49,58,50,65,19,6
0.494941,1218,1057,71,55,20,15,1273,1030,41,53,63,50,27,9
0.506135,1214,1056,73,52,23,10,1278,1028,39,53,68,52,25,13
0.518237,1212,1056,79,45,24,8,1266,1020,40,66,55,48,32,5
0.530015,1219,1056,78,47,23,15,1269,1027,48,42,66,46,32,8
0.541281,1217,1053,79,49,23,13,1265,1023,44,60,53,52,28,5
0.553640,1213,1052,76,52,21,12,1271,1030,37,61,59,43,30,11
0.565720,1215,1053,76,51,21,14,1264,1018,52,60,48,50,26,10
0.577513,1217,1053,77,52,19,16,1270,1018,49,69,48,45,33,8
0.588768,1213,1052,78,50,22,11,1275,1018,60,47,61,43,31,15
0.599837,1214,1051,80,50,22,11,1264,1014,50,47,64,53,27,9
0.611445,1214,1051,81,49,20,13,1264,1018,50,48,58,57,26,7
0.623062,1214,1050,82,47,23,12,1267,1022,50,57,55,55,22,6
0.634404,1224,1051,80,48,24,21,1270,1013,43,54,65,49,32,14
0.645921,1220,1050,77,51,24,18,1269,1021,48,66,47,50,27,10
0.657539,1214,1050,74,53,25,12,1274,1025,42,62,52,52,32,9
0.667846,1215,1049,76,51,25,14,1273,1018,40,42,77,53,38,5
0.678967,1220,1050,73,54,24,19,1267,1017,47,67,55,50,27,4
0.690217,1216,1049,72,56,24,15,1266,1021,43,53,73,44,26,6
0.700876,1222,1050,74,52,26,20,1264,1016,48,57,72,44,25,2
0.711907,1219,1048,75,52,28,16,1268,1017,44,63,59,47,33,5
0.722047,1216,1047,75,53,27,14,1272,1014,40,69,57,54,34,4
0.733878,1213,1046,72,55,29,11,1281,1015,45,67,58,52,35,9
0.744648,1223,1047,70,57,29,20,1281,1013,50,57,63,61,30,7
0.755375,1222,1045,70,57,31,19,1280,1009,55,49,76,58,27,6
0.766358,1228,1045,70,58,29,26,1281,1014,51,63,50,60,34,9
0.776718,1222,1045,70,58,30,19,1286,1010,49,58,71,52,37,9
0.787757,1219,1044,72,55,32,16,1289,1010,53,56,69,51,32,18
0.798410,1215,1044,71,55,33,12,1294,1010,51,62,57,64,41,9
0.809135,1218,1043,72,54,34,15,1289,1026,46,61,62,60,27,7
0.819369,1224,1041,73,55,34,21,1293,1017,48,67,71,54,28,8
0.829415,1225,1041,73,55,34,22,1297,1016,43,65,62,61,36,14
0.839093,1222,1041,73,55,34,19,1292,1018,38,68,68,56,36,8
0.849592,1221,1041,73,55,32,20,1286,1006,50,63,59,62,37,9
0.859795,1221,1040,74,53,34,20,1295,1020,53,53,65,54,37,13
0.869826,1215,1041,70,56,34,14,1298,1012,58,55,71,61,33,8
0.880234,1223,1042,69,56,34,22,1289,1014,46,63,69,50,35,12
0.891238,1228,1042,70,53,36,27,1275,1011,56,63,58,54,26,7
0.902276,1216,1039,71,55,36,15,1283,1009,58,56,70,51,31,8
0.912905,1215,1040,69,55,36,15,1293,1013,53,63,80,41,33,10
0.923282,1216,1040,67,58,34,17,1292,1008,52,63,58,62,32,17
0.933637,1212,1039,66,60,34,13,1282,1013,40,68,54,58,43,6
0.943741,1219,1037,67,61,34,20,1289,1006,44,57,64,64,44,10
0.954500,1216,1038,66,61,34,17,1267,1012,45,61,61,53,30,5
0.964397,1213,1035,63,67,32,16,1276,1009,49,46,71,60,32,9
0.975255,1210,1035,64,67,31,13,1274,1003,59,57,60,55,30,10
0.986297,1215,1033,66,67,31,18,1268,1009,60,41,66,52,35,5
0.997374,1211,1034,67,63,34,13,1264,1011,48,63,56,48,30,8
1.008428,1213,1034,66,64,34,15,1278,1011,52,59,61,55,34,6
1.019436,1215,1034,65,64,35,17,1268,1017,47,64,64,40,28,8
1.029972,1207,1033,66,63,35,10,1272,1007,48,63,54,54,35,11
1.041002,1216,1033,65,63,35,20,1269,1013,49,57,67,46,32,5
1.051411,1211,1034,66,62,32,17,1264,1007,42,55,56,59,36,9
1.062660,1207,1033,67,62,30,15,1271,1009,46,56,61,49,34,16
1.073519,1207,1034,65,64,29,15,1272,999,54,53,58,59,38,11
1.083957,1207,1032,66,64,30,15,1270,995,65,58,59,57,29,7
1.094747,1207,1030,66,64,32,15,1271,1003,51,54,64,58,33,8
1.105390,1207,1030,66,63,33,15,1266,993,58,47,70,69,24,5
1.116201,1204,1028,67,62,35,12,1264,1001,49,63,53,49,39,10
1.127209,1203,1026,68,60,38,11,1259,995,59,47,62,57,30,9
1.138469,1210,1026,65,65,36,18,1265,1003,55,56,57,61,26,7
1.149002,1211,1026,66,64,37,18,1259,1005,52,56,54,56,34,2
1.160536,1208,1025,68,61,39,15,1253,1007,46,61,61,45,24,9
1.172325,1203,1022,69,63,39,10,1254,999,53,58,64,50,23,7
1.183907,1208,1021,68,64,40,15,1263,1002,47,64,71,47,25,7
1.194936,1208,1021,69,66,38,14,1264,1006,48,54,57,55,37,7
1.206321,1213,1023,70,63,37,20,1253,1008,46,52,61,53,25,8
1.217245,1216,1023,69,65,36,23,1257,1005,46,63,60,48,30,5
1.228744,1209,1022,68,68,36,15,1256,1006,52,57,63,42,25,11
1.240278,1211,1022,69,68,35,17,1259,1007,54,60,54,50,27,7
1.251532,1200,1022,67,70,35,6,1259,1002,61,53,62,47,26,8
1.263219,1210,1023,68,68,35,16,1267,1001,66,61,52,44,35,8
1.274229,1211,1023,67,72,31,18,1266,1007,57,54,65,51,30,2
1.285457,1209,1024,67,70,33,15,1259,1003,61,51,54,48,36,6
1.296646,1213,1024,70,67,33,19,1258,999,62,56,57,46,30,8
1.307753,1208,1023,72,65,35,13,1254,1001,55,60,51,51,29,7
1.318965,1210,1023,70,67,34,16,1265,1008,55,56,61,43,37,5
1.330594,1210,1021,71,68,34,16,1263,997,53,63,55,48,33,14
1.341623,1207,1022,72,66,34,13,1258,1002,67,48,59,47,28,7
1.352823,1207,1024,74,59,38,12,1270,1007,54,59,58,48,33,11
1.363790,1217,1022,76,58,38,23,1259,1008,50,48,73,47,27,6
1.374359,1213,1022,75,58,40,18,1271,1000,61,65,58,44,36,7
1.385336,1210,1022,72,65,36,15,1280,1015,53,58,66,55,27,6
1.395750,1212,1022,72,66,37,15,1277,1008,63,54,54,48,44,6
1.406279,1218,1024,71,66,36,21,1280,1001,55,58,55,67,36,8
1.416327,1219,1025,72,64,35,23,1271,996,61,64,50,61,33,6
1.427054,1213,1025,73,63,37,15,1271,1003,49,56,57,60,38,8
1.437377,1211,1024,73,65,35,14,1274,1000,56,64,65,57,29,3
1.447651,1206,1025,72,65,35,9,1276,1009,53,61,71,46,34,2
1.458340,1209,1024,71,65,36,13,1284,999,49,65,76,51,35,9
1.469333,1210,1024,70,65,37,14,1276,1012,61,51,60,55,30,7
1.480168,1211,1025,69,65,37,15,1282,1001,66,58,54,63,33,7
1.490933,1211,1024,69,65,37,16,1273,1007,48,68,60,54,27,9
1.501735,1215,1022,71,67,35,20,1281,1007,47,58,68,58,30,13
1.511281,1218,1021,71,69,33,24,1284,998,52,50,61,60,44,19
1.521613,1218,1024,70,68,33,23,1286,1001,55,54,68,55,38,15
1.531318,1216,1024,68,71,31,22,1296,1005,54,64,56,62,40,15
1.541541,1208,1024,68,71,30,15,1283,1000,47,53,74,65,39,5
1.552575,1214,1023,68,72,31,20,1288,996,60,60,48,77,37,10
1.562524,1212,1020,70,71,34,17,1285,1005,49,64,60,48,47,12
1.572974,1211,1024,66,70,36,15,1288,1006,54,61,56,64,33,14
1.584163,1208,1023,66,68,39,12,1293,1002,43,72,66,57,43,10
1.594506,1216,1021,66,69,40,20,1291,1007,54,57,65,71,30,7
1.604673,1211,1021,67,67,40,16,1292,997,60,63,54,61,48,9
1.615847,1207,1019,69,67,40,12,1283,997,60,60,54,69,31,12
1.626487,1212,1019,70,66,39,18,1266,992,56,63,61,51,33,10
1.637331,1201,1019,73,64,37,8,1265,992,55,57,62,54,40,5
1.647859,1209,1020,74,62,37,16,1272,1005,54,55,73,45,36,4
1.658711,1203,1020,73,65,36,9,1281,1000,56,57,63,53,43,9
1.668700,1210,1020,73,65,36,16,1283,1001,63,41,77,54,38,9
1.678750,1212,1021,72,65,38,16,1288,997,62,69,55,50,46,9
1.688468,1209,1023,72,66,35,13,1277,997,68,53,73,60,23,3
1.699411,1214,1025,70,68,34,17,1290,1007,62,63,57,57,33,11
1.709571,1225,1025,70,67,33,30,1289,1000,55,61,57,63,42,11
1.719305,1215,1024,71,66,35,19,1277,1005,51,63,53,60,39,6
1.729843,1214,1023,71,65,37,18,1277,1004,51,50,69,67,32,4
1.739824,1219,1023,73,63,37,23,1285,1005,52,55,69,51,40,13
1.750223,1216,1025,71,63,38,19,1278,1012,46,56,61,50,39,14
1.761140,1210,1026,71,63,37,13,1275,1007,58,51,64,50,35,10
1.771122,1214,1025,71,65,35,18,1288,997,59,55,58,54,47,18
1.781058,1217,1026,70,65,35,21,1292,1004,54,52,64,62,38,18
1.790990,1209,1024,71,66,34,14,1289,997,69,48,59,62,42,12
1.801430,1206,1024,72,65,35,10,1277,1003,51,67,60,60,28,8
1.812206,1221,1024,70,63,37,27,1271,1010,57,57,53,59,31,4
1.822133,1210,1024,70,63,37,16,1284,1000,58,53,61,57,44,11
1.832268,1206,1024,70,63,37,12,1280,996,60,66,56,60,33,9
1.841926,1214,1023,71,62,39,19,1289,1002,43,58,61,73,38,14
1.852037,1227,1024,66,68,37,32,1286,1000,46,61,59,65,47,8
1.862103,1215,1024,66,68,37,20,1283,1002,56,54,67,61,31,12
1.872681,1211,1022,68,66,41,14,1280,994,62,51,63,62,36,12
1.882827,1217,1022,69,65,41,20,1289,1017,56,52,70,60,27,7
1.892599,1212,1020,71,64,42,15,1290,1015,61,62,55,58,29,10
1.902328,1216,1020,71,64,44,17,1288,1007,55,55,60,58,43,10
1.912165,1224,1018,70,67,44,25,1292,1007,62,54,65,62,34,8
1.922881,1221,1018,69,69,42,23,1289,1002,58,55,62,66,33,13
1.933386,1214,1020,67,69,41,17,1287,1002,54,65,65,59,36,6
1.942986,1208,1020,68,68,41,11,1293,1003,62,64,61,61,32,10
1.953396,1226,1020,70,66,45,25,1288,1013,51,66,69,57,25,7
1.963646,1215,1019,70,64,47,15,1284,1008,57,57,64,56,33,9
1.974792,1218,1021,69,66,44,18,1288,1012,62,52,71,53,32,6
1.985095,1218,1020,70,67,43,18,1286,1013,56,60,62,61,23,11
1.995571,1218,1022,70,67,42,17,1292,1005,65,59,61,55,37,10
2.005097,1210,1021,69,69,42,9,1294,1010,54,62,59,61,36,12
2.014882,1219,1020,70,68,42,19,1295,1015,53,59,59,67,35,7
2.025080,1217,1020,69,69,42,17,1290,1011,44,63,59,66,39,8
2.036360,1222,1019,69,71,42,21,1281,1015,57,64,50,61,30,4
2.047167,1217,1019,70,71,41,16,1280,1008,65,53,65,49,29,11
2.057917,1218,1019,69,71,42,17,1279,1002,51,72,54,58,32,10
2.068820,1221,1018,68,71,44,20,1275,1001,63,54,59,62,29,7
2.078937,1213,1017,70,72,42,12,1275,1001,66,53,65,62,22,6
2.090349,1214,1015,73,70,43,13,1275,1001,58,55,66,61,30,4
2.101136,1217,1016,72,70,42,17,1271,1012,53,56,58,54,31,7
2.112354,1218,1015,76,68,42,17,1282,1016,53,54,68,38,40,13
2.123158,1208,1016,77,68,41,6,1275,1004,57,60,63,57,32,2
2.133365,1214,1017,78,68,39,12,1278,997,58,50,61,61,37,14
2.143998,1224,1017,77,69,39,22,1276,1020,57,55,62,51,25,6
2.154462,1217,1014,77,71,40,15,1277,1006,63,48,56,67,29,8
2.164984,1221,1014,76,74,38,19,1283,1011,61,66,62,53,27,3
2.175764,1230,1016,74,73,39,28,1285,998,60,61,79,55,27,5
2.185501,1231,1016,75,71,41,28,1284,1013,55,55,75,54,25,7
2.196022,1225,1016,74,73,40,22,1288,1020,42,62,63,58,27,16
2.206835,1218,1017,72,75,38,16,1272,1019,51,46,74,43,33,6
2.217233,1221,1019,73,72,38,19,1272,1005,61,60,66,44,28,8
2.227797,1221,1020,74,70,38,19,1271,1012,53,61,55,54,25,11
2.237937,1211,1023,72,70,37,9,1267,1002,56,62,53,61,28,5
2.249354,1222,1023,70,72,37,20,1266,999,55,58,68,54,25,7
2.261170,1216,1023,75,65,38,15,1268,1004,47,57,75,43,35,7
2.272107,1220,1021,76,68,37,18,1279,999,62,62,56,53,33,14
2.282546,1215,1020,76,67,39,13,1271,1003,62,57,59,51,27,12
2.293081,1221,1020,72,71,39,19,1276,1005,53,66,57,57,27,11
2.303215,1224,1020,72,71,40,21,1278,1007,49,66,54,59,33,10
2.313734,1222,1020,74,68,41,19,1284,1007,59,52,79,49,28,10
2.324376,1219,1021,74,68,40,16,1287,994,61,59,68,58,36,11
2.335025,1222,1018,75,69,41,19,1288,992,75,51,58,68,34,10
2.345495,1229,1017,75,68,43,26,1295,1011,54,53,69,56,41,11
2.355327,1219,1019,73,67,45,15,1286,1004,69,66,54,51,32,10
2.365649,1229,1018,74,69,43,25,1278,1020,58,57,51,53,28,11
2.375984,1217,1014,75,71,42,15,1276,1012,49,64,58,50,34,9
2.387103,1221,1014,76,72,41,18,1286,1006,60,65,62,45,37,11
2.397457,1221,1014,75,73,40,19,1286,1015,58,52,61,61,33,6
2.408449,1226,1014,75,72,42,23,1286,1016,58,62,62,59,23,6
2.419413,1226,1014,74,77,36,25,1278,1013,58,52,65,55,26,9
2.429934,1215,1012,71,81,37,14,1286,998,67,53,60,58,37,13
2.440145,1222,1011,71,81,38,21,1283,1010,50,62,60,51,42,8
2.451094,1226,1011,72,80,38,25,1275,1012,57,50,64,52,36,4
2.461816,1219,1012,74,79,38,16,1276,1008,58,55,73,47,28,7
2.472382,1228,1012,73,78,41,24,1277,1010,61,53,63,56,25,9
2.483012,1218,1012,74,78,40,14,1276,1011,52,66,50,55,31,11
2.493609,1221,1011,73,80,39,18,1275,1013,56,55,63,53,27,8
2.504204,1224,1008,74,80,39,23,1281,1005,57,70,53,57,28,11
2.514398,1221,1007,77,76,43,18,1280,1000,63,56,71,49,26,15
2.525552,1219,1008,77,76,42,16,1278,1004,57,69,54,48,36,10
2.535909,1220,1009,75,73,46,17,1288,1000,65,57,65,53,31,17
2.546075,1224,1010,73,74,46,21,1292,1008,59,65,61,48,38,13
2.555624,1226,1010,73,73,48,22,1302,1004,64,61,77,56,29,11
2.565231,1226,1009,73,74,48,22,1304,1001,61,62,59,64,44,13
2.574834,1222,1008,72,75,49,18,1292,1004,60,53,61,70,34,10
2.584351,1225,1008,72,76,49,20,1297,998,63,63,77,58,31,7
2.594737,1223,1008,74,75,49,17,1299,1002,55,69,73,65,28,7
2.605189,1224,1009,74,73,50,18,1301,1009,49,70,58,66,40,9
2.614992,1230,1008,75,72,51,24,1301,1007,65,66,78,45,29,11
2.624969,1219,1007,76,71,52,13,1301,1003,62,65,56,66,36,13
2.635075,1217,1009,72,74,51,11,1303,1014,58,54,70,55,44,8
2.644262,1224,1009,71,78,46,20,1299,998,72,56,64,62,33,14
2.654758,1223,1009,70,79,46,19,1288,1012,58,62,71,49,33,3
2.664559,1217,1007,71,80,45,14,1296,1015,55,62,63,59,35,7
2.674989,1223,1007,72,80,45,19,1296,1012,70,50,66,60,29,9
2.684744,1218,1009,72,79,42,16,1302,1003,60,64,71,50,43,11
2.694677,1220,1006,72,80,43,19,1298,1001,61,76,61,58,36,5
2.704394,1221,1007,72,81,42,19,1302,1006,61,67,77,51,34,6
2.713432,1215,1008,70,84,40,13,1315,1011,58,58,80,63,34,11
2.722687,1228,1008,69,85,39,27,1311,1011,59,59,70,62,39,11
2.732243,1227,1009,70,84,38,26,1314,1014,58,46,83,64,37,12
2.741790,1215,1008,71,82,39,15,1311,1012,56,55,79,70,33,6
2.752059,1216,1008,71,80,41,16,1305,998,71,53,70,60,48,5
2.761196,1224,1007,71,79,44,23,1304,1000,65,67,50,71,42,9
2.770542,1218,1006,72,78,45,17,1305,993,57,63,72,53,48,19
2.780096,1220,1005,73,78,44,20,1306,1000,64,60,64,63,47,8
2.789696,1223,1003,76,78,45,21,1305,997,73,55,80,54,33,13
2.799283,1220,1004,74,79,45,18,1307,1003,60,67,82,56,35,4
2.809176,1220,1005,71,82,46,16,1308,1009,51,71,70,67,32,8
2.819006,1219,1010,65,86,43,15,1311,1012,61,63,64,66,39,6
2.828681,1224,1011,66,84,44,19,1315,1015,65,49,64,81,31,10
2.837414,1222,1010,66,83,45,18,1327,1012,59,69,65,65,39,18
2.846128,1221,1011,68,80,45,17,1323,1001,62,73,68,63,46,10
2.855639,1220,1011,71,77,46,15,1322,1008,60,68,71,66,36,13
2.864728,1225,1012,73,72,49,19,1321,1008,53,72,74,68,33,13
2.874218,1233,1012,73,73,48,27,1325,1020,53,59,76,69,43,5
2.883649,1223,1011,71,75,49,17,1324,1025,47,57,94,57,32,12
2.892823,1226,1010,73,73,50,20,1325,1006,71,58,67,74,35,14
2.902122,1218,1008,74,73,50,13,1317,1005,65,66,69,67,38,7
2.912153,1221,1008,75,73,49,16,1323,1012,65,64,75,52,48,7
2.921375,1227,1008,76,72,49,22,1324,1022,60,59,81,59,37,6
2.930952,1225,1007,78,68,52,20,1325,1016,59,65,81,45,43,16
2.940179,1227,1006,78,70,51,22,1315,1008,59,62,70,75,32,9
2.949382,1215,1006,78,70,51,10,1321,1001,56,72,77,69,37,9
2.958097,1231,1008,77,69,51,26,1326,1007,61,66,76,65,45,6
2.966949,1221,1008,78,70,47,18,1322,1014,53,64,66,74,40,11
2.976466,1220,1009,76,73,46,16,1320,1003,64,59,78,65,38,13
2.986678,1227,1008,74,77,45,23,1313,1005,64,65,57,78,27,17
2.996400,1217,1008,74,79,43,13,1312,1001,67,61,68,60,48,7
3.006298,1226,1009,74,78,42,23,1309,1006,55,56,75,68,42,7
3.016425,1217,1012,74,78,39,14,1304,1007,50,67,63,62,44,11
3.026276,1219,1011,72,79,41,16,1299,1002,49,64,77,69,28,10
3.036139,1212,1011,70,81,40,10,1308,1005,56,58,68,72,38,11
3.045781,1223,1011,69,82,40,21,1308,992,69,55,82,57,47,6
3.055462,1221,1010,71,78,44,18,1311,1005,52,64,74,64,44,8
3.064770,1221,1012,69,79,42,19,1315,1000,53,66,73,78,36,9
3.074166,1227,1012,67,82,43,23,1317,1007,57,56,79,64,41,13
3.083665,1226,1013,70,78,44,21,1310,1010,51,64,74,65,33,13
3.093058,1225,1013,71,76,44,21,1303,1005,57,73,64,66,29,9
3.102937,1227,1012,73,75,45,22,1308,1010,52,62,72,56,42,14
3.112824,1225,1011,72,77,45,20,1298,1006,58,61,67,60,36,10
3.122724,1223,1010,72,77,46,18,1295,1002,61,60,70,59,35,8
3.132719,1218,1010,72,77,47,12,1298,1004,53,62,68,56,42,13
3.142737,1224,1009,73,78,47,17,1290,999,70,54,60,64,35,8
3.153196,1229,1008,72,80,45,24,1289,1007,54,59,78,59,22,10
3.163333,1222,1009,72,78,46,17,1290,1006,59,63,58,55,36,13
3.173270,1222,1010,76,73,47,16,1290,994,67,69,52,61,35,12
3.183124,1222,1010,77,71,46,18,1296,1004,61,66,65,61,31,8
3.193344,1224,1010,81,67,46,20,1303,1010,48,71,51,78,31,14
3.203150,1222,1008,82,67,49,16,1299,1003,55,55,63,70,44,9
3.212923,1232,1009,82,65,51,25,1289,1007,59,58,64,53,41,7
3.223055,1231,1009,80,67,53,22,1292,1004,66,48,62,62,34,16
3.233121,1229,1010,79,67,54,19,1296,1009,62,64,54,58,36,13
3.243442,1230,1010,77,69,53,21,1295,1006,66,65,60,63,25,10
3.253858,1227,1010,78,68,52,19,1301,1010,65,52,70,69,28,7
3.264231,1219,1007,82,67,51,12,1297,1002,57,61,69,53,44,11
3.274457,1229,1006,84,65,53,21,1296,1011,56,60,74,54,26,15
3.284534,1231,1006,83,64,55,23,1295,1000,67,71,68,52,30,7
3.293965,1226,1008,75,69,56,18,1291,1010,56,62,74,53,31,5
3.304080,1218,1009,74,69,54,12,1285,993,60,59,75,58,34,6
3.314007,1224,1009,74,70,53,18,1305,1010,57,67,74,51,34,12
3.324136,1228,1010,75,68,54,21,1304,1003,59,56,69,72,35,10
3.334362,1225,1009,79,63,56,18,1309,1004,70,58,68,54,41,14
3.343878,1231,1009,82,62,53,25,1305,1006,59,70,66,57,38,9
3.353559,1226,1010,81,65,52,18,1313,1009,65,69,62,59,39,10
3.362781,1230,1010,80,65,53,22,1307,998,68,65,67,61,39,9
3.371915,1228,1010,81,63,54,20,1308,1012,67,62,65,67,28,7
3.382360,1240,1010,81,61,57,31,1307,1006,69,58,82,57,31,4
3.391638,1227,1011,77,60,60,19,1313,1010,70,61,70,57,36,9
3.400685,1227,1010,77,61,61,18,1313,1014,62,73,72,58,26,8
3.410003,1233,1010,74,63,63,23,1319,1012,62,69,89,50,29,8
3.419284,1234,1011,73,64,64,22,1328,1014,70,62,83,65,26,8
3.428130,1248,1012,72,66,62,36,1329,1018,60,73,68,65,37,8
3.436909,1231,1012,73,66,62,18,1336,1005,64,64,78,62,52,11
3.445699,1236,1011,75,65,60,25,1338,1005,69,74,82,68,33,7
3.454746,1231,1013,75,66,57,20,1329,1003,61,81,77,68,30,9
3.463372,1231,1013,74,66,60,18,1334,1008,72,56,81,63,43,11
3.472611,1235,1011,77,66,59,22,1337,1015,61,62,70,82,34,13
3.481841,1236,1011,75,69,58,23,1329,1011,62,72,79,69,31,5
3.491062,1229,1010,75,69,57,18,1331,1010,63,75,74,68,34,7
3.499815,1234,1009,75,70,57,23,1330,1000,58,77,63,76,50,6
3.508490,1236,1008,78,68,56,26,1330,1012,50,65,81,72,39,11
3.517228,1229,1004,82,65,59,19,1324,1002,60,75,66,80,28,13
3.526341,1236,1004,83,64,58,27,1319,1005,60,68,64,66,46,10
3.535613,1233,1003,82,65,58,25,1317,1006,73,65,53,69,39,12
3.544730,1224,1003,81,67,57,16,1324,1003,71,58,79,70,35,8
3.554157,1228,1001,83,65,59,20,1322,1015,53,60,71,61,50,12
3.562949,1226,1001,83,67,55,20,1326,998,72,68,80,50,48,10
3.571842,1230,1001,82,67,56,24,1332,998,63,67,70,72,48,14
3.580766,1227,1001,81,67,57,21,1327,1002,62,76,74,66,39,8
3.589518,1224,1002,84,65,54,19,1326,1011,62,64,73,69,39,8
3.598126,1230,1001,87,61,57,24,1325,1000,60,61,83,64,43,14
3.607310,1234,1001,83,64,59,27,1314,1008,57,54,70,72,38,15
3.616808,1221,1001,86,63,56,15,1311,1002,60,63,73,59,45,9
3.626370,1222,999,87,63,56,17,1312,1004,60,67,72,62,37,10
3.635884,1222,999,88,61,56,18,1309,1006,58,71,64,58,40,12
3.644783,1223,1000,88,60,56,19,1313,997,57,73,71,55,48,12
3.654736,1229,998,92,58,56,25,1312,1007,71,59,70,63,32,10
3.664050,1223,999,93,57,56,18,1319,1004,65,65,72,71,34,8
3.673526,1223,1000,92,59,54,18,1315,999,83,64,64,66,30,9
3.683318,1225,1000,91,59,55,20,1313,999,65,70,72,61,36,10
3.692615,1229,999,90,61,53,26,1323,1001,66,61,74,70,33,18
3.701385,1227,1001,90,60,53,23,1319,1003,74,56,87,61,29,9
3.710292,1225,1000,88,61,56,20,1318,997,68,65,70,67,42,9
3.719227,1222,1001,89,60,55,17,1318,998,74,57,72,69,34,14
3.728213,1234,999,91,60,52,32,1312,999,60,76,65,61,48,3
3.736835,1225,1000,91,59,52,23,1323,1003,51,77,71,73,39,9
3.745707,1222,1001,90,60,50,21,1323,994,64,72,61,78,46,8
3.754498,1214,1001,90,59,51,13,1324,1000,64,52,86,68,47,7
3.762695,1222,1000,90,60,51,21,1326,999,67,72,75,65,40,8
3.771238,1226,1000,90,61,51,24,1320,1000,63,72,80,67,33,5
3.779770,1227,1000,90,59,53,25,1330,995,64,76,70,72,43,10
3.788975,1227,1001,90,59,55,22,1322,987,81,68,67,67,45,7
3.797307,1226,1002,88,62,53,21,1338,1000,61,68,85,69,39,16
3.805499,1230,1001,90,59,58,22,1335,993,76,67,83,62,43,11
3.813821,1233,1000,92,58,59,24,1339,1008,60,70,75,65,54,7
3.822450,1231,1001,90,60,58,22,1344,1004,65,75,79,71,37,13
3.830795,1240,1001,91,58,59,31,1354,1005,67,61,86,77,39,19
3.838660,1227,1000,92,57,60,18,1350,1003,64,75,73,77,48,10
3.846262,1234,998,92,59,61,24,1353,1005,70,67,88,84,32,7
3.854833,1241,998,92,61,59,31,1357,1005,72,72,77,76,40,15
3.862425,1229,997,91,64,58,19,1356,1001,71,73,88,76,41,6
3.870162,1238,999,91,61,59,28,1362,1007,74,74,92,75,34,6
3.877592,1237,996,93,60,61,27,1372,1010,72,70,73,76,54,17
3.885284,1226,995,93,60,62,16,1369,999,71,67,89,91,43,9
3.893267,1245,994,94,60,63,34,1354,997,72,73,82,75,40,15
3.900990,1236,993,96,60,62,25,1354,992,79,76,75,68,50,14
3.909113,1231,995,94,62,60,20,1349,993,79,66,78,64,59,10
3.916914,1239,997,92,65,57,28,1358,1006,73,75,81,69,44,10
3.925332,1234,996,93,66,56,23,1358,1024,78,57,91,50,47,11
3.933787,1236,997,92,66,56,25,1367,997,77,78,71,75,56,13
3.941842,1239,997,92,65,60,25,1370,1000,70,74,79,84,52,11
3.949574,1236,997,92,65,62,20,1368,999,67,65,74,90,61,12
3.957874,1244,998,92,68,58,28,1361,1007,69,58,88,81,44,14
3.966190,1238,1000,91,68,57,22,1347,1008,68,66,75,77,43,10
3.974323,1243,1001,89,69,58,26,1352,1005,69,65,83,87,35,8
3.982625,1239,1000,90,68,59,22,1352,1002,66,70,70,85,47,12
3.990455,1247,1000,91,66,59,31,1354,1008,64,61,93,76,46,6
3.998850,1239,1000,90,66,60,23,1352,996,75,80,82,71,44,4
4.007164,1246,999,94,64,58,31,1354,1010,67,73,74,75,47,8
4.015080,1248,1000,95,62,59,32,1351,1000,82,71,88,69,38,3
4.023030,1236,999,96,62,58,21,1348,1007,69,70,66,84,44,8
4.031697,1236,1000,95,63,58,20,1344,1011,56,73,90,67,37,10
4.040481,1236,1002,89,66,59,20,1350,998,71,71,80,80,43,7
4.048937,1235,1001,91,65,59,19,1348,996,72,79,77,81,40,3
4.056726,1241,1001,90,65,61,24,1356,996,62,71,87,76,47,17
4.064334,1248,1001,89,69,59,30,1365,1010,64,74,86,77,37,17
4.072539,1243,1000,90,68,60,25,1369,1009,62,75,88,83,41,11
4.080418,1237,1002,90,66,59,20,1371,1009,73,73,78,85,40,13
4.088272,1244,1001,89,67,59,28,1370,1004,76,75,76,78,48,13
4.096516,1252,1000,90,68,60,34,1368,1009,74,59,77,88,51,10
4.104493,1241,1000,89,71,58,23,1366,1009,70,81,80,67,47,12
4.112984,1233,1000,89,71,57,16,1359,1003,80,67,82,76,40,11
4.121245,1233,999,89,71,56,18,1355,1016,77,65,66,76,47,8
4.129469,1241,1000,87,74,55,25,1359,1018,65,81,66,84,33,12
4.137958,1235,1000,87,73,56,19,1357,1004,79,65,76,77,46,10
4.146317,1237,999,84,76,57,21,1354,992,88,61,70,75,49,19
4.154410,1231,998,84,78,56,15,1346,1011,71,70,65,61,48,20
4.163291,1239,999,84,79,54,23,1338,996,64,69,78,80,40,11
4.171770,1239,999,84,79,54,23,1341,999,78,64,92,64,37,7
4.180273,1245,999,84,79,54,29,1338,999,65,72,83,73,36,10
4.188428,1235,998,84,79,55,19,1347,997,63,82,76,75,46,8
4.197036,1238,999,83,79,54,23,1348,1010,59,64,91,68,43,13
4.205477,1237,999,83,80,53,22,1357,996,75,64,93,66,52,11
4.213401,1232,999,82,78,56,17,1362,1000,76,73,92,70,38,13
4.221725,1235,1000,85,79,51,20,1368,1001,66,81,94,79,31,16
4.229457,1244,999,85,78,54,28,1365,998,83,70,79,87,39,9
4.237917,1238,1000,84,79,55,20,1361,1000,79,65,88,80,44,5
4.245875,1234,1001,83,80,54,16,1365,1004,60,81,83,84,43,10
4.253800,1241,1001,83,80,54,23,1359,1003,56,79,81,85,46,9
4.261814,1244,1003,83,80,52,26,1355,995,70,83,90,65,42,10
4.270135,1242,1003,83,79,52,25,1345,994,76,76,68,84,39,8
4.278521,1242,1003,84,79,52,24,1350,1004,63,68,90,69,44,12
4.287199,1239,1002,86,77,53,21,1345,998,68,72,84,73,41,9
4.295883,1232,1000,84,79,54,15,1344,1001,61,77,57,90,47,11
4.304511,1239,1001,85,76,56,21,1334,1003,66,71,73,67,45,9
4.313407,1235,1001,86,78,53,17,1330,1011,62,70,72,72,36,7
4.322183,1238,1003,82,81,52,20,1341,992,74,65,76,88,34,12
4.330337,1238,1004,82,82,49,21,1346,1007,69,77,81,61,43,8
4.338750,1242,1004,81,82,50,25,1355,1003,67,77,78,78,44,8
4.346790,1244,1007,81,81,49,26,1353,1006,51,79,84,73,52,8
4.355258,1231,1008,81,76,53,13,1346,1007,69,60,90,66,45,9
4.363648,1243,1013,75,75,54,26,1347,1004,72,59,74,82,44,12
4.372062,1234,1013,75,76,53,17,1342,1001,64,73,77,68,44,15
4.380550,1245,1012,75,75,57,26,1333,1006,66,69,72,68,46,6
4.389503,1238,1011,75,76,57,19,1334,1006,68,66,86,63,39,6
4.398594,1248,1011,75,76,57,29,1342,1016,62,75,70,63,47,9
4.407177,1240,1012,74,75,59,20,1342,1010,60,74,90,68,34,6
4.415488,1238,1011,75,76,57,19,1350,1000,70,83,75,76,35,11
4.423948,1241,1012,75,77,54,23,1357,1017,54,78,75,74,53,6
4.432153,1240,1012,74,80,52,22,1359,1007,70,70,74,82,45,11
4.440584,1241,1012,72,79,54,24,1361,1007,64,81,80,70,50,9
4.448815,1240,1011,74,78,55,22,1365,1012,68,63,96,71,49,6
4.456992,1242,1012,74,79,54,23,1361,1011,66,71,86,86,35,6
4.465154,1243,1012,75,78,53,25,1372,1007,70,79,64,96,44,12
4.473194,1238,1013,77,76,51,21,1374,1007,60,64,83,95,52,13
4.481276,1237,1012,81,74,50,20,1368,1008,63,69,85,91,47,5
4.489336,1241,1012,80,74,51,24,1367,1017,68,61,99,64,47,11
4.497527,1241,1013,77,75,52,24,1368,1010,71,66,99,69,35,18
4.505177,1242,1012,78,76,51,25,1366,1002,71,81,88,65,46,13
4.512747,1249,1012,79,77,50,31,1363,1006,74,66,100,69,39,9
4.520971,1239,1012,78,78,51,20,1370,1010,79,78,75,73,44,11
4.529457,1240,1012,78,77,52,21,1372,1015,74,69,74,87,41,12
4.537243,1242,1010,78,79,53,22,1374,1006,79,75,77,80,49,8
4.545287,1238,1009,79,80,52,18,1372,1025,66,70,74,82,40,15
4.552947,1239,1008,79,79,55,18,1368,1001,71,79,78,82,47,10
4.561071,1252,1007,83,74,55,33,1365,1000,75,67,76,79,56,12
4.569158,1246,1008,81,75,55,27,1365,1016,72,64,80,70,40,23
4.577415,1245,1008,80,77,56,24,1355,1017,68,62,73,69,52,14
4.586349,1247,1008,80,77,57,25,1357,1016,64,55,79,93,32,18
4.594909,1241,1008,80,76,59,18,1351,1013,81,55,75,70,49,8
4.603331,1248,1007,79,80,57,25,1353,1017,65,72,75,73,43,8
4.611654,1249,1006,78,81,59,25,1351,1007,74,76,74,62,43,15
4.620588,1250,1007,78,80,61,24,1363,1009,82,55,82,64,52,19
4.628790,1254,1008,79,79,60,28,1357,1008,71,76,78,59,54,11
4.637122,1251,1008,79,79,59,26,1356,1003,68,74,90,58,50,13
4.644930,1255,1008,79,77,63,28,1346,1018,70,71,79,65,36,7
4.654098,1256,1008,79,77,64,28,1355,1008,75,71,79,62,49,11
4.661898,1249,1009,79,79,64,18,1360,1015,71,73,77,74,35,15
4.670903,1256,1009,78,76,67,26,1357,1009,81,67,83,60,47,10
4.679610,1253,1007,81,74,67,24,1359,1013,69,75,76,77,36,13
4.687921,1247,1007,82,74,65,19,1357,1017,68,63,75,80,49,5
4.696833,1249,1008,81,74,64,22,1355,1033,61,61,76,64,44,16
4.705430,1250,1007,81,76,64,22,1355,1012,69,59,89,77,38,11
4.714596,1248,1007,80,78,62,21,1355,1015,71,63,80,63,51,12
4.722737,1248,1006,80,81,59,22,1358,1008,87,51,84,73,41,14
4.730833,1249,1005,78,83,61,22,1352,1019,68,61,72,80,40,12
4.739891,1251,1003,80,82,63,23,1359,1011,72,68,70,72,54,12
4.748468,1250,1002,82,83,60,23,1361,1014,82,65,71,70,50,9
4.756523,1246,1001,82,86,57,20,1361,1012,73,77,68,76,47,8
4.764905,1255,1000,83,85,58,29,1368,1011,85,60,91,69,40,12
4.773023,1249,1000,85,86,53,25,1364,1001,81,67,68,81,56,10
4.781315,1243,999,85,83,55,21,1364,1011,72,69,70,84,49,9
4.788940,1253,998,83,84,56,32,1368,1016,68,62,83,75,55,9
4.797337,1242,997,83,85,56,21,1361,1010,71,73,88,67,43,9
4.806134,1240,999,81,88,53,19,1364,1009,73,60,90,75,42,15
4.814361,1243,998,83,87,54,21,1352,1016,66,76,78,65,46,5
4.822687,1239,999,82,87,55,16,1360,1013,73,74,70,74,43,13
4.831650,1248,998,84,87,53,26,1359,1005,71,78,81,67,43,14
4.839759,1242,998,87,85,53,19,1358,1003,81,60,77,77,48,12
4.847701,1241,998,87,87,51,18,1362,1013,66,74,67,86,46,10
4.856031,1247,998,87,87,51,24,1355,1004,67,73,78,68,53,12
4.864410,1244,997,90,80,55,22,1353,1007,73,75,80,60,45,13
4.873495,1252,997,90,77,59,29,1353,1010,66,72,80,68,47,10
4.881832,1240,996,91,77,59,17,1353,1003,79,60,71,76,50,14
4.890366,1250,995,92,78,59,26,1349,996,80,61,95,75,32,10
4.898658,1247,995,92,77,61,22,1352,1005,69,82,63,78,43,12
4.906847,1250,996,89,80,59,26,1356,1008,66,71,80,70,48,13
4.915209,1257,995,91,78,60,33,1356,1002,69,70,89,77,41,8
4.923436,1250,997,90,77,60,26,1365,1003,80,76,83,72,34,17
4.931489,1245,1000,87,78,58,22,1357,1005,72,69,78,75,46,12
4.939831,1243,1001,86,77,59,20,1365,1008,66,75,87,80,38,11
4.948447,1249,1000,85,77,60,27,1369,1002,86,70,74,85,44,8
4.956511,1243,1001,86,75,61,20,1373,998,83,70,87,78,49,8
4.963911,1253,1004,84,80,55,30,1374,1006,70,71,80,95,42,10
4.971499,1256,1004,84,80,55,33,1369,1006,75,66,80,70,58,14
4.979655,1248,1004,83,81,54,26,1372,997,73,77,86,73,45,21
4.987458,1240,1005,82,82,53,18,1358,1008,74,68,88,69,41,10
4.995628,1249,1004,85,79,55,26,1360,1015,71,71,57,88,44,14
5.003553,1250,1005,82,80,57,26,1357,1009,65,72,77,71,48,15
5.011989,1258,1005,82,80,58,33,1355,999,81,65,86,76,40,8
5.020161,1251,1007,81,79,59,25,1356,1001,67,71,87,75,49,6
5.028469,1245,1007,81,80,60,17,1356,1004,78,65,91,61,45,12
5.036435,1258,1006,81,81,59,31,1356,1005,60,71,81,74,53,12
5.044382,1248,1005,81,83,57,22,1359,1006,67,68,73,72,54,19
5.052787,1243,1006,80,85,54,18,1347,1001,76,74,67,76,41,12
5.061412,1247,1006,79,88,52,22,1350,1006,70,81,72,65,45,11
5.069923,1247,1007,79,87,52,22,1347,999,79,63,85,63,45,13
5.078428,1245,1009,80,85,52,19,1344,1010,74,68,73,70,41,8
5.086682,1258,1007,84,81,52,34,1351,1010,60,80,93,55,43,10
5.094520,1253,1006,85,79,54,29,1358,1005,71,76,84,68,38,16
5.103218,1249,1007,83,80,56,23,1355,1008,67,78,68,78,42,14
5.112193,1243,1007,80,84,54,18,1350,1003,63,73,81,75,41,14
5.119911,1249,1007,81,83,55,23,1360,1000,68,86,73,73,48,12
5.128300,1246,1007,80,85,54,20,1361,1000,69,79,80,69,45,19
5.136178,1253,1006,80,86,55,26,1361,1000,76,70,85,70,47,13
5.144602,1248,1007,79,86,56,20,1360,1007,66,80,76,73,46,12
5.152954,1249,1007,79,86,56,21,1366,1011,64,69,92,76,43,11
5.160987,1256,1008,79,85,56,28,1365,1008,66,65,93,68,49,16
5.168584,1253,1007,80,87,54,25,1370,1000,67,61,91,86,51,14
5.176198,1259,1007,82,85,54,31,1377,1002,85,69,79,81,51,10
5.184053,1249,1007,81,85,55,21,1379,1019,68,69,81,72,56,14
5.191459,1246,1008,81,87,51,19,1383,1003,82,69,91,83,41,14
5.199257,1247,1009,80,87,50,21,1382,998,76,74,83,87,54,10
5.206993,1252,1009,78,87,52,26,1380,1000,81,66,79,90,53,11
5.214576,1258,1010,77,88,55,28,1375,1013,76,73,76,88,40,9
5.222424,1260,1011,80,86,53,30,1376,1005,77,74,84,81,48,7
5.230203,1256,1010,82,86,51,27,1377,1000,77,74,94,77,45,10
5.237773,1260,1009,81,86,53,31,1372,1007,70,78,79,83,43,12
5.245616,1249,1008,80,89,52,20,1364,1007,71,76,93,69,40,8
5.253611,1258,1010,78,89,52,29,1358,1012,71,76,79,72,45,3
5.261669,1261,1009,78,90,50,34,1360,1006,69,71,90,75,41,8
5.269399,1246,1007,79,91,48,21,1360,996,79,71,80,77,43,14
5.277558,1246,1007,78,94,46,21,1356,998,75,72,89,74,42,6
5.285641,1250,1006,79,93,47,25,1353,1004,78,70,82,69,44,6
5.293649,1252,1007,79,90,50,26,1362,1007,76,66,90,70,39,14
5.301210,1258,1006,80,90,50,32,1356,998,80,88,63,79,37,11
5.309055,1258,1006,81,90,49,32,1364,995,81,77,90,68,44,9
5.316624,1252,1009,78,92,47,26,1363,1011,76,76,88,64,37,11
5.324991,1249,1008,77,94,47,23,1361,1012,80,80,58,73,45,13
5.333124,1256,1008,77,91,50,30,1367,1011,67,88,80,70,35,16
5.341873,1259,1007,78,92,50,32,1358,1015,66,73,93,64,40,7
5.350061,1254,1007,79,92,50,26,1361,1004,83,64,68,87,44,11
5.358147,1260,1007,77,95,52,29,1367,1005,86,64,86,63,49,14
5.366175,1247,1007,78,94,55,13,1360,1009,66,78,71,72,53,11
5.374715,1264,1006,79,92,58,29,1352,1025,55,73,81,69,41,8
5.383040,1252,1005,78,96,58,15,1351,1017,83,69,85,60,28,9
5.391716,1256,1006,82,95,53,20,1354,1014,67,78,74,73,35,13
5.399757,1272,1006,84,94,52,36,1353,1018,65,68,75,73,47,7
5.408709,1259,1007,85,93,53,21,1348,1013,76,62,84,76,31,6
5.417455,1263,1009,85,92,53,24,1349,1004,80,76,84,58,38,9
5.426059,1260,1009,85,92,53,21,1356,1016,75,77,71,71,35,11
5.434217,1267,1008,85,92,55,27,1355,1007,68,86,65,68,43,18
5.442812,1255,1012,82,91,54,16,1356,1003,77,59,74,95,36,12
5.450865,1256,1012,82,92,53,17,1355,1006,76,66,95,64,38,10
5.459249,1265,1010,81,91,57,26,1358,1006,69,72,88,78,39,6
5.467992,1267,1012,79,92,56,28,1355,1005,73,77,69,77,42,12
5.476339,1261,1011,80,91,57,22,1351,1015,64,81,80,58,43,10
5.485158,1274,1011,80,90,58,35,1350,1009,72,72,74,67,50,6
5.493239,1264,1012,78,92,57,25,1349,1015,76,83,68,67,34,6
5.501497,1259,1012,80,92,55,20,1349,1001,73,83,74,63,42,13
5.510084,1258,1011,79,94,54,20,1347,1006,76,66,88,61,39,11
5.518024,1260,1011,83,86,57,23,1348,1008,70,79,82,61,33,15
5.526350,1264,1011,83,87,58,25,1354,1011,64,75,83,77,35,9
5.534907,1255,1010,81,90,58,16,1353,1008,67,75,85,59,48,11
5.542967,1269,1010,82,90,55,32,1350,1011,69,66,79,68,50,7
5.551440,1260,1011,81,89,56,23,1352,1002,73,73,82,70,37,15
5.559772,1252,1010,85,85,56,16,1344,1006,73,86,69,63,37,10
5.568327,1259,1010,86,82,57,24,1344,998,86,65,92,56,33,14
5.576733,1254,1009,88,80,59,18,1339,1003,70,74,82,70,27,13
5.585052,1254,1009,84,83,61,17,1342,1000,83,71,80,60,38,10
5.593463,1263,1009,84,83,61,26,1346,1009,67,80,76,79,28,7
5.601612,1266,1009,85,78,65,29,1356,1005,71,80,84,67,38,11
5.609903,1256,1009,84,78,65,20,1357,1004,71,81,88,64,44,5
5.618251,1259,1011,84,78,64,22,1364,998,85,71,77,72,46,15
5.626313,1258,1011,86,75,63,23,1374,1006,77,79,80,73,45,14
5.633983,1259,1011,86,76,61,25,1381,999,76,79,97,80,35,15
5.641670,1262,1012,87,77,58,28,1380,1006,70,84,99,72,37,12
5.649534,1260,1010,88,77,59,26,1379,1001,66,90,89,80,44,9
5.657880,1263,1009,90,77,58,29,1380,1001,71,83,98,67,48,12
5.665682,1266,1010,92,72,60,32,1376,1009,70,87,86,79,35,10
5.673355,1257,1008,93,72,61,23,1368,989,77,75,93,86,38,10
5.681056,1264,1008,91,71,65,29,1369,1013,73,74,94,74,35,6
5.689146,1261,1006,93,69,67,26,1370,1008,69,86,80,76,44,7
5.696617,1253,1006,92,71,67,17,1375,1005,80,78,75,75,50,12
5.704296,1262,1006,89,75,66,26,1378,1013,72,69,82,89,37,16
5.711674,1253,1005,90,73,67,18,1383,1001,85,82,87,67,48,13
5.719566,1248,1005,91,71,67,14,1384,997,78,79,81,80,55,14
5.727084,1265,1003,92,73,66,31,1386,1003,80,83,77,83,48,12
5.734825,1260,1002,94,75,63,26,1385,1004,75,83,85,89,37,12
5.741899,1254,1002,94,74,64,20,1382,1003,86,88,97,59,39,10
5.749328,1259,1002,92,76,64,25,1388,1008,77,74,100,67,47,15
5.756772,1269,1001,91,80,62,35,1377,1012,76,62,98,77,45,7
5.764170,1264,999,92,79,65,29,1391,1017,65,71,95,80,45,18
5.771465,1262,998,91,80,65,28,1392,1011,72,83,86,87,43,10
5.778897,1257,998,93,78,65,23,1389,1005,80,74,98,84,36,12
5.786042,1260,998,93,78,65,26,1381,1008,80,74,83,84,43,9
5.793454,1263,998,93,78,65,29,1388,1004,88,73,86,84,40,13
5.800532,1267,998,94,79,62,34,1389,1007,71,79,93,85,41,13
5.808167,1252,996,94,79,64,19,1388,1006,83,74,108,66,39,12
5.815551,1259,996,94,80,62,27,1397,1009,77,84,87,83,40,17
5.822908,1258,996,92,81,63,26,1393,998,81,97,83,73,52,9
5.830311,1253,997,92,78,66,20,1399,998,85,79,90,75,51,21
5.837787,1264,996,93,75,68,32,1383,1008,83,80,102,59,45,6
5.845076,1255,997,90,81,65,22,1381,1006,86,86,73,87,37,6
5.852520,1262,995,91,80,66,30,1377,1015,70,78,87,82,35,10
5.860178,1251,995,89,83,66,18,1376,1009,71,83,94,77,31,11
5.867649,1253,995,89,82,67,20,1372,996,85,79,84,83,35,10
5.876203,1261,994,92,78,68,29,1371,999,82,80,71,91,39,9
5.884149,1253,993,94,78,67,21,1374,1005,64,89,78,96,31,11
5.891544,1261,991,99,73,67,31,1373,1004,86,83,91,72,33,4
5.899076,1253,990,100,72,67,24,1379,1007,68,89,99,74,28,14
5.906452,1245,989,100,72,66,18,1375,991,71,82,84,89,46,12
5.914027,1251,989,101,71,62,28,1378,998,73,80,87,77,49,14
5.921824,1244,990,99,73,60,22,1377,998,79,83,90,73,41,13
5.929271,1255,990,98,74,60,33,1383,998,84,70,104,69,42,16
5.936569,1245,989,99,74,59,24,1376,1004,80,79,91,70,44,8
5.943765,1247,987,98,80,55,27,1380,1004,58,98,80,82,40,18
5.951364,1244,989,96,79,57,23,1384,994,78,67,100,79,50,16
5.958709,1251,988,96,79,58,30,1378,1004,62,82,89,71,55,15
5.966349,1239,988,95,80,57,19,1373,994,72,81,91,78,47,10
5.973870,1245,989,94,80,56,26,1366,989,79,85,87,66,48,12
5.981643,1256,989,98,75,57,37,1359,995,71,78,87,75,39,14
5.989074,1247,986,100,77,56,28,1359,998,64,81,83,79,40,14
5.997011,1246,986,100,76,57,27,1357,994,69,72,81,84,46,11
6.004793,1244,986,100,76,58,24,1354,978,78,88,78,79,39,14
6.012836,1249,989,101,74,58,27,1345,1000,65,74,77,76,42,11
6.021698,1246,988,100,73,59,26,1336,1006,58,66,70,82,46,8
6.029957,1250,988,100,71,60,31,1340,1000,69,70,98,64,29,10
6.038016,1243,988,100,71,59,25,1347,1000,70,87,79,66,37,8
6.045998,1248,990,98,73,58,29,1354,1006,64,84,94,60,37,9
6.053623,1239,989,98,72,60,20,1358,993,74,76,81,82,35,17
6.061522,1232,988,99,69,63,13,1355,1010,62,76,87,66,33,21
6.070059,1250,987,100,68,65,30,1350,1000,64,82,74,67,57,6
6.078354,1238,986,100,68,66,18,1349,992,81,66,81,70,42,17
6.086593,1238,985,102,67,63,21,1343,993,69,81,80,70,40,10
6.094397,1234,985,102,67,63,17,1349,1006,60,60,94,80,34,15
6.102485,1238,986,102,66,62,22,1351,992,73,78,81,76,44,7
6.110382,1241,986,102,67,62,24,1346,995,75,84,89,58,36,9
6.118516,1236,985,102,67,62,20,1346,986,69,91,90,67,34,9
6.126285,1247,985,100,66,66,30,1344,986,73,84,90,69,31,11
6.134715,1242,984,101,65,67,25,1350,993,75,78,83,74,39,8
6.142685,1235,984,102,63,68,18,1357,986,77,82,86,82,31,13
6.150193,1240,983,102,66,64,25,1363,976,82,75,97,83,43,7
6.157987,1236,983,99,66,66,22,1366,981,66,82,99,88,38,12
6.165912,1233,983,99,67,65,19,1363,981,70,90,79,94,38,11
6.173610,1246,983,101,66,64,32,1362,989,65,90,87,87,34,10
6.181625,1244,983,101,66,64,30,1364,993,70,98,80,68,44,11
6.189011,1238,982,102,65,66,23,1363,973,72,89,92,89,42,6
6.197024,1234,981,104,64,66,19,1365,993,75,91,89,68,42,7
6.204890,1246,980,104,61,70,31,1362,985,70,87,85,80,44,11
6.212948,1239,981,104,63,69,22,1363,980,84,75,88,82,43,11
6.220493,1245,981,105,62,70,27,1367,981,74,96,74,87,42,13
6.227652,1245,982,105,62,69,27,1363,999,64,84,85,72,44,15
6.235656,1244,982,105,63,68,26,1362,983,69,75,117,62,45,11
6.243193,1243,981,104,65,68,25,1372,997,60,82,90,87,47,9
6.250940,1247,981,102,68,67,29,1372,977,73,83,100,85,40,14
6.258402,1245,979,106,67,66,27,1381,981,73,84,89,91,49,14
6.265919,1250,979,105,67,66,33,1378,999,82,82,87,78,37,13
6.274013,1245,979,105,69,64,28,1380,994,90,74,79,76,50,17
6.281349,1234,979,105,71,62,17,1376,994,78,77,93,77,49,8
6.288516,1237,978,106,71,62,20,1381,992,74,75,91,90,51,8
6.296130,1245,978,105,72,64,26,1381,982,91,73,98,85,42,10
6.304080,1250,977,107,71,66,29,1381,987,83,78,95,84,45,9
6.311365,1243,976,107,73,65,22,1382,998,69,87,84,93,37,14
6.318686,1247,975,108,71,67,26,1382,1005,74,62,98,84,44,15
6.326385,1247,974,110,70,70,23,1377,996,74,80,90,78,46,13
6.333978,1252,974,111,71,68,28,1378,997,84,56,101,79,49,12
6.341492,1249,973,110,74,66,26,1376,988,77,80,87,90,42,12
6.348946,1255,974,109,73,65,34,1376,989,89,84,83,74,49,8
6.356046,1250,976,108,73,65,28,1384,997,80,71,97,79,43,17
6.363494,1246,977,108,72,65,24,1378,989,87,73,77,76,59,17
6.371426,1243,977,109,70,66,21,1373,1005,66,68,92,82,47,13
6.378689,1246,976,109,76,62,23,1377,994,71,72,91,80,53,16
6.386248,1249,977,105,79,63,25,1380,990,87,82,83,68,60,10
6.393441,1251,978,103,79,65,26,1377,998,74,88,90,73,43,11
6.401165,1248,979,104,78,64,23,1378,1000,91,76,86,71,42,12
6.408854,1250,979,107,75,66,23,1380,1001,82,90,80,71,40,16
6.416818,1255,979,107,76,69,24,1389,1003,88,75,87,73,57,6
6.424872,1250,979,106,78,69,18,1388,1010,79,73,96,77,41,12
6.432533,1265,979,106,78,68,34,1390,1020,71,78,86,85,45,5
6.439906,1255,979,104,79,66,27,1398,1006,83,76,92,88,40,13
6.446948,1254,980,104,80,64,26,1388,1001,74,97,88,68,40,20
6.454437,1249,981,103,80,65,20,1397,1006,81,79,83,75,48,25
6.461878,1255,982,103,79,66,25,1396,1019,72,77,80,77,56,15
6.469310,1249,984,101,78,67,19,1392,1007,82,66,97,72,51,17
6.477098,1256,984,98,81,66,27,1384,1008,82,76,84,71,54,9
6.484593,1256,981,100,84,66,25,1384,1008,75,80,67,85,60,9
6.492299,1250,982,100,84,65,19,1393,1020,92,70,81,70,47,13
6.499970,1256,982,99,85,65,25,1384,1001,82,74,102,74,41,10
6.507462,1259,983,99,87,62,28,1385,1009,73,77,89,82,39,16
6.515138,1251,983,101,85,62,20,1385,1007,88,55,94,84,46,11
6.522614,1247,984,99,86,62,16,1392,1012,72,79,75,91,49,14
6.530519,1259,983,101,83,64,28,1391,1008,77,70,84,79,62,11
6.537876,1257,985,101,84,61,26,1394,998,75,70,90,93,55,13
6.545696,1261,985,101,84,61,30,1390,1015,78,66,84,72,63,12
6.552828,1250,986,101,84,59,20,1389,1000,67,72,97,81,61,11
6.560149,1250,987,99,85,60,19,1393,1013,69,76,91,79,51,14
6.568125,1258,987,99,81,63,28,1382,1013,78,69,82,72,57,11
6.575904,1260,986,99,80,65,30,1393,1013,80,61,89,77,58,15
6.583037,1262,986,97,83,62,34,1387,1003,89,72,92,78,45,8
6.590569,1257,987,93,86,63,28,1393,1009,82,78,91,71,49,13
6.597954,1260,986,91,90,62,31,1394,1003,80,74,92,88,46,11
6.605658,1251,987,90,91,61,22,1393,1012,77,65,99,87,42,11
6.613629,1255,987,92,91,59,26,1400,1018,71,84,73,94,52,8
6.621179,1260,987,92,91,59,31,1408,1015,68,74,82,91,64,14
6.628601,1246,988,91,92,57,18,1409,1014,76,78,88,91,51,11
6.636049,1258,989,93,86,61,29,1419,1017,67,83,82,113,43,14
6.643540,1258,990,93,87,58,30,1413,1007,81,88,99,92,34,12
6.650196,1256,989,94,85,58,30,1424,1011,76,82,90,104,46,15
6.657019,1261,991,95,83,57,35,1423,1013,76,93,95,88,49,9
6.664329,1261,990,97,82,56,36,1422,1022,84,90,80,94,44,8
6.671574,1255,990,95,85,56,29,1427,1014,80,87,96,91,48,11
6.678527,1252,992,94,86,56,24,1425,1023,73,84,80,105,49,11
6.685724,1259,991,95,86,56,31,1430,1009,74,87,96,92,54,18
6.692442,1257,990,96,85,59,27,1429,1007,82,88,95,93,47,17
6.699702,1255,990,96,87,57,25,1413,1023,75,72,87,87,57,12
6.707125,1255,991,96,86,57,25,1416,1017,76,80,86,89,61,7
6.714597,1255,990,96,87,56,26,1412,1014,74,76,96,96,50,6
6.721726,1259,990,99,82,58,30,1421,999,94,68,101,87,53,19
6.728851,1263,990,103,79,59,32,1412,1005,91,71,99,90,41,15
6.736141,1257,989,102,79,60,27,1410,1032,71,72,85,86,57,7
6.743080,1261,987,102,79,62,31,1411,1011,76,77,97,81,51,18
6.750098,1259,987,102,79,63,28,1410,1001,77,84,89,84,63,12
6.757236,1258,988,102,79,61,28,1410,1018,81,72,81,94,48,16
6.764394,1256,987,99,83,61,26,1408,1010,82,74,93,87,50,12
6.771511,1260,986,99,84,61,30,1412,1015,77,76,81,89,62,12
6.778615,1264,986,98,85,61,34,1405,1014,81,71,103,82,48,6
6.785803,1254,985,98,86,61,24,1402,1007,76,83,80,87,56,13
6.793300,1266,985,98,86,63,34,1405,1012,74,74,86,83,55,21
6.800489,1263,984,97,88,62,32,1406,1021,79,90,71,78,51,16
6.807671,1256,984,97,89,61,25,1409,1006,85,79,70,107,44,18
6.814737,1257,984,97,87,63,26,1415,1020,73,80,96,84,45,17
6.822227,1248,985,95,87,63,18,1412,1020,80,70,95,84,56,7
6.829455,1261,986,94,89,63,29,1412,1011,76,73,98,88,52,14
6.836867,1252,987,92,91,61,21,1410,1009,86,75,103,83,42,12
6.844651,1258,988,92,93,57,28,1406,1015,75,79,94,75,54,14
6.852055,1252,987,96,88,59,22,1404,1012,73,76,102,88,40,13
6.859445,1253,987,97,88,57,24,1410,1005,81,77,95,87,48,17
6.866807,1259,986,98,89,55,31,1402,1012,75,80,86,85,47,17
6.873931,1249,987,97,90,55,20,1393,1004,79,87,82,77,49,15
6.881361,1259,988,97,90,53,31,1387,1012,70,69,99,79,46,12
6.888645,1248,988,97,89,54,20,1382,1006,74,70,104,88,35,5
6.896134,1264,988,96,91,54,35,1389,1014,75,64,84,89,48,15
6.903099,1263,988,97,87,59,32,1392,1006,83,74,85,73,51,20
6.910500,1255,989,96,88,59,23,1380,1003,82,73,79,78,54,11
6.918220,1253,990,97,87,58,21,1369,1008,78,80,80,72,40,11
6.926493,1257,992,95,85,61,24,1369,1012,73,87,75,72,44,6
6.934904,1259,994,94,84,61,26,1375,1013,68,76,81,83,40,14
6.942808,1250,994,94,82,63,17,1370,1011,64,82,80,83,39,11
6.950852,1248,994,96,80,63,15,1364,1009,72,80,80,79,34,10
6.958746,1262,994,95,84,60,29,1372,997,91,65,88,75,41,15
6.966631,1255,994,95,83,61,22,1373,1013,71,75,94,70,36,14
6.974761,1255,993,96,82,62,22,1376,1007,71,76,91,82,38,11
6.982779,1255,993,97,81,62,22,1374,1010,78,69,91,68,41,17
6.990708,1261,994,97,82,60,28,1372,1007,85,66,94,73,37,10
6.999170,1256,994,96,84,59,23,1375,1002,84,62,80,85,45,17
7.007075,1256,993,96,85,61,21,1376,1005,88,84,72,77,37,13
7.014554,1264,993,95,85,61,30,1374,1006,80,82,89,67,40,10
7.022630,1258,993,94,86,60,25,1379,999,84,76,76,94,39,11
7.030228,1248,993,96,85,59,15,1383,1005,78,76,83,75,55,11
7.038237,1256,992,97,84,60,23,1375,1017,68,74,76,82,42,16
7.045981,1261,992,94,83,63,29,1375,1007,66,80,86,79,45,12
7.053586,1264,991,96,82,62,33,1379,1000,84,88,76,72,48,11
7.061648,1262,990,98,82,63,29,1377,1007,73,88,80,70,47,12
7.069069,1257,989,98,83,63,24,1374,997,78,89,70,79,39,22
7.077005,1265,991,96,83,64,31,1371,1007,73,79,84,70,43,15
7.084948,1253,990,97,84,63,19,1373,1014,74,63,77,80,53,12
7.092984,1263,990,98,81,65,29,1369,1009,74,80,75,84,40,7
7.100661,1266,989,99,79,68,31,1367,1024,65,74,92,70,36,6
7.109069,1261,990,97,80,68,26,1369,1010,78,66,90,75,43,7
7.116580,1260,989,99,81,66,25,1379,1018,76,81,67,68,60,9
7.124612,1255,990,97,84,65,19,1377,1009,83,71,84,78,41,11
7.132903,1260,990,98,84,64,24,1379,1019,73,68,81,71,50,17
7.141192,1265,989,99,85,64,28,1376,1012,76,67,87,76,43,15
7.149624,1268,989,102,85,62,30,1374,1024,66,75,76,85,34,14
7.157599,1269,989,100,85,64,31,1364,1015,79,65,79,70,44,12
7.165827,1255,988,102,81,67,17,1364,1020,64,71,90,65,40,14
7.173585,1257,988,103,82,65,19,1377,1018,82,58,90,81,34,14
7.181608,1268,987,103,82,66,30,1376,1014,74,76,89,64,56,3
7.189660,1275,988,102,85,63,37,1377,1022,67,69,84,79,45,11
7.197933,1269,989,103,83,65,29,1374,1018,75,71,77,66,58,9
7.205977,1263,990,104,83,64,22,1373,1024,72,65,76,75,51,10
7.213993,1258,992,105,79,66,16,1376,1019,77,57,77,82,46,18
7.222006,1267,991,106,80,66,24,1376,1019,78,88,78,61,39,13
7.230009,1270,991,105,80,67,27,1368,1017,80,64,86,62,45,14
7.237980,1279,991,105,81,67,35,1373,1014,73,83,72,77,44,10
7.245787,1265,990,104,82,68,21,1383,1019,81,56,90,78,42,17
7.253922,1269,990,105,81,68,25,1379,1007,76,74,89,73,43,17
7.261786,1269,990,104,81,67,27,1376,1019,76,73,81,63,50,14
7.269560,1262,988,106,78,71,19,1381,1010,79,75,72,89,47,9
7.277264,1274,987,110,76,69,32,1379,1025,74,63,85,69,51,12
7.285735,1270,988,111,73,72,26,1367,1027,77,67,78,65,42,11
7.294531,1263,987,111,74,71,20,1368,1030,72,71,71,71,42,11
7.303386,1263,987,111,74,70,21,1363,1014,70,75,77,68,49,10
7.312038,1265,988,108,75,73,21,1356,1010,71,65,81,78,43,8
7.320849,1267,990,106,75,73,23,1352,1014,77,68,80,65,42,6
7.329617,1262,990,105,75,74,18,1353,1016,65,72,79,68,43,10
7.338128,1260,989,104,74,76,17,1358,1018,75,77,73,68,39,8
7.347039,1267,990,103,72,78,24,1356,1020,66,65,72,87,37,9
7.355956,1278,990,104,72,76,36,1360,1026,64,63,86,70,44,7
7.363588,1266,991,103,75,73,24,1373,1024,62,63,82,73,52,17
7.371219,1261,990,105,74,71,21,1363,1001,72,75,85,78,45,7
7.379223,1261,991,102,75,73,20,1367,1024,70,66,82,65,38,22
7.387878,1256,992,101,77,71,15,1366,1004,88,58,81,76,45,14
7.395757,1262,993,102,75,71,21,1367,1013,79,69,62,73,53,18
7.404234,1264,992,103,77,65,27,1364,1023,65,75,75,74,38,14
7.412846,1262,992,107,76,62,25,1363,1025,62,78,76,84,25,13
7.420848,1263,992,107,77,61,26,1363,1011,70,79,75,72,43,13
7.429045,1258,993,105,78,62,20,1362,1015,83,62,85,75,33,9
7.437572,1260,993,104,79,62,22,1357,1025,65,62,88,69,41,7
7.446196,1262,991,106,79,63,23,1369,1014,79,69,78,77,31,21
7.454234,1261,993,106,78,62,22,1365,1014,78,55,85,92,31,10
7.462330,1255,992,106,79,62,16,1381,1017,74,74,70,86,54,6
7.470105,1262,992,104,81,61,24,1390,1025,83,72,82,71,41,16
7.478096,1261,994,102,81,59,25,1385,1018,73,81,85,71,44,13
7.485844,1264,995,103,79,59,28,1386,1019,82,81,81,63,49,11
7.493678,1267,995,103,78,60,31,1387,1001,89,83,77,74,47,16
7.501483,1248,994,104,77,60,13,1397,1016,71,86,83,86,42,13
7.508915,1257,994,104,77,60,22,1400,1004,84,78,92,89,39,14
7.516281,1264,995,103,77,60,29,1397,1005,79,83,85,89,48,8
7.524201,1261,994,104,79,58,26,1400,1013,62,88,87,91,47,12
7.531455,1261,994,105,79,59,24,1396,1000,79,85,94,80,43,15
7.539177,1262,995,103,80,60,24,1397,1006,78,86,87,78,50,12
7.546783,1260,996,104,78,60,22,1393,1012,86,79,89,75,43,9
7.554440,1261,997,103,79,58,24,1384,1014,70,81,89,80,38,12
7.562040,1271,998,102,82,56,33,1392,1007,77,88,83,83,38,16
7.569487,1260,998,105,78,57,22,1393,1014,73,81,88,91,35,11
7.577147,1263,999,104,76,59,25,1392,1004,82,81,100,71,41,13
7.584747,1260,999,104,76,59,22,1391,1012,78,77,84,86,44,10
7.592583,1263,997,104,77,58,27,1390,1014,81,85,91,66,41,12
7.599871,1257,998,103,78,57,21,1396,1023,75,87,78,82,38,13
7.607545,1265,998,103,78,57,29,1389,1019,70,69,97,81,42,11
7.614778,1263,998,102,79,57,27,1391,1014,79,65,89,87,47,10
7.622437,1257,998,102,79,57,21,1403,1009,73,70,91,85,59,16
7.629930,1258,996,103,80,56,23,1399,1007,86,66,110,73,52,5
7.637663,1253,994,105,80,56,18,1396,1023,68,89,90,79,38,9
7.645626,1257,993,106,80,57,21,1397,1007,86,72,91,90,46,5
7.653228,1270,992,104,82,57,35,1395,1014,71,77,93,86,47,7
7.660396,1261,992,105,82,56,26,1403,1020,87,69,74,93,45,15
7.667882,1257,993,105,77,59,23,1407,1016,68,90,88,79,53,13
7.675479,1254,993,108,75,58,20,1414,1019,72,91,92,84,43,13
7.682728,1255,994,108,75,57,21,1412,1011,84,80,105,69,49,14
7.690015,1273,994,107,77,58,37,1407,1008,87,81,90,82,40,19
7.697826,1255,993,109,75,60,18,1405,1006,87,72,108,83,36,13
7.705190,1253,993,109,75,61,15,1406,1008,78,85,117,64,46,8
7.712365,1265,993,109,75,61,27,1408,1014,80,86,100,80,40,8
7.719655,1267,995,107,77,61,27,1419,1024,72,88,104,80,40,11
7.726902,1265,996,105,79,60,25,1414,1024,73,83,91,84,52,7
7.734336,1259,995,105,80,60,19,1422,1012,87,85,95,70,59,14
7.742103,1266,994,105,80,61,26,1421,1016,77,98,95,80,42,13
7.749461,1260,993,105,80,62,20,1421,1017,75,90,95,71,59,14
7.756392,1270,992,106,80,63,29,1421,1017,85,73,88,92,55,11
7.763474,1269,993,107,79,62,28,1419,1019,80,88,90,75,50,17
7.770695,1270,995,105,81,60,29,1418,1021,86,79,90,90,44,8
7.778343,1272,997,103,84,60,28,1423,1018,77,91,90,95,42,10
7.785250,1275,997,103,84,60,31,1423,1016,91,76,88,95,48,9
7.792369,1276,1000,100,87,58,31,1428,1020,77,78,105,91,47,10
7.799972,1273,1000,101,87,56,29,1428,1025,77,78,89,103,46,10
7.807164,1266,1000,100,88,56,22,1424,1021,75,85,95,92,43,13
7.814298,1268,1000,102,85,60,21,1424,1015,89,76,83,88,57,16
7.820961,1288,1001,103,83,60,41,1428,1018,80,82,111,84,42,11
7.828219,1274,1001,103,85,58,27,1426,1021,83,85,81,85,52,19
7.835476,1267,1002,102,86,57,20,1420,1026,77,82,84,85,54,12
7.843080,1275,1002,102,86,57,28,1433,1030,81,73,100,86,44,19
7.849856,1265,1003,100,89,55,18,1425,1022,82,82,95,89,42,13
7.857117,1274,1003,98,91,55,27,1419,1011,93,80,101,71,51,12
7.863931,1280,1006,96,89,56,33,1420,1012,95,76,88,86,48,15
7.871503,1268,1005,98,86,58,21,1409,1022,82,82,90,81,44,8
7.879161,1278,1008,96,85,59,30,1412,1017,78,89,98,87,37,6
7.886593,1280,1006,97,84,61,32,1411,1025,74,74,108,76,47,7
7.893930,1268,1005,96,84,62,21,1411,1016,76,88,72,96,52,11
7.901812,1262,1004,98,83,62,15,1405,1028,79,78,86,94,34,6
7.909301,1280,1004,96,86,60,34,1410,1015,70,86,82,92,55,10
7.916359,1274,1004,96,87,60,27,1413,1028,68,84,90,81,52,10
7.923484,1283,1003,94,90,60,36,1422,1021,74,88,78,91,54,16
7.930425,1288,1003,93,91,60,41,1420,1021,78,78,101,89,43,10
7.937995,1279,1006,93,89,59,32,1416,1020,70,96,84,90,50,6
7.945098,1272,1006,93,91,58,24,1415,1021,80,78,83,90,52,11
7.952380,1271,1005,93,91,59,23,1424,1024,81,77,87,92,54,9
7.959606,1275,1005,92,92,59,27,1425,1026,83,82,91,81,44,18
7.966464,1266,1006,92,90,58,20,1422,1018,72,86,82,103,46,15
7.973608,1262,1006,93,86,61,16,1425,1019,76,74,86,98,55,17
7.980393,1270,1005,94,87,61,23,1431,1016,72,88,82,106,55,12
7.987522,1271,1004,93,88,60,26,1420,1007,80,88,95,89,49,12
7.994754,1282,1004,94,87,62,35,1423,1018,73,82,85,96,55,14
8.002078,1273,1002,94,88,62,27,1422,1030,73,66,85,87,59,22
8.009077,1277,1002,94,88,62,31,1418,1024,76,79,96,88,40,15
8.016073,1269,1002,96,84,64,23,1414,1016,78,91,92,73,52,12
8.023790,1279,1002,95,86,63,33,1412,1031,60,100,78,93,39,11
8.031041,1277,1004,95,84,63,31,1416,1020,71,89,95,86,50,5
8.038016,1275,1005,94,85,62,29,1429,1020,77,90,96,93,43,10
8.045259,1276,1007,94,84,62,29,1430,1027,83,72,98,95,46,9
8.052552,1272,1008,93,85,61,25,1432,1037,77,92,76,91,46,13
8.059460,1273,1007,93,84,63,26,1428,1031,61,84,93,84,66,9
8.066484,1275,1006,93,85,62,29,1424,1024,68,82,107,86,50,7
8.073662,1273,1006,91,89,59,28,1432,1031,73,78,116,66,55,13
8.081084,1277,1005,93,86,61,32,1424,1022,69,99,88,88,46,12
8.088278,1279,1005,96,83,61,34,1423,1018,79,67,96,81,70,12
8.095683,1261,1003,98,83,60,17,1413,1028,74,69,91,87,56,8
8.103389,1271,1003,98,81,62,27,1409,1024,74,84,91,68,55,13
8.110441,1272,1004,96,84,60,28,1406,1022,70,89,102,67,44,12
8.117973,1270,1006,96,81,61,26,1406,1016,82,82,75,95,39,17
8.125790,1274,1007,96,81,60,30,1408,1018,79,80,87,82,51,11
8.133245,1273,1006,99,78,63,27,1422,1020,78,85,80,81,57,21
8.140364,1285,1004,99,80,63,39,1418,1031,71,87,69,91,52,17
8.147717,1280,1006,97,81,62,34,1417,1031,69,95,75,79,55,13
8.154716,1264,1005,98,79,65,17,1416,1024,72,80,98,77,47,18
8.162170,1280,1004,99,80,64,33,1412,1034,75,74,90,77,48,14
8.169309,1283,1004,98,81,65,35,1410,1029,78,70,92,88,41,12
8.177429,1285,1003,99,80,67,36,1396,1025,76,72,84,86,46,7
8.185451,1292,1002,100,81,67,42,1394,1017,81,72,94,68,52,10
8.193097,1282,1003,100,78,69,32,1394,1039,77,66,83,70,45,14
8.200824,1276,1003,99,80,68,26,1402,1022,76,87,73,85,46,13
8.208593,1281,1002,100,80,69,30,1402,1022,78,84,84,75,41,18
8.216076,1281,1004,98,80,71,28,1395,1032,69,79,84,82,29,20
8.223785,1275,1005,98,79,70,23,1384,1024,77,80,69,79,44,11
8.232147,1280,1004,97,80,70,29,1383,1021,74,73,72,87,46,10
8.239727,1284,1004,98,80,69,33,1387,1019,72,85,85,67,49,10
8.247913,1273,1005,97,84,64,23,1382,1023,68,84,86,65,44,12
8.255846,1272,1006,97,81,66,22,1387,1014,82,68,82,83,46,12
8.263701,1279,1005,102,76,67,29,1389,1020,72,69,84,85,46,13
8.271072,1271,1005,103,78,65,20,1391,1017,78,66,80,98,47,5
8.279228,1274,1004,105,76,67,22,1392,1029,72,83,84,64,47,13
8.287401,1279,1004,103,76,68,28,1388,1023,71,84,86,76,30,18
8.294738,1284,1006,102,77,67,32,1387,1024,76,70,88,74,49,6
8.302852,1279,1006,101,79,67,26,1390,1033,67,80,84,70,46,10
8.310826,1275,1006,101,80,65,23,1396,1026,65,86,73,87,43,16
8.318900,1267,1006,101,80,64,16,1398,1027,67,84,83,77,41,19
8.326293,1269,1006,102,79,65,17,1397,1019,77,74,90,76,49,12
8.333938,1274,1008,101,79,65,21,1395,1019,69,90,85,78,50,4
8.341780,1281,1010,99,80,66,26,1401,1015,83,76,85,84,45,13
8.349279,1280,1010,99,79,66,26,1400,1026,72,69,97,81,43,12
8.356627,1276,1009,100,77,69,21,1404,1023,76,71,95,76,51,12
8.364553,1278,1010,98,80,66,24,1399,1016,89,80,79,72,48,15
8.372504,1268,1009,99,79,67,14,1396,1027,63,69,96,81,46,14
8.380589,1288,1009,103,75,67,34,1395,1023,69,80,73,94,45,11
8.388244,1277,1009,104,74,67,23,1405,1029,64,90,76,83,48,15
8.396065,1269,1011,103,72,67,16,1403,1022,89,64,89,76,44,19
8.403787,1270,1011,104,69,67,19,1396,1027,68,75,89,79,46,12
8.411825,1273,1010,105,70,65,23,1390,1013,82,80,80,85,37,13
8.419290,1281,1009,103,76,62,31,1388,1009,85,81,80,84,38,11
8.426459,1286,1010,103,77,60,36,1386,1018,78,76,75,89,43,7
8.434291,1273,1011,102,77,60,23,1385,1023,71,68,90,71,49,13
8.442163,1274,1011,102,77,60,24,1380,1024,67,84,80,72,48,5
8.450503,1276,1013,102,74,63,24,1386,1013,80,70,101,71,34,17
8.459195,1279,1012,101,76,61,29,1379,1026,75,74,83,68,40,13
8.467206,1269,1012,100,76,62,19,1370,1031,74,72,71,75,36,11
8.475847,1269,1013,100,78,61,17,1374,1032,84,67,81,68,32,10
8.484092,1274,1014,101,76,61,22,1374,1028,72,63,83,70,53,5
8.492433,1276,1014,99,77,61,25,1370,1026,80,69,71,69,35,20
8.500636,1263,1014,99,79,60,11,1366,1025,83,70,67,78,33,10
8.509018,1273,1013,102,78,58,22,1364,1014,74,69,80,78,31,18
8.517313,1271,1012,100,81,56,22,1367,1017,87,83,68,65,38,9
8.525592,1269,1013,101,80,56,19,1376,1020,73,71,93,69,37,13
8.533269,1276,1013,100,78,59,26,1385,1017,72,76,87,75,45,13
8.540734,1272,1011,103,76,60,22,1388,1023,67,79,83,77,53,6
8.548321,1272,1011,102,76,62,21,1389,1018,77,83,80,77,43,11
8.556331,1279,1011,103,76,62,27,1390,1023,77,75,88,69,41,17
8.564108,1278,1012,104,74,63,25,1390,1026,68,80,84,65,55,12
8.571504,1283,1013,104,75,63,28,1386,1023,68,81,81,80,41,12
8.579789,1279,1013,102,77,62,25,1384,1027,75,68,82,68,53,11
8.588204,1277,1013,99,79,64,22,1381,1038,71,73,84,70,40,5
8.596640,1274,1013,98,82,62,19,1386,1027,72,79,90,71,35,12
8.604634,1280,1012,99,83,59,27,1394,1028,69,66,88,87,41,15
8.612461,1278,1011,100,84,60,23,1390,1023,83,83,78,73,33,17
8.620250,1278,1010,100,85,59,24,1391,1033,77,74,74,71,49,13
8.628197,1284,1010,95,89,62,28,1387,1030,66,72,78,77,50,14
8.635588,1279,1010,94,90,62,23,1384,1032,76,73,75,72,49,7
8.643879,1284,1008,97,86,65,28,1378,1040,81,66,75,68,37,11
8.651565,1285,1010,96,85,66,28,1378,1021,90,72,68,76,39,12
8.659621,1283,1010,97,84,66,26,1378,1027,77,67,92,81,26,8
8.667559,1294,1011,97,85,65,36,1387,1043,64,74,80,71,39,16
8.675486,1281,1011,96,87,63,24,1384,1031,76,75,81,72,39,10
8.684324,1283,1010,97,89,62,25,1390,1027,83,75,82,64,48,11
8.692462,1284,1011,94,92,60,27,1389,1031,81,79,74,72,38,14
8.700562,1291,1011,95,88,64,33,1381,1031,79,80,67,66,47,11
8.709077,1269,1012,95,89,62,11,1377,1031,65,74,75,70,48,14
8.717452,1285,1012,94,88,64,27,1370,1020,84,70,76,66,46,8
8.726030,1278,1012,92,89,68,17,1377,1020,82,75,65,80,41,14
8.734478,1281,1013,93,85,69,21,1379,1021,79,79,74,80,35,11
8.742552,1288,1013,96,81,69,29,1379,1029,75,71,88,60,50,6
8.750357,1282,1013,98,79,70,22,1375,1018,90,70,89,53,46,9
8.758470,1278,1013,96,82,68,19,1369,1023,80,69,73,76,40,8
8.766530,1277,1011,95,84,69,18,1378,1015,77,76,87,71,36,16
8.774437,1277,1010,95,84,68,20,1374,1020,76,78,86,57,48,9
8.782516,1285,1008,97,82,71,27,1381,1024,83,86,78,58,43,9
8.790795,1275,1008,97,82,71,17,1380,1030,80,72,77,75,37,9
8.798746,1273,1009,93,86,69,16,1379,1023,77,76,83,71,42,7
8.806701,1277,1009,91,87,70,20,1372,1023,76,80,80,53,53,7
8.814722,1286,1009,89,90,71,27,1377,1023,85,76,81,62,29,21
8.823149,1278,1008,90,87,74,19,1371,1036,77,83,65,65,37,8
8.831466,1285,1007,91,89,73,25,1375,1030,74,76,75,67,39,14
8.839498,1278,1007,92,88,73,18,1381,1027,83,69,89,53,46,14
8.847312,1279,1007,94,89,69,20,1385,1014,74,66,100,72,45,14
8.855220,1278,1007,94,89,69,19,1380,1017,71,77,87,78,36,14
8.863605,1284,1007,94,88,70,25,1376,1028,79,77,77,54,47,14
8.872521,1276,1008,92,90,69,17,1368,1041,72,73,81,53,38,10
8.881046,1285,1008,91,90,71,25,1373,1022,70,83,74,70,38,16
8.889049,1279,1007,89,94,68,21,1392,1022,78,76,70,86,44,16
8.896782,1289,1007,90,92,69,31,1396,1027,81,65,75,87,45,16
8.904729,1276,1007,91,91,69,18,1395,1033,85,59,88,68,45,17
8.912468,1278,1009,88,92,69,20,1406,1035,83,72,84,77,38,17
8.919982,1279,1010,86,92,71,20,1406,1027,91,67,92,85,31,13
8.927242,1288,1012,86,90,71,29,1410,1031,79,78,84,86,43,9
8.934731,1287,1012,86,90,71,28,1425,1029,77,69,94,95,46,15
8.941874,1285,1013,85,91,69,27,1423,1028,83,82,95,72,49,14
8.948899,1289,1016,84,91,69,29,1429,1027,74,86,85,88,52,17
8.956307,1280,1014,86,88,69,23,1416,1028,79,78,88,83,46,14
8.963946,1272,1013,88,84,73,14,1422,1028,83,72,99,86,43,11
8.971678,1283,1013,89,83,73,25,1417,1022,79,80,84,75,64,13
8.979227,1282,1013,89,83,74,23,1415,1026,89,80,94,66,51,9
8.986625,1293,1014,89,83,72,35,1425,1035,84,70,78,88,59,11
8.993482,1302,1014,88,83,75,42,1423,1029,94,74,89,81,42,14
9.000900,1280,1013,88,83,76,20,1427,1033,70,80,100,78,53,13
9.008073,1301,1013,89,82,76,41,1425,1034,73,71,94,84,59,10
9.015198,1283,1013,92,79,76,23,1428,1034,74,72,105,83,53,7
9.022617,1287,1012,92,81,75,27,1423,1038,73,93,77,84,46,12
9.030368,1284,1012,92,81,77,22,1421,1026,78,81,83,87,53,13
9.038083,1289,1012,92,84,75,26,1432,1024,82,84,89,82,53,18
9.045316,1289,1014,90,86,74,25,1434,1026,89,82,100,69,52,16
9.052415,1294,1015,90,86,73,30,1435,1033,84,74,85,94,50,15
9.059797,1289,1014,89,88,70,28,1439,1036,80,73,93,97,46,14
9.067190,1295,1014,91,86,72,32,1442,1039,85,94,92,77,45,10
9.074195,1283,1015,92,85,70,21,1437,1037,79,80,96,83,52,10
9.081486,1287,1014,93,84,71,25,1434,1031,83,81,87,92,52,8
9.088742,1279,1013,94,85,69,18,1430,1040,73,70,98,81,53,15
9.096173,1283,1012,96,83,70,22,1433,1031,78,90,89,76,49,20
9.103369,1294,1012,93,87,68,34,1442,1037,73,83,79,97,55,18
9.110489,1284,1011,94,87,68,24,1442,1041,70,88,87,85,57,14
9.117449,1287,1011,95,87,66,28,1437,1028,66,81,85,102,55,20
9.124816,1286,1014,91,88,66,27,1436,1037,74,82,91,91,44,17
9.132060,1296,1015,91,88,68,34,1439,1035,86,75,92,81,58,12
9.139018,1288,1015,92,88,68,25,1444,1037,85,82,90,93,46,11
9.145863,1293,1013,93,88,70,29,1453,1038,92,78,98,81,43,23
9.152643,1286,1014,96,83,71,22,1437,1043,85,80,81,83,55,10
9.160358,1289,1014,97,82,71,25,1433,1039,79,75,85,88,58,9
9.167185,1301,1014,98,81,71,37,1433,1036,83,83,99,77,42,13
9.174715,1284,1015,99,79,70,21,1430,1033,72,98,93,84,41,9
9.181727,1292,1015,100,79,69,29,1438,1039,87,77,90,83,50,12
9.188665,1283,1016,98,80,69,20,1435,1042,81,74,85,95,48,10
9.195460,1286,1018,96,80,70,22,1435,1044,82,81,90,74,56,8
9.202253,1293,1019,95,83,67,29,1437,1030,83,91,86,85,49,13
9.209286,1289,1020,93,81,69,26,1442,1025,96,83,87,89,49,13
9.216363,1293,1020,95,78,71,29,1436,1028,82,86,91,89,44,16
9.223382,1296,1020,94,78,74,30,1432,1042,72,98,84,86,43,7
9.230577,1291,1020,96,76,74,25,1427,1042,73,99,92,73,40,8
9.237697,1297,1022,96,75,73,31,1433,1042,77,85,92,87,39,11
9.245111,1287,1022,96,76,72,21,1424,1031,84,77,88,93,39,12
9.252574,1294,1022,97,76,71,28,1415,1034,85,85,80,88,33,10
9.260325,1299,1022,95,79,72,31,1412,1033,88,89,88,68,38,8
9.267705,1291,1022,95,79,72,23,1421,1037,96,76,83,68,48,13
9.275119,1299,1022,92,85,69,31,1414,1036,98,73,88,58,47,14
9.282779,1293,1024,92,82,70,25,1418,1041,69,95,79,67,52,15
9.290919,1292,1024,89,84,71,24,1414,1036,81,72,85,69,50,21
9.298597,1303,1022,90,86,70,35,1405,1039,74,88,67,86,44,7
9.306878,1300,1022,89,87,69,33,1400,1044,86,64,102,58,40,6
9.315375,1293,1023,88,87,70,25,1407,1042,77,70,85,77,42,14
9.323509,1289,1023,89,85,70,22,1406,1044,81,65,91,69,42,14
9.331553,1284,1024,88,86,68,18,1404,1049,77,72,82,82,33,9
9.339541,1290,1024,90,86,67,23,1403,1031,82,72,98,73,35,12
9.348027,1296,1024,87,87,69,29,1401,1045,75,81,86,71,35,8
9.356009,1294,1024,89,86,69,26,1406,1051,82,76,81,74,29,13
9.364164,1292,1023,90,85,69,25,1402,1045,79,80,77,64,45,12
9.372343,1286,1025,88,87,67,19,1409,1044,71,74,81,73,58,8
9.380199,1299,1024,90,86,68,31,1405,1036,80,71,79,89,39,11
9.388197,1290,1028,89,84,69,20,1417,1032,80,86,91,74,43,11
9.395823,1293,1029,89,85,67,23,1418,1031,73,90,79,81,50,14
9.403634,1305,1028,90,82,70,35,1412,1027,86,77,87,84,48,3
9.410990,1297,1026,93,80,72,26,1420,1039,70,77,91,89,36,18
9.418236,1290,1028,93,78,72,19,1422,1035,74,75,97,80,51,10
9.425385,1301,1029,93,78,71,30,1428,1033,90,86,80,83,44,12
9.432879,1312,1028,93,75,74,42,1429,1040,82,91,85,82,41,8
9.440025,1305,1028,93,76,72,36,1439,1045,80,79,86,69,69,11
9.447157,1296,1029,91,76,73,27,1424,1042,83,80,88,82,36,13
9.454419,1299,1031,89,76,71,32,1422,1035,87,79,84,79,43,15
9.461587,1304,1031,89,75,72,37,1429,1038,93,86,84,73,45,10
9.469559,1294,1031,90,74,71,28,1420,1035,85,85,83,93,32,7
9.477106,1299,1032,90,74,70,33,1427,1032,78,80,99,84,43,11
9.484301,1284,1033,90,75,68,18,1426,1031,74,81,95,84,48,13
9.491243,1295,1033,88,77,69,28,1422,1036,69,93,98,79,33,14
9.498086,1295,1033,89,77,68,28,1428,1042,81,83,86,74,52,10
9.505392,1292,1033,89,79,66,25,1428,1031,81,73,99,77,53,14
9.512915,1295,1033,88,83,64,27,1424,1031,80,69,92,84,60,8
9.519975,1291,1034,89,80,65,23,1423,1028,79,83,88,83,50,12
9.527066,1291,1032,90,79,66,24,1427,1037,85,71,98,87,43,6
9.534361,1296,1032,92,78,65,29,1428,1038,87,91,79,77,46,10
9.541946,1296,1032,92,78,65,29,1430,1038,78,84,88,74,55,13
9.548954,1305,1033,92,77,64,39,1433,1035,98,78,85,86,40,11
9.555725,1289,1033,93,77,63,23,1436,1032,82,85,89,81,55,12
9.562949,1287,1031,94,78,62,22,1433,1029,83,77,100,86,50,8
9.570090,1303,1031,94,78,64,36,1432,1029,92,71,92,92,49,7
9.577324,1300,1031,89,80,67,33,1435,1030,87,78,88,84,56,12
9.584354,1293,1033,88,80,69,23,1435,1041,79,85,101,77,41,11
9.591682,1293,1034,87,80,70,22,1444,1034,88,70,91,90,55,16
9.598675,1296,1034,86,81,70,25,1441,1039,85,74,82,82,67,12
9.605687,1298,1034,88,78,71,27,1444,1035,89,85,84,93,46,12
9.612573,1310,1033,89,78,70,40,1447,1036,86,82,93,93,44,13
9.619741,1288,1035,88,76,72,17,1436,1040,76,90,85,82,52,11
9.626760,1302,1034,87,77,73,31,1430,1035,81,80,97,78,50,9
9.633968,1294,1034,88,76,73,23,1434,1038,85,75,92,89,40,15
9.641532,1297,1034,88,76,73,26,1433,1046,76,85,92,74,46,14
9.648993,1294,1033,89,77,72,23,1428,1042,74,87,96,78,44,7
9.656678,1293,1032,90,76,72,23,1428,1027,91,79,91,83,53,4
9.664236,1310,1034,89,76,71,40,1433,1051,67,80,95,76,47,17
9.671529,1291,1034,89,77,70,21,1422,1046,82,64,95,82,41,12
9.679312,1290,1032,84,83,71,20,1427,1032,72,84,89,91,43,16
9.687055,1295,1033,83,84,70,25,1423,1033,85,83,91,72,42,17
9.695077,1295,1032,83,83,71,26,1417,1034,74,72,93,82,48,14
9.703159,1294,1032,82,83,72,25,1411,1029,77,75,80,89,54,7
9.710765,1297,1030,86,81,72,28,1413,1038,74,67,83,99,43,9
9.718344,1304,1031,86,81,70,36,1418,1044,76,81,87,78,39,13
9.726278,1297,1030,87,82,69,29,1420,1049,76,74,100,69,40,12
9.733897,1300,1030,88,83,67,32,1416,1038,75,72,84,93,41,13
9.741724,1287,1030,86,85,67,19,1419,1044,89,72,90,77,36,11
9.749796,1288,1030,84,88,66,20,1409,1039,78,66,98,79,37,12
9.757627,1282,1028,87,88,66,13,1400,1037,80,80,80,73,45,5
9.765554,1284,1027,87,86,69,15,1406,1034,82,78,83,82,37,10
9.773573,1290,1026,88,84,71,21,1407,1040,72,72,90,85,36,12
9.781211,1303,1026,89,83,71,34,1407,1034,73,71,100,74,44,11
9.789001,1292,1025,90,80,73,24,1407,1025,73,89,92,78,39,11
9.796990,1289,1024,90,82,70,23,1409,1036,85,89,86,60,43,10
9.804806,1298,1024,91,83,70,30,1411,1046,68,77,103,69,37,11
9.812986,1293,1023,91,81,73,25,1411,1042,63,78,86,89,41,12
9.820837,1291,1023,91,81,75,21,1409,1041,85,63,82,86,40,12
9.829011,1287,1023,92,80,75,17,1405,1037,80,68,83,74,50,13
9.836658,1292,1022,92,78,78,22,1407,1042,66,89,77,72,49,12
9.844552,1293,1023,91,79,77,23,1416,1045,68,70,96,85,43,9
9.852155,1290,1025,89,83,72,21,1415,1037,83,69,77,84,51,14
9.859991,1302,1027,88,83,71,33,1414,1040,85,73,75,87,43,11
9.867325,1298,1027,86,85,69,31,1425,1044,69,93,70,82,44,23
9.874925,1289,1028,85,85,68,23,1417,1031,85,80,100,69,42,10
9.882466,1291,1028,85,84,69,25,1415,1030,70,86,89,83,48,9
9.889776,1284,1028,85,82,69,20,1420,1038,73,80,85,80,50,14
9.897522,1286,1028,86,78,71,23,1425,1027,79,82,99,84,46,8
9.905404,1289,1028,87,77,69,28,1431,1037,72,92,91,80,50,9
9.912437,1290,1029,89,75,70,27,1434,1036,76,81,99,77,57,8
9.919724,1291,1029,90,76,69,27,1439,1037,81,91,91,84,46,9
9.926569,1294,1031,89,77,66,31,1440,1044,80,86,95,85,34,16
9.933679,1292,1031,90,77,67,27,1438,1030,75,90,102,86,45,10
9.941066,1284,1031,91,75,69,18,1445,1038,79,78,108,77,52,13
9.947834,1300,1032,92,73,70,33,1450,1036,77,81,99,96,49,12
9.954720,1294,1031,92,74,71,26,1442,1031,92,82,88,79,52,18
9.962138,1304,1031,89,78,71,35,1438,1031,76,96,92,83,44,16
9.969230,1298,1031,89,78,71,29,1434,1029,80,82,105,75,51,12
9.976467,1286,1031,88,79,70,18,1440,1036,65,86,94,84,56,19
9.983624,1293,1032,89,80,65,27,1444,1040,82,83,95,91,44,9
9.990788,1290,1032,91,78,65,24,1447,1038,82,71,96,93,56,11
9.998146,1284,1034,88,80,65,17,1445,1035,79,84,92,89,49,17
10.005429,1296,1034,87,79,67,29,1447,1033,82,88,83,94,54,13
10.012603,1303,1034,87,79,66,37,1447,1049,76,78,99,81,49,15
10.019651,1302,1034,87,79,65,37,1437,1039,76,79,96,87,49,11
10.026539,1295,1033,87,80,62,33,1429,1039,79,79,78,93,50,11
10.033605,1292,1035,85,80,62,30,1438,1039,74,73,85,81,65,21
10.040438,1285,1034,87,81,61,22,1442,1022,85,74,89,91,65,16
10.047220,1294,1034,87,83,59,31,1429,1030,95,64,102,79,52,7
10.054205,1298,1035,85,84,59,35,1423,1034,76,72,82,93,47,19
10.061604,1288,1034,86,83,60,25,1419,1030,78,77,89,77,56,12
10.069060,1287,1035,86,82,60,24,1419,1042,66,72,84,84,54,17
10.076881,1288,1034,85,83,61,25,1415,1029,77,79,85,89,42,14
10.085138,1284,1035,85,82,62,20,1406,1042,70,79,90,72,42,11
10.093088,1289,1035,85,82,62,25,1396,1032,88,67,79,76,41,13
10.101012,1293,1034,88,78,64,29,1401,1040,75,75,77,87,33,14
10.109364,1291,1034,87,78,66,26,1396,1032,78,85,65,87,39,10
10.117476,1278,1034,90,78,63,13,1400,1023,85,72,82,71,53,14
10.125173,1290,1036,87,81,61,25,1392,1028,79,79,83,75,43,5
10.133020,1287,1035,88,80,61,23,1400,1032,84,73,78,77,45,11
10.141196,1278,1035,88,79,62,14,1411,1030,83,69,80,77,57,15
10.148518,1286,1035,88,78,64,21,1411,1021,88,53,91,86,62,10
10.155739,1284,1036,91,76,60,21,1416,1027,77,76,84,90,51,11
10.163491,1287,1038,87,79,59,24,1418,1038,68,78,100,81,38,15
10.171012,1288,1039,84,79,60,26,1417,1035,77,74,91,89,38,13
10.178590,1291,1039,84,79,59,30,1430,1048,64,71,85,94,53,15
10.186143,1287,1039,84,77,63,24,1429,1037,79,89,94,75,42,13
10.193856,1284,1039,84,79,61,21,1421,1040,69,83,92,83,45,9
10.201182,1293,1038,81,82,60,32,1423,1047,75,77,90,73,52,9
10.208639,1284,1036,76,88,62,22,1430,1027,87,78,89,81,52,16
10.215862,1292,1036,77,87,62,30,1433,1032,80,83,86,91,48,13
10.223116,1280,1036,79,86,62,17,1439,1032,81,86,77,98,51,14
10.230095,1296,1037,80,84,62,33,1446,1027,84,75,102,89,54,15
10.237252,1290,1037,79,84,62,28,1447,1026,84,85,92,98,56,6
10.244090,1293,1036,80,83,63,31,1451,1029,89,89,86,88,56,14
10.250793,1285,1036,79,82,66,22,1450,1036,82,83,97,92,50,10
10.258338,1287,1034,81,80,68,24,1451,1029,72,91,98,94,55,12
10.265138,1292,1034,81,82,66,29,1450,1025,91,69,100,89,54,22
10.272239,1290,1033,82,81,68,26,1447,1037,77,73,99,91,58,12
10.279457,1300,1032,83,82,68,35,1447,1038,89,80,82,87,65,6
10.286407,1287,1030,82,83,67,25,1445,1041,77,86,90,89,50,12
10.293364,1289,1032,81,84,66,26,1447,1043,73,90,79,95,52,15
10.300532,1282,1032,80,83,68,19,1448,1043,72,84,107,77,51,14
10.307708,1293,1031,82,83,66,31,1440,1028,76,85,96,75,65,15
10.314219,1282,1032,80,83,66,21,1428,1029,86,65,106,90,46,6
10.321515,1296,1030,84,81,67,34,1427,1045,67,73,102,74,53,13
10.328523,1290,1032,82,85,64,27,1432,1045,83,68,97,85,40,14
10.335760,1297,1032,83,84,64,34,1425,1045,71,94,82,80,45,8
10.343622,1293,1032,84,85,61,31,1434,1035,74,87,94,78,48,18
10.351079,1292,1032,83,85,62,30,1432,1033,76,72,106,87,46,12
10.357735,1292,1031,87,82,64,28,1429,1035,65,82,95,90,51,11
10.364612,1284,1029,88,80,67,20,1441,1033,88,72,98,88,48,14
10.372071,1291,1029,88,80,65,29,1437,1047,81,82,91,73,51,12
10.379734,1288,1029,87,79,67,26,1435,1039,83,96,79,79,46,13
10.387083,1287,1029,87,79,67,25,1430,1036,79,73,97,91,46,8
10.394345,1284,1029,86,82,64,23,1431,1040,75,79,92,83,56,6
10.401808,1287,1028,87,81,65,26,1432,1034,78,79,84,91,53,13
10.409153,1287,1028,87,81,65,26,1434,1035,73,89,90,90,42,15
10.416503,1286,1029,86,82,63,26,1436,1032,85,69,95,99,42,14
10.423638,1295,1028,86,84,64,33,1440,1041,81,75,81,94,51,17
10.430626,1293,1030,82,86,64,31,1437,1044,72,79,95,96,41,10
10.437611,1284,1030,82,86,64,22,1448,1044,82,80,85,100,49,8
10.444986,1291,1031,79,89,63,29,1458,1041,82,72,99,98,50,16
10.451950,1293,1031,79,87,64,32,1455,1041,82,76,102,89,52,13
10.458554,1290,1030,81,86,65,28,1461,1041,79,81,94,90,61,15
10.465432,1294,1030,82,85,65,32,1458,1039,74,83,101,89,55,17
10.472138,1301,1030,83,85,64,39,1460,1027,80,86,100,94,53,20
10.479170,1284,1031,82,86,64,21,1448,1021,90,99,80,95,49,14
10.486124,1288,1030,85,83,67,23,1443,1025,72,94,96,85,56,15
10.493493,1297,1030,84,81,71,31,1436,1046,75,80,96,83,37,19
10.501213,1290,1029,87,80,68,26,1426,1036,79,87,87,80,50,7
10.508574,1291,1029,86,80,68,28,1427,1042,78,85,95,73,45,9
10.516204,1291,1028,86,80,69,28,1432,1035,87,77,83,82,57,11
10.523206,1294,1028,84,82,69,31,1436,1028,75,76,109,71,61,16
10.530166,1287,1029,83,81,69,25,1441,1039,77,81,111,80,37,16
10.537512,1284,1028,84,80,69,23,1432,1021,79,79,98,95,48,12
10.544729,1282,1027,85,82,66,22,1435,1024,84,84,97,78,55,13
10.551682,1286,1026,86,81,67,26,1436,1037,71,89,102,86,44,7
10.558671,1292,1025,85,82,68,32,1447,1036,80,78,103,83,48,19
10.565689,1285,1025,88,81,68,23,1442,1032,81,83,112,73,48,13
10.572928,1299,1025,88,80,70,36,1443,1037,79,81,88,98,45,15
10.579839,1280,1025,89,80,70,16,1440,1038,79,74,105,85,53,6
10.587109,1283,1024,91,79,67,22,1440,1043,80,75,91,92,44,15
10.594103,1297,1026,90,80,67,34,1433,1045,77,86,103,63,46,13
10.601171,1291,1026,90,78,69,28,1435,1026,88,87,84,95,43,12
10.608131,1286,1026,90,80,67,23,1433,1017,80,85,98,89,54,10
10.615364,1289,1027,91,81,64,26,1433,1037,83,75,99,80,43,16
10.622594,1292,1025,94,79,66,28,1439,1039,73,77,90,88,57,15
10.629326,1281,1024,95,79,64,19,1433,1036,81,83,98,85,39,11
10.636583,1289,1025,94,80,64,26,1429,1025,76,90,90,90,49,9
10.643636,1284,1025,94,78,66,21,1430,1037,69,79,98,89,47,11
10.650667,1299,1025,91,81,66,36,1427,1048,74,82,96,81,39,7
10.658015,1289,1026,90,82,64,27,1438,1036,73,80,84,97,48,20
10.665104,1290,1025,89,84,63,29,1434,1037,75,85,82,90,50,15
10.672267,1280,1025,90,83,63,19,1433,1020,76,82,102,82,56,15
10.679619,1286,1023,90,84,63,26,1425,1030,82,68,101,82,50,12
10.686919,1291,1021,90,87,60,33,1430,1037,75,82,93,83,45,15
10.693853,1284,1021,87,89,61,26,1434,1038,83,87,90,88,37,11
10.700679,1287,1021,87,94,55,30,1440,1033,89,85,85,92,44,12
10.708034,1283,1022,87,94,54,26,1437,1028,77,82,103,86,48,13
10.715169,1283,1023,87,91,54,28,1432,1024,77,86,113,81,40,11
10.722214,1281,1022,87,91,55,26,1434,1035,76,78,99,86,42,18
10.729210,1286,1021,87,91,55,32,1423,1030,76,80,95,83,48,11
10.736242,1287,1021,88,90,55,33,1425,1034,78,88,92,76,45,12
10.743794,1273,1022,89,91,54,17,1422,1039,87,79,104,71,34,8
10.750979,1279,1021,91,91,53,23,1425,1039,76,88,83,97,28,14
10.758105,1284,1021,93,89,51,30,1426,1032,83,87,98,72,42,12
10.765681,1274,1022,92,89,51,20,1412,1031,78,102,91,75,34,1
10.773374,1273,1021,92,90,50,20,1416,1032,84,72,95,88,39,6
10.781183,1286,1021,93,87,53,32,1419,1050,77,71,86,95,31,9
10.788719,1283,1021,94,87,52,29,1421,1049,66,81,91,70,44,20
10.795356,1282,1022,93,87,53,27,1433,1037,80,62,103,92,46,13
10.802719,1278,1023,93,86,53,23,1423,1025,83,82,90,85,47,11
10.809913,1283,1023,93,86,53,28,1418,1038,78,76,106,70,41,9
10.817496,1284,1024,94,83,55,28,1425,1034,84,76,102,71,48,10
10.824553,1281,1024,94,83,57,23,1425,1033,86,65,87,94,48,12
10.831854,1288,1023,95,83,58,29,1415,1035,77,76,93,90,38,6
10.839100,1292,1025,95,81,58,33,1420,1032,69,93,76,88,46,16
10.846363,1283,1023,95,85,56,24,1421,1034,79,81,95,75,44,13
10.853758,1284,1023,93,87,56,25,1423,1019,87,82,82,95,47,11
10.861270,1294,1022,96,85,57,34,1420,1030,86,80,84,90,36,14
10.868572,1280,1021,99,85,52,23,1422,1035,90,76,101,68,46,6
10.875948,1282,1020,98,85,54,25,1430,1035,86,85,90,86,36,12
10.883142,1286,1020,96,87,54,29,1438,1036,83,84,92,87,35,21
10.890249,1276,1021,95,88,52,20,1420,1026,94,80,88,78,41,13
10.897236,1281,1022,95,88,51,25,1424,1022,94,78,92,82,34,22
10.904435,1290,1022,95,86,53,34,1417,1028,79,69,101,83,45,12
10.912037,1279,1022,95,87,53,22,1421,1031,83,76,96,83,43,9
10.919728,1282,1022,94,88,53,25,1424,1044,79,72,111,73,36,9
10.926905,1281,1022,96,87,53,23,1425,1035,79,75,102,87,36,11
10.933773,1285,1019,100,83,56,27,1430,1036,82,71,95,87,48,11
10.940981,1283,1019,101,84,54,25,1421,1025,90,84,88,70,48,16
10.948579,1284,1020,98,87,53,26,1424,1045,77,90,85,75,44,8
10.956186,1280,1021,97,87,54,21,1424,1035,84,81,92,73,49,10
10.963502,1292,1023,97,82,57,33,1421,1026,87,84,93,78,41,12
10.971348,1289,1025,97,81,58,28,1421,1032,84,77,94,78,39,17
10.978940,1291,1025,99,78,58,31,1425,1046,79,73,80,81,56,10
10.985759,1294,1026,99,80,56,33,1426,1040,83,70,95,73,53,12
10.992830,1292,1026,101,80,53,32,1435,1046,65,88,82,87,50,17
10.999770,1290,1027,101,79,53,30,1428,1039,85,78,93,81,48,4
11.007154,1298,1026,101,83,51,37,1434,1033,82,67,102,92,45,13
11.014591,1286,1025,103,81,54,23,1425,1044,66,89,92,85,40,9
11.021673,1295,1025,103,81,55,31,1424,1033,77,80,92,87,38,17
11.028859,1291,1025,105,78,57,26,1424,1037,83,75,94,73,49,13
11.036460,1283,1025,104,78,58,18,1429,1046,66,87,90,84,42,14
11.044455,1294,1025,103,79,58,29,1414,1038,72,71,106,72,41,14
11.052425,1287,1025,103,79,58,22,1409,1040,68,80,89,90,33,9
11.060156,1286,1025,102,82,57,20,1412,1034,74,83,97,80,38,6
11.067876,1292,1024,103,80,59,26,1411,1036,80,73,83,81,43,15
11.075560,1290,1023,106,76,60,25,1411,1044,75,62,99,83,37,11
11.083230,1294,1023,108,72,63,28,1410,1033,78,89,76,70,52,12
11.090305,1287,1023,107,73,63,21,1408,1035,81,92,82,75,35,8
11.097960,1297,1022,109,73,63,30,1412,1036,71,82,103,72,40,8
11.105241,1295,1023,109,71,64,28,1408,1037,76,79,89,72,45,10
11.112321,1290,1021,110,67,69,23,1415,1042,72,70,104,81,37,9
11.120248,1287,1021,109,68,69,20,1419,1044,68,83,85,78,43,18
11.127698,1296,1022,107,70,70,27,1424,1039,68,90,91,82,45,9
11.135785,1293,1021,106,72,68,26,1421,1040,73,72,84,92,44,16
11.143302,1294,1023,106,68,71,26,1427,1041,78,75,87,82,49,15
11.150454,1285,1023,105,72,67,18,1420,1037,84,74,77,83,49,16
11.157800,1298,1024,105,72,66,31,1419,1034,75,92,89,78,42,9
11.165559,1285,1025,105,73,64,18,1423,1039,78,89,73,82,50,12
11.172977,1298,1028,104,71,65,30,1423,1030,99,74,77,81,53,9
11.180167,1290,1028,104,69,68,21,1419,1042,85,79,85,88,33,7
11.187943,1311,1028,101,73,68,41,1420,1047,87,72,94,73,35,12
11.195513,1293,1029,101,71,69,23,1423,1052,80,77,74,88,36,16
11.203299,1299,1031,99,69,73,27,1425,1052,79,78,86,77,44,9
11.211195,1292,1030,100,68,76,18,1425,1044,76,73,97,76,47,12
11.218214,1306,1029,100,72,73,32,1435,1048,74,91,78,80,48,16
11.225312,1308,1029,97,73,74,35,1430,1046,80,78,88,89,32,17
11.232512,1295,1027,98,71,76,23,1426,1036,80,75,92,66,67,10
11.240238,1304,1027,99,75,72,31,1417,1040,80,79,78,81,45,14
11.247781,1293,1027,99,76,72,19,1419,1037,76,85,93,75,42,11
11.255474,1298,1027,99,75,73,24,1431,1043,83,73,90,76,45,21
11.263138,1299,1028,98,75,73,25,1433,1044,75,82,86,79,49,18
11.270216,1312,1029,98,76,71,38,1431,1036,72,92,83,84,45,19
11.277717,1299,1026,101,76,72,24,1425,1042,71,84,95,80,42,11
11.285470,1302,1027,101,72,77,25,1428,1057,70,73,95,81,45,7
11.293445,1306,1027,103,69,78,29,1428,1041,85,66,81,86,55,14
11.300756,1302,1029,102,69,77,25,1424,1043,77,65,87,89,42,21
11.308509,1316,1029,100,70,78,39,1417,1041,90,63,89,71,46,17
11.315910,1304,1030,100,69,77,28,1416,1045,71,78,91,77,40,14
11.323716,1302,1029,101,70,75,27,1409,1049,85,69,72,75,46,13
11.331687,1302,1028,100,71,76,27,1415,1043,78,80,77,75,51,11
11.339234,1304,1028,100,71,75,30,1416,1039,76,72,96,76,46,11
11.346958,1296,1028,100,71,74,23,1412,1039,88,73,77,94,31,10
11.354321,1313,1030,97,74,72,40,1418,1039,76,90,84,79,39,11
11.362095,1295,1029,97,75,74,20,1418,1038,78,73,100,70,55,4
11.370040,1289,1028,99,73,75,14,1422,1038,73,85,92,83,38,13
11.377660,1310,1030,98,75,73,34,1427,1043,77,72,80,91,51,13
11.384877,1305,1030,98,75,75,27,1437,1051,78,85,84,72,48,19
11.392835,1304,1029,97,78,71,29,1442,1034,87,94,77,77,61,12
11.400172,1300,1030,97,75,73,25,1435,1042,84,84,84,88,42,11
11.407207,1300,1030,98,75,72,25,1441,1040,89,62,88,99,51,12
11.414275,1300,1030,98,75,72,25,1432,1040,75,78,84,89,53,13
11.421268,1299,1030,98,74,73,24,1426,1050,79,74,83,75,59,6
11.428405,1312,1032,92,80,71,37,1432,1044,80,78,88,78,46,18
11.435725,1311,1033,95,80,66,37,1436,1043,71,92,63,90,54,23
11.442995,1297,1034,95,77,68,23,1437,1042,75,74,108,80,49,9
11.450383,1298,1035,92,75,72,24,1425,1039,69,88,81,91,45,12
11.457885,1312,1034,93,74,73,38,1435,1035,79,81,86,90,45,19
11.465036,1306,1035,92,75,75,29,1429,1053,86,65,87,75,53,10
11.472601,1312,1035,94,74,77,32,1419,1045,77,84,84,82,39,8
11.480434,1312,1037,92,78,71,34,1432,1046,76,78,97,75,48,12
11.487955,1301,1037,91,77,72,24,1425,1054,77,78,85,70,53,8
11.495717,1304,1037,90,77,72,28,1424,1039,82,70,94,81,47,11
11.503983,1299,1037,91,79,71,21,1421,1055,76,82,78,67,48,15
11.511696,1305,1036,92,80,70,27,1421,1054,73,73,84,78,52,7
11.519237,1291,1035,94,79,66,17,1418,1051,79,80,77,75,49,7
11.526589,1297,1035,95,77,67,23,1422,1051,74,80,80,67,54,16
11.534230,1295,1034,96,76,67,22,1418,1040,75,86,75,82,45,15
11.541932,1292,1034,96,76,67,19,1411,1053,80,73,88,65,38,14
11.549983,1292,1034,98,73,69,18,1409,1055,84,68,70,79,39,14
11.558474,1299,1035,97,74,69,24,1404,1055,78,80,71,67,39,14
11.566545,1295,1036,98,72,69,20,1402,1045,76,61,79,67,53,21
11.575181,1301,1038,96,72,68,27,1388,1044,72,66,82,77,40,7
11.583323,1293,1036,96,72,70,19,1389,1041,65,78,70,78,41,16
11.591534,1306,1034,96,74,69,33,1387,1051,80,60,73,75,38,10
11.600069,1294,1035,95,75,68,21,1391,1052,61,65,85,75,39,14
11.608786,1289,1036,97,72,68,16,1388,1050,69,75,73,73,37,11
11.617031,1296,1039,95,74,66,22,1398,1038,74,65,74,84,48,15
11.625228,1290,1039,90,79,64,18,1393,1037,75,73,73,79,40,16
11.634118,1298,1038,90,77,67,26,1393,1044,78,73,67,74,45,12
11.642676,1299,1039,89,78,69,24,1387,1041,72,75,76,74,40,9
11.651455,1299,1039,89,76,71,24,1387,1047,70,77,82,66,35,10
11.660041,1298,1039,90,77,71,21,1391,1059,70,65,66,66,54,11
11.669125,1299,1040,89,79,69,22,1389,1059,69,61,81,64,41,14
11.677709,1298,1040,88,79,70,21,1392,1053,79,64,80,75,31,10
11.686166,1304,1039,88,80,70,27,1385,1058,63,71,76,73,34,10
11.694678,1306,1039,89,78,73,27,1394,1049,74,76,71,70,44,10
11.702823,1307,1037,91,77,74,28,1399,1055,70,60,82,74,42,16
11.711240,1306,1036,91,79,71,29,1393,1053,71,69,79,77,35,9
11.719594,1306,1037,92,78,70,29,1393,1051,72,71,74,65,45,15
11.728748,1309,1038,93,77,69,32,1389,1055,66,72,75,68,45,8
11.737659,1294,1041,91,80,62,20,1393,1060,72,75,81,66,30,9
11.746815,1296,1041,90,81,63,21,1397,1053,70,75,77,69,44,9
11.755955,1303,1041,90,81,63,28,1394,1058,72,61,77,76,36,14
11.764575,1293,1042,90,81,63,17,1399,1048,63,64,75,89,48,12
11.773484,1294,1040,89,86,61,18,1395,1064,58,68,79,80,35,11
11.781744,1295,1042,89,82,63,19,1394,1055,59,76,81,70,45,8
11.790909,1296,1045,87,86,57,21,1400,1052,77,66,78,78,37,12
11.799175,1292,1045,87,87,56,17,1389,1044,71,83,80,71,34,6
11.807546,1304,1045,88,85,57,29,1388,1058,73,75,85,66,25,6
11.815965,1299,1045,88,85,56,25,1392,1051,67,70,77,76,38,13
11.824782,1301,1045,86,85,58,27,1377,1054,74,63,83,60,41,2
11.833546,1291,1044,87,84,56,20,1382,1046,72,68,61,75,43,17
11.842181,1293,1043,88,85,58,19,1375,1052,74,69,75,62,32,11
11.851283,1291,1042,88,86,58,17,1376,1048,68,67,84,59,41,9
11.859719,1299,1042,88,87,57,25,1375,1037,72,69,86,54,46,11
11.868916,1303,1040,89,87,56,31,1379,1049,73,65,89,64,32,7
11.876926,1302,1039,88,89,55,31,1386,1052,70,73,71,71,42,7
11.885379,1290,1042,86,89,54,19,1389,1049,79,69,81,62,38,11
11.894058,1289,1042,88,88,54,17,1385,1043,71,76,81,74,31,9
11.902675,1291,1040,89,88,56,18,1379,1042,64,80,68,76,38,11
11.911234,1294,1041,88,89,55,21,1382,1045,72,75,80,58,42,10
11.919695,1300,1039,90,87,58,26,1387,1047,78,66,65,74,47,10
11.928942,1308,1039,91,86,60,32,1382,1055,65,69,67,79,41,6
11.937560,1300,1041,90,84,62,23,1381,1051,65,75,71,70,38,11
11.946291,1299,1041,90,85,62,21,1390,1051,74,78,69,62,44,12
11.954799,1318,1039,93,83,65,38,1391,1063,70,72,69,72,34,11
11.963527,1305,1039,92,84,64,26,1395,1050,81,76,67,77,35,9
11.972160,1295,1037,93,82,65,18,1392,1064,66,73,76,71,35,7
11.981568,1301,1039,92,82,64,24,1392,1056,63,82,74,67,37,13
11.990092,1298,1037,92,83,66,20,1396,1052,72,66,80,69,48,9
11.998940,1311,1037,91,84,66,33,1404,1056,80,71,80,70,36,11
12.006806,1307,1038,92,83,65,29,1403,1055,73,63,81,80,41,10
12.015347,1312,1040,92,84,62,34,1408,1050,83,73,76,79,38,9
12.023903,1298,1040,93,84,61,20,1410,1061,66,71,77,82,40,13
12.032459,1301,1040,93,85,61,22,1400,1057,82,70,78,65,40,8
12.040779,1300,1041,93,84,61,21,1400,1064,71,78,60,71,45,11
12.049644,1290,1038,95,86,58,13,1399,1054,83,70,76,73,37,6
12.058048,1304,1039,95,85,58,27,1407,1053,69,92,68,71,46,8
12.066538,1303,1036,95,87,59,26,1405,1062,80,68,82,70,33,10
12.074343,1303,1035,97,86,59,26,1405,1053,73,62,78,85,45,9
12.083114,1305,1035,98,88,56,28,1404,1058,69,71,75,77,41,13
12.091105,1303,1035,98,88,56,26,1398,1054,74,53,79,75,55,8
12.099207,1302,1036,99,87,55,25,1391,1050,76,74,69,70,42,10
12.107257,1300,1038,100,84,54,24,1393,1056,68,62,80,75,44,8
12.115857,1297,1040,98,83,55,21,1398,1045,74,75,80,77,34,13
12.124234,1304,1042,94,84,57,27,1390,1044,82,63,80,74,36,11
12.132860,1301,1042,94,83,58,24,1396,1050,78,69,77,64,44,14
12.141735,1299,1042,94,82,59,22,1400,1053,77,69,81,66,44,10
12.149889,1306,1044,92,83,59,28,1401,1054,65,66,87,59,53,17
12.158000,1296,1044,91,84,60,17,1399,1051,77,64,76,82,39,10
12.166532,1305,1045,90,84,59,27,1401,1062,64,69,69,74,45,18
12.174888,1310,1047,89,83,59,32,1400,1054,85,72,70,70,41,8
12.183566,1297,1048,87,84,61,17,1404,1050,75,73,78,62,45,21
12.191724,1305,1050,86,84,60,25,1402,1057,80,72,57,78,54,4
12.199669,1309,1049,86,82,62,30,1417,1058,79,78,69,71,48,14
12.208076,1309,1049,87,82,61,30,1410,1057,69,77,73,76,49,9
12.216200,1300,1048,90,79,61,22,1413,1056,71,69,77,87,36,17
12.224030,1307,1046,90,82,60,29,1410,1055,73,74,77,80,46,5
12.232062,1312,1045,92,83,57,35,1414,1049,84,72,81,76,38,14
12.239959,1310,1047,89,81,60,33,1420,1063,68,79,80,62,52,16
12.247995,1297,1047,87,84,59,20,1428,1064,63,87,76,79,42,17
12.255960,1309,1046,87,85,58,33,1430,1054,74,69,94,80,45,14
12.263932,1302,1045,88,84,61,24,1429,1055,77,92,77,65,53,10
12.271463,1307,1044,87,86,61,29,1433,1052,73,83,81,76,50,18
12.279129,1311,1044,88,85,61,33,1432,1067,73,80,79,70,54,9
12.287162,1294,1045,87,83,63,16,1423,1053,77,70,98,75,41,9
12.295376,1308,1043,87,85,63,30,1425,1051,82,73,90,67,54,8
12.302915,1303,1044,88,83,62,26,1428,1058,60,82,78,77,57,16
12.310731,1300,1043,89,83,61,24,1429,1045,69,86,84,77,56,12
12.318542,1303,1043,89,84,61,26,1439,1058,71,75,86,84,53,12
12.325995,1298,1044,93,83,57,21,1432,1058,76,76,85,83,44,10
12.334156,1308,1045,91,85,57,30,1436,1058,63,84,85,83,53,10
12.341807,1303,1043,93,85,58,24,1434,1047,75,76,101,75,49,11
12.349368,1312,1042,93,86,58,33,1433,1064,75,82,81,68,52,11
12.357633,1305,1042,94,83,60,26,1436,1058,71,83,85,75,57,7
12.365180,1308,1042,92,84,60,30,1444,1067,67,78,79,80,60,13
12.372627,1304,1042,92,85,59,26,1435,1066,71,79,75,80,55,9
12.379946,1311,1039,97,81,61,33,1437,1062,62,83,78,70,66,16
12.387741,1312,1038,101,79,60,34,1437,1055,62,78,85,81,64,12
12.394959,1303,1036,102,80,60,25,1431,1048,77,89,82,71,53,11
12.403085,1309,1037,102,79,61,30,1424,1053,78,88,70,78,47,10
12.410861,1307,1035,103,80,62,27,1424,1047,82,83,75,76,46,15
12.418684,1309,1036,104,77,63,29,1428,1059,68,73,100,71,46,11
12.426472,1307,1035,106,75,64,27,1427,1058,72,76,83,78,46,14
12.434693,1310,1037,106,74,63,30,1427,1061,82,69,85,79,39,12
12.442472,1304,1037,107,73,63,24,1418,1052,77,81,73,84,45,6
12.451031,1305,1035,107,76,64,23,1432,1067,76,85,77,68,43,16
12.458590,1318,1035,106,78,65,34,1415,1061,82,68,89,73,34,8
12.466855,1318,1035,107,77,65,34,1417,1056,77,82,76,80,36,10
12.475013,1311,1035,109,75,66,26,1407,1059,81,85,80,56,43,3
12.483442,1311,1035,108,76,65,27,1413,1061,82,66,76,71,48,9
12.491202,1316,1036,108,76,64,32,1416,1069,69,64,77,69,59,9
12.498813,1309,1039,106,74,65,25,1415,1065,77,74,80,65,42,12
12.506966,1302,1038,107,74,64,19,1414,1064,75,77,73,71,42,12
12.515368,1304,1040,107,73,63,21,1420,1065,69,70,78,71,43,24
12.522966,1305,1040,107,72,67,19,1418,1058,78,73,76,77,48,8
12.531668,1316,1039,110,69,68,30,1410,1067,73,74,85,65,41,5
12.539916,1319,1040,110,70,66,33,1412,1072,76,70,77,70,35,12
12.548116,1301,1041,108,72,65,15,1423,1058,81,76,83,68,37,20
12.555815,1318,1041,105,75,64,33,1422,1066,78,75,87,61,48,7
12.563244,1308,1043,103,78,60,24,1424,1058,82,71,97,65,41,10
12.571161,1319,1045,101,79,59,35,1421,1065,82,82,67,71,39,15
12.578760,1312,1044,102,79,60,27,1414,1056,77,70,84,73,44,10
12.586617,1313,1045,102,79,58,29,1415,1056,63,84,85,75,42,10
12.595142,1311,1047,102,79,56,27,1414,1064,72,73,77,74,45,9
12.603020,1313,1047,106,76,55,29,1417,1066,74,80,79,58,42,18
12.611300,1313,1046,107,75,56,29,1407,1057,72,80,76,74,34,14
12.620255,1312,1047,108,73,58,26,1401,1057,62,88,82,75,31,6
12.628429,1318,1047,108,73,58,32,1412,1056,65,85,83,67,44,12
12.636879,1313,1045,108,73,60,27,1401,1065,75,75,62,74,36,14
12.645174,1307,1044,107,76,58,22,1398,1063,75,69,74,69,37,11
12.654089,1303,1043,109,76,56,19,1407,1055,84,67,79,63,44,15
12.662997,1307,1043,107,80,55,22,1398,1049,68,78,83,55,54,11
12.671329,1306,1043,106,80,56,21,1401,1064,69,70,82,67,39,10
12.679214,1313,1042,105,82,56,28,1399,1069,74,62,82,57,40,15
12.687944,1304,1041,105,85,53,20,1390,1065,70,78,75,58,38,6
12.696940,1300,1038,107,84,55,16,1406,1063,69,70,83,67,40,14
12.705399,1302,1038,106,84,55,19,1402,1056,75,74,84,62,42,9
12.714068,1304,1038,104,87,53,22,1393,1060,71,75,77,68,35,7
12.723221,1301,1039,103,86,52,21,1397,1060,65,72,74,66,52,8
12.731866,1295,1039,102,87,53,14,1402,1051,68,74,94,64,38,13
12.740363,1299,1041,100,89,52,17,1406,1060,71,66,94,73,34,8
12.748651,1310,1043,101,86,53,27,1413,1057,71,73,68,77,48,19
12.756485,1299,1042,101,86,54,16,1398,1054,68,75,83,69,39,10
12.764688,1311,1042,101,87,53,28,1404,1056,78,63,91,64,39,13
12.773039,1312,1041,102,85,55,29,1393,1057,71,77,76,75,33,4
12.781862,1305,1041,101,87,54,22,1393,1060,67,70,77,77,32,10
12.790720,1306,1041,100,88,54,23,1402,1063,76,72,74,62,45,10
12.798858,1317,1042,99,86,57,33,1400,1056,79,72,70,72,37,14
12.807266,1300,1041,100,86,57,16,1389,1061,89,71,60,65,38,5
12.815678,1309,1041,102,83,57,26,1392,1058,69,66,82,76,35,6
12.824445,1314,1042,99,89,52,32,1399,1054,78,57,81,80,42,7
12.832911,1309,1041,100,89,52,27,1406,1054,82,69,78,67,40,16
12.840824,1313,1039,104,82,57,31,1417,1049,83,69,83,81,40,12
12.848996,1301,1038,105,82,58,18,1411,1059,76,79,73,69,41,14
12.856886,1309,1039,104,81,59,26,1403,1051,87,82,65,63,47,8
12.865426,1304,1040,105,80,57,22,1403,1048,74,77,70,74,51,9
12.873626,1300,1039,108,76,59,18,1396,1046,87,83,68,66,36,10
12.882531,1302,1038,108,79,56,21,1397,1050,83,78,77,68,31,10
12.891317,1312,1037,109,78,58,30,1401,1050,77,71,73,69,46,15
12.899580,1304,1037,109,80,56,22,1408,1063,64,82,73,67,41,18
12.908193,1311,1036,110,82,53,30,1409,1058,79,72,90,56,39,15
12.916342,1302,1034,113,78,54,23,1404,1069,85,55,87,70,35,3
12.924550,1303,1034,112,80,53,24,1406,1057,74,81,69,78,35,12
12.932628,1296,1035,112,79,53,17,1408,1057,88,75,71,63,47,7
12.941164,1306,1036,112,78,53,27,1402,1062,73,70,67,74,44,12
12.949744,1307,1035,111,83,49,29,1403,1058,75,73,77,63,49,8
12.958502,1300,1036,114,78,53,19,1402,1061,85,71,73,69,34,9
12.967253,1302,1040,110,77,53,22,1400,1063,80,79,59,74,38,7
12.975675,1308,1043,107,79,53,26,1411,1060,79,70,67,77,47,11
12.983879,1308,1043,107,80,52,26,1418,1052,79,81,85,61,46,14
12.992085,1305,1043,107,79,53,23,1418,1059,80,63,79,74,46,17
13.000585,1306,1042,109,80,52,23,1410,1062,77,80,75,66,40,10
13.008880,1306,1044,111,76,54,21,1407,1057,83,66,85,80,24,12
13.017437,1308,1045,112,77,51,23,1398,1057,80,70,75,71,38,7
13.026212,1305,1043,113,77,54,18,1400,1056,89,63,73,73,33,13
13.035228,1311,1042,114,77,54,24,1394,1049,89,72,64,72,38,10
13.043358,1309,1043,111,78,56,21,1400,1067,77,65,73,65,46,7
13.052179,1307,1042,108,80,57,20,1397,1059,66,70,74,80,38,10
13.060346,1323,1040,108,81,58,36,1395,1051,84,52,76,65,53,14
13.069227,1307,1040,107,82,59,19,1388,1053,70,71,89,54,36,15
13.077963,1316,1041,106,80,63,26,1391,1061,77,63,70,64,45,11
13.087566,1305,1041,105,81,64,14,1381,1076,58,67,71,63,37,9
13.097064,1314,1040,109,79,64,22,1373,1070,69,59,67,65,34,9
13.107085,1313,1040,109,79,64,21,1373,1060,82,63,69,54,32,13
13.116120,1313,1040,108,86,57,22,1378,1073,68,64,73,64,30,6
13.125343,1303,1040,108,91,51,13,1380,1074,69,62,71,59,38,7
13.134413,1310,1041,105,93,51,20,1382,1063,78,65,68,54,45,9
13.143761,1302,1043,103,95,47,14,1381,1055,75,70,58,69,43,11
13.152687,1314,1041,105,94,48,26,1399,1061,77,59,81,63,40,18
13.161259,1312,1042,104,94,48,24,1411,1071,79,52,78,67,48,16
13.169249,1308,1042,105,94,49,18,1411,1062,82,72,65,74,46,10
13.177568,1314,1042,104,94,49,25,1413,1056,81,79,86,55,39,17
13.185820,1315,1042,104,91,51,27,1421,1061,74,67,74,80,50,15
13.193771,1322,1044,107,88,51,32,1421,1061,81,68,82,65,50,14
13.201793,1312,1044,105,88,52,23,1420,1080,69,75,69,73,43,11
13.209962,1320,1043,106,88,53,30,1422,1063,80,77,86,62,44,10
13.218340,1319,1045,105,88,52,29,1426,1060,82,69,83,74,48,10
13.226680,1315,1045,104,90,52,24,1428,1064,76,69,86,82,42,9
13.234797,1317,1043,105,90,53,26,1429,1064,73,70,79,84,50,9
13.242601,1324,1043,107,88,53,33,1434,1066,82,69,73,75,61,8
13.249943,1328,1044,108,86,55,35,1438,1073,73,76,74,75,46,21
13.257926,1308,1045,111,82,55,15,1442,1057,87,80,84,80,46,8
13.265293,1318,1045,109,85,55,24,1441,1069,78,68,88,88,40,10
13.272902,1315,1045,108,86,53,23,1444,1062,79,76,86,83,46,12
13.280880,1319,1046,109,85,52,27,1450,1072,78,70,88,76,49,17
13.288344,1308,1047,108,86,50,17,1458,1068,81,67,84,87,55,16
13.295352,1311,1047,108,86,50,20,1468,1068,76,74,92,91,49,18
13.302489,1319,1049,104,87,51,28,1461,1073,76,82,88,82,47,13
13.309840,1313,1048,103,88,52,22,1468,1067,75,87,92,78,62,7
13.317234,1326,1048,104,90,52,32,1459,1065,86,81,82,78,61,6
13.324314,1319,1048,106,89,52,24,1470,1068,79,80,94,75,60,14
13.331380,1322,1048,106,90,51,27,1458,1071,70,79,94,102,37,5
13.338640,1321,1048,106,89,52,26,1463,1067,74,81,103,86,46,6
13.346001,1317,1047,106,89,54,21,1468,1071,75,87,107,70,48,10
13.353027,1332,1052,102,90,52,36,1466,1067,83,83,92,84,46,11
13.360186,1322,1052,104,86,54,26,1465,1070,69,92,75,84,56,19
13.367501,1324,1051,105,83,56,29,1459,1073,70,82,104,79,44,7
13.374388,1318,1051,104,83,57,23,1457,1075,72,88,99,62,47,14
13.381652,1325,1051,106,83,55,30,1459,1058,85,82,89,86,43,16
13.388690,1334,1050,106,84,57,37,1471,1074,68,79,83,102,46,19
13.395605,1327,1051,105,87,54,30,1464,1062,77,93,81,90,53,8
13.402726,1325,1049,107,84,57,28,1456,1058,81,88,79,89,49,12
13.409814,1323,1049,104,86,58,26,1467,1065,75,75,83,98,55,16
13.416947,1326,1046,108,84,62,26,1466,1070,77,81,93,72,60,13
13.424278,1335,1048,107,84,62,34,1473,1081,73,83,85,95,42,14
13.431405,1333,1051,106,82,62,32,1483,1072,82,87,90,78,57,17
13.438017,1323,1050,106,83,62,22,1481,1074,81,73,88,104,54,7
13.445334,1339,1050,107,82,61,39,1478,1079,77,89,88,82,51,12
13.452136,1320,1051,106,84,59,20,1483,1074,77,80,85,100,54,13
13.459345,1328,1050,104,88,60,26,1488,1080,76,81,90,94,57,10
13.466451,1329,1050,102,93,56,28,1491,1079,73,75,106,87,58,13
13.473332,1327,1049,102,92,58,26,1487,1065,93,72,89,94,66,8
13.479753,1326,1049,102,89,60,26,1494,1085,75,88,82,86,59,19
13.486513,1334,1049,102,91,59,33,1496,1066,77,94,90,85,76,8
13.493426,1328,1049,102,91,58,28,1496,1078,77,77,77,104,66,17
13.500034,1325,1049,103,88,60,25,1494,1074,83,73,85,93,70,16
13.506878,1331,1049,105,87,60,30,1482,1081,67,80,93,97,54,10
13.514309,1330,1048,106,87,61,28,1476,1076,64,80,91,96,58,11
13.521369,1334,1048,106,87,61,32,1484,1077,56,89,107,94,49,12
13.527981,1326,1048,108,82,63,25,1476,1070,76,84,109,78,46,13
13.535116,1327,1048,108,84,61,26,1474,1078,75,76,89,83,56,17
13.541926,1335,1047,106,86,62,34,1475,1081,67,76,92,91,50,18
13.549152,1327,1048,104,88,61,26,1481,1065,83,73,99,101,50,10
13.556286,1327,1050,102,90,59,26,1481,1066,83,73,105,94,49,11
13.563445,1324,1050,104,91,56,23,1486,1066,73,75,116,88,54,14
13.569978,1327,1050,103,91,57,26,1487,1071,83,69,91,100,55,18
13.577526,1332,1050,102,92,57,31,1478,1073,82,77,93,93,45,15
13.584472,1330,1052,102,90,57,29,1470,1066,87,71,99,84,54,9
13.591715,1329,1050,104,89,57,29,1475,1086,78,71,82,83,54,21
13.598488,1335,1049,104,91,57,34,1480,1080,83,64,100,82,48,23
13.605275,1330,1050,100,95,56,29,1482,1081,78,77,92,88,49,17
13.612047,1339,1048,103,93,55,40,1482,1068,90,77,103,75,61,8
13.619144,1326,1048,103,93,56,26,1486,1059,88,94,89,89,52,15
13.626043,1321,1047,106,92,55,21,1489,1079,85,85,85,90,55,10
13.632977,1326,1048,105,91,56,26,1494,1073,80,95,94,87,57,8
13.639236,1334,1049,103,93,54,35,1491,1065,83,95,81,97,59,11
13.645917,1332,1049,103,94,53,33,1496,1080,81,83,92,89,61,10
13.652771,1327,1048,102,98,53,26,1497,1070,79,77,92,99,64,16
13.659596,1327,1049,102,99,52,25,1483,1061,88,89,89,80,51,25
13.666382,1336,1050,99,99,54,34,1477,1069,84,72,90,102,52,8
13.673865,1331,1050,100,96,57,28,1468,1063,87,69,93,97,51,8
13.680809,1330,1049,99,98,56,28,1470,1070,76,83,97,70,54,20
13.688601,1327,1050,98,95,59,25,1466,1068,90,87,70,78,54,19
13.695770,1327,1053,98,92,59,25,1467,1071,82,82,89,80,40,23
13.703312,1325,1053,100,91,58,23,1471,1075,79,71,107,67,55,17
13.710666,1334,1053,100,90,59,32,1469,1077,81,82,80,84,56,9
13.717313,1347,1053,97,92,59,46,1469,1086,80,75,82,85,51,10
13.724523,1333,1054,99,89,59,32,1462,1074,84,90,81,72,51,10
13.731857,1334,1054,97,90,60,33,1465,1076,80,81,92,75,44,17
13.739042,1333,1053,99,89,60,32,1461,1063,96,81,72,97,39,13
13.746256,1317,1052,99,90,61,15,1454,1071,76,79,85,80,51,12
13.753533,1337,1054,98,90,61,34,1450,1062,71,90,68,88,58,13
13.760879,1325,1054,99,87,61,24,1451,1054,76,85,90,79,52,15
13.767794,1336,1052,98,89,61,36,1457,1060,77,88,83,74,56,19
13.775074,1320,1051,98,91,61,19,1460,1063,79,89,88,71,59,11
13.782899,1326,1050,98,91,62,25,1457,1071,74,94,81,70,55,12
13.790808,1327,1051,97,91,62,26,1463,1067,87,85,78,90,48,8
13.798158,1322,1051,101,86,65,19,1463,1067,85,87,84,90,39,11
13.805485,1329,1051,101,85,65,27,1465,1073,81,80,92,78,49,12
13.813114,1339,1050,101,83,70,35,1464,1071,93,72,83,85,46,14
13.820501,1335,1049,102,85,68,31,1460,1074,78,83,98,76,40,11
13.827915,1330,1049,102,87,65,27,1473,1070,79,85,89,90,51,9
13.835253,1340,1049,103,90,60,38,1482,1076,76,84,89,91,48,18
13.842134,1338,1051,101,89,62,35,1479,1088,74,78,92,85,53,9
13.849386,1333,1051,101,89,63,29,1471,1080,73,87,77,98,48,8
13.856599,1332,1050,101,89,64,28,1473,1059,87,80,102,89,48,8
13.863605,1341,1050,102,88,64,37,1476,1063,88,80,99,90,37,19
13.870625,1341,1050,102,87,69,33,1483,1074,80,85,89,93,49,13
13.877438,1344,1050,101,87,71,35,1479,1073,91,83,90,88,43,11
13.884452,1345,1049,101,90,69,36,1473,1083,86,88,87,80,39,10
13.891151,1342,1048,101,92,68,33,1475,1072,86,74,88,90,51,14
13.898622,1341,1047,100,94,68,32,1474,1074,79,94,94,83,43,7
13.905538,1333,1047,101,94,68,23,1481,1095,74,93,101,62,43,13
13.912333,1339,1047,104,92,67,29,1481,1071,76,89,111,81,43,10
13.919413,1331,1046,106,91,66,22,1486,1074,87,83,104,72,52,14
13.926133,1338,1045,105,92,66,30,1496,1081,85,90,91,82,53,14
13.932855,1329,1046,106,90,64,23,1491,1074,87,95,107,83,41,4
13.939425,1330,1046,106,90,64,24,1506,1063,80,90,108,99,48,18
13.946296,1329,1047,106,89,63,24,1504,1064,81,88,103,96,56,16
13.952700,1329,1049,103,91,64,22,1497,1066,82,90,96,98,52,13
13.959661,1332,1049,103,93,63,24,1488,1058,88,98,98,93,46,7
13.966839,1341,1048,103,94,63,33,1492,1073,81,76,111,89,45,17
13.973317,1337,1048,103,88,69,29,1497,1070,78,80,100,92,54,23
13.980097,1339,1046,104,89,69,31,1500,1070,89,86,102,98,49,6
13.987150,1335,1046,105,88,70,26,1504,1076,83,82,106,96,46,15
13.994028,1332,1046,105,87,71,23,1499,1064,81,89,98,101,55,11
14.000517,1341,1047,105,87,70,32,1493,1064,81,87,113,82,57,9
14.007325,1341,1047,105,87,70,32,1496,1065,79,96,104,86,54,12
14.014412,1339,1047,104,87,69,32,1501,1071,98,81,100,84,62,5
14.021240,1334,1048,103,88,68,27,1508,1071,90,78,101,94,62,12
14.028229,1335,1050,101,86,70,28,1508,1070,81,95,91,108,47,16
14.034595,1338,1050,100,85,72,31,1509,1071,78,104,108,87,45,16
14.041423,1333,1050,98,87,72,26,1509,1075,75,86,110,76,73,14
14.048085,1335,1051,99,86,70,29,1514,1064,72,104,105,97,57,15
14.054583,1337,1052,100,82,71,32,1506,1072,77,80,114,95,57,11
14.061636,1330,1053,99,85,69,24,1503,1067,75,108,113,81,50,9
14.068613,1339,1054,99,85,71,30,1509,1072,82,99,101,78,59,18
14.075493,1335,1054,99,84,72,26,1504,1072,88,84,114,97,42,7
14.081965,1338,1056,98,85,70,29,1505,1079,82,92,102,87,48,15
14.088771,1340,1056,96,89,69,30,1494,1084,78,84,111,78,49,10
14.095579,1337,1055,95,87,72,28,1497,1069,99,78,107,88,47,9
14.102139,1343,1052,94,90,73,34,1504,1072,72,100,92,104,52,12
14.108894,1340,1055,92,90,72,31,1504,1080,84,84,89,98,57,12
14.116113,1328,1056,91,92,70,19,1498,1074,89,88,102,83,57,5
14.122721,1343,1054,94,92,69,34,1508,1065,106,89,92,92,50,14
14.129380,1334,1052,96,91,70,25,1505,1083,84,97,95,89,50,7
14.136231,1346,1052,97,91,71,35,1501,1073,78,107,97,77,54,15
14.142928,1343,1051,99,93,69,31,1496,1079,74,94,101,75,60,13
14.149506,1342,1051,98,94,68,31,1488,1074,80,77,91,91,56,19
14.156134,1340,1051,99,95,67,28,1478,1070,81,89,88,89,47,14
14.162996,1336,1050,99,96,67,24,1482,1073,82,81,83,96,53,14
14.169945,1337,1052,98,97,64,26,1480,1075,75,101,77,87,56,9
14.177080,1333,1053,96,97,63,24,1477,1068,84,86,86,88,52,13
14.184596,1335,1053,97,96,65,24,1480,1078,85,71,92,95,42,17
14.191824,1332,1052,96,97,66,21,1476,1080,81,79,93,80,56,7
14.198997,1338,1053,97,98,64,26,1482,1075,77,85,95,84,51,15
14.205929,1339,1053,97,98,64,27,1480,1060,101,71,100,83,53,12
14.213171,1339,1053,96,96,65,29,1485,1085,89,67,76,96,54,18
14.220290,1338,1053,97,96,65,27,1476,1076,85,89,81,75,59,11
14.227278,1330,1052,97,97,63,21,1475,1065,89,73,87,91,55,15
14.234407,1339,1052,98,96,63,30,1467,1082,77,77,97,77,47,10
14.241381,1340,1052,99,94,64,31,1473,1069,91,85,85,87,45,11
14.248545,1345,1052,99,94,64,36,1471,1074,90,85,81,85,44,12
14.256104,1340,1052,99,94,65,30,1467,1085,75,87,96,72,42,10
14.263000,1332,1054,98,92,68,20,1472,1070,94,75,78,77,57,21
14.270500,1331,1053,99,93,68,18,1468,1082,86,78,84,82,40,16
14.277928,1334,1053,100,92,70,19,1471,1082,87,63,111,75,43,10
14.285316,1341,1051,101,93,69,27,1471,1072,95,87,94,62,52,9
14.292561,1348,1054,99,95,65,35,1476,1069,90,83,89,83,51,11
14.299838,1338,1054,99,96,64,25,1479,1083,83,85,98,80,44,6
14.307057,1337,1052,101,94,66,24,1471,1072,84,91,94,79,41,10
14.313739,1345,1052,100,94,66,33,1477,1077,87,76,85,81,58,13
14.320759,1346,1051,98,97,66,34,1478,1086,73,83,91,79,58,8
14.328503,1343,1051,98,97,66,31,1484,1070,90,83,83,84,53,21
14.335740,1340,1053,97,96,66,28,1478,1089,80,80,80,86,49,14
14.342664,1339,1053,98,95,66,27,1473,1073,93,69,88,80,59,11
14.350053,1341,1053,98,96,65,29,1473,1072,98,61,91,94,43,14
14.357390,1338,1054,96,98,65,25,1471,1077,80,75,91,84,51,13
14.364728,1338,1053,98,94,67,26,1475,1080,82,65,108,66,58,16
14.371721,1334,1055,96,97,65,21,1481,1084,79,62,101,88,46,21
14.378977,1340,1054,97,94,67,28,1490,1077,85,82,84,87,50,25
14.386176,1336,1053,98,94,67,24,1483,1086,70,85,101,75,57,9
14.393037,1337,1054,96,97,64,26,1488,1070,98,75,97,82,49,17
14.400030,1347,1055,96,96,64,36,1488,1066,95,91,93,79,49,15
14.407112,1337,1055,95,94,68,25,1502,1064,97,85,91,89,59,17
14.413905,1328,1055,95,94,67,17,1489,1074,79,88,85,86,65,12
14.420772,1339,1055,95,95,66,28,1485,1076,86,86,84,93,46,14
14.427864,1338,1054,96,95,65,28,1484,1075,79,65,102,92,55,16
14.434932,1337,1054,100,91,64,28,1478,1072,88,76,99,84,50,9
14.441911,1339,1054,102,90,64,29,1473,1076,91,83,91,74,45,13
14.448539,1341,1053,101,92,63,32,1476,1065,80,93,88,81,55,14
14.455706,1344,1053,101,92,63,35,1467,1070,83,89,86,82,47,10
14.462895,1338,1051,99,96,63,29,1467,1080,75,91,76,79,54,12
14.470592,1324,1051,100,95,63,15,1461,1074,80,75,87,80,50,15
14.477791,1331,1051,101,94,62,23,1462,1067,77,84,90,77,57,10
14.484855,1336,1049,105,89,64,29,1469,1067,88,76,78,87,53,20
14.492207,1349,1048,106,91,64,40,1465,1072,73,83,84,88,52,13
14.499395,1342,1047,110,89,63,33,1464,1078,88,73,72,93,48,12
14.506533,1339,1045,113,86,66,29,1453,1069,86,90,76,75,46,11
14.514219,1345,1048,109,87,66,35,1450,1070,81,74,96,84,35,10
14.522096,1330,1048,109,87,66,20,1455,1075,84,69,83,92,44,8
14.529286,1334,1048,111,87,63,25,1451,1066,82,78,89,80,48,8
14.537192,1336,1051,111,86,60,28,1444,1066,85,78,89,77,37,12
14.544808,1339,1050,110,89,59,31,1438,1071,81,78,74,84,40,10
14.552442,1327,1051,109,89,58,20,1443,1077,71,89,70,87,38,11
14.560099,1330,1051,108,89,58,24,1447,1070,82,82,72,70,56,15
14.567980,1326,1051,108,89,57,21,1429,1080,62,89,85,72,35,6
14.576394,1331,1051,108,89,57,26,1440,1069,71,78,98,71,47,6
14.583709,1335,1052,107,90,56,30,1432,1064,85,71,80,80,42,10
14.592299,1324,1055,105,91,55,18,1431,1069,84,70,92,70,28,18
14.601002,1330,1057,104,92,52,25,1432,1061,75,89,74,75,47,11
14.609019,1332,1057,102,95,51,27,1429,1075,94,57,76,86,34,7
14.616661,1332,1055,106,91,52,28,1431,1060,81,72,101,70,38,9
14.624652,1339,1055,107,91,52,34,1434,1073,67,86,70,78,46,14
14.632494,1335,1055,109,88,53,30,1427,1073,78,68,94,75,23,16
14.640795,1335,1055,111,87,54,28,1424,1072,81,77,82,61,44,7
14.649387,1328,1054,112,87,54,21,1422,1056,97,64,89,61,41,14
14.657965,1328,1054,113,89,50,22,1417,1059,74,88,79,68,40,9
14.666255,1327,1054,113,85,53,22,1426,1075,76,77,71,74,45,8
14.674362,1324,1054,112,87,52,19,1420,1065,83,77,78,55,50,12
14.682585,1326,1055,111,87,50,23,1432,1061,88,76,78,77,39,13
14.690878,1320,1055,112,85,50,18,1436,1071,77,89,75,69,41,14
14.698678,1323,1055,111,86,50,21,1439,1069,82,72,85,71,49,11
14.706770,1330,1054,110,87,51,28,1448,1062,87,75,90,73,46,15
14.714512,1319,1054,111,86,51,17,1443,1071,82,58,97,82,45,8
14.722302,1330,1054,111,87,50,28,1446,1071,78,75,92,80,39,11
14.729626,1321,1054,112,88,47,20,1450,1075,73,76,90,83,40,13
14.737359,1332,1054,113,85,50,30,1445,1063,83,81,85,70,51,12
14.744883,1329,1054,114,85,49,27,1444,1071,84,71,85,79,40,14
14.752577,1318,1054,111,87,49,17,1444,1063,80,71,93,77,41,19
14.760303,1328,1055,110,86,50,27,1440,1059,89,75,88,74,44,11
14.768263,1333,1054,113,85,50,31,1439,1079,81,63,77,81,44,14
14.776293,1333,1054,114,85,49,31,1433,1075,72,83,79,77,38,9
14.784073,1328,1054,114,85,50,25,1434,1067,74,83,83,77,44,6
14.792604,1337,1053,115,84,52,33,1437,1071,83,69,86,69,50,9
14.800522,1337,1053,113,86,52,33,1434,1071,74,83,90,61,47,8
14.808696,1322,1053,112,86,53,18,1438,1078,85,58,87,70,47,13
14.816913,1323,1053,112,82,55,21,1439,1084,70,75,82,66,46,16
14.824923,1319,1053,113,80,56,17,1446,1077,74,81,86,83,37,8
14.833315,1326,1054,112,81,55,24,1432,1068,86,79,87,56,45,11
14.841697,1321,1053,115,78,57,18,1428,1083,72,64,86,69,40,14
14.850091,1329,1052,116,75,60,26,1426,1079,63,67,97,77,36,7
14.858850,1320,1051,115,75,61,18,1428,1058,85,84,72,88,32,9
14.867235,1320,1053,111,74,64,18,1432,1066,82,74,79,78,42,11
14.875400,1324,1054,111,74,61,24,1431,1069,72,72,86,76,46,10
14.883394,1333,1054,113,73,60,33,1430,1077,68,74,82,69,47,13
14.891915,1315,1054,111,75,61,14,1422,1075,73,74,70,78,40,12
14.900149,1325,1054,112,77,59,23,1421,1066,83,75,74,76,40,7
14.908270,1325,1054,114,76,59,22,1422,1066,76,76,88,69,36,11
14.916653,1335,1054,113,77,58,33,1423,1065,83,85,72,73,32,13
14.925056,1321,1056,111,75,61,18,1429,1073,76,70,89,72,38,11
14.933132,1329,1054,113,73,63,26,1438,1079,82,69,76,83,35,14
14.941211,1322,1054,112,74,62,20,1438,1070,88,63,91,74,41,11
14.949235,1332,1054,113,72,64,29,1437,1072,83,86,83,74,35,4
14.957336,1333,1056,110,74,63,30,1440,1078,82,75,78,66,42,19
14.965475,1325,1055,109,76,62,23,1437,1063,87,86,72,73,40,16
14.973093,1332,1053,110,78,61,30,1432,1068,81,77,86,74,41,5
14.980729,1324,1054,109,78,63,20,1440,1071,74,81,94,77,36,7
14.988366,1324,1056,107,79,62,20,1453,1067,86,76,91,77,41,15
14.996028,1327,1057,106,79,62,23,1443,1077,74,75,87,77,44,9
15.003170,1327,1056,106,80,60,25,1440,1062,80,66,93,85,46,8
15.011325,1329,1056,105,82,58,28,1434,1065,75,69,87,87,36,15
15.019492,1323,1057,106,80,57,23,1435,1073,80,77,94,78,26,7
15.027532,1314,1056,107,81,56,14,1436,1068,84,62,91,82,39,10
15.035801,1334,1057,106,80,58,33,1424,1075,76,82,77,73,38,3
15.043885,1327,1056,108,79,57,27,1430,1079,63,81,78,65,48,16
15.051910,1313,1056,109,75,61,12,1420,1068,87,67,70,70,49,9
15.060182,1328,1056,110,76,59,27,1428,1060,82,86,80,68,43,9
15.068202,1321,1058,110,76,57,20,1423,1066,76,80,78,75,40,8
15.076509,1324,1058,110,75,58,23,1424,1069,78,66,99,68,33,11
15.085079,1343,1059,111,74,57,42,1426,1065,86,75,75,80,36,9
15.092730,1317,1059,108,78,55,17,1420,1069,84,70,84,61,40,12
15.101227,1316,1061,106,80,53,16,1418,1068,81,62,79,73,41,14
15.109407,1318,1062,108,78,51,19,1420,1073,64,84,79,63,48,9
15.117999,1320,1062,107,80,51,20,1429,1074,76,76,73,78,36,16
15.126138,1328,1061,107,82,48,30,1433,1063,79,74,78,79,46,14
15.133970,1321,1062,105,82,49,23,1426,1068,83,73,83,62,47,10
15.142351,1315,1063,103,85,48,16,1426,1070,80,67,76,81,38,14
15.150299,1322,1063,105,82,49,23,1424,1069,80,64,84,80,41,6
15.158158,1321,1060,106,81,50,24,1437,1069,82,78,82,63,47,16
15.166356,1329,1059,106,82,50,32,1441,1072,86,73,76,85,37,12
15.174220,1322,1059,106,83,49,25,1436,1064,89,68,81,81,45,8
15.181857,1320,1059,105,82,52,22,1451,1071,82,66,93,80,47,12
15.189649,1329,1060,101,85,52,31,1445,1060,82,81,88,70,53,11
15.197218,1319,1059,103,84,51,22,1447,1071,81,78,91,74,39,13
15.205051,1320,1058,103,86,49,24,1450,1062,85,75,88,81,46,13
15.213213,1319,1058,103,84,50,24,1458,1064,67,92,94,66,59,16
15.220747,1332,1056,104,85,50,37,1459,1068,80,77,96,78,46,14
15.228378,1323,1056,103,85,52,27,1471,1068,90,92,81,79,46,15
15.235950,1325,1056,107,86,47,29,1468,1063,83,85,93,81,51,12
15.243689,1322,1057,109,85,46,25,1465,1066,79,84,93,98,38,7
15.250577,1322,1055,111,82,49,25,1466,1075,77,91,83,78,50,12
15.258262,1332,1056,109,83,48,36,1457,1071,74,91,81,84,37,19
15.265635,1326,1056,109,84,48,29,1453,1065,86,77,92,80,44,9
15.273243,1323,1057,108,83,49,26,1453,1064,86,77,88,76,54,8
15.280728,1323,1057,111,80,49,26,1457,1075,82,80,110,72,30,8
15.287916,1318,1056,112,79,50,21,1453,1073,73,83,89,91,31,13
15.295170,1327,1057,111,80,49,30,1457,1065,77,93,92,73,40,17
15.302215,1331,1053,113,79,51,35,1457,1063,93,83,84,85,36,13
15.309618,1322,1053,113,79,51,26,1457,1070,78,88,95,76,36,14
15.317160,1322,1052,113,79,52,26,1460,1063,83,79,104,80,43,8
15.324458,1324,1052,109,80,56,27,1461,1049,84,90,98,79,52,9
15.332063,1323,1054,107,80,55,27,1455,1051,100,85,81,82,41,15
15.339992,1320,1057,106,79,52,26,1452,1069,82,78,92,73,48,10
15.347489,1328,1055,107,80,54,32,1454,1064,74,89,91,83,45,8
15.354277,1329,1056,108,79,53,33,1462,1069,83,74,98,77,48,13
15.361624,1318,1059,107,78,52,22,1453,1077,70,87,85,83,40,11
15.369250,1311,1060,106,76,54,15,1453,1056,80,76,94,90,42,15
15.376247,1319,1060,104,79,53,23,1448,1064,84,72,82,86,55,5
15.383385,1318,1061,105,77,53,22,1451,1067,77,85,82,86,40,14
15.390677,1325,1065,102,74,53,31,1443,1062,85,80,83,77,41,15
15.398553,1316,1066,102,71,55,22,1439,1068,89,83,65,77,47,10
15.406147,1326,1064,100,73,57,32,1438,1063,93,67,76,77,51,11
15.413601,1316,1064,100,73,57,22,1442,1069,72,90,84,72,43,12
15.421635,1320,1065,101,71,57,26,1441,1060,79,84,79,83,44,12
15.428886,1318,1062,102,72,57,25,1430,1066,94,79,69,84,31,7
15.437130,1310,1061,102,72,57,18,1423,1064,84,69,70,87,37,12
15.444947,1317,1062,102,70,58,25,1417,1055,85,75,81,71,40,10
15.452951,1309,1061,102,74,55,17,1417,1063,76,79,74,70,42,13
15.461752,1311,1059,104,74,56,18,1413,1062,75,66,76,84,39,11
15.469778,1316,1059,104,73,57,23,1412,1047,81,76,77,81,37,13
15.478031,1317,1059,105,72,59,22,1410,1062,86,69,71,70,38,14
15.487078,1311,1058,105,74,56,18,1410,1059,85,61,72,83,40,10
15.495871,1319,1057,105,76,56,25,1408,1075,83,63,74,64,40,9
15.504350,1325,1056,106,76,57,30,1405,1070,92,67,62,70,36,8
15.512942,1316,1057,104,78,54,23,1416,1071,73,75,67,68,46,16
15.521133,1311,1058,103,78,54,18,1408,1061,88,73,77,67,36,6
15.529108,1323,1058,102,79,55,29,1413,1060,84,75,79,70,36,9
15.537539,1311,1059,102,79,54,17,1407,1062,88,69,81,65,33,9
15.545969,1319,1060,102,78,53,26,1406,1066,73,74,85,66,30,12
15.554195,1317,1057,101,79,57,23,1409,1057,83,67,81,66,40,15
15.562951,1318,1058,100,77,58,25,1403,1070,79,82,65,70,29,8
15.571269,1315,1060,99,78,57,21,1411,1061,70,83,71,75,39,12
15.580173,1314,1060,99,79,56,20,1404,1061,69,90,76,75,22,11
15.588265,1318,1058,100,79,57,24,1405,1052,76,83,85,56,41,12
15.596742,1323,1058,100,79,57,29,1395,1070,59,91,72,56,37,10
15.605219,1327,1056,100,80,61,30,1397,1057,76,90,71,44,49,10
15.613209,1327,1058,99,78,62,30,1398,1066,70,76,71,68,37,10
15.621587,1327,1059,100,78,61,29,1403,1065,77,72,71,82,26,10
15.630516,1327,1060,98,80,60,29,1415,1070,74,79,76,67,37,12
15.639215,1319,1060,98,80,61,20,1416,1064,70,71,88,77,36,10
15.647396,1327,1060,95,86,58,28,1419,1073,71,80,80,67,35,13
15.655879,1324,1059,96,87,55,27,1415,1062,83,80,81,60,38,11
15.664261,1315,1057,98,87,55,18,1420,1058,83,74,85,72,35,13
15.672445,1327,1055,100,84,57,31,1419,1068,81,61,94,63,38,14
15.680203,1320,1055,99,84,58,24,1430,1065,92,57,92,70,41,13
15.688310,1322,1055,99,82,60,26,1426,1070,86,65,77,68,49,11
15.696807,1321,1053,96,85,63,24,1426,1071,79,82,72,70,43,9
15.704886,1319,1054,96,86,62,21,1434,1058,85,78,84,73,44,12
15.712520,1329,1055,95,84,64,31,1445,1065,88,74,83,75,44,16
15.720162,1318,1055,96,82,65,20,1442,1063,92,80,81,75,36,15
15.728008,1317,1054,96,83,65,19,1440,1065,91,68,82,80,39,15
15.735610,1326,1053,97,82,66,28,1443,1060,79,88,89,68,47,12
15.743050,1322,1053,98,82,66,23,1455,1066,74,77,87,78,44,29
15.750327,1326,1054,98,81,66,27,1448,1070,85,74,90,71,45,13
15.757490,1319,1054,99,81,65,20,1447,1066,74,76,80,97,40,14
15.764706,1327,1053,101,80,64,29,1450,1058,86,76,81,86,48,15
15.772581,1324,1050,103,80,66,25,1448,1063,79,85,96,76,40,9
15.780419,1329,1049,101,86,64,29,1444,1054,84,87,82,76,51,10
15.788264,1321,1049,101,87,63,21,1443,1073,82,77,69,84,49,9
15.796136,1330,1047,104,83,67,29,1435,1073,74,83,76,80,44,5
15.804153,1317,1047,101,87,66,16,1430,1053,86,73,96,69,44,9
15.811764,1326,1047,102,87,65,25,1438,1055,97,79,74,84,32,17
15.819566,1319,1047,108,82,63,19,1448,1055,97,66,88,88,39,15
15.826536,1316,1047,108,81,64,16,1442,1065,92,70,98,69,40,8
15.834471,1318,1045,111,79,65,18,1441,1073,78,79,91,67,47,6
15.841825,1335,1045,108,81,67,34,1444,1070,74,72,91,71,51,15
15.849692,1337,1044,109,79,70,35,1440,1060,88,88,86,68,37,13
15.857512,1333,1043,111,78,70,31,1444,1065,84,90,83,60,47,15
15.864536,1328,1043,111,79,69,26,1445,1063,86,79,89,81,36,11
15.872030,1331,1042,112,79,69,29,1449,1054,103,79,79,72,51,11
15.879369,1326,1042,111,79,71,23,1444,1061,89,85,76,83,42,8
15.887195,1324,1043,111,79,70,21,1452,1049,100,64,97,75,57,10
15.895000,1324,1042,110,83,68,21,1443,1059,93,73,90,73,45,10
15.902945,1317,1043,109,85,65,15,1442,1059,94,80,79,73,45,12
15.910601,1323,1044,105,89,64,21,1438,1045,94,82,91,82,36,8
15.919008,1330,1044,107,88,63,28,1446,1066,81,80,94,78,38,9
15.926756,1333,1045,106,90,61,31,1446,1066,95,77,83,66,48,11
15.934782,1323,1047,107,88,58,23,1440,1048,102,75,85,80,45,5
15.942109,1326,1047,108,87,59,25,1449,1050,95,78,84,83,44,15
15.949650,1330,1047,109,86,59,29,1450,1058,91,85,77,85,47,7
15.957066,1327,1047,110,85,58,27,1453,1062,100,82,85,69,47,8
15.964547,1326,1047,109,87,58,25,1455,1071,87,81,98,69,42,7
15.972032,1330,1045,110,87,59,29,1462,1064,105,67,83,82,42,19
15.979126,1334,1044,111,86,57,36,1448,1073,80,84,81,76,45,9
15.986420,1331,1044,111,87,56,33,1450,1057,94,88,95,65,42,9
15.993093,1321,1044,111,87,56,23,1458,1057,87,90,93,73,45,13
16.000755,1318,1044,112,86,56,20,1451,1051,85,79,104,83,44,5
16.007740,1329,1045,108,89,56,31,1460,1055,91,77,83,88,48,18
16.015078,1331,1045,109,89,56,32,1463,1064,99,82,87,85,37,9
16.022667,1320,1043,111,89,56,21,1449,1059,91,80,87,80,43,9
16.030525,1329,1042,112,88,57,30,1449,1056,78,94,91,75,44,11
16.037926,1323,1040,114,86,59,24,1449,1052,79,97,82,79,48,12
16.045507,1324,1042,114,86,57,25,1451,1057,96,92,82,73,41,10
16.052870,1322,1044,115,81,61,21,1453,1066,84,82,89,85,41,6
16.060291,1326,1043,116,82,59,26,1461,1067,91,86,67,72,56,22
16.067699,1332,1044,116,80,59,33,1455,1063,92,65,95,71,54,15
16.074821,1329,1043,117,81,59,29,1453,1066,88,83,82,75,43,16
16.082443,1320,1043,118,79,61,19,1446,1069,76,81,82,75,48,15
16.090275,1332,1042,114,80,65,31,1449,1061,94,73,79,85,44,13
16.097811,1326,1043,111,82,64,26,1448,1065,77,73,95,87,42,9
16.105127,1319,1043,111,85,61,19,1447,1051,99,80,95,69,46,7
16.112724,1317,1044,110,84,62,17,1453,1058,96,72,85,80,44,18
16.120153,1321,1046,106,85,64,20,1459,1054,82,91,79,92,45,16
16.127651,1320,1046,104,84,67,19,1451,1052,100,95,76,67,51,10
16.134922,1343,1045,105,82,71,40,1458,1045,101,91,85,71,51,14
16.142214,1336,1044,107,80,73,32,1456,1065,87,94,80,74,48,8
16.149509,1323,1043,108,80,72,20,1452,1067,82,83,90,79,40,11
16.157110,1324,1043,108,80,72,21,1451,1055,89,89,81,88,41,8
16.164381,1331,1043,108,80,72,28,1456,1042,98,92,86,76,56,6
16.171295,1336,1043,107,82,70,34,1462,1047,102,90,84,82,48,9
16.178541,1331,1043,107,81,73,27,1461,1066,79,93,76,82,50,15
16.185757,1329,1043,108,80,73,25,1463,1060,94,73,89,83,51,13
16.193041,1334,1043,107,79,77,28,1459,1051,84,90,93,73,58,10
16.200478,1334,1042,107,81,76,28,1462,1057,91,83,81,75,58,17
16.207418,1328,1044,107,79,77,21,1456,1051,100,84,79,86,48,8
16.214987,1341,1045,106,82,76,32,1459,1061,76,76,89,93,53,11
16.222176,1337,1046,105,83,75,28,1450,1049,90,87,90,69,56,9
16.229326,1332,1045,107,79,78,23,1454,1049,92,87,90,70,50,16
16.236511,1339,1048,105,79,79,28,1465,1068,84,92,100,75,30,16
16.244028,1340,1047,108,78,78,29,1468,1076,79,93,79,72,57,12
16.251249,1347,1047,107,81,77,35,1474,1061,96,78,90,83,48,18
16.258417,1338,1046,108,81,78,25,1476,1071,98,81,97,71,45,13
16.265425,1340,1046,109,79,79,27,1475,1060,92,84,106,72,44,17
16.272484,1347,1045,109,81,77,35,1480,1067,96,88,90,73,53,13
16.279371,1340,1045,109,84,75,27,1484,1071,92,78,80,88,58,17
16.286047,1348,1046,110,85,72,35,1483,1069,93,93,85,80,50,13
16.292892,1348,1047,108,88,69,36,1481,1072,94,86,96,71,51,11
16.299944,1351,1046,110,87,69,39,1479,1076,90,80,97,73,47,16
16.307114,1342,1045,111,89,69,28,1480,1095,69,83,97,81,46,9
16.314283,1340,1044,110,92,70,24,1484,1067,87,88,109,78,46,9
16.321133,1341,1045,109,90,72,25,1486,1071,97,93,86,93,35,11
16.327795,1342,1044,111,92,69,26,1490,1069,90,94,93,77,62,5
16.334421,1339,1044,111,93,68,23,1495,1072,98,79,100,89,43,14
16.341333,1344,1044,114,91,68,27,1496,1079,90,84,105,89,39,10
16.347832,1355,1045,114,90,68,38,1498,1071,89,92,89,91,56,10
16.354595,1342,1044,112,93,67,26,1495,1078,81,97,91,106,35,7
16.361443,1341,1044,111,96,65,25,1498,1074,85,85,106,77,57,14
16.368624,1337,1044,109,97,66,21,1489,1084,81,86,88,81,52,17
16.375675,1340,1045,107,98,66,24,1491,1075,87,79,88,87,61,14
16.382528,1346,1045,110,99,64,28,1482,1070,92,97,78,100,39,6
16.389704,1333,1043,109,100,66,15,1476,1086,85,95,66,89,45,10
16.396772,1340,1045,107,101,65,22,1476,1078,89,68,89,92,50,10
16.404383,1341,1045,107,99,67,23,1470,1072,97,81,82,79,44,15
16.410858,1344,1045,107,98,65,29,1471,1063,82,96,93,82,50,5
16.417866,1342,1046,108,97,62,29,1471,1068,103,90,83,84,35,8
16.425049,1347,1046,110,96,62,33,1472,1061,90,96,87,80,45,13
16.431786,1341,1049,108,96,60,28,1469,1073,91,83,103,64,41,14
16.438923,1340,1049,108,95,61,27,1453,1072,87,78,101,78,30,7
16.446177,1341,1051,105,96,61,28,1460,1071,79,91,94,68,39,18
16.453501,1343,1050,106,94,61,32,1457,1058,91,106,73,74,40,15
16.460503,1346,1051,107,92,60,36,1458,1060,101,75,102,61,48,11
16.468330,1336,1051,107,90,61,27,1452,1051,101,79,65,98,49,9
16.476011,1333,1053,104,93,59,24,1445,1060,93,88,86,72,40,6
16.483526,1337,1054,101,96,58,28,1451,1072,72,79,81,75,55,17
16.490974,1344,1054,98,100,57,35,1444,1077,75,83,87,72,38,12
16.498919,1327,1054,98,101,57,17,1438,1065,87,71,88,67,43,17
16.506956,1331,1054,98,101,58,20,1441,1063,84,83,87,79,33,12
16.514412,1340,1055,97,100,59,29,1441,1069,74,90,80,63,53,12
16.522144,1328,1054,97,102,57,18,1447,1069,79,91,79,67,51,11
16.529799,1331,1054,97,105,54,21,1450,1071,81,88,79,66,50,15
16.537224,1339,1054,102,98,56,29,1448,1062,83,93,73,82,40,15
16.545214,1344,1053,104,97,56,34,1439,1050,105,86,80,75,37,6
16.552790,1328,1054,103,98,55,18,1439,1061,91,85,86,74,38,4
16.560614,1335,1053,102,100,54,26,1441,1056,95,95,89,67,35,4
16.568357,1335,1052,102,99,56,26,1444,1071,97,80,77,67,41,11
16.576286,1333,1052,103,95,59,24,1434,1064,100,75,79,75,35,6
16.584784,1329,1052,104,93,60,20,1439,1063,92,91,84,72,32,5
16.592545,1329,1050,108,89,62,20,1440,1057,102,76,81,81,37,6
16.601257,1329,1050,106,90,63,20,1431,1072,82,88,85,63,34,7
16.609810,1326,1051,105,92,61,17,1432,1064,78,92,79,74,34,11
16.618029,1334,1051,105,94,58,26,1435,1064,85,86,99,52,41,8
16.626091,1339,1052,101,97,58,31,1430,1070,82,82,89,56,39,12
16.633926,1336,1052,101,98,57,28,1432,1068,78,83,84,67,45,7
16.641718,1332,1051,100,100,57,24,1436,1059,95,74,93,68,39,8
16.649632,1333,1049,104,98,57,25,1438,1056,92,80,96,67,39,8
16.657129,1323,1049,104,99,55,16,1441,1053,94,81,92,68,42,11
16.664839,1326,1051,103,100,54,18,1447,1064,88,78,90,77,36,14
16.672935,1333,1049,105,99,55,25,1437,1064,79,69,95,78,42,10
16.680847,1339,1050,105,99,55,30,1444,1074,75,83,85,76,42,9
16.688475,1333,1048,107,97,57,24,1445,1067,89,71,89,77,44,8
16.696215,1328,1048,107,98,55,20,1448,1065,88,66,93,78,45,13
16.703777,1326,1048,104,102,55,17,1435,1071,90,71,91,58,44,10
16.711863,1335,1049,103,103,54,26,1431,1063,80,79,87,73,45,4
16.719456,1343,1049,102,104,53,35,1431,1062,98,82,70,67,42,10
16.727669,1338,1050,101,103,53,31,1435,1068,88,75,78,67,50,9
16.735937,1332,1050,103,100,56,23,1439,1065,90,80,81,78,35,10
16.743359,1328,1049,105,97,58,19,1442,1073,74,75,91,66,45,18
16.751368,1342,1049,103,98,59,33,1436,1072,80,91,80,65,35,13
16.759161,1335,1050,102,99,58,26,1442,1067,85,98,88,53,40,11
16.766443,1343,1050,104,95,60,34,1444,1058,90,77,98,68,42,11
16.774305,1340,1050,104,97,58,31,1446,1075,82,85,87,70,40,7
16.781679,1336,1050,104,97,60,25,1447,1057,92,83,85,73,44,13
16.789026,1335,1051,102,102,57,23,1449,1069,84,92,83,77,36,8
16.796402,1337,1052,100,102,59,24,1451,1069,95,68,95,69,46,9
16.804316,1341,1052,100,100,60,29,1449,1065,81,93,85,68,50,7
16.811443,1350,1053,101,98,61,37,1458,1065,89,77,86,86,42,13
16.818811,1333,1055,101,97,63,17,1455,1065,91,83,80,78,47,11
16.826014,1341,1056,101,97,62,25,1458,1077,93,77,73,76,47,15
16.833420,1348,1058,101,96,61,32,1451,1070,87,84,91,74,35,10
16.841228,1342,1057,101,95,63,26,1454,1072,85,88,87,70,40,12
16.848602,1333,1057,101,97,61,17,1451,1077,87,77,83,80,39,8
16.856865,1337,1057,102,98,59,21,1453,1075,84,84,93,57,43,17
16.864809,1344,1057,101,101,58,27,1454,1076,73,96,83,66,50,10
16.872156,1348,1057,100,102,59,30,1462,1079,78,85,89,72,48,11
16.879957,1342,1057,101,101,60,23,1451,1068,81,90,86,70,44,12
16.887730,1345,1057,103,93,66,26,1455,1071,91,70,83,79,49,12
16.895292,1341,1057,103,93,66,22,1463,1069,91,84,91,70,48,10
16.902874,1340,1058,104,91,66,21,1474,1081,78,86,87,81,49,12
16.910130,1345,1058,106,90,66,25,1472,1076,74,103,87,76,46,10
16.917934,1350,1059,107,88,66,30,1474,1078,86,88,95,80,37,10
16.925400,1355,1059,108,89,66,33,1463,1091,70,90,76,83,43,10
16.932493,1355,1060,108,88,66,33,1469,1073,85,84,83,76,54,14
16.939857,1347,1060,107,90,65,25,1475,1066,95,67,104,74,59,10
16.946890,1344,1060,107,91,65,21,1474,1068,83,86,94,75,53,15
16.954365,1347,1060,107,93,63,24,1481,1074,87,84,81,79,61,15
16.961372,1348,1061,108,91,64,24,1477,1078,87,76,83,96,46,11
16.969339,1343,1061,107,93,63,19,1473,1088,94,70,79,77,51,14
16.976952,1354,1061,107,94,62,30,1469,1091,80,78,69,88,53,10
16.984299,1342,1062,108,93,61,18,1476,1089,85,70,94,79,44,15
16.990973,1347,1063,109,89,62,24,1486,1081,86,78,81,94,56,10
16.998362,1343,1063,108,90,61,21,1481,1087,84,82,86,95,36,11
17.006010,1346,1061,109,93,59,24,1481,1087,80,90,85,84,47,8
17.013731,1345,1060,110,93,57,25,1475,1087,88,85,98,67,44,6
17.020945,1349,1061,108,94,59,27,1480,1088,79,83,101,64,55,10
17.028278,1349,1061,107,95,59,27,1477,1071,96,91,90,69,48,12
17.035574,1345,1061,107,94,60,23,1478,1080,79,81,104,79,43,12
17.042734,1339,1061,107,95,57,19,1484,1094,80,72,102,71,48,17
17.049967,1341,1062,108,94,56,21,1475,1076,84,92,93,75,40,15
17.057440,1350,1062,107,95,56,30,1477,1089,94,77,93,78,36,10
17.064594,1351,1064,104,96,56,31,1479,1080,80,87,105,76,41,10
17.072340,1344,1062,107,94,56,25,1476,1077,85,94,91,77,41,11
17.079855,1351,1064,104,94,58,31,1478,1078,83,84,103,66,53,11
17.087410,1345,1063,104,94,60,24,1479,1075,84,84,101,73,45,17
17.094557,1346,1061,104,96,59,26,1478,1065,101,89,91,81,38,13
17.101780,1351,1061,103,98,61,28,1472,1069,96,89,82,75,44,17
17.108829,1341,1060,103,98,62,18,1468,1067,90,97,93,76,39,6
17.116129,1342,1061,103,99,60,19,1471,1071,101,73,102,70,49,5
17.123713,1344,1062,100,100,61,21,1475,1078,94,83,98,73,41,8
17.130634,1351,1062,98,101,62,28,1476,1077,91,93,78,73,47,17
17.138254,1347,1060,102,98,62,25,1466,1080,88,90,100,59,42,7
17.145752,1341,1058,103,98,63,19,1471,1067,93,108,70,79,44,10
17.153255,1348,1057,103,97,65,26,1465,1070,83,89,101,73,36,13
17.160690,1350,1058,104,97,63,28,1473,1073,83,76,94,85,53,9
17.167820,1343,1059,104,97,63,20,1477,1076,85,91,104,66,47,8
17.174826,1353,1057,105,96,65,30,1481,1076,90,77,93,96,37,12
17.181707,1350,1058,102,100,61,29,1480,1074,90,87,99,82,41,7
17.188543,1348,1055,104,99,61,29,1480,1084,86,93,93,68,47,9
17.195665,1353,1054,103,100,61,35,1475,1073,93,90,88,70,47,14
17.202509,1359,1055,104,99,62,39,1471,1081,89,80,86,83,43,9
17.209738,1353,1053,104,101,62,33,1469,1069,104,88,88,75,34,11
17.217049,1349,1054,103,102,61,29,1469,1076,85,82,91,79,49,7
17.224115,1348,1053,104,101,61,29,1472,1073,94,85,84,81,47,8
17.231546,1350,1055,104,102,58,31,1475,1085,92,68,92,82,37,19
17.238388,1353,1054,103,104,59,33,1472,1077,90,85,90,71,45,14
17.246069,1341,1055,103,103,59,21,1471,1069,93,88,101,67,37,16
17.252895,1349,1055,103,102,59,30,1470,1076,81,97,82,82,44,8
17.259905,1344,1055,103,103,58,25,1469,1072,102,84,78,81,44,8
17.267099,1347,1056,100,105,59,27,1469,1072,84,83,100,74,43,13
17.274725,1343,1058,93,112,57,23,1468,1073,93,88,83,64,55,12
17.281998,1340,1058,95,108,61,18,1463,1062,92,86,84,73,53,13
17.289175,1349,1057,98,104,64,26,1452,1077,87,89,83,73,34,9
17.296783,1340,1058,97,101,66,18,1456,1074,95,83,78,72,39,15
17.304392,1343,1059,96,102,68,18,1460,1069,90,74,94,87,41,5
17.311651,1355,1059,97,102,67,30,1462,1082,85,84,86,81,35,9
17.319042,1349,1060,95,104,64,26,1462,1090,77,87,89,68,42,9
17.326859,1343,1062,94,102,65,20,1464,1080,84,84,99,73,33,11
17.334017,1343,1061,96,100,66,20,1465,1086,75,79,95,71,46,13
17.341690,1343,1061,96,100,66,20,1466,1076,95,78,81,90,40,6
17.348988,1359,1060,95,101,65,38,1469,1080,86,94,84,79,34,12
17.356062,1355,1061,94,99,67,34,1466,1082,90,81,87,82,37,7
17.363354,1348,1062,94,100,67,25,1468,1079,97,69,109,73,32,9
17.371157,1359,1062,92,102,65,38,1481,1069,101,90,92,74,44,11
17.377893,1337,1061,96,99,65,16,1487,1067,95,92,96,73,52,12
17.385204,1345,1062,96,98,65,24,1486,1079,89,86,97,74,51,10
17.392403,1356,1061,97,97,67,34,1487,1065,100,85,112,77,39,9
17.399677,1344,1060,97,95,69,23,1493,1067,99,89,86,86,55,11
17.406225,1348,1060,96,96,68,28,1494,1072,94,85,100,88,47,8
17.413198,1346,1059,97,94,69,27,1495,1079,78,83,101,80,49,25
17.420357,1362,1059,96,96,69,42,1491,1068,89,80,101,83,54,16
17.426983,1342,1060,95,95,69,23,1489,1061,94,84,103,97,42,8
17.434093,1340,1059,97,94,69,21,1493,1069,85,78,116,83,47,15
17.440571,1356,1056,96,98,68,38,1493,1072,85,84,95,98,49,10
17.447220,1358,1055,95,99,68,41,1491,1084,82,90,98,82,48,7
17.453621,1345,1054,96,99,68,28,1494,1077,78,84,111,82,47,15
17.460699,1348,1053,97,100,68,30,1487,1073,94,84,92,95,41,8
17.467350,1346,1051,99,99,69,28,1494,1066,84,92,92,94,49,17
17.474190,1344,1050,100,98,70,26,1491,1061,99,88,106,87,42,8
17.480930,1339,1050,99,99,68,23,1496,1066,80,104,108,86,39,13
17.487982,1342,1050,99,100,67,26,1501,1072,93,74,104,82,59,17
17.494591,1354,1050,100,101,64,39,1500,1066,91,78,106,92,52,15
17.501202,1340,1051,102,96,65,26,1499,1061,92,91,88,96,59,12
17.507908,1341,1050,101,99,62,29,1494,1076,81,92,90,82,56,17
17.514309,1336,1050,101,99,63,23,1488,1069,88,86,108,83,42,12
17.521210,1342,1051,101,99,61,30,1491,1056,114,76,87,90,54,14
17.527657,1339,1051,101,98,64,25,1499,1056,96,91,102,86,55,13
17.534292,1345,1050,102,97,66,30,1495,1058,114,80,97,93,44,9
17.540764,1356,1049,100,100,66,41,1495,1063,92,96,88,90,58,8
17.547834,1344,1049,100,102,65,28,1493,1068,91,90,88,89,55,12
17.554617,1349,1050,100,101,65,33,1497,1056,101,87,113,78,53,9
17.561531,1347,1050,102,99,65,31,1504,1059,80,101,97,104,49,14
17.568682,1346,1050,101,99,66,30,1504,1067,90,90,106,88,40,23
17.575346,1344,1050,99,102,66,27,1502,1075,90,99,95,89,40,14
17.581924,1340,1050,99,102,66,23,1507,1070,82,98,115,90,44,8
17.588104,1357,1050,96,105,66,40,1511,1074,89,91,101,78,64,14
17.594511,1345,1050,97,104,65,29,1507,1082,86,89,105,90,48,7
17.601027,1348,1050,97,104,65,32,1509,1084,86,75,97,104,49,14
17.607395,1352,1049,97,106,67,33,1521,1071,99,98,108,79,51,15
17.614065,1352,1049,96,104,71,32,1511,1071,90,94,100,91,54,11
17.620401,1351,1049,97,102,73,30,1504,1074,92,97,99,79,44,19
17.627123,1346,1050,96,103,72,25,1508,1082,86,78,117,91,47,7
17.633867,1347,1049,95,103,73,27,1508,1069,97,79,103,95,55,10
17.640505,1341,1048,96,103,73,21,1515,1072,93,85,118,81,45,21
17.646885,1355,1049,98,103,70,35,1519,1071,96,81,90,97,63,21
17.653358,1344,1048,99,101,72,24,1513,1071,91,85,97,93,62,14
17.659904,1350,1049,98,102,72,29,1505,1071,93,96,109,82,45,9
17.666378,1351,1052,99,100,68,32,1500,1084,87,86,105,81,47,10
17.672802,1358,1052,100,97,70,39,1501,1062,105,87,97,85,54,11
17.679678,1343,1051,101,96,71,24,1491,1067,85,86,112,83,52,6
17.686163,1335,1050,103,94,72,16,1500,1071,86,88,109,87,42,17
17.693081,1346,1047,103,97,73,26,1500,1069,95,101,91,89,40,15
17.699615,1346,1046,104,96,74,26,1501,1079,85,97,104,86,44,6
17.705940,1350,1045,104,97,73,31,1497,1070,89,97,98,95,40,8
17.712975,1351,1044,104,98,73,32,1499,1061,94,92,108,79,49,16
17.719675,1349,1044,102,98,74,31,1498,1063,101,86,98,96,45,9
17.726526,1341,1044,102,95,77,23,1499,1066,83,83,99,99,54,15
17.733027,1341,1045,102,93,79,22,1500,1060,100,79,116,82,47,16
17.739265,1346,1046,102,93,78,27,1502,1069,80,92,100,84,65,12
17.745892,1356,1047,100,94,78,37,1511,1071,82,99,116,88,42,13
17.752020,1347,1048,100,95,75,29,1521,1064,94,94,95,93,61,20
17.758131,1340,1047,99,96,76,22,1517,1068,95,84,99,85,71,15
17.764744,1352,1045,101,97,74,35,1522,1066,81,104,103,90,61,17
17.771429,1345,1045,101,97,75,27,1516,1079,79,99,95,105,52,7
17.777460,1361,1046,101,93,77,44,1524,1064,90,117,99,93,44,17
17.783695,1347,1047,101,93,76,30,1522,1061,99,100,114,87,50,11
17.789967,1352,1047,102,94,74,35,1530,1067,93,84,123,103,45,15
17.796053,1349,1047,101,93,76,32,1522,1068,90,100,101,104,48,11
17.802759,1341,1047,104,92,75,23,1524,1068,99,92,115,90,47,13
17.808802,1350,1045,106,90,77,32,1522,1071,79,87,106,108,58,13
17.815077,1347,1044,107,90,75,31,1509,1064,80,108,101,104,40,12
17.821239,1339,1045,107,88,75,24,1516,1057,101,86,106,105,42,19
17.827459,1352,1044,108,88,75,37,1508,1065,95,87,93,104,52,12
17.833902,1346,1044,108,86,77,31,1502,1056,98,83,110,100,45,10
17.840395,1351,1044,108,86,77,36,1503,1060,102,88,105,101,36,11
17.847004,1356,1045,107,90,74,40,1503,1071,97,87,92,97,42,17
17.853428,1348,1045,105,93,74,31,1503,1072,94,90,117,79,44,7
17.860401,1339,1044,104,96,74,21,1505,1068,84,105,99,84,46,19
17.866663,1351,1046,101,96,75,33,1509,1064,95,96,106,82,50,16
17.872919,1344,1046,101,96,76,25,1502,1060,103,94,88,105,44,8
17.879868,1350,1046,99,97,77,31,1504,1080,91,87,101,82,52,11
17.886492,1349,1046,95,101,76,31,1500,1061,96,93,107,86,46,11
17.893047,1341,1045,95,103,75,23,1499,1067,82,97,112,83,50,8
17.899370,1350,1046,94,103,75,32,1502,1072,86,95,102,90,50,7
17.905855,1351,1045,94,104,75,33,1511,1077,88,81,106,91,50,18
17.912361,1357,1046,92,102,78,39,1502,1066,102,86,103,86,49,10
17.918674,1349,1044,97,98,81,29,1504,1064,95,87,102,93,51,12
17.924906,1346,1044,97,98,83,24,1499,1059,105,101,93,79,51,11
17.931892,1355,1044,98,99,83,31,1492,1074,91,89,111,71,46,10
17.938654,1348,1045,96,101,82,24,1486,1073,96,92,95,80,42,8
17.945673,1353,1046,96,100,82,29,1486,1076,83,88,98,89,45,7
17.952755,1353,1046,98,98,83,28,1486,1070,95,71,93,92,42,23
17.959654,1347,1046,98,96,85,22,1481,1061,91,93,84,80,57,15
17.966766,1347,1046,101,93,84,23,1473,1064,82,92,96,79,56,4
17.973907,1349,1046,101,92,85,25,1476,1075,64,81,111,84,50,11
17.981194,1346,1047,97,96,84,22,1487,1062,80,94,108,79,47,17
17.988064,1352,1046,100,93,85,28,1475,1067,86,81,103,83,47,8
17.994831,1347,1045,100,94,83,25,1477,1061,106,75,91,88,45,11
18.001900,1353,1045,102,94,81,31,1475,1058,96,83,101,85,49,3
18.008432,1343,1044,103,94,80,22,1478,1068,83,86,109,70,48,14
18.015732,1350,1045,104,94,79,28,1471,1058,86,98,102,77,45,5
18.022888,1354,1045,104,94,79,32,1472,1062,86,92,101,71,50,10
18.029976,1348,1046,104,94,79,25,1481,1067,94,104,90,66,49,11
18.036913,1353,1045,104,95,78,31,1486,1059,78,100,102,89,46,12
18.043362,1346,1045,106,90,82,23,1489,1053,94,103,95,87,39,18
18.050781,1346,1047,107,88,80,24,1478,1047,89,97,88,92,48,17
18.057344,1358,1048,107,87,80,36,1480,1060,96,72,95,102,45,10
18.064171,1354,1048,109,86,81,30,1470,1070,78,101,87,86,37,11
18.070910,1352,1049,107,90,78,28,1476,1070,91,85,95,84,41,10
18.077559,1352,1048,110,88,79,27,1483,1079,85,85,94,74,51,15
18.084658,1348,1049,108,90,78,23,1476,1076,86,92,91,71,49,11
18.092180,1352,1048,109,89,79,27,1472,1063,96,89,94,64,51,15
18.099529,1346,1049,110,90,73,24,1467,1068,93,89,100,70,39,8
18.107040,1351,1049,109,92,72,29,1477,1054,104,79,102,69,48,21
18.113955,1347,1049,108,92,71,27,1471,1072,92,82,90,75,53,7
18.120840,1347,1049,108,92,71,27,1472,1063,93,82,85,96,39,14
18.127922,1340,1049,108,91,72,20,1465,1069,95,72,98,79,33,19
18.134630,1349,1047,111,90,73,28,1473,1064,84,77,95,89,49,15
18.141476,1360,1046,109,94,72,39,1475,1062,103,80,92,84,46,8
18.148407,1344,1046,108,95,72,23,1480,1070,90,92,107,73,41,7
18.155556,1349,1045,107,95,75,27,1488,1064,89,85,106,86,38,20
18.161949,1369,1045,107,98,72,47,1482,1066,84,96,88,92,48,8
18.168587,1362,1045,107,98,71,41,1484,1064,93,93,97,79,44,14
18.175667,1353,1044,105,101,72,31,1483,1072,99,96,87,72,41,16
18.182138,1351,1045,106,100,72,28,1486,1062,98,107,106,71,38,4
18.189028,1359,1047,104,102,70,36,1492,1055,108,83,99,88,47,12
18.195833,1348,1047,103,102,70,26,1497,1072,96,75,97,91,48,18
18.202394,1351,1049,104,97,72,29,1498,1069,88,91,120,70,44,16
18.208891,1357,1050,104,96,73,34,1493,1067,104,103,89,84,41,5
18.215836,1358,1050,103,95,75,35,1505,1055,113,84,105,78,52,18
18.222446,1345,1049,104,94,75,23,1506,1074,80,88,93,111,47,13
18.229218,1343,1048,103,97,74,21,1500,1073,81,98,98,88,52,10
18.236126,1352,1047,104,97,76,28,1496,1064,100,80,104,91,46,11
18.242943,1354,1047,103,97,77,30,1498,1076,98,84,97,89,43,11
18.249252,1354,1047,103,99,77,28,1510,1076,94,82,122,83,40,13
18.255970,1350,1047,102,96,81,24,1502,1075,93,94,111,71,47,11
18.262995,1362,1047,102,98,81,34,1501,1070,91,102,99,90,40,9
18.269903,1359,1046,102,99,83,29,1503,1079,84,84,94,89,59,14
18.276369,1361,1045,102,99,84,31,1503,1062,97,95,96,102,40,11
18.282946,1356,1046,100,101,81,28,1501,1064,86,93,112,81,49,16
18.289564,1362,1047,99,105,77,34,1498,1066,88,94,109,76,57,8
18.296387,1353,1047,98,106,75,27,1501,1061,101,89,94,81,62,13
18.302618,1350,1046,97,111,72,24,1496,1077,80,107,91,81,45,15
18.309805,1354,1045,97,111,74,27,1498,1068,104,112,88,74,40,12
18.316378,1347,1043,98,110,76,20,1498,1052,104,98,95,93,46,10
18.323130,1352,1043,99,107,78,25,1505,1057,94,94,110,88,49,13
18.329424,1350,1043,97,110,77,23,1509,1063,79,111,94,103,44,15
18.335974,1352,1043,97,114,73,25,1511,1068,97,99,90,96,48,13
18.342543,1348,1041,98,115,71,23,1521,1060,104,104,97,77,62,17
18.348789,1344,1042,98,116,68,20,1515,1056,104,96,100,105,44,10
18.355404,1352,1041,98,115,71,27,1512,1058,111,93,114,85,38,13
18.362059,1355,1041,96,112,76,30,1518,1062,111,87,94,106,51,7
18.368738,1356,1041,98,109,79,29,1523,1051,104,92,109,102,48,17
18.375153,1352,1042,97,110,79,24,1523,1071,88,99,101,84,60,20
18.381985,1364,1041,97,111,78,37,1514,1060,116,94,102,89,43,10
18.388556,1358,1040,98,111,78,31,1508,1074,87,115,92,79,50,11
18.395048,1364,1040,99,110,78,37,1515,1067,104,93,94,94,47,16
18.401321,1350,1039,102,107,79,23,1508,1071,103,72,107,104,41,10
18.408169,1361,1039,103,106,81,32,1515,1065,91,103,104,84,48,20
18.415060,1355,1039,104,104,82,26,1518,1087,81,102,102,86,50,10
18.421072,1356,1040,107,101,83,25,1505,1061,100,90,119,86,39,10
18.427671,1361,1040,107,101,84,29,1506,1064,99,107,107,83,36,10
18.434401,1363,1041,107,102,82,31,1495,1064,93,94,111,82,41,10
18.441307,1359,1041,107,102,82,27,1499,1068,99,98,91,84,46,13
18.447975,1370,1041,108,102,81,38,1505,1086,82,89,102,94,41,11
18.454718,1360,1041,111,96,84,28,1516,1067,100,94,109,81,56,9
18.460888,1365,1041,109,97,86,32,1514,1068,94,107,103,80,54,8
18.467607,1367,1041,109,96,87,34,1508,1075,96,97,89,91,46,14
18.474440,1361,1042,107,98,85,29,1503,1072,98,89,99,85,53,7
18.481247,1358,1041,108,98,84,27,1503,1070,103,83,113,84,38,12
18.488045,1362,1041,109,99,83,30,1503,1069,98,95,93,96,40,12
18.494476,1368,1041,109,99,83,36,1512,1065,85,104,108,96,45,9
18.501030,1362,1041,110,99,83,29,1526,1062,104,103,117,80,48,12
18.507666,1358,1041,110,99,83,25,1521,1057,99,109,117,89,40,10
18.513592,1370,1042,105,102,84,37,1522,1067,89,94,126,95,44,7
18.520229,1367,1042,104,103,84,34,1531,1072,99,101,128,81,38,12
18.526297,1370,1042,103,107,80,38,1533,1061,92,111,130,90,43,6
18.532354,1364,1043,104,107,80,30,1535,1068,99,93,107,112,47,9
18.538416,1365,1044,108,103,78,32,1540,1080,88,123,110,87,42,10
18.544415,1368,1044,110,98,82,34,1546,1061,110,104,109,92,55,15
18.550497,1360,1045,109,100,80,26,1537,1057,94,101,116,92,59,18
18.556746,1367,1044,109,102,78,34,1536,1075,91,92,109,94,54,21
18.563377,1357,1044,112,103,75,23,1531,1076,83,101,112,86,57,16
18.569717,1367,1046,111,105,72,33,1529,1067,108,87,119,97,46,5
18.576017,1364,1046,112,105,74,27,1534,1075,97,93,111,91,50,17
18.582781,1363,1048,110,104,75,26,1524,1068,94,106,95,97,51,13
18.589098,1373,1047,110,103,77,36,1515,1094,79,98,100,90,44,10
18.595741,1367,1047,110,104,76,30,1507,1096,88,94,95,92,38,4
18.603022,1365,1047,111,101,78,28,1510,1073,103,78,114,95,43,4
18.609556,1368,1050,108,103,75,32,1507,1062,102,91,112,87,43,10
18.616001,1363,1051,109,103,74,26,1510,1078,87,100,102,88,42,13
18.622986,1360,1051,109,104,72,24,1499,1071,94,91,99,81,51,12
18.629539,1368,1052,110,102,73,31,1494,1082,86,101,106,72,41,6
18.636230,1371,1052,106,106,73,34,1501,1071,86,109,102,70,52,11
18.643017,1361,1052,107,103,76,23,1500,1076,93,94,113,77,35,12
18.650059,1362,1053,105,102,79,23,1505,1066,101,91,115,71,52,9
18.656536,1366,1052,105,104,78,27,1503,1070,89,93,105,78,50,18
18.663155,1371,1052,106,105,78,30,1497,1069,92,94,100,86,47,9
18.670126,1372,1052,105,105,79,31,1509,1069,84,100,125,77,39,15
18.676754,1371,1051,105,110,74,31,1507,1080,87,99,105,82,42,12
18.683374,1365,1051,104,108,77,25,1514,1080,86,97,110,92,38,11
18.690186,1369,1050,104,109,78,28,1519,1073,108,100,100,91,37,10
18.697142,1367,1049,105,107,78,28,1518,1078,102,99,109,72,46,12
18.703852,1379,1051,106,104,79,39,1513,1073,101,101,99,86,39,14
18.710419,1371,1051,106,105,79,30,1511,1080,102,83,89,100,43,14
18.717344,1376,1051,107,104,79,35,1513,1070,105,93,106,87,41,11
18.723719,1368,1051,106,105,79,27,1511,1072,109,100,102,76,44,8
18.730295,1365,1051,105,107,78,24,1508,1080,89,86,101,99,42,11
18.736931,1364,1050,109,104,78,23,1510,1078,89,86,122,81,49,5
18.744404,1368,1049,109,105,78,27,1509,1067,107,102,87,94,45,7
18.750837,1376,1049,108,108,76,35,1513,1089,91,87,95,81,55,15
18.757221,1363,1050,107,108,77,21,1513,1065,109,88,88,94,58,11
18.763807,1372,1053,106,107,76,30,1511,1064,105,91,105,92,41,13
18.770481,1375,1053,107,106,75,34,1511,1082,97,89,116,80,39,8
18.777052,1388,1054,106,105,75,48,1510,1084,100,115,96,73,35,7
18.783836,1375,1055,106,104,75,35,1509,1085,97,98,111,72,40,6
18.790337,1370,1056,104,104,75,31,1520,1079,97,100,85,91,54,14
18.797468,1374,1056,105,102,76,35,1514,1080,101,87,110,72,51,13
18.804159,1370,1056,106,102,76,30,1512,1083,98,88,109,79,45,10
18.810902,1367,1054,109,102,76,26,1505,1074,99,89,92,93,50,8
18.817469,1372,1054,108,104,74,32,1506,1068,97,96,92,94,53,6
18.824144,1367,1056,105,103,73,30,1511,1069,87,102,104,100,36,13
18.830942,1360,1057,104,103,73,23,1511,1076,87,114,94,81,50,9
18.837597,1377,1056,105,102,77,37,1505,1078,95,102,110,75,34,11
18.844080,1366,1056,105,102,78,25,1506,1068,98,92,106,80,50,12
18.850950,1365,1054,105,103,79,24,1497,1073,100,91,99,85,35,14
18.857832,1368,1054,103,105,79,27,1496,1067,106,88,90,92,43,10
18.864243,1372,1053,104,105,77,33,1504,1081,83,99,109,75,41,16
18.870728,1365,1055,104,103,78,25,1506,1074,97,91,103,86,41,14
18.877707,1365,1054,104,104,79,24,1504,1067,98,86,123,80,39,11
18.884621,1370,1053,104,107,76,30,1501,1066,98,111,89,92,36,9
18.891422,1376,1054,104,107,75,36,1511,1089,90,87,101,84,47,13
18.898029,1374,1056,101,109,75,33,1504,1077,91,109,87,88,41,11
18.904989,1373,1060,101,107,72,33,1504,1081,100,99,109,62,43,10
18.911617,1369,1061,100,108,71,29,1506,1072,94,111,97,75,48,9
18.917955,1375,1062,101,102,75,35,1511,1072,99,97,106,79,44,14
18.925026,1363,1061,102,100,76,24,1510,1071,92,103,102,74,49,19
18.931700,1366,1060,104,100,75,27,1503,1089,88,97,88,81,49,11
18.938875,1363,1060,102,102,73,26,1499,1084,89,94,87,91,42,12
18.945684,1358,1059,105,99,74,21,1495,1078,88,91,101,85,47,5
18.952150,1372,1060,104,100,71,37,1499,1072,95,87,86,91,59,9
18.959414,1366,1059,105,100,70,32,1495,1089,103,92,83,71,47,10
18.966204,1357,1059,106,97,71,24,1491,1076,97,91,102,75,40,10
18.972940,1367,1061,102,100,70,34,1495,1066,105,103,96,65,51,9
18.979759,1362,1063,100,99,72,28,1502,1078,85,104,93,80,51,11
18.986643,1361,1062,98,103,72,26,1496,1066,96,95,99,90,45,5
18.993319,1358,1063,97,103,72,23,1499,1070,96,106,97,77,46,7
18.999853,1364,1062,96,105,72,29,1509,1075,94,100,111,74,44,11
19.006680,1366,1060,96,104,73,33,1498,1070,93,96,106,79,47,7
19.013365,1349,1059,95,106,74,15,1498,1068,100,104,94,84,36,12
19.020037,1373,1059,95,105,75,39,1499,1070,105,85,97,82,44,16
19.026730,1368,1057,97,105,74,35,1491,1078,97,77,102,81,43,13
19.033758,1363,1059,95,107,72,30,1500,1079,80,101,100,83,45,12
19.040483,1351,1058,94,108,73,18,1498,1069,93,99,95,84,45,13
19.047770,1354,1058,94,108,73,21,1493,1065,90,92,91,97,50,8
19.054289,1368,1058,95,106,74,35,1495,1072,99,84,87,99,36,18
19.060957,1363,1059,95,105,74,30,1493,1072,94,95,91,86,41,14
19.067791,1351,1060,94,106,73,18,1502,1077,92,76,104,79,59,15
19.074476,1357,1058,96,105,73,25,1497,1068,96,89,99,92,39,14
19.080881,1364,1057,97,105,74,31,1498,1066,89,83,107,104,41,8
19.087229,1359,1057,99,106,71,26,1498,1079,90,95,98,90,37,9
19.094326,1352,1058,98,105,70,21,1499,1065,99,91,96,93,39,16
19.101326,1357,1057,99,102,72,27,1503,1070,89,108,103,77,46,10
19.108294,1357,1055,97,105,73,27,1495,1063,94,92,101,87,47,11
19.115597,1363,1054,101,102,73,33,1500,1066,99,90,111,75,50,9
19.122314,1362,1052,104,100,74,32,1506,1067,97,100,93,78,61,10
19.128576,1364,1051,105,97,77,34,1502,1068,92,108,93,90,40,11
19.134823,1355,1051,106,95,79,24,1505,1067,98,86,105,91,44,14
19.141184,1354,1051,107,92,81,23,1506,1067,96,92,104,79,56,12
19.147959,1355,1049,108,91,84,23,1499,1077,85,89,100,94,48,6
19.154667,1357,1047,109,90,82,29,1511,1067,92,110,98,87,42,15
19.160992,1358,1049,107,90,81,31,1514,1069,96,89,107,88,58,7
19.167110,1364,1048,108,89,82,37,1519,1062,90,111,105,82,55,14
19.173710,1362,1048,109,89,82,34,1517,1071,93,80,123,94,46,10
19.180641,1351,1048,110,88,82,23,1510,1075,96,82,106,81,56,14
19.187506,1348,1049,110,88,81,20,1511,1072,101,96,95,86,47,14
19.193970,1356,1049,108,91,79,29,1510,1072,108,97,96,94,35,8
19.200344,1357,1052,106,91,77,31,1508,1054,102,103,99,84,52,14
19.207186,1358,1051,106,95,76,30,1506,1065,93,85,113,94,43,13
19.213549,1365,1048,109,96,74,38,1511,1073,88,85,102,98,55,10
19.220083,1352,1047,110,94,76,25,1514,1063,91,87,106,96,55,16
19.226706,1354,1047,107,99,74,27,1509,1070,99,97,102,88,45,8
19.233385,1354,1048,104,102,73,27,1513,1067,90,96,117,85,47,11
19.239746,1354,1047,107,100,74,26,1517,1060,99,92,93,101,62,10
19.246040,1352,1047,107,101,73,24,1512,1071,103,70,119,86,53,10
19.252750,1358,1048,108,101,72,29,1519,1072,104,84,91,99,50,19
19.259117,1356,1048,108,101,72,27,1524,1079,107,91,97,92,48,10
19.265678,1354,1044,111,99,76,24,1527,1066,96,85,104,106,56,14
19.272200,1366,1047,108,98,77,36,1525,1074,94,96,96,102,56,7
19.278221,1362,1048,108,96,78,32,1534,1070,105,90,114,94,46,15
19.284861,1365,1048,108,98,76,35,1537,1083,76,118,105,88,55,12
19.291157,1364,1048,107,101,74,34,1535,1075,96,81,110,96,62,15
19.297714,1359,1047,107,100,77,28,1531,1072,95,90,107,93,61,13
19.303852,1372,1047,107,100,77,41,1529,1090,86,101,101,99,46,6
19.310190,1363,1047,107,98,79,32,1527,1071,99,92,98,97,62,8
19.316353,1360,1047,107,98,79,29,1525,1072,95,82,109,108,46,13
19.322523,1367,1048,106,97,81,35,1534,1061,104,94,98,104,57,16
19.328859,1366,1048,105,97,81,35,1529,1078,103,88,100,99,45,16
19.335463,1367,1047,106,97,82,35,1519,1080,97,92,95,94,46,15
19.342340,1365,1048,104,99,80,34,1519,1081,91,92,101,88,53,13
19.349047,1362,1048,106,98,78,32,1524,1079,101,87,103,86,58,10
19.355862,1366,1047,105,98,81,35,1528,1078,107,93,112,81,45,12
19.362019,1377,1048,106,97,80,46,1528,1085,103,95,101,85,48,11
19.368185,1357,1049,106,96,79,27,1533,1078,117,94,93,87,44,20
19.374329,1354,1049,106,94,82,23,1529,1075,98,100,119,82,48,7
19.380648,1363,1048,107,95,82,31,1529,1076,93,96,119,87,45,13
19.386539,1364,1048,106,95,83,32,1530,1069,103,102,110,84,44,18
19.392588,1353,1051,105,95,81,21,1512,1076,94,96,96,95,43,12
19.398849,1355,1050,104,96,80,25,1505,1072,81,102,116,82,42,10
19.405846,1357,1050,102,98,79,28,1502,1078,100,76,91,92,52,13
19.412683,1358,1049,102,98,79,30,1498,1061,93,96,90,98,47,13
19.419764,1355,1049,100,98,80,28,1495,1062,99,85,100,89,42,18
19.426212,1362,1049,99,101,79,34,1498,1063,97,98,98,84,46,12
19.433004,1358,1048,100,100,80,30,1506,1075,81,91,103,87,52,17
19.439613,1357,1050,99,100,81,27,1502,1069,81,97,92,99,49,15
19.446264,1370,1050,97,104,83,36,1495,1075,101,81,113,80,35,10
19.453121,1360,1049,95,107,80,29,1494,1075,99,108,86,83,33,10
19.459995,1354,1049,94,112,75,24,1500,1062,110,91,80,96,49,12
19.466961,1367,1049,95,112,73,38,1493,1078,97,79,95,76,51,17
19.474333,1359,1049,95,111,75,29,1485,1067,103,95,78,89,44,9
19.481401,1356,1049,94,110,76,27,1489,1081,84,100,99,76,43,6
19.488209,1359,1049,94,111,76,29,1499,1083,83,102,94,77,50,10
19.495165,1369,1049,96,109,76,39,1508,1084,90,93,96,83,52,10
19.501348,1365,1050,95,110,74,36,1512,1072,95,89,105,95,42,14
19.508413,1362,1049,96,110,75,32,1508,1075,83,99,110,88,46,7
19.514790,1357,1049,94,110,77,27,1517,1074,92,101,117,83,37,13
19.521410,1353,1049,93,108,79,24,1524,1080,92,102,97,98,46,9
19.528122,1355,1049,95,107,78,26,1528,1073,94,94,110,93,51,13
19.534132,1368,1049,94,107,79,39,1528,1076,85,102,106,96,55,8
19.540134,1355,1051,93,108,78,25,1527,1079,99,102,106,80,47,14
19.546923,1363,1050,93,108,79,33,1525,1085,95,95,104,85,51,10
19.553188,1363,1049,93,109,79,33,1522,1073,90,108,100,96,45,10
19.559181,1355,1049,93,108,81,24,1529,1065,97,104,96,98,48,21
19.565605,1364,1049,91,110,80,34,1524,1070,103,81,109,93,54,14
19.572351,1352,1049,93,108,78,24,1522,1081,92,88,89,101,56,15
19.578672,1358,1049,92,110,79,28,1524,1063,103,88,103,93,59,15
19.584946,1356,1050,92,110,80,24,1525,1078,94,99,107,87,47,13
19.590986,1361,1050,92,110,79,30,1532,1067,105,96,100,94,59,11
19.597439,1356,1050,93,109,79,25,1525,1087,86,87,99,102,51,13
19.604134,1360,1048,94,111,78,29,1528,1080,78,106,104,109,46,5
19.610413,1360,1047,97,110,75,31,1520,1074,97,109,98,87,47,8
19.616924,1361,1046,95,114,75,31,1518,1075,97,86,105,90,61,4
19.623747,1351,1044,97,116,75,19,1516,1077,101,82,92,98,56,10
19.629961,1368,1042,98,117,72,39,1517,1080,96,91,98,101,39,12
19.636229,1359,1042,99,116,74,28,1511,1089,87,75,113,86,52,9
19.643105,1361,1041,102,113,75,30,1506,1063,93,85,97,89,65,14
19.649937,1372,1042,102,112,79,37,1508,1073,83,92,97,93,58,12
19.656521,1360,1042,102,113,78,25,1499,1075,103,78,109,81,48,5
19.662939,1370,1045,102,112,78,33,1509,1086,88,99,86,99,39,12
19.669819,1359,1046,101,111,78,23,1506,1081,90,88,100,89,47,11
19.676643,1369,1049,101,107,81,31,1514,1088,88,87,104,87,48,12
19.683210,1360,1050,103,106,79,22,1524,1070,92,95,105,90,64,8
19.689686,1375,1050,102,107,79,37,1531,1083,91,93,107,89,55,13
19.695576,1363,1051,102,106,78,26,1524,1091,87,98,104,79,47,18
19.702280,1364,1051,102,106,78,27,1521,1079,90,99,116,85,41,11
19.709040,1364,1052,101,108,75,28,1516,1068,94,89,106,105,41,13
19.715782,1370,1053,104,104,75,34,1517,1077,88,88,109,94,52,9
19.722336,1364,1054,104,105,74,27,1514,1089,78,89,113,82,50,13
19.729248,1354,1055,107,103,72,17,1508,1072,91,97,97,85,55,11
19.736032,1363,1056,107,104,69,27,1512,1078,103,85,106,83,44,13
19.742804,1362,1057,107,105,66,27,1504,1079,95,84,108,77,52,9
19.749420,1358,1056,108,104,67,23,1507,1066,90,95,115,85,43,13
19.756180,1364,1056,108,104,67,29,1505,1068,93,101,87,91,57,8
19.763006,1370,1056,109,102,68,35,1501,1081,91,92,91,82,50,14
19.769636,1362,1057,111,99,68,27,1499,1086,93,88,102,77,41,12
19.776030,1363,1059,107,102,66,29,1510,1078,82,97,88,93,60,12
19.782703,1362,1058,108,102,66,28,1508,1066,97,106,90,81,47,21
19.789742,1365,1057,108,102,68,30,1501,1069,85,95,90,94,56,12
19.796373,1363,1059,108,103,66,27,1507,1069,97,92,103,83,47,16
19.802965,1368,1059,107,103,68,31,1505,1072,99,91,82,100,47,14
19.809566,1382,1059,108,104,66,45,1503,1091,77,89,99,97,39,11
19.816420,1367,1060,106,104,64,33,1491,1083,83,95,102,68,47,13
19.823212,1356,1058,108,102,66,22,1492,1082,100,85,84,84,49,8
19.830242,1360,1059,106,104,66,25,1488,1070,97,88,94,78,53,8
19.836828,1359,1058,108,104,66,23,1489,1078,93,77,99,75,49,18
19.843643,1362,1057,111,103,65,26,1483,1082,83,94,81,84,45,14
19.851086,1366,1058,110,103,67,28,1489,1077,83,88,97,81,53,10
19.858166,1365,1057,110,102,68,28,1490,1081,86,85,92,91,50,5
19.864960,1364,1059,109,103,67,26,1490,1071,88,87,96,82,46,20
19.871489,1365,1058,109,101,68,29,1483,1075,82,94,84,78,59,11
19.878412,1371,1057,110,99,71,34,1490,1072,95,82,93,83,51,14
19.885662,1365,1058,111,100,69,27,1480,1075,98,82,90,86,36,13
19.892946,1367,1058,114,98,68,29,1490,1081,93,85,92,88,40,11
19.899971,1357,1057,116,98,66,20,1497,1069,92,96,96,90,39,15
19.906771,1364,1058,117,97,64,28,1496,1073,88,81,102,96,48,8
19.913626,1368,1058,118,94,65,33,1504,1086,74,84,104,96,46,14
19.920452,1365,1058,121,91,66,29,1499,1082,87,86,93,96,47,8
19.927452,1368,1058,119,92,67,32,1512,1078,94,95,100,82,47,16
19.934258,1362,1060,115,93,69,25,1509,1079,98,81,99,85,54,13
19.941122,1372,1060,113,94,69,36,1510,1081,84,83,105,88,52,17
19.947823,1378,1060,113,95,66,44,1512,1074,90,95,99,97,42,15
19.954590,1367,1060,112,95,66,34,1515,1070,90,103,116,87,37,12
19.961254,1365,1059,111,94,68,33,1512,1074,91,98,107,88,48,6
19.968176,1362,1061,110,95,66,30,1514,1082,88,105,105,91,37,6
19.974718,1360,1059,110,96,66,29,1523,1080,101,94,90,95,50,13
19.981318,1358,1061,108,97,65,27,1519,1078,96,92,91,89,60,13
19.987484,1363,1059,112,94,67,31,1524,1076,94,98,115,85,45,11
19.993921,1362,1060,113,93,67,29,1529,1087,84,98,108,80,53,19
20.000568,1365,1060,115,91,68,31,1531,1074,103,99,92,95,55,13
20.006729,1363,1058,116,90,70,29,1529,1072,105,96,105,85,49,17
20.013132,1361,1059,114,93,69,26,1523,1086,92,83,103,93,49,17
20.019287,1363,1059,115,93,68,28,1534,1069,97,91,113,92,58,14
20.025660,1365,1060,114,91,70,30,1529,1094,81,90,115,77,61,11
20.031950,1369,1060,117,88,70,34,1536,1076,88,96,108,99,54,15
20.038525,1372,1062,117,85,73,35,1533,1081,85,107,113,79,57,11
20.044640,1370,1062,117,85,73,33,1529,1072,95,94,103,102,46,17
20.050661,1361,1061,117,86,73,24,1526,1081,91,83,97,103,57,14
20.057135,1361,1062,121,83,70,25,1525,1069,103,101,105,98,43,6
20.063648,1371,1063,121,82,69,36,1517,1074,99,111,89,89,46,9
20.070162,1369,1062,120,81,73,33,1509,1067,108,100,95,83,47,9
20.076567,1367,1062,119,82,75,29,1511,1082,86,98,102,90,44,9
20.083357,1372,1064,116,82,76,34,1511,1086,83,91,98,98,47,8
20.089972,1371,1062,115,86,75,33,1513,1088,85,91,88,98,46,17
20.096468,1364,1062,119,83,74,26,1508,1084,89,94,102,82,46,11
20.103270,1365,1063,118,85,75,24,1502,1072,94,84,93,105,41,13
20.110348,1364,1063,117,87,75,22,1495,1082,83,96,85,90,45,14
20.116961,1368,1062,117,88,74,27,1504,1082,88,95,94,81,45,19
20.124033,1365,1060,120,88,72,25,1498,1093,82,105,89,72,46,11
20.130844,1366,1061,118,90,70,27,1501,1074,101,88,88,82,55,13
20.137470,1367,1060,120,90,69,28,1500,1089,74,79,111,92,44,11
20.144356,1365,1060,121,90,68,26,1501,1086,84,94,91,82,53,11
20.151131,1372,1060,120,92,66,34,1496,1098,84,94,84,76,49,11
20.157812,1361,1059,117,98,66,21,1500,1085,86,90,91,82,54,12
20.164761,1366,1059,117,98,66,26,1499,1078,87,95,84,96,52,7
20.171658,1364,1060,116,96,68,24,1499,1079,104,82,84,91,44,15
20.178352,1361,1060,116,95,69,21,1494,1092,76,93,94,78,57,4
20.185120,1373,1058,116,97,70,32,1492,1094,79,96,80,82,47,14
20.191628,1368,1058,116,98,68,28,1490,1083,86,103,88,71,48,11
20.198616,1374,1057,116,99,69,33,1495,1083,74,97,89,80,60,12
20.205196,1362,1057,114,101,68,22,1492,1075,90,77,111,75,52,12
20.212326,1373,1057,113,102,68,33,1487,1074,83,102,82,95,45,6
20.219563,1366,1057,112,104,67,26,1494,1076,85,92,92,92,50,7
20.226603,1366,1057,111,105,69,24,1501,1075,93,94,100,82,47,10
20.233597,1373,1055,115,100,73,30,1500,1088,75,101,81,86,55,14
20.240379,1378,1055,113,104,71,35,1500,1087,77,99,87,84,54,12
20.247147,1373,1054,113,102,74,30,1495,1085,80,96,91,89,43,11
20.253826,1373,1056,113,101,73,30,1504,1076,89,91,87,105,44,12
20.260294,1378,1055,114,103,70,36,1504,1080,82,100,82,97,49,14
20.267452,1366,1055,116,101,70,24,1502,1077,95,77,102,91,49,11
20.274220,1371,1056,117,100,70,28,1505,1070,91,98,89,81,59,17
20.281570,1374,1055,118,102,65,34,1499,1075,97,99,108,69,42,9
20.288504,1364,1054,119,100,67,24,1503,1077,101,86,105,86,36,12
20.295300,1365,1053,119,100,68,25,1497,1084,100,76,82,89,55,11
20.302107,1363,1052,119,101,66,25,1490,1084,83,87,84,92,43,17
20.309370,1362,1052,119,101,68,22,1490,1080,91,72,105,87,46,9
20.315994,1363,1053,117,101,69,23,1494,1082,82,87,96,81,57,9
20.323257,1364,1053,118,103,66,24,1500,1087,87,89,96,92,36,13
20.330317,1365,1053,120,102,65,25,1494,1083,101,81,105,69,45,10
20.337418,1367,1051,122,102,65,27,1501,1087,92,76,101,84,51,10
20.344261,1376,1051,122,102,65,36,1502,1087,95,91,80,92,47,10
20.351181,1370,1052,122,103,62,31,1503,1100,85,89,87,76,53,13
20.358351,1367,1052,122,104,62,27,1505,1085,96,88,88,79,55,14
20.365326,1373,1051,121,105,65,31,1497,1076,96,103,91,83,37,11
20.372473,1369,1053,120,105,63,28,1500,1092,91,88,83,83,57,6
20.379700,1374,1054,120,105,63,32,1502,1075,89,110,100,80,35,13
20.386675,1372,1054,122,101,67,28,1498,1094,90,81,109,80,37,7
20.393681,1367,1055,121,99,70,22,1506,1085,81,102,91,82,53,12
20.400953,1362,1056,121,99,66,20,1510,1077,89,98,104,85,44,13
20.407782,1370,1055,122,99,66,28,1508,1082,88,85,105,90,44,14
20.414667,1367,1053,120,102,67,25,1505,1091,92,84,90,88,50,10
20.421684,1374,1052,124,99,67,32,1504,1081,83,86,97,105,42,10
20.428936,1373,1053,126,94,70,30,1499,1082,94,84,86,88,56,9
20.435869,1369,1055,124,96,68,26,1507,1095,86,86,88,88,47,17
20.442348,1369,1055,123,96,68,27,1505,1092,84,86,100,77,55,11
20.449055,1373,1055,123,95,69,31,1502,1090,75,91,82,100,54,10
20.456480,1378,1056,125,92,69,36,1505,1085,82,96,92,81,49,20
20.463499,1369,1054,126,91,70,28,1500,1086,76,102,92,87,49,8
20.470200,1372,1056,126,91,68,31,1510,1067,101,93,107,84,49,9
20.476954,1376,1056,126,89,71,34,1517,1087,94,78,102,104,41,11
20.483377,1368,1053,127,90,70,28,1516,1080,92,99,90,95,51,9
20.489729,1374,1053,126,89,75,31,1526,1090,83,86,108,110,31,18
20.496336,1372,1055,125,90,73,29,1521,1081,92,95,98,88,57,10
20.502636,1357,1056,126,92,71,12,1522,1081,90,89,101,96,57,8
20.509653,1369,1060,123,92,70,24,1524,1088,85,85,103,91,60,12
20.516161,1366,1060,123,92,69,22,1517,1089,89,96,88,90,57,8
20.523495,1361,1059,124,90,71,17,1521,1081,107,79,104,95,46,9
20.529688,1371,1058,123,92,71,27,1522,1078,97,97,105,89,44,12
20.536421,1377,1059,122,91,71,34,1522,1087,100,92,98,89,47,9
20.543612,1375,1060,120,93,70,32,1528,1089,92,99,94,91,46,17
20.550234,1378,1060,120,94,69,35,1526,1093,83,90,109,88,50,13
20.556368,1372,1060,121,92,70,29,1524,1096,95,79,104,86,56,8
20.563351,1367,1060,119,95,70,23,1519,1092,84,96,92,84,55,16
20.569782,1371,1061,118,97,69,26,1523,1083,92,107,93,97,39,12
20.576872,1371,1059,119,97,70,26,1519,1098,86,98,91,76,57,13
20.583504,1370,1056,124,92,72,26,1523,1098,84,89,90,86,62,14
20.590479,1372,1059,122,92,71,28,1529,1104,82,85,94,102,47,15
20.597197,1381,1060,123,90,69,39,1530,1095,87,85,100,80,69,14
20.603615,1361,1061,122,91,69,18,1527,1093,82,80,105,89,65,13
20.610041,1371,1060,121,88,74,28,1532,1091,95,90,100,84,54,18
20.616562,1374,1061,122,85,76,30,1525,1089,96,94,101,80,50,15
20.623631,1373,1061,121,85,77,29,1519,1099,92,88,96,85,48,11
20.630535,1376,1062,120,86,77,31,1519,1103,89,81,88,92,55,11
20.636728,1365,1062,119,90,73,21,1521,1077,103,92,101,90,44,14
20.643034,1377,1064,118,89,71,35,1526,1080,94,73,95,110,50,24
20.649624,1366,1062,118,93,70,23,1523,1070,91,93,111,88,57,13
20.656391,1365,1063,119,90,71,22,1522,1086,96,85,104,83,55,13
20.663013,1369,1063,119,90,70,27,1515,1089,98,86,100,86,45,11
20.669909,1362,1062,119,91,69,21,1517,1081,101,80,108,85,43,19
20.677052,1365,1062,123,91,66,23,1511,1082,96,100,95,97,37,4
20.683830,1368,1062,122,90,70,24,1517,1084,98,90,96,83,54,12
20.690609,1364,1060,122,93,68,21,1517,1084,111,77,114,91,30,10
20.697712,1374,1058,122,92,70,32,1514,1089,97,104,85,82,48,9
20.704241,1374,1059,122,93,71,29,1518,1091,100,88,97,93,42,7
20.710814,1385,1059,121,96,70,39,1518,1098,95,88,90,95,37,15
20.717892,1368,1059,122,96,69,22,1517,1099,88,90,100,85,42,13
20.724937,1368,1059,121,98,67,23,1518,1103,89,86,108,72,45,15
20.731773,1379,1060,117,100,69,33,1517,1114,80,79,104,84,46,10
20.738283,1369,1058,118,100,71,22,1522,1104,98,88,94,85,41,12
20.745098,1386,1057,117,101,72,39,1525,1102,96,76,95,85,56,15
20.752134,1376,1057,118,100,73,28,1514,1104,91,84,106,69,49,11
20.759144,1371,1056,117,102,73,23,1517,1092,94,85,101,92,44,9
20.765806,1389,1055,117,104,72,41,1516,1099,79,99,100,90,42,7
20.772591,1379,1055,118,106,69,31,1517,1102,82,94,115,75,41,8
20.779613,1372,1057,116,106,72,21,1521,1101,86,91,93,92,51,7
20.786335,1383,1058,115,106,71,33,1530,1097,96,84,94,96,44,19
20.793449,1380,1056,116,106,72,30,1528,1109,88,86,94,80,56,15
20.800461,1382,1059,116,102,74,31,1516,1110,71,88,96,92,51,8
20.807356,1393,1060,115,103,73,42,1522,1091,105,86,105,79,49,7
20.814547,1383,1060,116,106,69,32,1523,1106,96,83,90,90,46,12
20.821512,1376,1060,114,107,70,25,1530,1094,91,85,95,97,53,15
20.828104,1387,1062,115,107,67,36,1530,1103,94,79,105,86,49,14
20.834616,1369,1064,113,109,65,18,1530,1105,90,81,102,80,56,16
20.841415,1386,1066,112,108,66,34,1528,1102,88,92,103,82,50,11
20.847960,1377,1066,110,110,66,25,1533,1104,94,91,98,86,50,10
20.854876,1383,1066,110,110,66,31,1536,1111,89,89,92,95,41,19
20.861904,1386,1068,108,111,66,33,1533,1107,89,95,89,97,45,11
20.868990,1378,1068,109,111,65,25,1530,1098,79,104,98,94,49,8
20.875408,1382,1068,109,111,64,30,1535,1102,97,74,104,79,53,26
20.881908,1374,1070,110,109,65,20,1535,1096,96,90,94,84,60,15
20.888653,1382,1070,109,111,65,27,1527,1092,90,111,102,77,45,10
20.895342,1395,1070,112,107,67,39,1534,1112,82,90,90,93,57,10
20.902193,1386,1071,111,107,67,30,1534,1102,90,86,85,92,64,15
20.909298,1391,1071,109,108,68,35,1529,1113,84,91,91,83,54,13
20.916494,1380,1068,111,106,70,25,1535,1106,102,77,99,83,63,5
20.923374,1388,1068,110,106,71,33,1533,1103,91,86,103,89,54,7
20.930212,1383,1068,110,106,71,28,1537,1121,94,77,85,96,48,16
20.936913,1382,1068,111,104,72,27,1536,1111,83,92,97,89,57,7
20.943729,1382,1068,109,101,77,27,1537,1117,80,90,100,89,47,14
20.950378,1387,1071,107,100,76,33,1541,1122,78,85,89,90,61,16
20.956953,1382,1071,109,95,78,29,1539,1110,84,96,90,99,48,12
20.963711,1379,1072,112,96,72,27,1550,1102,90,99,94,80,63,22
20.970165,1371,1071,114,94,73,19,1541,1109,82,84,110,95,50,11
20.976439,1385,1071,111,97,73,33,1543,1113,95,82,91,100,44,18
20.983414,1376,1071,111,97,73,24,1539,1111,84,107,106,80,35,16
20.990084,1379,1071,110,97,73,28,1533,1105,81,79,110,96,47,15
20.997261,1374,1070,109,99,73,23,1529,1109,76,97,95,96,40,16
21.004457,1385,1073,105,101,73,33,1523,1097,89,90,92,92,55,8
21.011116,1382,1075,103,105,70,29,1529,1117,74,90,101,90,44,13
21.017618,1385,1076,104,105,68,32,1537,1101,87,82,107,80,61,19
21.024494,1384,1081,101,106,65,31,1533,1094,101,90,113,75,52,8
21.031670,1387,1081,101,106,65,34,1530,1104,103,88,103,81,43,8
21.038397,1390,1081,102,106,65,36,1537,1102,92,91,112,89,43,8
21.044819,1373,1081,104,103,67,18,1538,1101,90,81,112,82,58,14
21.051580,1377,1080,105,101,67,24,1540,1095,95,89,102,85,58,16
21.058090,1376,1081,103,103,65,24,1533,1107,79,99,92,82,60,14
21.064997,1377,1081,102,107,63,24,1526,1100,92,86,115,75,50,8
21.072033,1381,1082,102,107,61,29,1530,1092,106,78,102,98,42,12
21.078775,1380,1082,102,107,62,27,1532,1113,78,100,92,83,51,15
21.085527,1379,1081,102,106,64,26,1526,1098,98,75,104,73,62,16
21.092264,1380,1080,103,105,65,27,1523,1098,86,85,106,95,47,6
21.098993,1384,1080,103,101,67,33,1517,1104,79,84,92,89,58,11
21.105871,1376,1080,104,102,67,23,1516,1097,99,82,97,90,45,6
21.112974,1377,1081,102,103,66,25,1513,1101,97,72,92,92,48,11
21.120449,1371,1082,101,102,67,19,1517,1111,81,89,86,83,55,12
21.127659,1380,1083,99,99,70,29,1513,1110,80,94,81,86,49,13
21.134756,1380,1083,99,98,70,30,1509,1112,74,91,89,74,58,11
21.141796,1374,1083,99,100,68,24,1508,1097,91,77,95,89,48,11
21.148817,1382,1081,100,102,66,33,1502,1089,90,91,97,77,48,10
21.156059,1379,1083,99,99,68,30,1501,1102,83,84,91,83,47,11
21.163099,1376,1082,98,99,69,28,1508,1100,102,85,79,81,52,9
21.170250,1376,1081,99,97,71,28,1516,1099,94,88,88,83,49,15
21.177296,1374,1083,97,97,71,26,1510,1094,77,97,89,84,53,16
21.184658,1368,1083,97,96,71,21,1505,1088,85,84,76,109,45,18
21.191422,1376,1084,97,96,70,29,1497,1093,75,98,88,100,34,9
21.198732,1366,1084,97,96,70,19,1499,1101,79,87,84,89,43,16
21.206287,1372,1084,95,94,73,26,1496,1105,83,96,76,84,37,15
21.213606,1372,1083,95,94,73,27,1486,1100,74,88,97,67,44,16
21.221310,1372,1084,95,94,73,26,1481,1093,86,99,71,67,54,11
21.228945,1378,1085,95,95,72,31,1480,1098,90,89,84,68,42,9
21.236464,1371,1086,94,95,72,24,1480,1105,89,88,63,85,38,12
21.243578,1365,1086,94,99,68,18,1478,1099,82,74,94,73,43,13
21.251221,1366,1086,95,96,69,20,1478,1097,93,84,76,79,41,8
21.258821,1367,1087,95,95,70,20,1485,1114,77,70,91,78,44,11
21.266441,1371,1088,96,94,69,24,1480,1109,77,71,81,83,49,10
21.274000,1365,1088,95,95,69,18,1480,1103,96,86,73,67,42,13
21.282070,1364,1088,93,98,69,16,1479,1116,77,80,88,58,48,12
21.290161,1369,1087,92,100,68,22,1480,1107,85,85,83,69,44,7
21.297853,1376,1087,91,101,70,27,1485,1097,89,79,89,73,46,12
21.305664,1370,1088,89,101,70,22,1474,1109,91,74,83,72,37,8
21.314045,1376,1089,88,101,71,27,1482,1099,82,79,102,70,44,6
21.321697,1371,1089,88,100,72,22,1477,1110,80,79,78,75,47,8
21.329630,1381,1088,88,100,73,32,1480,1092,105,71,91,66,37,18
21.337128,1371,1087,88,101,74,21,1489,1109,90,77,82,72,49,10
21.344870,1377,1087,90,102,71,27,1484,1094,88,72,97,75,45,13
21.352499,1374,1087,87,108,68,24,1481,1101,82,93,88,63,43,11
21.360567,1382,1087,87,108,68,32,1476,1103,76,76,73,81,52,15
21.368206,1376,1086,88,107,69,26,1466,1111,81,82,72,67,42,11
21.376596,1378,1087,91,102,70,28,1459,1100,84,88,73,79,30,5
21.384344,1366,1088,91,101,70,16,1470,1093,82,85,73,73,52,12
21.392342,1377,1087,93,99,70,28,1469,1104,79,77,81,76,40,12
21.400251,1371,1086,93,99,70,23,1466,1098,72,79,96,80,29,12
21.408844,1364,1085,94,98,70,17,1464,1095,82,83,83,72,41,8
21.416727,1363,1085,91,103,68,16,1483,1099,80,88,84,68,44,20
21.424320,1377,1085,91,103,68,30,1477,1114,83,66,99,63,41,11
21.432413,1377,1084,92,103,68,30,1481,1113,66,83,85,71,44,19
21.439774,1374,1086,92,98,71,27,1485,1111,76,80,83,83,41,11
21.447710,1372,1086,92,99,70,25,1496,1110,75,82,78,84,48,19
21.454800,1392,1088,94,96,70,44,1493,1097,82,88,88,92,38,8
21.461905,1376,1086,95,98,69,28,1494,1108,78,87,94,76,44,7
21.469336,1376,1087,98,93,71,27,1494,1097,92,86,86,77,45,11
21.476610,1373,1089,95,96,67,26,1498,1105,79,78,96,91,34,15
21.483799,1368,1090,94,97,65,22,1505,1104,87,91,92,74,46,11
21.491482,1369,1089,95,98,67,20,1513,1106,94,77,97,66,59,14
21.498474,1381,1088,93,100,68,32,1502,1103,88,83,93,85,46,4
21.505667,1368,1090,93,99,67,19,1505,1105,83,92,90,70,55,10
21.512674,1384,1091,93,98,67,35,1506,1107,91,85,95,80,39,9
21.520029,1371,1092,92,96,72,19,1503,1105,76,94,88,85,46,9
21.527290,1391,1091,96,93,72,39,1507,1107,91,86,73,86,50,14
21.534693,1381,1091,94,95,73,28,1510,1120,93,71,96,76,46,8
21.542122,1385,1091,96,93,71,34,1503,1109,85,82,87,83,46,11
21.549561,1375,1093,96,92,70,24,1507,1109,86,73,91,77,60,11
21.557053,1379,1094,95,92,70,28,1499,1121,70,78,87,92,42,9
21.564396,1374,1094,94,93,69,24,1492,1111,71,79,89,82,48,12
21.572031,1381,1096,92,93,69,31,1497,1117,73,90,83,76,46,12
21.579828,1372,1095,92,94,69,22,1490,1127,80,67,89,75,44,8
21.587551,1382,1094,93,93,71,31,1502,1104,83,84,89,86,43,13
21.594912,1377,1095,95,90,69,28,1504,1114,76,70,111,81,40,12
21.602154,1382,1094,94,92,69,33,1502,1111,82,76,92,82,46,13
21.609360,1379,1093,100,85,71,30,1507,1096,84,83,82,101,54,7
21.616571,1378,1091,102,85,73,27,1512,1102,84,82,97,88,44,15
21.623907,1385,1089,103,86,72,35,1509,1105,88,83,85,89,42,17
21.630827,1381,1086,106,85,72,32,1510,1100,87,83,97,92,38,13
21.638224,1368,1085,106,86,72,19,1506,1099,92,79,94,83,48,11
21.645531,1377,1087,106,84,75,25,1516,1091,89,99,83,95,47,12
21.652353,1378,1087,106,82,79,24,1514,1088,94,92,92,87,55,6
21.659355,1380,1085,106,84,80,25,1524,1111,79,88,109,71,51,15
21.666759,1384,1084,108,83,83,26,1520,1102,89,87,92,70,66,14
21.673580,1387,1086,107,83,83,28,1524,1113,92,65,94,92,49,19
21.680141,1379,1086,105,83,85,20,1529,1115,92,81,88,85,56,12
21.687628,1387,1084,107,82,86,28,1533,1130,72,85,88,87,56,15
21.694366,1394,1086,107,83,83,35,1538,1120,86,89,86,96,49,12
21.701336,1395,1089,102,87,80,37,1535,1115,83,104,98,82,46,7
21.708069,1385,1089,102,87,80,27,1546,1115,85,86,97,96,59,8
21.715128,1385,1088,102,88,80,27,1543,1107,87,94,96,94,55,10
21.721781,1391,1089,100,89,80,33,1541,1108,88,80,92,108,45,20
21.728317,1392,1089,100,90,79,34,1535,1106,84,81,107,79,62,16
21.735643,1391,1089,100,90,79,33,1538,1108,85,92,99,88,55,11
21.742138,1387,1084,102,91,80,30,1541,1109,85,94,83,92,61,17
21.748777,1384,1084,103,93,76,28,1549,1114,87,94,90,94,59,11
21.755386,1384,1086,103,90,77,28,1553,1107,97,87,92,100,59,11
21.761858,1385,1085,103,90,78,29,1555,1103,98,85,105,87,59,18
21.767736,1389,1084,106,89,77,33,1549,1104,89,93,99,89,66,9
21.774073,1387,1083,109,87,76,32,1552,1125,89,84,96,85,55,18
21.780375,1396,1082,111,86,77,40,1548,1124,83,77,92,93,66,13
21.787203,1383,1082,113,89,72,27,1546,1110,85,94,100,82,60,15
21.793695,1379,1083,113,87,72,24,1541,1108,102,71,105,88,53,14
21.800310,1386,1085,110,89,70,32,1543,1108,95,104,88,89,47,12
21.807020,1380,1085,110,88,71,26,1542,1101,97,84,107,89,56,8
21.813919,1393,1085,110,88,72,38,1548,1105,85,87,94,99,63,15
21.820206,1381,1085,109,90,71,26,1544,1106,99,75,102,98,48,16
21.827097,1387,1085,108,92,69,33,1537,1114,97,77,98,73,66,12
21.833790,1377,1086,109,91,67,24,1534,1102,96,79,111,80,52,14
21.840389,1378,1086,110,91,66,25,1535,1104,93,103,84,87,52,12
21.847076,1375,1087,110,90,66,22,1536,1105,96,87,94,80,60,14
21.853838,1383,1084,112,91,66,30,1541,1108,93,93,84,93,54,16
21.860497,1372,1083,110,92,68,19,1537,1115,87,88,97,83,51,16
21.867350,1389,1080,113,91,69,36,1537,1108,79,103,103,81,55,8
21.874056,1380,1080,114,91,68,27,1541,1106,82,104,107,88,44,10
21.880310,1388,1080,115,90,68,35,1540,1107,90,86,96,96,51,14
21.886845,1383,1079,117,88,69,30,1544,1107,89,87,118,84,48,11
21.892935,1380,1081,117,90,65,27,1543,1106,83,101,98,71,68,16
21.899385,1379,1081,117,92,63,26,1539,1102,92,83,94,98,57,13
21.905481,1378,1081,117,92,63,25,1537,1107,87,78,100,88,64,13
21.912037,1382,1081,114,93,64,30,1531,1097,93,90,91,89,63,8
21.918638,1381,1080,115,93,63,30,1532,1099,89,92,100,85,53,14
21.925220,1372,1079,116,91,64,22,1530,1097,86,96,98,91,55,7
21.931707,1382,1077,116,92,64,33,1526,1102,89,89,108,81,49,8
21.938484,1369,1076,117,91,63,22,1529,1099,94,85,108,92,39,12
21.944901,1383,1075,118,90,63,37,1530,1113,77,87,89,89,53,22
21.951485,1372,1074,120,87,67,24,1523,1101,100,79,97,94,47,5
21.957882,1381,1074,122,86,67,32,1529,1097,86,92,87,92,61,14
21.964609,1374,1074,123,87,65,25,1534,1095,83,81,107,105,52,11
21.970741,1381,1074,123,87,65,32,1534,1093,92,80,103,83,67,16
21.977444,1381,1074,123,88,64,32,1538,1106,88,77,96,79,76,16
21.984100,1374,1074,122,89,64,25,1530,1092,81,93,91,106,52,15
21.990835,1377,1073,123,90,62,29,1538,1098,92,88,109,81,55,15
21.997454,1380,1073,123,90,62,32,1538,1094,94,97,95,96,49,13
22.003839,1382,1072,122,89,65,34,1535,1101,101,75,105,88,55,10
22.010412,1378,1073,121,92,62,30,1528,1101,83,95,98,91,53,7
22.017391,1371,1072,122,91,64,22,1527,1097,85,83,103,94,54,11
22.023645,1379,1072,119,95,63,30,1534,1101,91,76,120,85,50,11
22.030787,1379,1071,119,95,65,29,1535,1100,96,105,97,88,34,15
22.037712,1378,1072,119,93,66,28,1531,1101,90,97,110,77,44,12
22.044979,1380,1073,119,92,66,30,1525,1107,90,93,88,93,49,5
22.051495,1385,1070,120,94,67,34,1523,1111,93,74,96,86,47,16
22.058540,1384,1073,118,93,68,32,1524,1103,94,77,93,83,63,11
22.065372,1374,1072,118,93,69,22,1520,1111,87,80,78,95,58,11
22.072271,1367,1071,119,90,71,16,1513,1097,98,75,91,88,50,14
22.079676,1384,1071,120,89,73,31,1513,1109,93,81,96,82,46,6
22.086823,1383,1071,117,91,74,30,1512,1109,79,92,75,97,51,9
22.094223,1376,1072,116,91,74,23,1520,1107,76,87,91,104,45,10
22.101641,1370,1072,113,94,75,16,1530,1117,85,81,91,94,44,18
22.108986,1381,1072,109,97,75,28,1530,1112,85,84,101,84,49,15
22.115595,1376,1072,110,97,75,22,1530,1107,81,87,100,83,60,12
22.122717,1389,1071,111,99,75,33,1534,1108,84,92,88,91,60,11
22.129475,1378,1070,112,98,78,20,1544,1097,104,98,85,98,45,17
22.135605,1387,1072,111,99,76,29,1543,1094,94,89,84,114,56,12
22.142197,1382,1072,110,99,78,23,1550,1107,81,98,91,85,67,21
22.148861,1383,1073,110,96,80,24,1543,1108,81,89,100,97,52,16
22.155634,1391,1073,110,96,81,31,1543,1120,72,83,110,98,44,16
22.162210,1390,1076,109,95,80,30,1541,1118,79,87,111,86,51,9
22.168613,1385,1077,108,95,80,25,1549,1098,78,102,101,94,60,16
22.175253,1390,1077,108,97,78,30,1553,1108,97,85,99,98,52,14
22.181511,1381,1077,109,93,80,22,1558,1102,93,90,101,94,64,14
22.188019,1387,1077,109,92,81,28,1559,1105,83,102,95,99,57,18
22.194849,1382,1075,112,90,82,23,1549,1107,80,88,122,85,54,13
22.201750,1386,1076,111,90,81,28,1550,1115,83,96,102,94,45,15
22.208664,1391,1077,113,89,82,30,1551,1115,87,87,100,76,71,15
22.215727,1396,1077,114,88,82,35,1552,1129,78,80,94,81,67,23
22.222456,1390,1078,114,90,80,28,1550,1108,100,95,86,91,58,12
22.228935,1397,1077,115,90,79,36,1549,1112,91,99,83,100,57,7
22.235729,1400,1076,116,89,80,39,1552,1123,88,86,96,93,50,16
22.242035,1397,1076,114,89,82,36,1551,1117,89,83,104,78,61,19
22.248486,1388,1074,115,90,81,28,1544,1109,90,98,97,84,53,13
22.254742,1388,1074,114,91,80,29,1550,1101,88,99,99,84,64,15
22.260876,1384,1074,114,91,80,25,1550,1106,83,95,106,93,54,13
22.267485,1384,1074,114,92,81,23,1547,1103,90,93,114,80,49,18
22.274626,1379,1076,114,89,81,19,1551,1104,99,84,109,83,63,9
22.281189,1392,1078,113,87,83,31,1562,1109,95,100,99,92,57,10
22.287247,1383,1079,112,90,80,22,1554,1107,82,99,96,89,62,19
22.293539,1388,1079,114,87,82,26,1554,1113,84,96,99,100,41,21
22.300222,1386,1078,116,86,81,25,1549,1108,96,99,95,87,52,12
22.307003,1382,1078,115,88,80,21,1542,1117,90,88,95,86,59,7
22.313725,1392,1077,117,89,81,28,1543,1113,82,95,95,91,52,15
22.320063,1394,1076,116,90,82,30,1536,1126,74,75,99,114,42,6
22.326670,1391,1076,118,88,83,26,1551,1097,97,100,102,89,50,16
22.332937,1390,1076,118,90,82,24,1546,1118,82,90,97,86,62,11
22.339664,1398,1076,117,92,80,33,1544,1115,89,75,101,99,57,8
22.346054,1402,1074,119,90,81,38,1543,1112,86,104,99,81,50,11
22.352592,1395,1074,119,90,81,31,1550,1122,81,87,98,97,46,19
22.359127,1397,1073,120,88,83,33,1549,1116,77,102,109,73,58,14
22.365997,1393,1071,121,88,84,29,1542,1107,86,98,83,71,79,18
22.372818,1394,1071,123,87,83,30,1540,1111,97,76,107,81,55,13
22.379627,1390,1072,122,90,78,28,1532,1112,96,92,85,90,48,9
22.386578,1391,1074,121,91,75,30,1531,1117,89,84,97,94,38,12
22.393257,1397,1074,120,92,75,36,1536,1110,88,95,94,85,54,10
22.399891,1390,1075,120,91,75,29,1539,1108,93,99,104,83,39,13
22.407028,1392,1074,122,89,78,29,1547,1103,111,86,84,95,54,14
22.414246,1391,1073,122,90,80,26,1541,1112,102,79,97,86,44,21
22.420818,1399,1071,123,93,77,35,1537,1114,100,93,108,69,36,17
22.427303,1400,1071,124,92,77,36,1540,1110,93,82,101,91,52,11
22.433792,1400,1070,124,90,80,36,1549,1094,80,97,101,87,66,24
22.440115,1392,1070,123,91,81,27,1548,1115,85,77,112,106,43,10
22.447027,1392,1070,124,88,83,27,1548,1117,83,96,84,105,44,19
22.453711,1394,1071,121,90,83,29,1555,1114,84,89,97,91,62,18
22.460430,1383,1070,120,91,83,19,1549,1108,92,86,112,91,47,13
22.466745,1405,1069,120,94,82,40,1563,1115,84,88,116,98,47,15
22.472755,1395,1070,119,93,83,30,1557,1105,96,86,93,106,57,14
22.478874,1389,1070,119,94,83,23,1563,1116,84,97,108,97,49,12
22.485176,1405,1070,119,94,83,39,1558,1121,80,94,111,79,58,15
22.491814,1394,1071,121,91,82,29,1552,1117,95,86,110,88,34,22
22.498404,1404,1071,121,93,82,37,1555,1125,82,95,104,83,52,14
22.504723,1400,1071,121,91,83,34,1562,1129,87,88,94,88,59,17
22.511232,1396,1071,126,85,85,29,1557,1109,95,85,107,101,43,17
22.517956,1400,1071,128,84,86,31,1550,1126,78,97,95,75,68,11
22.524927,1395,1071,130,82,87,25,1550,1123,82,82,104,98,50,11
22.531340,1387,1070,130,82,87,18,1562,1115,86,83,105,87,65,21
22.537758,1396,1071,128,85,86,26,1564,1117,81,96,102,93,63,12
22.544939,1401,1071,124,88,87,31,1560,1103,88,108,101,101,45,14
22.551416,1399,1070,125,88,87,29,1547,1110,82,91,97,101,52,14
22.558456,1400,1068,127,88,86,31,1545,1116,85,97,88,98,43,18
22.565172,1394,1069,127,89,82,27,1540,1113,84,105,83,95,47,13
22.572067,1403,1068,126,89,86,34,1539,1124,86,94,87,94,40,14
22.578583,1405,1066,126,90,86,37,1548,1106,87,89,102,84,60,20
22.585049,1399,1068,127,89,84,31,1539,1112,95,75,97,91,54,15
22.592018,1397,1067,128,89,82,31,1541,1121,82,85,103,89,48,13
22.598742,1400,1067,130,85,83,35,1542,1114,89,101,91,88,49,10
22.605665,1389,1067,129,88,81,24,1545,1112,86,96,114,71,48,18
22.612295,1388,1068,128,91,78,23,1540,1117,80,76,101,94,51,21
22.618877,1403,1066,130,86,83,38,1537,1109,87,88,106,88,47,12
22.625366,1392,1066,131,87,82,26,1529,1112,87,83,95,92,47,13
22.632481,1383,1066,131,87,81,18,1538,1116,83,82,95,94,55,13
22.639591,1398,1066,133,84,83,32,1532,1117,89,79,106,83,46,12
22.646473,1395,1067,134,81,84,29,1536,1119,85,83,96,83,57,13
22.653368,1392,1068,132,85,81,26,1531,1112,84,92,86,98,44,15
22.660130,1393,1069,133,85,79,27,1526,1106,93,81,103,89,37,17
22.667171,1400,1070,132,85,81,32,1527,1125,85,89,78,80,59,11
22.674183,1396,1073,130,85,82,26,1527,1103,100,90,85,81,55,13
22.681625,1398,1072,130,87,81,28,1526,1102,83,84,98,94,54,11
22.688427,1401,1072,129,90,78,32,1526,1105,96,87,93,73,58,14
22.695339,1401,1072,130,90,78,31,1527,1121,74,92,83,89,51,17
22.702576,1394,1071,131,87,81,24,1514,1124,78,93,82,86,44,7
22.709824,1399,1073,127,91,77,31,1520,1125,85,93,84,82,45,6
22.716677,1400,1073,126,91,77,33,1528,1109,95,79,104,87,40,14
22.723740,1398,1073,124,95,74,32,1520,1112,92,74,104,81,48,9
22.730738,1390,1072,124,96,74,24,1524,1106,91,75,92,88,55,17
22.737522,1394,1074,120,98,73,29,1521,1118,79,83,80,101,46,14
22.744246,1408,1075,120,96,73,44,1527,1113,84,89,97,85,44,15
22.751045,1391,1074,119,97,76,25,1528,1102,93,90,83,98,43,19
22.758142,1389,1074,119,98,74,24,1519,1105,86,82,98,84,52,12
22.764992,1386,1074,118,99,73,22,1532,1112,91,82,79,96,52,20
22.772171,1379,1075,115,101,73,15,1528,1110,86,96,98,66,60,12
22.779516,1391,1075,115,102,70,29,1512,1109,93,82,96,71,51,10
22.786139,1392,1075,115,103,70,29,1522,1111,81,77,100,91,48,14
22.793493,1398,1074,116,101,72,35,1520,1109,74,98,105,74,51,9
22.800241,1403,1073,115,104,71,40,1514,1109,75,93,107,84,33,13
22.807018,1396,1072,116,103,71,34,1515,1107,78,92,102,74,46,16
22.813753,1383,1071,119,98,74,21,1517,1100,82,89,107,85,39,15
22.820639,1392,1072,117,98,75,30,1528,1100,92,90,96,97,39,14
22.827309,1387,1074,115,98,74,26,1523,1094,87,80,121,89,42,10
22.834246,1390,1074,113,99,75,29,1527,1103,87,90,98,86,47,16
22.841179,1394,1074,112,99,75,34,1532,1090,93,98,97,89,51,14
22.847765,1392,1074,113,99,77,29,1533,1112,87,94,110,82,35,13
22.854670,1399,1074,113,98,79,35,1537,1113,78,100,106,82,51,7
22.861277,1388,1073,113,100,77,25,1535,1108,91,91,100,84,49,12
22.867857,1393,1073,114,102,75,29,1540,1113,90,75,100,88,55,19
22.874218,1389,1073,116,100,76,24,1539,1099,86,81,99,103,52,19
22.881231,1408,1074,115,100,77,42,1524,1110,85,96,92,90,38,13
22.888395,1393,1074,115,100,77,27,1522,1113,98,84,88,76,53,10
22.895723,1394,1071,118,96,80,29,1526,1115,83,79,100,87,47,15
22.903011,1404,1071,116,98,79,40,1521,1112,85,84,103,81,47,9
22.910130,1393,1073,117,100,75,28,1525,1109,88,87,88,93,46,14
22.917448,1391,1072,118,100,74,27,1522,1116,105,73,97,85,36,10
22.924370,1395,1073,118,99,75,30,1526,1121,96,68,92,86,48,15
22.931223,1396,1074,118,98,76,30,1530,1120,79,97,90,89,43,12
22.938257,1394,1076,115,100,74,29,1530,1112,87,88,92,93,45,13
22.944818,1399,1077,114,99,75,34,1528,1108,99,86,89,74,63,9
22.951508,1395,1080,113,98,74,30,1534,1107,86,91,95,94,48,13
22.958649,1396,1082,109,100,75,30,1536,1111,98,85,86,92,47,17
22.965801,1394,1082,108,102,75,27,1533,1108,93,78,97,97,52,8
22.972591,1413,1082,109,101,77,44,1523,1116,96,85,91,79,47,9
22.979548,1397,1083,109,105,73,27,1517,1106,87,84,93,86,54,7
22.986303,1396,1084,107,106,73,26,1517,1110,86,81,99,84,43,14
22.993542,1401,1083,109,106,70,33,1523,1120,81,84,86,87,48,17
23.000521,1396,1084,109,103,72,28,1516,1120,80,82,97,90,37,10
23.007099,1397,1085,109,104,68,31,1520,1125,73,91,95,81,45,10
23.014313,1394,1081,114,101,70,28,1525,1116,76,93,88,85,53,14
23.021158,1397,1082,113,100,71,31,1527,1110,89,93,97,82,45,11
23.028185,1398,1081,114,99,72,32,1520,1119,78,71,109,80,51,12
23.035397,1399,1080,115,98,73,33,1517,1110,95,79,80,77,65,11
23.042234,1382,1080,116,97,73,16,1518,1109,84,99,77,83,49,17
23.049835,1384,1081,116,97,72,18,1517,1120,83,76,95,79,50,14
23.057566,1394,1081,114,99,72,28,1510,1093,97,81,83,96,51,9
23.065020,1395,1082,113,100,73,27,1514,1121,85,91,85,74,37,21
23.072342,1399,1082,113,99,73,32,1505,1108,91,84,99,65,45,13
23.079508,1396,1082,113,99,72,30,1501,1118,87,82,85,67,47,15
23.086782,1405,1082,114,99,71,39,1499,1114,88,86,84,75,39,13
23.094339,1392,1079,115,99,75,24,1495,1105,83,92,91,69,44,11
23.102081,1390,1079,116,97,77,21,1497,1112,92,84,87,77,39,6
23.109716,1396,1082,115,95,78,26,1497,1110,90,72,95,82,38,10
23.117344,1398,1082,114,96,78,28,1501,1111,98,75,88,72,43,14
23.124619,1391,1081,114,97,78,21,1504,1123,73,83,86,83,44,12
23.132057,1396,1081,115,98,76,26,1515,1108,96,81,89,89,44,8
23.139254,1389,1079,115,100,77,18,1523,1113,87,83,92,85,54,9
23.146223,1398,1079,115,98,79,27,1516,1112,100,89,88,75,43,9
23.153456,1401,1079,116,96,81,29,1524,1108,90,80,96,90,41,19
23.160192,1398,1079,115,94,84,26,1523,1112,85,88,103,76,53,6
23.167049,1402,1080,116,94,82,30,1526,1117,86,81,109,79,44,10
23.173740,1404,1082,113,96,82,31,1535,1116,95,83,89,85,42,25
23.180550,1403,1082,113,98,82,28,1530,1106,88,85,97,97,48,9
23.187660,1403,1082,116,98,80,27,1530,1114,92,99,98,81,38,8
23.194872,1408,1082,115,98,82,31,1537,1125,92,87,95,78,42,18
23.202200,1409,1084,112,101,80,32,1522,1129,74,92,87,91,37,12
23.209198,1407,1084,111,102,82,28,1529,1124,82,88,103,73,46,13
23.216633,1400,1084,112,102,82,20,1532,1126,80,87,102,78,48,11
23.223490,1411,1085,109,105,81,31,1543,1129,81,89,102,91,42,9
23.230530,1416,1085,109,109,77,36,1538,1135,85,97,80,94,40,7
23.237274,1411,1085,108,110,75,33,1545,1142,80,84,93,85,49,12
23.244274,1417,1087,106,112,72,40,1545,1138,83,89,94,87,47,7
23.251385,1399,1087,105,114,71,22,1546,1139,75,77,113,82,51,9
23.258078,1406,1088,103,114,73,28,1553,1124,103,75,99,86,56,10
23.264635,1411,1088,104,114,74,31,1554,1113,110,86,89,92,56,8
23.271503,1409,1090,104,112,75,28,1565,1119,89,93,118,85,50,11
23.278061,1403,1090,104,116,72,21,1566,1128,79,97,100,95,55,12
23.284712,1417,1090,104,118,72,33,1566,1127,90,94,95,95,53,12
23.291250,1419,1090,104,117,72,36,1567,1129,95,88,102,96,48,9
23.297417,1426,1090,104,117,71,44,1568,1124,95,90,96,95,56,12
23.303585,1413,1090,104,117,71,31,1566,1133,89,100,103,78,49,14
23.310133,1405,1091,103,120,69,22,1571,1141,88,88,109,87,45,13
23.316917,1408,1092,101,124,66,25,1572,1133,97,90,96,92,55,9
23.323942,1413,1089,103,123,68,30,1569,1152,88,92,94,81,47,15
23.330688,1412,1089,105,121,68,29,1583,1124,99,86,114,89,50,21
23.337269,1411,1088,105,120,69,29,1580,1133,82,94,97,106,55,13
23.343784,1407,1089,104,118,70,26,1578,1125,104,84,99,108,46,12
23.350113,1414,1088,103,118,71,34,1579,1122,98,105,92,100,50,12
23.356401,1432,1088,103,118,73,50,1584,1129,108,97,108,81,51,10
23.362671,1409,1087,104,115,75,28,1586,1137,88,88,96,112,47,18
23.368750,1408,1085,105,116,74,28,1578,1133,88,99,90,105,52,11
23.375360,1411,1086,105,116,74,30,1580,1143,90,72,104,91,67,13
23.381756,1417,1087,106,115,72,37,1574,1130,88,88,109,99,49,11
23.388239,1409,1088,106,115,71,29,1575,1134,88,88,96,100,56,13
23.394598,1408,1088,108,113,72,27,1566,1133,86,79,101,97,55,15
23.401171,1405,1088,105,114,69,29,1559,1129,86,82,90,98,52,22
23.408115,1405,1089,104,112,72,28,1558,1125,92,89,95,92,52,13
23.414524,1398,1087,106,112,72,21,1560,1126,101,94,94,84,46,15
23.421373,1406,1088,106,115,68,29,1553,1139,80,97,105,81,42,9
23.428473,1402,1089,106,114,67,26,1561,1145,73,75,108,92,50,18
23.435539,1405,1088,108,113,67,29,1562,1128,86,80,108,84,64,12
23.442347,1408,1088,108,116,64,32,1559,1134,91,82,89,93,57,13
23.449165,1404,1087,109,117,62,29,1558,1132,88,86,105,88,50,9
23.455790,1399,1085,111,115,65,23,1563,1127,93,88,106,90,46,13
23.462212,1397,1086,112,112,67,20,1561,1125,83,78,95,107,60,13
23.468948,1401,1087,111,114,66,23,1557,1126,89,72,97,104,56,13
23.475719,1403,1086,110,113,69,25,1552,1132,80,90,94,83,59,14
23.482691,1411,1087,109,111,72,32,1542,1118,94,78,91,99,45,17
23.489910,1395,1087,108,112,72,16,1539,1136,89,72,92,87,51,12
23.496883,1403,1085,111,112,69,26,1542,1146,83,84,84,88,44,13
23.504019,1402,1085,111,110,72,24,1540,1121,99,85,85,86,54,10
23.511332,1407,1086,111,114,68,28,1538,1121,85,93,97,87,44,11
23.518625,1408,1088,110,112,69,29,1541,1137,96,88,88,84,39,9
23.525904,1407,1089,109,112,69,28,1545,1130,94,79,98,89,40,15
23.532713,1403,1088,110,112,70,23,1546,1130,97,81,102,90,42,4
23.540098,1413,1086,112,110,71,34,1551,1125,96,77,99,81,51,22
23.546984,1405,1086,115,107,74,23,1542,1134,81,86,89,91,51,10
23.553986,1405,1085,116,107,74,23,1550,1123,98,69,99,88,63,10
23.560579,1414,1088,115,107,74,30,1549,1142,80,93,88,88,49,9
23.567482,1414,1089,115,106,74,30,1547,1136,92,99,82,71,58,9
23.574293,1415,1089,117,106,73,30,1546,1137,100,75,87,82,54,11
23.581861,1398,1089,117,106,73,13,1545,1149,77,81,89,95,47,7
23.588764,1414,1091,117,104,73,29,1553,1134,88,79,93,98,46,15
23.595304,1414,1090,118,101,76,29,1545,1133,98,83,80,80,60,11
23.602425,1424,1090,116,101,78,39,1547,1139,91,87,81,75,54,20
23.609793,1416,1089,117,100,80,30,1549,1156,88,81,88,79,46,11
23.616634,1414,1091,117,98,81,27,1556,1132,91,91,86,84,54,18
23.623652,1414,1091,116,97,80,30,1548,1133,89,91,95,75,55,10
23.630402,1413,1091,115,98,79,30,1548,1135,77,93,105,71,52,15
23.637810,1406,1093,112,99,78,24,1540,1130,93,93,82,88,47,7
23.645006,1408,1090,113,100,77,28,1540,1137,77,82,92,99,38,15
23.652185,1412,1091,113,98,79,31,1542,1127,87,80,95,94,44,15
23.659189,1411,1091,113,99,78,30,1544,1134,94,80,91,89,44,12
23.665876,1404,1091,113,97,81,22,1551,1133,88,79,111,79,39,22
23.672817,1411,1091,114,97,79,30,1547,1132,89,90,97,87,40,12
23.679373,1403,1091,116,96,77,23,1553,1121,84,78,110,97,55,8
23.685995,1402,1090,116,95,79,22,1558,1119,100,84,96,99,50,10
23.692760,1402,1089,119,95,77,22,1563,1124,92,87,102,83,61,14
23.699011,1409,1088,116,99,78,28,1557,1120,98,91,109,91,36,12
23.705818,1409,1090,115,99,78,27,1559,1129,84,91,116,91,40,8
23.712933,1412,1089,115,98,80,30,1546,1130,81,85,106,82,55,7
23.719692,1407,1089,113,99,81,25,1557,1130,89,95,83,92,55,13
23.726477,1400,1094,108,99,81,18,1550,1131,92,89,90,86,48,14
23.733780,1412,1095,109,97,82,29,1555,1119,102,93,98,74,51,18
23.740582,1409,1097,106,98,81,27,1557,1126,87,100,109,83,42,10
23.747478,1412,1097,107,99,77,32,1558,1134,89,93,84,91,55,12
23.754410,1411,1097,109,97,77,31,1558,1122,87,92,97,85,56,19
23.760986,1409,1098,107,99,77,28,1559,1124,86,95,85,93,57,19
23.767414,1405,1099,107,98,76,25,1556,1129,95,97,82,82,59,12
23.774704,1404,1098,107,97,79,23,1542,1124,93,97,78,83,57,10
23.781721,1410,1100,106,97,77,30,1533,1138,75,88,94,79,47,12
23.788540,1411,1100,107,96,76,32,1536,1132,86,91,79,82,50,16
23.795721,1403,1102,105,97,76,23,1538,1124,86,84,95,85,50,14
23.802483,1406,1103,105,98,76,24,1540,1144,75,94,81,78,57,11
23.809507,1414,1103,106,96,77,32,1537,1127,78,95,84,101,39,13
23.816439,1410,1103,106,93,79,29,1544,1141,96,82,87,83,41,14
23.823648,1400,1106,101,96,74,23,1547,1134,75,86,107,87,44,14
23.830223,1402,1103,103,96,75,25,1554,1124,85,96,98,79,55,17
23.836864,1404,1103,103,93,78,27,1554,1128,77,91,111,70,59,18
23.843952,1407,1105,105,90,79,28,1542,1122,87,96,88,81,58,10
23.850649,1401,1103,108,88,77,25,1543,1135,83,84,87,93,50,11
23.857649,1405,1103,109,88,77,28,1541,1115,105,82,90,89,46,14
23.864353,1399,1103,108,88,78,22,1547,1122,104,78,77,89,65,12
23.871199,1406,1102,108,87,80,29,1551,1111,94,87,93,91,59,16
23.878010,1403,1101,109,86,79,28,1554,1129,82,76,96,90,65,16
23.884377,1403,1100,110,86,77,30,1553,1120,95,90,96,92,51,9
23.891451,1412,1100,110,88,75,39,1560,1138,91,77,97,84,58,15
23.898479,1403,1098,111,90,75,29,1555,1117,99,78,114,97,41,9
23.905161,1410,1099,113,90,71,37,1557,1127,98,70,110,87,50,15
23.911671,1408,1099,114,89,72,34,1557,1139,85,85,89,95,45,19
23.918139,1394,1099,113,89,71,22,1553,1120,86,87,99,89,58,14
23.925232,1402,1098,115,92,67,30,1553,1124,85,91,93,99,51,10
23.931887,1409,1099,112,93,68,37,1565,1134,87,85,99,94,53,13
23.938421,1396,1098,109,98,66,25,1575,1126,104,87,93,93,54,18
23.944670,1397,1099,107,97,67,27,1571,1125,97,84,98,105,50,12
23.950914,1381,1097,110,94,68,12,1571,1122,88,100,103,96,49,13
23.957321,1398,1099,108,95,68,28,1576,1119,94,94,104,90,56,19
23.963516,1406,1099,108,94,69,36,1569,1117,103,80,97,100,56,16
23.970312,1405,1101,108,92,69,35,1565,1123,100,87,105,93,47,10
23.977034,1404,1101,109,93,67,34,1566,1124,90,101,104,79,56,12
23.983139,1408,1102,110,93,66,37,1576,1126,90,87,103,92,58,20
23.989477,1394,1102,111,93,65,23,1578,1129,92,85,103,107,47,15
23.995455,1393,1102,111,92,66,22,1581,1126,91,89,114,85,59,17
24.002045,1397,1102,111,91,68,25,1575,1122,89,89,119,93,54,9
24.008644,1405,1102,112,90,69,32,1573,1127,91,90,107,94,55,9
24.014776,1408,1104,107,96,66,35,1579,1121,105,87,95,89,67,15
24.021196,1412,1104,109,93,66,40,1576,1127,102,86,101,85,60,15
24.027414,1400,1104,109,93,66,28,1574,1130,81,100,104,89,52,18
24.033855,1401,1104,110,92,67,28,1570,1118,103,92,94,100,52,11
24.040329,1392,1104,110,93,66,19,1568,1122,95,88,105,80,62,16
24.046917,1393,1104,113,88,68,20,1567,1114,87,98,100,98,55,15
24.053503,1399,1102,112,89,69,27,1567,1135,90,87,96,95,53,11
24.060680,1407,1101,112,87,73,34,1571,1121,82,99,115,88,51,15
24.067146,1395,1104,110,85,75,21,1573,1132,83,87,112,100,46,13
24.073965,1400,1104,110,84,76,26,1568,1143,88,87,96,92,50,12
24.080683,1405,1104,109,86,75,31,1564,1126,81,85,113,96,47,16
24.087294,1402,1105,110,84,75,28,1564,1144,81,73,112,96,45,13
24.094330,1400,1104,113,80,77,26,1569,1131,93,77,91,103,64,10
24.101053,1397,1107,111,79,78,22,1574,1117,81,93,104,100,56,23
24.107199,1395,1107,112,77,78,21,1566,1123,77,99,111,94,52,10
24.113667,1399,1107,114,78,76,24,1573,1113,92,88,111,97,53,19
24.119972,1402,1106,113,82,73,28,1570,1129,92,90,110,85,50,14
24.126894,1405,1105,114,82,73,31,1559,1130,92,103,110,69,44,11
24.133762,1403,1106,113,82,71,31,1561,1129,90,85,104,85,51,17
24.140518,1398,1108,110,85,70,25,1556,1130,91,90,106,76,56,7
24.146973,1407,1105,114,85,67,36,1557,1126,93,80,96,95,51,16
24.153292,1405,1104,115,87,64,35,1551,1116,86,96,103,90,45,15
24.159842,1400,1104,117,86,64,29,1552,1115,91,93,106,81,52,14
24.166275,1407,1106,116,85,65,35,1552,1117,104,83,104,81,54,9
24.173162,1412,1106,117,85,65,39,1548,1123,96,87,109,81,39,13
24.179928,1393,1106,114,88,63,22,1545,1122,85,86,102,91,46,13
24.186867,1398,1106,114,86,66,26,1542,1136,101,67,91,84,45,18
24.194035,1399,1105,114,86,67,27,1539,1118,90,79,104,93,44,11
24.200619,1398,1105,114,87,67,25,1536,1113,88,80,101,81,57,16
24.207478,1413,1104,116,88,65,40,1538,1116,78,87,89,97,54,17
24.214689,1400,1104,112,94,63,27,1546,1125,88,85,93,88,43,24
24.221809,1402,1104,113,88,68,29,1543,1114,98,74,101,90,55,11
24.228849,1400,1104,112,90,68,26,1552,1133,78,88,95,89,60,9
24.235962,1395,1104,115,88,67,21,1546,1127,81,90,97,91,48,12
24.242975,1397,1102,118,83,72,22,1545,1129,78,84,87,101,60,6
24.250084,1417,1101,118,85,71,42,1547,1120,88,95,77,91,65,11
24.256432,1404,1103,117,86,68,30,1551,1122,75,93,103,90,52,16
24.263004,1397,1101,118,86,70,22,1552,1127,82,76,97,95,59,16
24.269785,1394,1102,119,83,71,19,1558,1124,93,85,86,103,54,13
24.276386,1408,1102,118,84,70,34,1563,1131,87,94,98,83,57,13
24.282818,1407,1101,120,84,69,33,1564,1134,81,90,94,85,62,18
24.289196,1403,1103,116,86,70,28,1556,1127,86,88,100,94,51,10
24.296059,1403,1102,118,85,70,28,1559,1126,87,90,91,89,62,14
24.302685,1403,1102,118,85,70,28,1552,1130,75,95,91,101,47,13
24.309507,1398,1105,116,83,71,23,1551,1126,73,95,90,91,57,19
24.316401,1393,1108,113,84,71,17,1551,1121,79,94,92,91,61,13
24.323387,1398,1107,115,83,70,23,1561,1120,92,88,82,92,71,16
24.330013,1404,1107,116,83,69,29,1555,1120,83,107,91,88,57,9
24.336958,1397,1107,116,83,69,22,1556,1114,91,99,96,96,52,8
24.343502,1404,1105,115,87,69,28,1565,1109,96,93,108,94,49,16
24.350195,1408,1104,115,86,71,32,1564,1114,93,81,96,94,70,16
24.356533,1407,1104,114,87,71,31,1565,1120,84,103,89,102,56,11
24.362724,1421,1105,113,88,70,45,1574,1118,79,109,90,96,59,23
24.369032,1403,1105,113,87,71,27,1577,1125,93,97,95,99,56,12
24.375099,1409,1104,111,89,71,34,1585,1128,86,96,91,106,60,18
24.381393,1405,1104,112,90,69,30,1591,1119,107,106,90,95,58,16
24.387911,1400,1104,111,90,70,25,1576,1145,73,100,95,98,54,11
24.394379,1417,1105,111,91,68,42,1577,1123,96,80,109,93,60,16
24.401020,1398,1105,115,88,67,23,1570,1122,83,92,98,102,59,14
24.407793,1406,1104,118,85,68,31,1579,1122,77,99,119,95,47,20
24.414015,1416,1103,119,84,71,39,1586,1126,90,95,107,96,57,15
24.420164,1413,1100,118,86,74,35,1584,1119,89,111,91,97,59,18
24.426413,1407,1100,121,83,74,29,1580,1119,86,104,104,95,61,11
24.432661,1405,1103,119,82,75,26,1584,1118,99,91,117,84,57,18
24.438665,1403,1104,117,85,74,23,1588,1130,95,97,99,87,60,20
24.444994,1401,1104,117,84,75,21,1592,1119,82,108,101,88,81,13
24.450958,1404,1103,117,86,73,25,1592,1123,89,94,100,112,53,21
24.456802,1414,1105,117,86,72,34,1592,1118,88,106,103,110,59,8
24.462683,1411,1106,117,86,71,31,1597,1115,94,109,96,114,55,14
24.468815,1406,1108,114,86,73,25,1596,1132,90,87,118,99,55,15
24.475281,1412,1109,115,86,71,31,1596,1123,94,96,103,95,66,19
24.481342,1410,1106,116,89,70,29,1605,1121,106,92,104,102,66,14
24.487215,1408,1105,116,90,70,27,1605,1132,91,89,112,89,70,22
24.493101,1419,1104,116,91,68,40,1610,1132,100,86,109,100,62,21
24.499086,1413,1106,113,96,65,33,1613,1133,98,105,103,85,59,30
24.504885,1394,1105,114,96,63,16,1591,1122,105,112,90,87,62,13
24.511341,1414,1106,114,94,65,35,1584,1114,94,104,117,88,58,9
24.517660,1405,1106,116,92,65,26,1584,1116,88,86,119,108,50,17
24.523865,1412,1106,116,94,63,33,1582,1128,86,92,116,102,52,6
24.530169,1411,1106,117,95,61,32,1588,1121,96,86,102,100,63,20
24.536402,1406,1106,118,92,62,28,1596,1130,84,103,108,85,64,22
24.542519,1409,1106,119,89,64,31,1588,1120,101,97,107,98,56,9
24.548908,1420,1106,119,88,67,40,1596,1126,97,96,121,93,51,12
24.554995,1412,1107,117,90,66,32,1598,1128,99,92,95,110,56,18
24.561329,1408,1106,116,90,68,28,1604,1130,94,91,105,106,66,12
24.567490,1426,1107,115,90,68,46,1612,1129,95,101,99,106,62,20
24.573484,1416,1107,114,95,63,37,1605,1133,93,93,131,93,48,14
24.579260,1421,1107,114,95,63,42,1601,1136,86,103,100,117,46,13
24.585197,1411,1105,115,96,63,32,1605,1132,91,103,94,105,69,11
24.591497,1409,1106,116,95,63,29,1608,1114,110,94,97,112,66,15
24.597509,1407,1104,117,96,63,27,1608,1121,102,97,114,101,60,13
24.603662,1412,1105,117,95,63,32,1612,1135,90,106,118,91,55,17
24.609539,1401,1105,115,95,65,21,1604,1127,97,97,105,109,52,17
24.615635,1409,1105,115,94,66,29,1612,1129,96,103,102,108,59,15
24.621370,1413,1106,113,95,66,33,1604,1120,97,103,91,115,60,18
24.627514,1412,1108,112,95,65,32,1590,1111,108,104,115,102,39,11
24.634180,1409,1108,112,97,64,28,1579,1110,104,106,94,94,60,11
24.640827,1412,1108,111,96,67,30,1579,1113,103,84,95,108,65,11
24.647003,1409,1108,113,94,68,26,1587,1122,91,97,99,114,51,13
24.653019,1414,1107,114,92,72,29,1593,1125,91,94,120,102,47,14
24.659401,1407,1107,114,92,72,22,1593,1115,103,89,128,93,49,16
24.665638,1411,1107,114,91,73,26,1588,1112,107,110,80,107,57,15
24.672537,1419,1106,114,92,73,34,1587,1117,96,98,112,100,49,15
24.678793,1420,1105,115,93,72,35,1594,1125,105,82,120,94,53,15
24.685078,1420,1106,115,93,71,35,1591,1129,98,90,111,83,58,22
24.691298,1423,1106,115,94,69,39,1599,1128,96,93,112,97,60,13
24.697578,1411,1105,116,95,69,26,1594,1128,93,103,102,95,61,12
24.703926,1412,1105,115,95,70,27,1597,1110,96,117,91,115,55,13
24.710411,1413,1105,116,97,67,28,1595,1129,85,96,120,107,46,12
24.716522,1419,1107,116,97,65,34,1597,1128,103,77,122,108,49,10
24.722780,1405,1109,116,96,65,19,1595,1128,88,105,114,94,50,16
24.728880,1413,1109,117,94,65,28,1590,1124,95,84,120,100,55,12
24.735193,1418,1109,117,93,66,33,1585,1120,82,92,114,102,59,16
24.741302,1422,1111,118,91,66,36,1583,1123,90,104,104,101,44,17
24.747375,1416,1109,119,91,67,30,1588,1127,92,95,107,94,61,12
24.753521,1427,1108,118,92,68,41,1585,1127,91,100,113,88,50,16
24.760023,1416,1108,116,94,69,29,1579,1126,97,104,109,90,46,7
24.766212,1419,1109,113,98,67,32,1585,1134,98,94,107,92,51,9
24.772270,1419,1109,112,100,67,31,1585,1128,87,95,118,97,48,12
24.778456,1417,1108,110,101,69,29,1585,1132,92,99,108,86,58,10
24.784727,1419,1107,113,97,72,30,1592,1137,100,108,96,90,47,14
24.791056,1415,1107,116,95,71,26,1596,1124,97,113,107,88,52,15
24.797298,1421,1107,116,94,71,33,1594,1131,85,106,111,109,43,9
24.803167,1410,1107,117,93,71,22,1594,1127,104,97,102,94,53,17
24.809734,1416,1106,117,94,71,28,1594,1132,94,84,100,106,68,10
24.815977,1423,1109,113,96,70,35,1593,1125,102,90,114,98,51,13
24.822142,1414,1109,112,97,70,26,1592,1129,98,96,101,94,61,13
24.828074,1416,1109,112,99,69,27,1593,1122,105,90,113,97,55,11
24.833900,1416,1109,112,100,70,25,1593,1121,107,86,114,87,65,13
24.840221,1431,1111,109,102,70,39,1593,1135,93,101,107,93,57,7
24.846224,1431,1111,108,103,70,39,1598,1128,91,78,121,98,64,18
24.852533,1431,1112,109,102,69,39,1593,1140,85,91,118,97,52,10
24.858889,1425,1111,110,101,70,33,1595,1122,90,89,111,114,56,13
24.864794,1421,1111,110,99,71,30,1589,1122,91,116,99,91,58,12
24.871191,1423,1112,110,100,67,34,1589,1127,93,100,107,97,56,9
24.877466,1420,1112,108,102,68,30,1596,1136,89,107,101,92,59,12
24.883633,1419,1111,109,102,66,31,1594,1122,90,100,113,98,55,16
24.889673,1410,1111,110,101,67,21,1597,1129,89,102,118,99,46,14
24.896061,1424,1111,110,100,69,34,1599,1115,94,108,94,117,56,15
24.902002,1417,1110,110,100,70,27,1606,1128,84,100,101,97,73,23
24.907965,1417,1112,110,100,70,25,1602,1128,106,94,110,97,54,13
24.914549,1417,1111,113,96,72,25,1596,1121,86,109,98,108,57,17
24.920816,1434,1111,114,95,71,43,1593,1127,109,87,114,96,48,12
24.926838,1424,1111,112,97,71,33,1602,1136,100,97,115,94,50,10
24.932882,1435,1110,112,97,74,42,1606,1131,95,106,91,116,51,16
24.938910,1424,1109,112,98,74,31,1599,1134,89,121,97,88,55,15
24.945049,1428,1110,112,93,78,35,1588,1140,95,104,94,91,58,6
24.951260,1426,1109,113,92,78,34,1587,1138,96,91,103,91,55,13
24.957380,1431,1110,114,91,77,39,1592,1140,85,102,94,99,54,18
24.963919,1424,1110,114,91,77,32,1592,1135,97,102,100,82,54,22
24.970196,1418,1109,113,96,74,26,1582,1139,94,91,103,87,53,15
24.976561,1421,1110,112,97,73,29,1574,1121,101,96,106,92,47,11
24.982855,1437,1110,112,97,73,45,1574,1123,99,85,109,97,44,17
24.989174,1417,1110,112,96,75,24,1574,1121,92,99,117,85,49,11
24.995651,1419,1110,115,94,74,26,1577,1118,98,86,131,83,50,11
25.002014,1421,1110,114,95,73,29,1575,1114,104,98,113,86,48,12
25.008802,1420,1110,114,95,73,28,1572,1130,88,93,92,101,54,14
25.015314,1417,1110,111,99,72,25,1566,1122,89,83,115,97,49,11
25.021536,1423,1110,111,99,73,30,1564,1114,94,96,105,94,54,7
25.028723,1414,1110,111,99,73,21,1567,1129,87,101,92,90,56,12
25.035437,1416,1110,112,99,72,23,1563,1125,82,90,112,81,58,15
25.042070,1424,1108,113,100,74,29,1562,1126,80,94,93,108,46,15
25.048727,1426,1110,111,104,70,31,1561,1129,91,82,109,83,52,15
25.055420,1423,1110,110,104,70,29,1563,1124,96,91,102,86,52,12
25.061895,1423,1109,112,103,72,27,1560,1123,94,102,102,86,39,14
25.068619,1420,1110,112,102,71,25,1553,1118,90,113,91,88,47,6
25.075144,1422,1110,113,103,69,27,1559,1118,94,100,102,79,54,12
25.082163,1421,1109,115,102,71,24,1558,1119,90,97,115,75,47,15
25.088680,1417,1110,112,102,73,20,1556,1128,81,89,117,83,39,19
25.095888,1421,1108,112,104,71,26,1557,1122,94,90,105,96,40,10
25.102383,1429,1108,107,106,73,35,1556,1123,96,94,100,81,51,11
25.108608,1425,1108,105,108,72,32,1566,1127,77,120,101,77,48,16
25.115051,1425,1108,105,107,73,32,1565,1120,108,97,96,90,43,11
25.121593,1416,1108,106,103,77,22,1563,1113,97,103,110,83,50,7
25.128160,1426,1109,105,102,77,33,1569,1140,90,103,105,76,45,10
25.135017,1416,1109,104,103,78,22,1574,1122,96,90,111,94,46,15
25.141548,1438,1108,105,101,80,44,1571,1123,95,98,105,95,41,14
25.148245,1433,1108,103,103,80,39,1569,1120,101,100,105,79,53,11
25.154608,1425,1109,103,102,81,30,1574,1119,104,104,93,92,47,15
25.161024,1427,1107,101,109,78,32,1580,1123,98,100,98,93,60,8
25.166950,1440,1106,101,109,81,43,1580,1120,92,90,109,93,57,19
25.173204,1433,1105,104,105,83,36,1572,1134,89,88,114,88,50,9
25.179476,1429,1105,105,104,81,34,1576,1130,96,81,111,90,52,16
25.185934,1425,1107,102,108,77,31,1563,1126,88,97,96,85,60,11
25.191956,1426,1107,103,107,76,33,1561,1127,98,95,118,79,36,8
25.198933,1429,1105,105,106,74,39,1554,1131,92,97,103,76,47,8
25.205826,1418,1105,109,101,74,29,1554,1129,90,83,97,92,54,9
25.212175,1415,1106,108,103,72,26,1563,1124,83,94,111,92,51,8
25.218821,1423,1107,105,105,72,34,1559,1123,90,95,103,91,44,13
25.225439,1430,1105,107,105,71,42,1557,1122,94,93,99,90,45,14
25.231892,1420,1104,109,106,70,31,1550,1127,94,97,99,71,51,11
25.238306,1420,1105,109,109,66,31,1559,1113,102,105,88,93,44,14
25.244829,1417,1105,108,109,68,27,1561,1143,84,89,102,88,41,14
25.251738,1418,1104,108,108,69,29,1557,1139,79,106,94,76,51,12
25.258804,1413,1103,109,107,70,24,1560,1116,96,98,113,83,44,10
25.265566,1424,1105,108,107,71,33,1572,1122,106,86,109,84,47,18
25.271862,1426,1103,111,106,70,36,1572,1127,99,99,106,69,56,16
25.278149,1424,1102,113,104,72,33,1575,1124,99,102,105,80,53,12
25.284651,1426,1102,115,102,73,34,1576,1127,96,106,92,92,45,18
25.290890,1417,1101,114,103,74,25,1569,1127,102,110,89,86,44,11
25.297188,1423,1101,114,102,75,31,1574,1132,99,84,108,86,51,14
25.303495,1426,1100,115,104,73,34,1569,1130,94,114,89,80,51,11
25.310053,1423,1102,112,107,71,31,1574,1112,112,93,104,88,54,11
25.316198,1424,1102,112,108,72,30,1575,1129,84,113,100,76,55,18
25.322493,1425,1101,109,112,71,32,1579,1131,86,103,95,102,39,23
25.329439,1421,1100,110,113,71,27,1587,1125,93,102,112,80,56,19
25.335888,1423,1102,112,110,72,27,1593,1127,88,86,118,104,61,9
25.341984,1420,1104,110,110,71,25,1588,1128,91,105,90,101,52,21
25.348518,1428,1102,113,107,71,35,1588,1133,94,101,96,102,51,11
25.354479,1434,1101,113,107,72,41,1592,1128,94,105,102,99,55,9
25.360628,1436,1101,114,106,72,43,1595,1140,93,106,110,89,42,15
25.367064,1419,1101,114,106,72,26,1586,1144,83,94,121,86,47,11
25.373522,1421,1101,114,106,72,28,1584,1143,110,103,98,80,41,9
25.379580,1433,1101,114,104,73,41,1590,1136,91,107,108,95,45,8
25.385868,1416,1102,115,102,73,24,1594,1132,97,85,111,98,51,20
25.392099,1418,1101,115,104,72,26,1594,1139,88,85,127,94,51,10
25.398582,1432,1101,115,104,72,40,1594,1136,85,102,103,93,62,13
25.404943,1418,1101,115,104,72,26,1592,1125,112,84,133,82,44,12
25.410774,1421,1101,116,102,73,29,1596,1128,99,91,117,80,66,15
25.417105,1423,1101,114,105,72,31,1599,1131,87,101,120,93,55,12
25.423161,1425,1102,114,105,72,32,1607,1134,97,93,99,109,55,20
25.429222,1432,1102,114,102,77,37,1601,1133,101,105,108,80,62,12
25.435118,1431,1103,115,98,80,35,1592,1138,89,91,105,83,65,21
25.441145,1431,1102,118,95,80,36,1599,1138,89,84,121,99,47,21
25.447309,1437,1101,118,96,80,42,1592,1127,92,107,106,95,51,14
25.453615,1420,1100,118,96,79,27,1586,1133,92,83,108,100,54,16
25.460266,1425,1100,118,93,81,33,1578,1134,97,95,92,99,45,16
25.466743,1438,1099,118,93,83,45,1582,1132,105,87,99,98,46,15
25.473352,1431,1099,119,94,80,39,1578,1130,92,99,93,108,41,15
25.479439,1433,1099,120,93,79,42,1587,1125,92,109,89,88,64,20
25.485209,1416,1097,119,95,81,24,1581,1115,102,94,116,89,52,13
25.492033,1416,1097,119,98,80,22,1573,1131,80,89,112,79,66,16
25.498756,1415,1096,118,100,80,21,1568,1125,83,105,109,81,53,12
25.504976,1428,1096,118,100,80,34,1567,1120,103,91,104,98,41,10
25.511398,1427,1096,117,98,84,32,1572,1115,107,90,115,85,51,9
25.517658,1422,1097,116,101,81,27,1569,1120,94,95,103,86,63,8
25.524208,1421,1095,117,102,81,26,1570,1125,95,95,96,93,52,14
25.530695,1426,1095,117,103,80,31,1567,1119,92,88,108,92,56,12
25.537169,1417,1095,117,103,79,23,1562,1136,87,95,99,82,51,12
25.543509,1429,1096,119,99,82,33,1555,1140,88,84,112,81,43,7
25.550638,1421,1096,117,102,84,22,1565,1146,85,95,111,73,41,14
25.557667,1421,1097,117,103,82,22,1564,1130,93,94,97,73,63,14
25.564404,1431,1097,117,102,82,33,1573,1137,92,101,92,90,47,14
25.570787,1426,1097,116,102,83,28,1562,1145,80,103,92,79,52,11
25.577503,1422,1097,116,102,85,22,1565,1122,97,97,97,99,43,10
25.583929,1438,1098,116,100,85,39,1564,1135,98,91,109,72,46,13
25.590818,1426,1097,118,98,86,27,1568,1133,104,90,104,79,46,12
25.597443,1426,1096,121,98,82,29,1574,1136,98,96,105,84,44,11
25.603960,1422,1095,121,97,84,25,1576,1125,101,96,103,89,50,12
25.610186,1437,1096,124,95,84,38,1570,1125,105,94,117,75,42,12
25.616838,1427,1096,124,93,86,28,1567,1116,111,103,96,83,47,11
25.623610,1430,1096,127,90,86,31,1571,1118,108,98,96,91,47,13
25.629976,1439,1096,127,90,86,40,1572,1132,105,91,112,72,41,19
25.636303,1425,1095,129,90,85,26,1571,1123,98,93,104,88,48,17
25.642710,1422,1095,130,89,85,23,1569,1128,91,85,115,90,51,9
25.649065,1434,1095,128,93,82,36,1569,1134,87,102,106,85,46,9
25.655571,1423,1094,128,95,81,25,1563,1127,101,87,112,88,38,10
25.661741,1418,1094,129,94,79,22,1570,1118,95,104,105,77,50,21
25.668158,1427,1092,131,91,84,29,1568,1135,107,104,102,65,40,15
25.675190,1421,1092,131,91,84,23,1562,1133,110,90,98,68,50,13
25.681932,1427,1092,132,91,83,29,1560,1142,89,76,98,86,58,11
25.688900,1422,1092,129,95,81,25,1559,1131,84,85,102,99,46,12
25.695829,1418,1093,127,96,80,22,1560,1129,98,89,105,92,34,13
25.702063,1427,1092,126,96,79,34,1566,1128,90,100,110,74,51,13
25.708801,1424,1095,124,99,76,30,1562,1146,80,93,100,90,47,6
25.715445,1423,1096,123,101,75,28,1559,1133,90,82,98,94,54,8
25.722240,1430,1096,126,96,77,35,1562,1124,92,75,108,93,54,16
25.728966,1426,1097,125,95,79,30,1552,1142,85,99,88,76,56,6
25.735588,1424,1098,124,95,76,31,1548,1136,81,92,98,81,47,13
25.742464,1423,1098,121,99,74,31,1545,1137,68,93,81,89,68,9
25.749344,1426,1098,122,98,72,36,1546,1122,91,95,106,73,52,7
25.756315,1415,1098,122,98,72,25,1548,1112,89,83,105,87,55,17
25.763075,1418,1096,125,100,68,29,1549,1111,96,89,106,89,47,11
25.769239,1426,1095,125,99,70,37,1551,1118,95,100,102,79,51,6
25.775743,1426,1095,123,101,71,36,1554,1119,94,96,84,93,53,15
25.782679,1415,1096,122,100,72,25,1552,1124,75,97,116,84,44,12
25.789566,1415,1097,120,100,71,27,1551,1121,84,100,105,82,51,8
25.796251,1420,1097,120,98,73,32,1559,1122,82,95,115,91,43,11
25.802584,1417,1099,119,96,75,28,1570,1128,89,96,94,93,59,11
25.808950,1419,1097,121,97,75,29,1566,1112,104,91,91,100,62,6
25.815153,1422,1097,121,95,75,34,1572,1113,95,107,87,102,49,19
25.821589,1424,1097,122,92,78,35,1569,1118,89,97,93,103,53,16
25.828136,1418,1097,122,92,78,29,1581,1118,96,99,101,93,51,23
25.834133,1420,1097,121,91,79,32,1577,1122,79,115,95,99,48,19
25.840256,1417,1098,121,91,78,29,1576,1123,85,111,115,88,41,13
25.846428,1422,1099,121,90,79,33,1564,1119,85,97,112,97,46,8
25.852917,1412,1099,122,90,78,23,1565,1113,94,108,99,90,51,10
25.859709,1413,1101,119,94,75,24,1568,1124,95,104,90,95,45,15
25.866192,1411,1099,119,94,77,22,1572,1114,96,97,124,78,52,11
25.872198,1426,1098,116,96,79,37,1576,1126,90,95,97,99,53,16
25.878399,1419,1099,118,93,80,29,1585,1113,92,100,104,105,57,14
25.884222,1423,1100,117,97,77,32,1577,1109,103,104,101,96,53,11
25.890774,1417,1100,117,98,75,27,1580,1109,92,102,127,82,54,14
25.896681,1419,1100,117,98,75,29,1583,1117,90,105,102,108,45,16
25.902864,1417,1100,117,97,74,29,1583,1124,90,90,110,100,52,17
25.909418,1413,1100,115,99,75,24,1572,1118,93,98,106,93,48,16
25.915503,1425,1100,115,99,73,38,1570,1116,110,86,110,98,44,6
25.922043,1416,1100,117,98,72,29,1566,1116,108,79,104,100,44,15
25.928606,1418,1099,115,100,74,30,1573,1128,84,110,98,97,45,11
25.934752,1424,1098,116,103,72,35,1573,1130,92,98,101,85,59,8
25.941332,1421,1097,117,103,74,30,1584,1128,89,102,124,80,45,16
25.947557,1436,1097,116,103,75,45,1589,1131,84,98,123,80,61,12
25.953424,1420,1097,116,104,74,29,1585,1134,93,98,106,74,65,15
25.960119,1424,1098,114,104,75,33,1569,1122,94,102,89,96,62,4
25.966394,1417,1098,114,105,74,26,1572,1126,87,101,109,85,49,15
25.973185,1419,1099,112,106,74,28,1576,1119,93,90,129,83,50,12
25.979874,1427,1100,110,106,76,35,1576,1116,101,94,105,98,45,17
25.986298,1419,1099,111,107,74,28,1578,1122,97,88,105,97,53,16
25.992699,1417,1099,114,106,74,24,1575,1123,90,95,116,93,45,13
25.998960,1437,1100,115,107,70,45,1575,1128,86,87,122,88,47,17
26.005327,1418,1100,116,109,65,28,1572,1117,91,101,104,93,53,13
26.011942,1415,1102,116,105,68,24,1565,1141,85,89,104,74,59,13
26.018784,1419,1102,116,105,68,28,1565,1128,104,90,104,81,45,13
26.025204,1414,1101,119,102,71,21,1571,1126,96,102,88,95,49,15
26.031878,1422,1101,118,104,72,27,1577,1122,98,97,99,96,52,13
26.038309,1426,1101,120,105,69,31,1580,1133,97,95,96,104,43,12
26.044359,1432,1100,123,107,65,37,1585,1134,100,84,112,85,54,16
26.050468,1422,1101,123,106,61,31,1579,1141,94,90,106,92,49,7
26.056871,1423,1099,123,108,60,33,1579,1140,98,102,97,80,46,16
26.064110,1413,1101,123,105,61,23,1570,1144,83,93,106,91,39,14
26.070612,1426,1101,123,103,63,36,1582,1131,97,82,106,95,47,24
26.077066,1419,1100,124,102,66,27,1570,1131,98,94,95,91,53,8
26.083740,1418,1102,122,103,65,26,1576,1129,97,102,99,89,47,13
26.090120,1419,1102,123,101,66,27,1577,1142,98,93,92,97,44,11
26.096348,1420,1103,122,102,64,29,1578,1139,94,82,106,91,51,15
26.102570,1420,1101,120,106,64,29,1584,1122,93,83,115,95,56,20
26.108765,1421,1103,120,103,65,30,1590,1129,92,92,104,101,52,20
26.115154,1415,1103,121,104,64,23,1588,1136,98,94,109,87,50,14
26.120874,1423,1103,121,105,63,31,1586,1124,100,103,109,83,52,15
26.127151,1424,1101,120,104,66,33,1584,1137,96,93,112,81,50,15
26.133537,1418,1101,120,103,67,27,1579,1133,87,108,104,86,51,10
26.140120,1427,1100,122,102,66,37,1592,1130,99,86,103,99,59,16
26.146160,1423,1100,122,100,68,33,1588,1126,108,95,90,99,54,16
26.152439,1423,1101,119,103,68,32,1589,1130,82,108,114,90,51,14
26.158644,1427,1102,120,101,69,35,1589,1132,92,94,109,109,38,15
26.165302,1429,1103,120,101,69,36,1586,1133,101,102,107,89,44,10
26.171455,1428,1104,120,101,68,35,1584,1131,98,88,109,102,46,10
26.177553,1434,1104,120,100,69,41,1586,1123,114,100,90,107,43,9
26.183786,1431,1104,120,100,69,38,1586,1140,87,91,104,97,55,12
26.190205,1420,1105,119,101,69,26,1584,1120,97,88,97,104,67,11
26.196600,1431,1106,119,101,69,36,1577,1137,94,92,96,91,52,15
26.202900,1428,1107,119,99,69,34,1574,1138,95,80,94,83,64,20
26.209841,1430,1107,120,97,69,37,1573,1123,109,89,105,92,49,6
26.215868,1420,1107,120,97,70,26,1584,1127,99,96,117,82,51,12
26.222397,1428,1106,122,93,74,33,1588,1139,95,102,92,94,51,15
26.228516,1419,1108,121,93,73,24,1585,1133,108,90,94,86,63,11
26.235132,1421,1108,123,95,70,25,1587,1125,98,91,109,84,59,21
26.241667,1423,1108,123,95,70,27,1587,1128,96,79,97,107,64,16
26.247787,1430,1108,121,100,67,34,1589,1131,114,73,103,94,57,17
26.254208,1434,1107,122,99,69,37,1591,1146,85,107,96,90,60,7
26.260281,1430,1107,123,100,66,34,1593,1148,98,80,123,85,48,11
26.266453,1424,1107,124,99,65,29,1601,1133,110,88,89,122,47,12
26.272579,1426,1107,125,98,65,31,1607,1134,107,93,103,85,69,16
26.278812,1431,1107,127,97,65,35,1601,1141,84,114,87,112,50,13
26.285101,1417,1106,129,96,65,21,1600,1145,95,89,110,102,49,10
26.291376,1423,1104,133,93,66,27,1597,1124,99,94,100,92,75,13
26.297348,1431,1104,134,89,71,33,1590,1134,94,97,104,87,60,14
26.303873,1421,1104,135,84,74,24,1584,1144,86,85,109,88,58,14
26.310411,1428,1104,132,85,77,30,1583,1139,89,90,93,97,54,21
26.316719,1429,1106,132,82,78,31,1584,1147,98,77,108,89,55,10
26.322878,1426,1107,132,81,79,27,1588,1133,94,95,107,91,50,18
26.329380,1429,1106,134,81,78,30,1590,1132,95,99,96,92,57,19
26.336227,1422,1109,131,84,75,23,1590,1132,104,96,93,100,51,14
26.342327,1435,1110,131,87,71,36,1594,1134,97,94,101,86,67,15
26.348606,1414,1111,128,90,70,15,1598,1143,104,89,113,88,48,13
26.355089,1430,1113,124,93,68,32,1600,1139,104,108,102,85,41,21
26.361366,1414,1113,124,92,69,16,1594,1144,91,78,111,102,51,17
26.367487,1423,1113,124,93,67,26,1593,1124,107,94,97,94,67,10
26.373657,1431,1113,124,93,68,33,1598,1149,95,91,107,85,56,15
26.379608,1430,1113,124,93,68,32,1583,1136,98,90,92,100,54,13
26.385933,1434,1113,124,93,68,36,1586,1129,103,104,93,98,50,9
26.392454,1427,1113,124,93,68,29,1590,1143,89,92,106,90,55,15
26.398829,1430,1115,122,94,67,32,1595,1133,93,95,102,109,50,13
26.405125,1425,1118,117,93,71,26,1594,1129,108,95,96,97,52,17
26.411488,1418,1118,116,95,70,19,1596,1135,101,102,100,88,54,16
26.417686,1429,1116,116,96,71,30,1592,1137,98,103,109,78,52,15
26.423944,1428,1118,115,96,70,29,1605,1130,94,108,94,100,65,14
26.429766,1429,1117,115,97,71,29,1606,1139,103,87,95,105,60,17
26.435886,1430,1118,114,99,69,30,1606,1135,93,92,123,101,51,11
26.441744,1435,1118,113,100,70,34,1607,1141,99,96,99,104,51,17
26.447308,1436,1115,114,100,73,34,1619,1139,100,84,110,108,55,23
26.453255,1433,1116,112,101,73,31,1614,1144,94,99,100,103,59,15
26.459734,1426,1116,114,99,74,23,1615,1134,100,104,101,110,58,8
26.466080,1434,1116,113,98,76,31,1617,1132,104,108,112,107,43,11
26.472021,1430,1115,114,98,74,29,1608,1130,95,102,95,111,59,16
26.477880,1442,1115,113,99,74,41,1610,1137,95,108,108,84,62,16
26.483650,1437,1114,112,102,72,37,1611,1140,85,98,108,103,59,18
26.489767,1433,1113,113,102,71,34,1600,1134,107,86,126,90,48,9
26.496084,1437,1112,114,103,69,39,1603,1134,91,106,109,96,52,15
26.502247,1431,1111,114,104,68,34,1593,1130,98,86,122,95,48,14
26.508356,1427,1113,113,103,68,30,1594,1135,89,97,105,96,55,17
26.514402,1428,1113,113,103,70,29,1600,1131,88,97,100,99,66,19
26.520742,1435,1114,113,105,67,36,1596,1127,99,85,114,97,63,11
26.526550,1432,1112,115,104,67,34,1598,1147,93,97,118,83,52,8
26.532551,1435,1109,116,108,64,38,1603,1142,86,108,108,86,61,12
26.539116,1429,1109,116,107,64,33,1610,1133,90,93,92,123,62,17
26.544905,1434,1110,117,103,66,38,1612,1134,93,112,100,94,67,12
26.550577,1427,1109,119,101,68,30,1614,1132,98,86,116,104,57,21
26.556177,1432,1109,122,99,70,32,1620,1142,101,93,104,110,55,15
26.562042,1429,1111,121,98,71,28,1617,1139,101,94,111,97,58,17
26.568016,1434,1110,121,98,72,33,1623,1129,101,103,103,97,68,22
26.574017,1438,1109,123,97,72,37,1619,1127,99,96,117,105,61,14
26.579954,1432,1108,124,95,76,29,1616,1128,102,104,101,115,52,14
26.586088,1440,1108,125,95,78,34,1614,1141,94,102,128,85,57,7
26.592268,1434,1108,125,95,79,27,1621,1125,101,107,122,100,57,9
26.598135,1439,1109,122,94,82,32,1625,1125,103,94,115,114,57,17
26.604153,1437,1110,122,91,84,30,1621,1130,93,112,113,102,62,9
26.609987,1444,1110,121,92,84,37,1625,1138,104,95,106,119,48,15
26.615561,1442,1109,122,91,85,35,1617,1133,118,88,100,98,71,9
26.621613,1438,1110,121,91,84,32,1627,1140,99,101,115,93,63,16
26.628048,1440,1110,120,92,83,35,1629,1139,99,100,125,95,52,19
26.633842,1432,1111,120,93,81,27,1625,1139,107,95,110,100,63,11
26.639862,1434,1113,119,90,84,28,1626,1147,95,91,91,122,66,14
26.645588,1431,1112,119,91,84,25,1631,1146,101,93,118,98,60,15
26.651619,1447,1113,118,92,83,41,1617,1156,97,105,99,104,51,5
26.657785,1440,1112,119,94,80,35,1622,1147,93,108,120,80,55,19
26.663658,1439,1114,121,92,78,34,1610,1145,100,88,117,95,52,13
26.670212,1435,1114,119,99,73,30,1607,1136,107,103,99,103,45,14
26.676317,1443,1115,118,98,74,38,1599,1140,106,87,117,92,49,8
26.682150,1434,1116,117,97,76,28,1605,1126,105,96,97,106,60,15
26.688353,1444,1116,117,96,76,39,1595,1147,105,81,106,86,58,12
26.695038,1423,1116,113,97,78,19,1590,1134,101,93,99,90,58,15
26.701382,1442,1115,112,99,77,39,1592,1145,90,95,95,105,42,20
26.707773,1440,1115,112,99,77,37,1593,1144,80,105,105,78,69,12
26.713942,1428,1113,116,95,78,26,1593,1115,94,101,95,116,65,7
26.720039,1438,1113,118,91,78,38,1599,1122,100,89,116,88,64,20
26.725901,1438,1113,119,91,77,38,1604,1139,92,92,104,106,55,16
26.731974,1438,1113,121,90,76,38,1599,1136,82,106,107,110,44,14
26.737926,1450,1114,121,87,82,46,1600,1136,102,106,113,73,57,13
26.744289,1438,1114,120,88,82,34,1600,1127,104,119,96,87,53,14
26.750471,1441,1114,119,88,82,38,1601,1136,99,103,102,84,62,15
26.756435,1436,1116,115,90,84,31,1594,1135,94,104,118,82,53,8
26.762669,1429,1117,115,90,84,23,1587,1138,97,94,100,82,64,12
26.768871,1444,1117,114,91,85,37,1588,1139,89,99,96,96,55,14
26.775467,1445,1119,111,94,83,38,1609,1141,94,97,97,111,52,17
26.781683,1433,1121,110,92,82,28,1620,1134,108,87,115,97,61,18
26.787441,1432,1121,110,92,82,27,1607,1135,98,102,114,96,53,9
26.793398,1441,1120,112,91,82,36,1609,1125,111,85,112,109,57,10
26.799429,1434,1120,112,92,80,30,1607,1144,92,86,115,100,53,17
26.805252,1435,1120,115,90,80,30,1604,1140,107,96,105,103,44,9
26.811398,1441,1119,115,91,80,36,1598,1139,106,90,107,90,57,9
26.817781,1435,1119,112,93,83,28,1595,1138,112,98,95,92,48,12
26.824175,1449,1118,111,95,84,41,1602,1143,108,92,114,90,39,16
26.830639,1441,1118,109,97,84,33,1604,1148,109,103,86,81,64,13
26.836987,1444,1118,111,94,86,35,1618,1154,110,92,105,92,54,11
26.843338,1445,1116,112,97,85,35,1625,1156,101,112,106,79,63,8
26.849140,1432,1116,113,96,84,23,1626,1150,113,95,113,91,46,18
26.855581,1433,1117,112,96,81,27,1628,1145,102,103,120,88,58,12
26.861599,1428,1118,111,96,80,23,1630,1153,98,112,104,83,65,15
26.867704,1438,1119,112,94,80,33,1630,1154,98,90,122,106,53,7
26.873669,1442,1118,114,93,81,36,1630,1157,102,82,113,90,67,19
26.879074,1445,1119,113,93,80,40,1627,1149,92,92,125,97,58,14
26.884743,1433,1117,114,94,81,27,1623,1147,107,97,102,106,48,16
26.890690,1437,1114,116,94,83,30,1616,1140,106,92,119,95,60,4
26.896748,1437,1115,115,93,85,29,1625,1141,98,110,116,94,50,16
26.902573,1444,1115,116,91,87,35,1620,1138,108,89,107,117,52,9
26.908529,1441,1114,117,90,88,32,1619,1126,108,81,113,113,65,13
26.914865,1443,1114,117,91,85,36,1623,1133,111,85,108,105,61,20
26.920721,1430,1113,116,91,87,23,1605,1152,90,89,99,104,54,17
26.926893,1442,1113,116,91,87,35,1594,1146,100,85,126,76,53,8
26.933371,1444,1113,116,91,87,37,1592,1147,98,89,105,97,48,8
26.940092,1445,1114,115,94,85,37,1597,1160,91,84,113,87,49,13
26.946699,1436,1115,113,97,82,29,1593,1154,83,82,104,106,52,12
26.952639,1439,1116,113,95,83,32,1602,1162,98,92,98,84,52,16
26.958725,1438,1114,113,98,83,30,1602,1141,107,89,106,89,55,15
26.965063,1451,1115,113,97,83,43,1605,1141,93,80,116,107,50,18
26.971140,1441,1117,111,99,80,34,1595,1141,91,104,106,79,61,13
26.977762,1434,1120,110,99,77,28,1589,1142,102,92,97,84,57,15
26.984192,1439,1119,113,100,74,33,1586,1148,90,98,100,75,58,17
26.990784,1432,1120,110,102,75,25,1587,1134,101,90,109,83,55,15
26.997490,1436,1119,111,102,74,30,1584,1152,85,100,110,89,42,6
27.004181,1436,1118,110,104,74,30,1591,1143,104,100,96,88,48,12
27.010672,1445,1117,110,104,76,38,1591,1138,94,115,85,86,60,13
27.017050,1442,1117,110,104,76,35,1593,1146,99,100,105,75,61,7
27.023476,1438,1118,109,108,72,31,1586,1134,111,99,114,84,32,12
27.029926,1430,1116,109,108,73,24,1588,1133,102,96,109,81,56,11
27.036358,1432,1117,110,104,74,27,1594,1138,89,102,99,98,51,17
27.042582,1432,1117,111,104,74,26,1583,1148,92,107,108,75,47,6
27.049294,1434,1117,112,105,71,29,1590,1137,110,83,110,91,48,11
27.055590,1441,1117,112,106,68,38,1594,1139,101,106,109,81,41,17
27.061831,1448,1118,111,106,68,45,1590,1143,101,93,94,97,55,7
27.068365,1432,1119,110,108,66,29,1590,1135,100,93,94,102,54,12
27.074593,1428,1119,112,108,65,24,1592,1142,88,91,105,92,56,18
27.081106,1439,1119,112,108,65,35,1592,1131,103,107,83,88,64,16
27.087662,1429,1118,113,108,65,25,1591,1131,109,105,98,82,47,19
27.094219,1429,1118,112,112,62,25,1591,1141,97,108,106,85,41,13
27.100601,1439,1117,113,112,64,33,1586,1150,95,102,103,83,44,9
27.106998,1435,1118,111,113,65,28,1588,1149,95,85,105,98,41,15
27.113939,1431,1117,111,114,65,24,1587,1142,95,95,115,86,48,6
27.120541,1437,1119,109,112,66,31,1592,1138,102,100,99,98,43,12
27.126930,1441,1119,110,113,65,34,1601,1142,98,94,101,100,47,19
27.133675,1437,1118,111,113,67,28,1605,1148,92,103,106,86,55,15
27.140471,1443,1120,109,109,70,35,1604,1151,95,104,95,85,61,13
27.146757,1437,1120,111,106,74,26,1614,1142,104,85,107,98,65,13
27.152557,1439,1120,111,107,73,28,1607,1155,102,87,99,97,55,12
27.159101,1435,1121,109,111,70,24,1600,1149,95,95,108,87,56,10
27.165281,1444,1122,107,112,69,34,1598,1133,112,102,96,91,53,11
27.171940,1444,1122,106,111,71,34,1600,1137,96,106,90,103,56,12
27.178329,1442,1120,107,113,69,33,1605,1140,97,101,104,92,57,14
27.184280,1444,1119,109,111,69,36,1604,1153,95,106,100,83,50,17
27.190510,1440,1119,112,106,72,31,1592,1141,111,85,95,108,45,7
27.196445,1440,1119,112,107,71,31,1596,1149,103,88,97,103,46,10
27.202986,1440,1119,113,103,75,30,1601,1139,112,102,96,99,47,6
27.209473,1438,1118,115,101,77,27,1601,1148,95,107,97,98,45,11
27.215784,1437,1116,116,102,76,27,1613,1149,112,81,94,110,51,16
27.222349,1442,1115,117,101,77,32,1603,1147,94,88,102,103,60,9
27.228870,1438,1118,114,103,74,29,1599,1153,106,92,93,87,53,15
27.235474,1446,1118,114,105,72,37,1605,1142,101,95,99,101,47,20
27.241962,1445,1118,114,105,74,34,1601,1150,95,106,112,87,35,16
27.248514,1440,1117,113,104,76,30,1596,1151,102,83,112,98,39,11
27.255686,1447,1118,113,106,74,36,1594,1159,93,105,97,77,51,12
27.262220,1450,1119,112,112,70,37,1593,1153,96,96,89,87,57,15
27.268635,1459,1118,113,110,71,47,1596,1143,101,90,112,90,46,14
27.274807,1447,1118,113,110,73,33,1603,1141,107,80,109,95,57,14
27.281416,1449,1120,113,108,73,35,1597,1146,103,103,88,87,57,13
27.287811,1445,1121,112,110,72,30,1600,1147,96,85,112,97,55,8
27.294041,1445,1121,112,106,76,30,1609,1137,97,95,111,87,69,13
27.300341,1445,1121,113,107,74,30,1611,1145,120,82,106,103,44,11
27.306538,1445,1121,113,106,75,30,1614,1143,103,97,105,102,55,9
27.312792,1448,1121,117,105,72,33,1616,1152,103,98,100,83,65,15
27.318804,1446,1122,115,106,73,30,1613,1129,125,89,102,87,67,14
27.324919,1460,1123,116,105,72,44,1615,1139,96,87,125,98,57,13
27.330950,1445,1127,112,103,72,31,1608,1151,101,93,110,102,45,6
27.337402,1443,1127,109,106,72,29,1608,1145,102,107,109,83,48,14
27.343836,1444,1127,110,106,70,31,1607,1151,102,94,102,98,52,8
27.349989,1458,1127,111,105,69,46,1605,1149,109,88,107,88,48,16
27.356339,1447,1124,117,101,71,34,1603,1151,89,95,119,98,39,12
27.362843,1440,1124,117,100,71,28,1605,1136,101,113,100,92,49,14
27.369553,1445,1123,117,103,70,32,1608,1129,99,103,109,99,51,18
27.375946,1438,1124,116,103,71,24,1601,1148,100,105,93,94,49,12
27.382696,1442,1124,117,101,73,27,1597,1147,97,93,93,109,53,5
27.389355,1439,1123,118,99,73,26,1604,1147,88,111,118,81,46,13
27.395689,1440,1124,117,97,74,28,1599,1134,107,88,111,89,58,12
27.402224,1439,1124,118,94,77,26,1603,1136,93,106,103,104,50,11
27.408129,1449,1124,117,97,75,36,1601,1147,102,84,109,98,50,11
27.415047,1445,1124,119,96,75,31,1595,1140,108,97,98,83,59,10
27.421370,1451,1124,118,97,75,37,1594,1148,99,99,108,75,51,14
27.427788,1454,1126,113,99,77,39,1586,1147,93,93,107,94,43,9
27.434498,1439,1126,113,98,78,24,1584,1146,92,104,83,96,46,17
27.440897,1447,1126,113,97,79,32,1588,1149,84,110,92,81,50,22
27.447250,1451,1125,115,96,79,36,1595,1152,104,94,85,91,50,19
27.453756,1439,1125,115,96,78,25,1590,1144,101,97,97,98,43,10
27.460257,1440,1126,114,95,80,25,1588,1140,101,100,95,82,59,11
27.467239,1447,1123,116,97,78,33,1585,1139,93,106,81,106,54,6
27.473801,1442,1124,116,98,76,28,1593,1146,91,98,102,91,52,13
27.480268,1443,1124,116,98,76,29,1601,1144,115,89,102,91,45,15
27.486694,1440,1124,118,97,75,26,1598,1155,101,103,98,86,46,9
27.493233,1445,1124,119,96,73,33,1597,1160,89,99,111,82,47,9
27.499378,1440,1123,121,95,73,28,1597,1140,94,86,119,85,60,13
27.505978,1439,1122,123,94,74,26,1603,1143,108,94,97,87,62,12
27.512327,1435,1121,120,97,75,22,1600,1147,99,84,115,82,55,18
27.518763,1435,1122,120,98,74,21,1596,1149,104,96,100,91,39,17
27.525396,1444,1122,119,98,75,30,1598,1138,96,99,120,82,47,16
27.531849,1461,1122,122,98,72,47,1601,1154,97,100,103,81,55,11
27.538280,1452,1122,123,94,75,38,1597,1144,100,111,90,95,44,13
27.544363,1440,1125,120,94,74,27,1602,1140,99,85,110,88,64,16
27.550871,1447,1125,120,93,75,34,1606,1139,100,94,112,89,57,15
27.557480,1446,1125,122,90,76,33,1608,1146,92,96,98,102,61,13
27.563591,1445,1127,119,90,76,33,1608,1132,105,83,108,104,67,9
27.569870,1444,1127,118,91,74,34,1608,1141,91,97,107,104,61,7
27.576029,1438,1129,119,88,74,28,1612,1149,86,105,111,98,49,14
27.581793,1445,1127,123,84,76,35,1612,1142,100,92,105,108,53,12
27.587864,1433,1127,122,83,77,24,1607,1143,96,84,103,113,53,15
27.594744,1441,1126,122,83,77,33,1606,1139,101,94,101,103,54,14
27.601074,1450,1128,120,84,77,41,1605,1144,99,86,116,85,61,14
27.607475,1441,1129,119,84,78,31,1603,1139,94,106,107,94,48,15
27.613419,1447,1129,120,84,77,37,1606,1142,98,95,103,98,51,19
27.619690,1440,1129,122,81,78,30,1598,1136,98,100,112,95,48,9
27.625917,1450,1129,122,82,76,41,1604,1141,100,102,99,95,52,15
27.632217,1434,1127,124,83,72,28,1603,1134,99,106,111,90,46,17
27.638462,1436,1127,125,82,72,30,1601,1134,95,96,116,96,49,15
27.644869,1435,1127,125,82,71,30,1602,1135,108,108,91,86,59,15
27.651283,1438,1128,124,82,71,33,1610,1134,89,116,112,94,52,13
27.657305,1435,1128,126,81,70,30,1602,1138,97,94,123,99,44,7
27.663736,1435,1128,127,79,71,30,1601,1138,95,101,108,84,60,15
27.669926,1432,1128,125,81,71,27,1595,1134,94,91,118,86,61,11
27.676151,1432,1127,123,85,71,26,1605,1136,96,96,105,92,61,19
27.682072,1440,1125,123,86,72,34,1610,1140,93,97,117,89,59,15
27.688316,1433,1125,122,86,72,28,1611,1124,109,97,105,108,45,23
27.694145,1438,1126,124,85,69,34,1609,1132,90,99,127,101,50,10
27.700203,1439,1126,121,88,69,35,1605,1138,85,98,115,101,60,8
27.706339,1436,1125,121,89,69,32,1608,1126,107,79,131,94,53,18
27.712467,1435,1125,121,88,70,31,1591,1133,96,98,118,85,53,8
27.719156,1422,1125,121,88,70,18,1585,1136,99,99,96,93,50,12
27.725897,1427,1125,119,90,70,23,1588,1135,88,95,116,86,57,11
27.732197,1441,1128,115,91,71,36,1592,1136,87,118,99,88,55,9
27.738245,1432,1130,112,94,69,27,1594,1125,105,97,105,94,54,14
27.744459,1433,1131,111,94,69,28,1594,1123,98,75,108,109,63,18
27.750727,1435,1131,111,94,72,27,1590,1134,84,101,115,89,55,12
27.757374,1434,1131,111,92,73,27,1588,1131,93,101,112,82,51,18
27.763895,1434,1131,111,92,71,29,1582,1135,97,106,104,69,55,16
27.770319,1431,1132,110,90,73,26,1585,1149,81,97,108,85,53,12
27.776865,1432,1132,109,92,73,26,1581,1123,96,111,95,103,43,10
27.783501,1435,1130,113,91,71,30,1581,1120,113,101,107,80,52,8
27.789810,1442,1131,112,90,72,37,1593,1134,87,109,114,89,43,17
27.796143,1434,1130,111,91,73,29,1590,1141,81,118,102,94,48,6
27.802443,1436,1129,113,90,73,31,1588,1135,97,94,122,85,50,5
27.808727,1434,1129,112,90,74,29,1593,1134,99,110,109,86,44,11
27.815153,1438,1128,112,90,76,32,1596,1134,96,109,113,87,47,10
27.821554,1446,1127,113,88,78,40,1601,1139,101,103,98,91,53,16
27.827843,1435,1126,114,89,77,29,1595,1140,92,105,103,90,50,15
27.834219,1435,1126,115,89,76,29,1593,1134,105,86,112,90,48,18
27.840254,1441,1126,116,89,75,35,1593,1139,95,81,122,87,58,11
27.846663,1443,1126,116,86,78,37,1590,1153,99,88,109,94,37,10
27.853327,1432,1125,118,84,78,27,1585,1142,103,98,86,93,48,15
27.859877,1432,1125,118,85,77,27,1582,1142,105,92,101,83,50,9
27.866573,1432,1125,117,85,78,27,1589,1133,102,90,104,97,44,19
27.872932,1435,1126,115,84,80,30,1588,1150,90,102,79,96,53,18
27.879286,1427,1123,115,86,80,23,1590,1144,93,89,101,91,58,14
27.885794,1436,1123,114,87,82,30,1585,1155,96,101,82,90,46,15
27.892382,1437,1122,114,87,82,32,1584,1137,100,96,97,87,51,16
27.898813,1445,1120,116,86,84,39,1595,1145,101,97,110,77,50,15
27.905209,1426,1121,116,83,85,21,1588,1149,98,81,122,80,45,13
27.911686,1436,1119,116,87,82,32,1589,1140,96,92,103,98,43,17
27.918362,1433,1120,115,89,79,30,1594,1144,91,91,110,92,51,15
27.924524,1441,1121,114,89,79,38,1588,1129,96,96,98,91,68,10
27.930819,1431,1121,114,91,77,28,1590,1144,88,94,113,94,48,9
27.936861,1429,1121,112,94,76,26,1590,1142,101,82,119,77,55,14
27.943552,1427,1122,111,96,74,24,1586,1147,95,94,110,81,44,15
27.950136,1419,1120,113,95,74,17,1582,1135,104,106,90,85,47,15
27.956671,1429,1120,112,96,73,28,1582,1138,91,86,114,89,50,14
27.963259,1429,1120,114,99,68,28,1577,1136,81,95,112,99,40,14
27.970001,1435,1121,113,100,70,31,1585,1137,97,95,114,81,51,10
27.976389,1431,1120,112,101,71,27,1597,1139,94,92,102,94,64,12
27.982836,1431,1120,111,106,67,27,1601,1136,101,100,103,99,48,14
27.989214,1439,1120,113,105,65,36,1591,1135,103,104,112,85,45,7
27.995708,1438,1119,114,102,67,36,1599,1145,92,113,108,72,56,13
28.001648,1432,1121,111,102,69,29,1598,1155,91,85,109,108,42,8
28.007847,1435,1121,110,103,69,32,1600,1147,91,108,106,90,44,14
28.013821,1427,1124,106,103,70,24,1605,1128,108,95,110,92,62,10
28.019848,1432,1124,106,104,69,29,1603,1155,84,106,91,88,63,16
28.025545,1428,1123,105,106,68,26,1613,1136,106,84,113,94,62,18
28.032026,1431,1123,103,109,68,28,1618,1149,95,89,104,102,61,18
28.037733,1428,1123,103,112,64,26,1615,1146,103,92,109,78,72,15
28.043840,1440,1123,103,112,64,38,1611,1154,104,95,95,92,50,21
28.050497,1442,1122,105,111,65,39,1604,1152,90,107,98,96,53,8
28.057011,1422,1122,104,111,66,19,1598,1153,93,91,110,89,51,11
28.063320,1429,1122,105,109,65,28,1600,1149,90,98,104,98,47,14
28.070036,1427,1120,108,105,68,26,1598,1151,102,93,92,99,51,10
28.076538,1432,1121,107,106,65,33,1602,1151,89,102,96,85,65,14
28.082981,1438,1119,108,108,65,38,1607,1144,94,92,102,106,52,17
28.088861,1433,1119,108,107,65,34,1617,1143,89,102,105,100,58,20
28.095257,1428,1119,108,107,65,29,1616,1142,100,106,101,102,55,10
28.101507,1434,1119,108,106,68,33,1613,1141,99,96,109,92,62,14
28.107569,1432,1120,109,101,69,33,1616,1141,103,97,100,106,52,17
28.113508,1430,1120,110,98,73,29,1614,1140,101,95,119,96,50,13
28.119705,1426,1119,110,101,71,25,1621,1145,88,92,133,99,48,16
28.125755,1431,1117,112,100,71,31,1617,1158,96,78,125,99,45,16
28.131781,1429,1117,111,102,70,29,1613,1155,99,83,105,106,51,14
28.137806,1424,1117,110,102,70,25,1619,1161,101,81,113,92,53,18
28.143961,1434,1117,112,100,71,34,1615,1147,90,95,105,106,58,14
28.149944,1428,1120,111,99,69,29,1621,1148,92,94,111,106,57,13
28.155893,1424,1120,109,101,69,25,1620,1142,107,93,116,101,53,8
28.161654,1427,1120,110,98,71,28,1625,1160,92,90,115,100,57,11
28.167608,1424,1119,111,98,69,27,1616,1139,107,93,105,116,50,6
28.173571,1426,1119,110,97,70,30,1621,1133,104,88,110,104,60,22
28.179689,1427,1119,112,94,72,30,1607,1130,109,83,116,102,58,9
28.186020,1436,1120,109,97,71,39,1610,1142,95,91,115,104,50,13
28.192125,1424,1120,109,97,71,27,1613,1147,103,83,103,92,68,17
28.197979,1424,1120,107,100,73,24,1619,1160,98,82,103,113,49,14
28.203995,1434,1121,108,99,72,34,1618,1155,98,89,104,103,58,11
28.210140,1427,1120,109,99,72,27,1622,1153,101,96,101,96,55,20
28.216187,1418,1120,108,100,72,18,1612,1141,112,84,101,105,58,11
28.222286,1434,1122,108,99,71,34,1611,1144,104,96,96,104,49,18
28.228441,1422,1123,106,98,74,21,1612,1145,101,83,121,89,57,16
28.234541,1435,1122,108,97,74,34,1617,1145,89,99,101,113,59,11
28.240637,1427,1122,108,98,75,24,1611,1153,86,95,106,111,54,6
28.246937,1432,1123,106,100,74,29,1624,1145,87,93,125,95,61,18
28.253147,1436,1123,106,101,74,32,1616,1151,87,100,104,108,52,14
28.259373,1434,1123,105,103,73,30,1612,1149,92,95,123,95,45,13
28.265526,1434,1123,104,108,66,33,1610,1145,80,80,131,106,56,12
28.271675,1426,1125,104,106,66,25,1613,1129,105,86,113,107,58,15
28.277729,1434,1125,103,106,66,34,1606,1132,102,86,105,101,71,9
28.283728,1421,1125,101,108,65,22,1607,1136,87,104,109,104,56,11
28.289919,1436,1123,102,108,65,38,1605,1139,86,89,123,92,58,18
28.296408,1418,1124,103,106,65,20,1603,1140,93,88,117,102,50,13
28.302479,1438,1124,104,104,67,39,1609,1136,93,96,120,91,54,19
28.308361,1437,1124,104,104,66,39,1603,1133,86,101,121,89,63,10
28.314260,1429,1125,104,102,67,31,1616,1139,90,100,118,98,50,21
28.320501,1437,1124,105,101,68,39,1613,1139,100,97,97,100,66,14
28.326347,1433,1124,105,101,68,35,1612,1139,98,91,118,93,58,15
28.331903,1427,1124,106,100,69,28,1615,1132,86,102,117,110,50,18
28.338041,1430,1124,106,99,68,33,1615,1129,104,94,115,104,53,16
28.344007,1439,1123,109,97,70,40,1618,1124,109,95,97,114,68,11
28.349661,1434,1122,109,98,69,36,1619,1134,93,104,125,90,56,17
28.355850,1432,1121,108,98,72,33,1612,1133,101,100,110,106,53,9
28.361742,1433,1120,109,95,72,37,1624,1141,88,102,124,97,58,14
28.367973,1436,1120,109,96,69,42,1621,1142,105,89,119,109,48,9
28.373957,1427,1120,109,96,69,33,1622,1135,98,100,111,106,54,18
28.380199,1427,1120,109,96,69,33,1618,1137,92,93,107,113,56,20
28.386528,1431,1119,109,97,69,37,1612,1140,91,100,104,106,49,22
28.392569,1423,1119,108,99,67,30,1595,1143,79,102,99,106,56,10
28.398489,1427,1119,107,100,67,34,1602,1122,108,109,105,95,53,10
28.404310,1423,1118,106,102,66,31,1600,1124,94,99,119,104,50,10
28.410355,1417,1118,108,102,64,25,1605,1137,81,112,107,99,58,11
28.416765,1420,1117,110,101,65,27,1608,1135,96,99,105,101,60,12
28.422663,1443,1115,111,102,67,48,1603,1136,82,101,107,102,60,15
28.428467,1430,1115,112,103,65,35,1604,1141,98,92,109,106,42,16
28.434826,1422,1116,111,103,65,27,1607,1135,105,99,109,97,49,13
28.441156,1420,1117,112,101,65,25,1612,1148,82,101,106,101,59,15
28.447477,1425,1118,110,100,67,30,1611,1148,88,105,99,96,56,19
28.453466,1424,1118,110,98,69,29,1606,1132,107,85,115,101,48,18
28.459820,1416,1117,113,98,68,20,1605,1131,95,90,108,104,60,17
28.465837,1422,1118,113,97,68,26,1611,1138,93,106,115,90,54,15
28.471720,1422,1118,116,95,69,24,1620,1142,91,104,107,110,52,14
28.477840,1433,1118,116,95,69,35,1625,1131,106,95,121,113,42,17
28.483582,1428,1119,114,98,67,30,1618,1151,88,103,110,104,56,6
28.489697,1423,1119,114,96,70,24,1612,1130,100,105,99,96,64,18
28.496220,1420,1120,115,94,67,24,1606,1145,102,73,100,119,55,12
28.502142,1422,1120,114,94,68,26,1609,1147,83,104,107,100,53,15
28.508362,1429,1121,115,92,68,33,1608,1137,99,105,85,106,63,13
28.514418,1423,1122,116,90,69,26,1600,1130,107,87,110,96,60,10
28.520727,1421,1122,114,91,70,24,1600,1132,100,93,107,98,57,13
28.526928,1420,1122,114,91,68,25,1600,1134,91,88,111,99,63,14
28.533266,1430,1122,114,91,68,35,1603,1137,101,93,98,94,65,15
28.539787,1427,1123,114,91,67,32,1595,1151,99,75,97,101,57,15
28.545717,1429,1124,114,90,67,34,1599,1132,111,97,90,103,53,13
28.552216,1420,1126,114,87,68,25,1599,1135,115,88,92,95,54,20
28.558386,1438,1126,114,87,69,42,1602,1144,96,89,123,76,61,13
28.564535,1439,1126,115,85,72,41,1601,1138,111,93,106,92,50,11
28.570595,1428,1126,115,85,72,30,1598,1151,87,87,113,87,62,11
28.576565,1428,1126,113,87,71,31,1592,1130,101,99,103,90,58,11
28.582735,1425,1127,112,86,71,29,1590,1136,110,91,105,96,45,7
28.588799,1432,1127,115,86,69,35,1595,1129,107,86,112,99,43,19
28.595177,1432,1126,116,83,72,35,1590,1138,100,94,102,90,58,8
28.601851,1427,1125,117,82,73,30,1584,1152,81,90,99,99,52,11
28.608145,1425,1128,114,86,70,27,1591,1144,85,83,104,109,47,19
28.614494,1426,1128,118,80,72,28,1591,1148,93,95,95,95,49,16
28.621265,1424,1129,117,77,73,28,1584,1146,97,85,99,83,60,14
28.627855,1435,1129,118,76,75,37,1586,1156,95,80,94,95,52,14
28.634104,1430,1128,120,77,73,32,1588,1154,85,105,103,88,40,13
28.640427,1430,1129,120,76,74,31,1595,1139,108,87,102,89,59,11
28.646797,1429,1130,118,79,73,29,1590,1132,108,91,90,98,51,20
28.652924,1430,1130,117,81,72,30,1594,1141,93,88,111,99,48,14
28.659279,1434,1129,117,82,72,34,1598,1143,89,91,104,103,54,14
28.665554,1440,1130,119,79,72,40,1602,1135,103,95,105,90,61,13
28.671993,1418,1130,119,81,70,18,1600,1133,99,83,109,100,58,18
28.678541,1423,1130,119,81,69,24,1595,1136,88,87,98,103,65,18
28.685184,1442,1130,119,79,72,42,1594,1141,86,100,119,91,46,11
28.691317,1442,1130,120,81,69,42,1598,1144,97,94,103,92,54,14
28.697750,1426,1129,117,85,69,26,1605,1143,100,83,94,100,64,21
28.703640,1425,1130,115,87,69,24,1602,1148,96,102,93,101,47,15
28.709940,1436,1129,115,90,68,34,1599,1138,99,100,105,105,41,11
28.716141,1433,1127,115,92,66,33,1602,1143,105,99,99,94,48,14
28.722641,1425,1126,116,93,64,26,1590,1152,80,96,88,97,64,13
28.729126,1427,1127,114,93,66,27,1590,1142,93,89,103,96,55,12
28.735399,1427,1127,116,92,66,26,1596,1135,97,90,102,93,60,19
28.741436,1423,1126,117,92,67,21,1598,1134,100,91,107,94,51,21
28.747562,1427,1125,117,91,70,24,1595,1140,86,94,119,90,57,9
28.753536,1439,1125,117,91,69,37,1601,1135,98,91,116,89,54,18
28.759916,1433,1124,117,89,71,32,1605,1142,88,95,117,78,74,11
28.766163,1423,1126,116,90,70,21,1597,1141,87,93,120,86,56,14
28.772530,1447,1126,117,89,71,44,1589,1148,84,97,94,98,57,11
28.778614,1425,1125,118,89,72,21,1589,1135,98,95,105,100,48,8
28.785028,1433,1125,119,87,73,29,1586,1131,109,105,95,85,42,19
28.791813,1434,1124,118,90,72,30,1590,1142,97,88,100,93,56,14
28.798080,1433,1125,117,93,67,31,1590,1145,111,76,102,101,38,17
28.804214,1429,1124,117,94,67,27,1586,1144,105,94,101,81,53,8
28.810499,1428,1124,117,95,66,26,1588,1140,109,99,103,88,37,12
28.817293,1433,1122,119,96,64,32,1586,1135,107,92,108,88,40,16
28.823641,1425,1121,118,98,63,25,1579,1134,100,105,97,87,45,11
28.830063,1427,1120,117,100,63,27,1582,1139,104,90,97,88,46,18
28.836632,1433,1122,114,103,61,33,1574,1144,88,96,110,88,38,10
28.842915,1431,1122,111,104,63,31,1571,1137,104,81,87,89,56,17
28.849569,1428,1122,112,104,62,28,1572,1131,110,86,85,92,50,18
28.856470,1434,1120,115,102,63,34,1571,1135,101,93,82,103,40,17
28.862963,1431,1121,118,98,65,29,1573,1131,109,89,94,83,52,15
28.869467,1432,1119,118,97,69,29,1578,1149,90,108,98,72,47,14
28.876144,1432,1119,116,99,71,27,1577,1139,95,88,92,85,63,15
28.883099,1433,1118,118,100,69,28,1581,1139,107,84,96,85,55,15
28.889694,1433,1118,117,102,69,27,1575,1144,87,115,90,67,58,14
28.896040,1439,1117,116,103,71,32,1574,1142,96,87,107,81,53,8
28.902637,1440,1117,117,102,72,32,1576,1143,97,77,90,109,51,9
28.909073,1444,1118,116,103,71,36,1575,1136,96,96,87,86,58,16
28.916277,1435,1119,115,101,73,27,1574,1145,93,87,101,94,44,10
28.923050,1434,1119,116,100,74,25,1575,1148,93,83,99,93,48,11
28.928997,1443,1117,120,97,75,34,1582,1131,108,77,108,91,52,15
28.935696,1441,1119,119,99,73,31,1586,1140,93,96,99,81,58,19
28.942030,1446,1120,117,101,73,35,1571,1133,102,91,93,95,45,12
28.948723,1438,1120,117,101,74,26,1577,1133,94,101,100,79,55,15
28.955576,1437,1121,116,99,77,24,1572,1128,114,94,100,77,52,7
28.962503,1450,1122,116,101,77,34,1580,1127,106,103,88,87,54,15
28.969376,1439,1123,114,101,77,24,1578,1151,92,95,93,79,57,11
28.976002,1436,1121,115,101,79,20,1580,1145,99,84,97,99,46,10
28.983168,1445,1120,115,101,81,28,1576,1147,101,94,98,84,43,9
28.989954,1450,1122,115,100,78,35,1579,1147,95,102,97,79,49,10
28.996693,1440,1121,115,100,82,22,1577,1137,99,100,100,75,49,17
29.003368,1441,1123,113,100,82,23,1573,1144,91,103,97,80,44,14
29.010845,1457,1123,115,100,79,40,1565,1143,91,108,94,76,44,9
29.017508,1444,1123,117,98,80,26,1574,1147,92,90,93,91,47,14
29.024445,1442,1122,118,98,80,24,1568,1144,103,90,92,87,42,10
29.031515,1448,1121,120,97,80,30,1576,1161,84,90,115,72,43,11
29.038578,1452,1121,123,97,78,33,1577,1139,103,89,107,76,48,15
29.045525,1447,1122,122,97,78,28,1581,1148,95,104,109,73,41,11
29.052238,1443,1123,123,96,77,24,1604,1158,93,105,94,80,53,21
29.058460,1456,1126,122,95,78,35,1593,1143,106,100,95,85,56,8
29.065313,1441,1124,123,97,77,20,1598,1151,84,84,116,99,47,17
29.072290,1449,1124,126,93,80,26,1592,1140,118,85,103,89,45,12
29.079094,1460,1123,129,90,82,36,1598,1152,104,87,90,104,45,16
29.085503,1460,1122,130,93,80,35,1592,1153,103,91,97,87,50,11
29.092119,1442,1122,131,91,83,15,1591,1155,95,94,93,81,62,11
29.098980,1459,1120,133,92,82,32,1588,1152,83,99,103,85,51,15
29.105391,1454,1120,134,93,81,26,1589,1156,99,88,94,92,45,15
29.112127,1457,1120,131,95,80,31,1605,1157,99,86,110,87,49,17
29.118664,1458,1120,129,99,80,30,1601,1167,100,98,89,92,45,10
29.125452,1463,1120,128,101,78,36,1609,1163,91,92,101,88,58,16
29.131880,1461,1120,128,98,80,35,1604,1153,99,97,105,89,54,7
29.138306,1455,1119,130,97,80,29,1603,1149,102,97,100,87,54,14
29.144835,1446,1120,130,97,80,19,1598,1143,108,104,106,83,39,15
29.151434,1467,1121,129,97,80,40,1597,1161,94,101,106,81,41,13
29.158123,1456,1123,125,97,84,27,1606,1167,104,84,103,96,37,15
29.164448,1465,1124,124,99,83,35,1604,1175,97,89,95,90,44,14
29.171225,1458,1126,121,100,84,27,1603,1154,103,94,107,89,43,13
29.177700,1458,1127,123,97,83,28,1603,1157,111,94,104,89,38,10
29.184534,1454,1127,122,100,80,25,1603,1168,103,91,102,74,51,14
29.191107,1444,1130,120,100,80,14,1602,1177,93,104,86,77,53,12
29.198063,1452,1129,121,98,81,23,1601,1166,86,92,104,95,46,12
29.204639,1453,1130,122,99,79,23,1597,1165,95,103,97,81,46,10
29.211668,1465,1130,122,100,79,34,1598,1163,89,95,95,87,57,12
29.218420,1453,1131,122,101,77,22,1597,1153,102,101,95,94,45,7
29.225660,1471,1130,123,102,76,40,1596,1163,93,102,100,78,49,11
29.232374,1475,1132,124,100,75,44,1600,1178,94,97,94,78,50,9
29.239000,1460,1131,123,100,76,30,1604,1176,92,84,103,83,53,13
29.245380,1455,1133,121,96,79,26,1603,1167,102,94,84,93,54,9
29.252121,1453,1132,123,94,80,24,1608,1164,115,92,94,80,58,5
29.258913,1450,1133,121,94,81,21,1612,1165,96,97,90,84,56,24
29.265322,1459,1133,121,92,84,29,1610,1170,96,81,100,102,48,13
29.271671,1467,1134,120,91,86,36,1619,1176,89,101,95,81,66,11
29.278198,1452,1134,122,91,84,21,1608,1166,95,93,106,83,53,12
29.284601,1464,1135,120,92,84,33,1611,1172,83,86,110,93,55,12
29.290945,1464,1135,120,93,83,33,1611,1169,88,98,104,92,48,12
29.297253,1457,1134,121,92,84,26,1623,1169,93,95,120,82,55,9
29.303581,1460,1135,119,95,85,26,1616,1171,95,105,97,92,44,12
29.310312,1463,1136,119,95,84,29,1616,1172,86,105,97,97,49,10
29.316803,1455,1136,119,96,83,21,1616,1151,108,96,109,89,45,18
29.323151,1457,1137,118,98,81,23,1604,1156,100,93,112,92,40,11
29.329983,1453,1136,119,97,80,21,1605,1171,89,94,110,88,46,7
29.336603,1457,1137,119,95,79,27,1618,1172,91,101,98,92,46,18
29.343252,1448,1138,119,95,77,19,1610,1159,106,96,90,78,63,18
29.349995,1456,1139,119,94,77,27,1600,1164,98,79,117,90,48,4
29.356981,1450,1139,117,98,75,21,1610,1169,85,99,105,96,45,11
29.363504,1458,1136,119,99,74,30,1615,1179,91,92,100,84,55,14
29.369917,1460,1137,118,99,74,32,1608,1180,92,86,103,89,44,14
29.376537,1453,1139,116,99,75,24,1609,1168,100,99,96,95,41,10
29.383219,1447,1139,116,98,75,19,1606,1180,92,95,103,75,47,14
29.389828,1464,1140,115,96,78,35,1601,1170,92,79,91,91,67,11
29.396046,1455,1141,113,98,76,27,1605,1165,88,94,107,92,47,12
29.402655,1461,1142,112,98,76,33,1605,1158,103,96,94,100,45,9
29.408878,1464,1142,111,99,76,36,1615,1158,96,93,116,93,47,12
29.415541,1449,1145,112,96,74,22,1615,1175,99,85,119,83,41,13
29.422298,1466,1145,110,99,71,41,1614,1169,103,83,117,84,50,8
29.428642,1451,1144,111,97,73,26,1616,1176,93,87,105,95,45,15
29.434994,1456,1143,113,93,76,31,1621,1168,94,81,105,107,49,17
29.441322,1464,1144,113,95,74,38,1617,1158,92,97,106,99,54,11
29.447479,1458,1144,113,97,73,31,1620,1170,100,96,92,87,60,15
29.453749,1463,1144,112,97,74,36,1625,1157,101,94,97,100,63,13
29.459978,1451,1144,112,97,73,25,1626,1178,91,94,115,87,50,11
29.466446,1450,1144,114,94,73,25,1621,1165,96,96,99,91,63,11
29.472555,1458,1143,115,92,76,32,1626,1154,98,94,107,97,61,15
29.478895,1459,1143,114,92,78,32,1622,1148,96,100,123,85,57,13
29.485523,1460,1144,116,90,77,33,1622,1159,97,82,126,90,55,13
29.491627,1456,1144,115,94,74,29,1625,1174,79,98,110,92,54,18
29.498377,1449,1146,116,91,75,21,1613,1162,90,85,110,96,59,11
29.504705,1459,1145,118,92,73,31,1613,1162,94,96,89,97,61,14
29.511261,1458,1145,121,90,70,32,1622,1160,111,97,103,87,51,13
29.517630,1450,1147,119,90,70,24,1623,1176,100,86,106,85,60,10
29.523933,1466,1151,115,90,70,40,1624,1161,102,96,105,94,54,12
29.529793,1468,1151,114,93,69,41,1624,1160,105,102,91,99,57,10
29.536160,1458,1151,115,92,68,32,1625,1175,102,85,110,80,63,10
29.542601,1459,1151,115,92,70,31,1632,1178,81,100,91,104,61,17
29.548836,1459,1150,114,97,70,28,1627,1171,83,97,100,99,57,20
29.555016,1458,1151,114,97,68,28,1624,1175,101,92,97,86,55,18
29.561926,1466,1152,112,98,69,35,1622,1177,93,80,118,84,57,13
29.568413,1454,1154,108,100,68,24,1624,1160,113,101,108,88,51,3
29.574688,1474,1153,108,100,70,43,1633,1178,112,102,96,94,38,13
29.581041,1463,1153,109,100,70,31,1641,1169,97,100,88,106,64,17
29.586918,1458,1154,109,99,70,26,1647,1157,117,78,109,108,68,10
29.592907,1461,1155,107,100,70,29,1649,1175,91,97,99,107,63,17
29.599461,1466,1152,108,98,75,33,1655,1187,83,86,122,91,63,23
29.605577,1459,1152,108,99,74,26,1642,1168,97,90,105,112,53,17
29.611500,1476,1152,109,96,79,40,1641,1183,98,88,86,115,55,16
29.617582,1464,1152,110,97,77,28,1634,1169,106,97,91,94,62,15
29.623510,1469,1152,109,99,76,33,1633,1175,101,85,97,105,54,16
29.629993,1454,1151,107,103,73,20,1642,1170,108,93,102,98,59,12
29.636364,1462,1150,110,100,74,28,1645,1169,105,89,110,101,51,20
29.642422,1467,1149,111,100,75,32,1648,1182,95,88,105,101,58,19
29.648796,1472,1151,107,100,77,37,1639,1189,99,96,102,84,54,15
29.655024,1467,1152,107,101,77,30,1644,1183,107,97,109,89,41,18
29.661411,1459,1152,109,99,77,22,1646,1178,103,87,104,112,48,14
29.667456,1463,1152,109,101,75,26,1642,1178,100,98,94,101,53,18
29.673517,1473,1153,112,98,74,36,1649,1182,103,94,110,80,67,13
29.679686,1473,1153,114,96,74,36,1652,1192,105,98,91,92,55,19
29.686224,1477,1154,114,96,75,38,1649,1198,94,93,104,94,48,18
29.692778,1464,1154,114,96,75,25,1640,1188,90,95,118,88,55,6
29.699154,1464,1152,115,97,74,26,1639,1180,91,105,102,96,51,14
29.705124,1470,1151,115,98,74,32,1635,1182,99,87,113,93,49,12
29.711197,1472,1151,114,97,77,33,1629,1182,102,91,114,83,49,8
29.717632,1462,1153,111,99,76,23,1632,1182,96,106,104,83,52,9
29.724298,1474,1153,113,97,78,33,1635,1188,109,87,105,77,54,15
29.730619,1471,1152,112,98,79,30,1641,1182,104,98,109,89,44,15
29.736940,1470,1153,111,98,79,29,1648,1183,97,84,110,91,66,17
29.743166,1465,1153,111,98,79,24,1648,1175,112,91,90,110,53,17
29.749557,1467,1154,110,99,78,26,1648,1174,104,95,105,98,60,12
29.755772,1475,1154,109,99,78,35,1649,1182,102,90,113,89,58,15
29.761852,1459,1152,110,100,76,21,1650,1165,120,90,110,106,49,10
29.768040,1479,1151,109,104,75,40,1645,1190,92,90,97,104,56,16
29.774099,1474,1152,110,102,75,35,1640,1177,104,93,108,97,51,10
29.780304,1472,1152,111,101,75,33,1632,1177,107,77,103,93,63,12
29.786762,1469,1152,111,101,76,29,1630,1188,96,103,93,83,46,21
29.793720,1462,1153,109,103,76,21,1618,1185,99,94,102,86,42,10
29.800322,1477,1153,110,102,77,35,1618,1183,99,89,105,76,51,15
29.806927,1463,1152,113,101,75,22,1608,1181,77,107,103,86,43,11
29.813995,1471,1151,113,101,76,30,1607,1190,92,93,100,87,38,7
29.820555,1467,1151,114,99,79,24,1612,1187,83,92,100,87,53,10
29.827150,1468,1150,115,99,80,24,1615,1191,105,85,99,76,49,10
29.833986,1473,1150,115,97,82,29,1621,1179,95,83,104,95,47,18
29.840878,1462,1151,111,102,80,18,1616,1175,89,87,105,81,65,14
29.847605,1471,1150,112,103,76,30,1620,1178,100,92,100,77,60,13
29.853796,1474,1151,111,103,75,34,1620,1174,106,97,69,97,59,18
29.860258,1473,1150,113,105,72,33,1616,1180,84,96,91,86,63,16
29.866886,1465,1150,115,102,72,26,1616,1185,86,91,111,83,49,11
29.873579,1465,1150,117,103,70,25,1620,1175,95,94,124,67,52,13
29.880617,1459,1149,118,101,71,20,1618,1170,103,94,91,102,50,8
29.887314,1470,1148,118,100,72,32,1621,1185,100,98,92,80,52,14
29.893738,1478,1148,118,100,72,40,1619,1195,92,93,111,89,35,4
29.900269,1465,1147,119,98,74,27,1620,1186,93,94,99,91,44,13
29.907124,1462,1148,119,98,73,24,1617,1183,99,78,95,84,66,12
29.913382,1464,1150,117,100,71,26,1619,1175,101,92,98,90,52,11
29.919922,1461,1149,118,101,71,22,1625,1173,102,109,91,85,51,14
29.926517,1470,1150,117,100,72,31,1619,1186,95,85,108,88,47,10
29.933018,1473,1150,118,100,71,34,1622,1177,89,95,97,101,46,17
29.939884,1469,1149,119,101,71,29,1618,1169,93,98,99,97,53,9
29.946730,1463,1149,117,104,70,23,1617,1176,96,91,84,108,53,9
29.953247,1479,1149,118,105,68,39,1622,1188,81,92,95,95,59,12
29.959536,1466,1148,117,107,69,25,1627,1183,87,98,99,81,64,15
29.966187,1472,1149,117,108,66,32,1618,1184,91,90,92,82,60,19
29.972569,1479,1149,118,108,65,39,1619,1177,101,88,101,81,55,16
29.979145,1464,1147,119,109,64,25,1623,1184,92,107,89,71,65,15
29.985594,1468,1146,123,104,66,29,1628,1181,88,95,104,81,60,19
29.991695,1469,1145,124,103,67,30,1624,1167,100,97,102,89,54,15
29.998390,1470,1146,123,102,68,31,1630,1179,95,90,106,77,68,15
30.004593,1472,1148,124,99,70,31,1632,1192,85,93,89,82,74,17
30.010605,1468,1147,123,102,68,28,1623,1176,99,81,93,95,68,11
30.017015,1461,1146,123,103,68,21,1620,1180,82,99,107,86,52,14
30.023466,1468,1145,123,106,66,28,1619,1167,95,95,92,108,56,6
30.029684,1476,1144,125,105,66,36,1631,1164,93,95,128,76,54,21
30.036081,1473,1145,125,105,65,33,1624,1174,84,102,100,100,52,12
30.042450,1462,1144,124,106,63,25,1629,1180,82,93,103,100,57,14
30.049160,1461,1144,125,106,63,23,1629,1167,104,95,112,92,45,14
30.055420,1470,1145,121,110,62,32,1621,1164,121,90,105,99,37,5
30.061880,1463,1145,123,109,60,26,1624,1183,100,92,105,79,56,9
30.068266,1469,1147,122,106,62,32,1620,1188,88,93,93,97,51,10
30.074884,1465,1145,122,107,61,30,1622,1183,78,94,114,87,53,13
30.081497,1464,1145,121,108,61,29,1624,1183,88,82,111,90,57,13
30.088274,1469,1145,122,108,60,34,1618,1189,89,89,98,98,42,13
30.094847,1466,1146,120,109,60,31,1627,1177,101,84,103,102,39,21
30.101484,1466,1150,118,108,60,30,1610,1182,91,87,99,86,51,14
30.108246,1462,1150,118,108,60,26,1607,1161,91,112,105,83,43,12
30.114357,1464,1150,118,109,59,28,1603,1168,103,88,93,78,63,10
30.121332,1460,1150,118,108,60,24,1609,1173,99,88,103,83,49,14
30.128067,1467,1150,120,108,58,31,1604,1164,103,106,66,90,59,16
30.134781,1457,1149,120,109,58,21,1609,1176,102,87,84,88,52,20
30.141487,1469,1149,121,106,59,34,1609,1172,99,82,103,88,52,13
30.147839,1463,1150,123,105,58,27,1618,1178,91,91,105,91,45,17
30.154400,1456,1148,125,106,57,20,1621,1175,105,94,96,90,49,12
30.161116,1459,1148,124,105,59,23,1613,1165,110,85,118,74,52,9
30.167284,1470,1147,124,105,60,34,1621,1174,105,87,106,87,52,10
30.173494,1466,1147,126,104,59,30,1624,1163,116,79,110,93,46,17
30.179699,1472,1147,127,102,59,37,1622,1165,97,106,106,96,42,10
30.186495,1476,1148,127,99,62,40,1619,1179,109,85,95,94,47,10
30.192999,1472,1149,127,97,65,34,1631,1170,109,96,93,97,46,20
30.199282,1465,1149,127,97,65,27,1618,1175,93,88,108,86,53,15
30.205723,1469,1149,127,98,64,31,1620,1176,99,105,97,89,40,14
30.212046,1467,1151,125,98,65,28,1617,1179,91,99,102,84,51,11
30.218529,1468,1151,125,99,62,31,1622,1181,100,82,104,96,49,10
30.224842,1465,1154,120,102,61,28,1623,1186,81,89,108,93,52,14
30.231308,1467,1154,120,102,61,30,1618,1184,83,87,105,87,59,13
30.238232,1472,1157,119,100,61,35,1624,1183,104,76,104,87,61,9
30.244560,1465,1156,118,103,59,29,1620,1180,80,94,105,94,55,12
30.250782,1462,1156,121,99,60,26,1628,1171,96,101,99,85,62,14
30.257191,1464,1155,122,96,63,28,1630,1174,102,112,95,81,49,17
30.263754,1463,1156,121,98,60,28,1625,1189,85,102,94,94,41,20
30.270269,1458,1156,121,98,60,23,1638,1185,89,101,93,101,57,12
30.276695,1464,1154,120,100,63,27,1640,1185,85,102,107,94,54,13
30.282650,1478,1155,119,101,63,40,1643,1174,96,99,99,102,63,10
30.288801,1468,1155,118,102,63,30,1649,1192,93,99,104,89,57,15
30.294893,1466,1155,120,99,64,28,1637,1191,82,85,121,87,59,12
30.301340,1461,1156,118,100,64,23,1643,1185,96,87,109,101,54,11
30.307714,1462,1154,120,97,65,26,1640,1171,94,89,108,105,57,16
30.313826,1470,1155,119,98,64,34,1639,1170,103,103,92,104,54,13
30.320143,1458,1155,121,96,64,22,1639,1167,99,95,100,101,65,12
30.326511,1472,1155,122,96,65,34,1637,1167,100,94,113,98,56,9
30.332895,1473,1155,119,97,68,34,1631,1174,98,91,112,97,50,9
30.339142,1466,1155,119,98,67,27,1629,1186,97,89,111,85,52,9
30.345510,1457,1156,119,97,67,18,1644,1160,111,85,122,103,44,19
30.351236,1462,1156,120,97,66,23,1644,1168,95,94,112,90,70,15
30.357285,1463,1156,120,97,66,24,1644,1183,98,93,116,81,54,19
30.363483,1466,1156,119,99,65,27,1644,1167,100,102,95,98,64,18
30.369673,1471,1156,121,96,67,31,1651,1178,100,111,98,94,53,17
30.375769,1472,1158,120,97,67,30,1642,1178,104,102,97,98,57,6
30.382076,1477,1158,120,97,67,35,1654,1181,97,92,90,111,71,12
30.388321,1473,1158,120,97,67,31,1653,1179,126,91,119,84,40,14
30.394432,1468,1157,121,98,67,25,1650,1183,94,92,109,94,64,14
30.400480,1477,1157,122,99,65,34,1648,1194,93,103,110,99,38,11
30.407045,1472,1158,119,100,66,29,1649,1198,89,101,111,94,46,10
30.413477,1486,1158,120,98,68,42,1650,1187,104,91,106,98,49,15
30.419916,1477,1162,119,97,68,31,1638,1185,99,94,121,74,55,10
30.426147,1472,1162,120,96,69,25,1640,1180,93,104,114,92,43,14
30.432354,1471,1162,121,97,67,24,1635,1178,92,85,137,98,35,10
30.438673,1467,1164,120,96,68,19,1639,1180,97,83,108,98,62,11
30.445002,1477,1163,119,96,70,29,1642,1167,110,99,112,93,47,14
30.451118,1488,1163,119,95,71,40,1650,1184,96,97,106,98,59,10
30.457098,1486,1164,117,96,71,38,1652,1187,100,102,111,80,55,17
30.463488,1477,1161,118,96,73,29,1654,1184,96,103,111,86,51,23
30.469713,1478,1160,119,95,73,31,1649,1189,90,92,98,104,60,16
30.476139,1474,1160,120,94,72,28,1651,1172,104,108,113,87,49,18
30.482748,1474,1160,119,94,73,28,1638,1171,102,86,107,112,44,16
30.488979,1488,1161,119,98,68,42,1639,1180,95,90,102,102,51,19
30.495096,1483,1161,120,97,69,36,1644,1181,96,95,102,101,54,15
30.500946,1478,1160,123,96,68,31,1649,1180,91,105,108,93,58,14
30.507128,1479,1161,124,95,67,32,1642,1177,93,100,117,83,59,13
30.513580,1483,1161,124,95,66,37,1639,1181,95,101,101,89,60,12
30.520018,1475,1161,125,94,66,29,1643,1168,102,98,111,89,59,16
30.526423,1473,1159,127,96,65,26,1637,1180,96,101,100,107,39,14
30.532688,1478,1159,125,97,66,31,1641,1197,93,92,112,88,47,12
30.539007,1482,1159,125,97,66,35,1646,1196,93,106,101,98,39,13
30.545477,1473,1159,122,100,65,27,1649,1190,91,97,110,91,54,16
30.551693,1480,1159,122,100,64,35,1652,1199,89,96,106,98,50,14
30.557846,1467,1162,121,97,65,22,1651,1194,91,112,103,97,49,5
30.564091,1474,1163,119,99,65,28,1653,1179,88,116,90,116,43,21
30.569794,1484,1161,121,98,66,38,1656,1193,88,105,108,91,56,15
30.575836,1488,1160,125,93,68,42,1652,1194,96,104,106,96,38,18
30.581736,1483,1161,127,91,67,37,1655,1183,104,103,110,82,54,19
30.587818,1475,1160,129,89,69,28,1666,1188,102,110,106,99,42,19
30.593643,1471,1163,129,88,67,24,1674,1175,119,87,105,118,57,13
30.599920,1479,1163,129,88,66,33,1670,1187,101,101,110,106,54,11
30.606035,1468,1164,128,90,63,23,1674,1177,93,106,114,112,49,23
30.611687,1480,1162,128,88,68,34,1668,1192,99,97,117,99,56,8
30.617762,1481,1161,129,86,70,35,1664,1197,92,96,121,96,53,9
30.623936,1486,1161,129,87,70,39,1666,1182,102,106,109,93,56,18
30.630035,1480,1161,128,89,70,32,1652,1185,98,98,112,80,61,18
30.636452,1477,1160,129,90,71,27,1647,1184,110,90,114,81,55,13
30.642801,1482,1160,128,89,73,32,1656,1184,106,94,126,83,55,8
30.648666,1487,1160,129,88,73,37,1658,1186,104,83,118,101,56,10
30.654802,1483,1160,129,90,73,31,1657,1181,107,93,105,103,60,8
30.660933,1485,1159,129,90,74,33,1659,1196,88,107,117,90,46,15
30.666815,1485,1159,130,89,74,33,1654,1179,96,112,107,85,63,12
30.672953,1491,1162,127,90,75,37,1657,1199,87,103,108,89,53,18
30.678736,1489,1161,127,90,77,34,1656,1195,99,104,102,84,55,17
30.684782,1489,1162,127,90,75,35,1660,1198,104,92,101,91,63,11
30.690832,1486,1162,127,91,75,31,1660,1201,92,107,104,94,49,13
30.696905,1481,1162,125,93,75,26,1658,1183,109,97,103,93,57,16
30.703314,1479,1162,125,93,76,23,1655,1186,99,89,118,109,42,12
30.709181,1490,1164,122,95,74,35,1655,1166,110,91,117,96,64,11
30.715185,1487,1163,122,97,75,30,1663,1173,105,98,111,97,66,13
30.721121,1491,1164,124,90,79,34,1663,1182,108,95,107,106,54,11
30.727276,1480,1165,124,90,76,25,1651,1167,107,101,117,102,46,11
30.733971,1484,1164,123,92,74,31,1653,1184,104,102,105,88,57,13
30.740330,1485,1164,123,93,74,31,1652,1196,84,107,114,88,53,10
30.746649,1483,1164,124,92,73,30,1649,1192,95,96,108,96,54,8
30.753143,1476,1164,124,93,73,22,1651,1191,111,98,99,96,46,10
30.759466,1487,1163,122,96,72,34,1654,1191,103,106,106,77,55,16
30.765963,1491,1165,121,95,75,35,1656,1189,92,99,116,96,47,17
30.772127,1485,1167,116,98,74,30,1654,1180,103,104,105,101,49,12
30.778038,1488,1169,119,97,69,34,1663,1182,118,86,101,115,49,12
30.784487,1493,1168,120,98,68,39,1657,1187,108,99,112,96,44,11
30.790693,1498,1168,119,99,67,45,1652,1190,93,97,107,101,51,13
30.796888,1475,1169,118,98,68,22,1659,1188,103,101,107,90,54,16
30.803091,1481,1170,117,99,67,28,1654,1182,102,97,111,92,54,16
30.809057,1482,1170,116,102,65,29,1659,1176,104,107,113,99,45,15
30.815351,1486,1169,115,103,67,32,1643,1185,103,104,95,92,53,11
30.821390,1495,1170,113,103,68,41,1646,1194,90,99,107,86,53,17
30.827919,1478,1167,114,103,68,26,1641,1201,96,90,108,89,48,9
30.834354,1483,1166,115,102,70,30,1650,1182,112,97,101,93,50,15
30.840734,1485,1166,115,102,70,32,1644,1192,111,101,101,88,43,8
30.847227,1483,1168,114,101,71,29,1645,1179,99,101,105,96,47,18
30.853580,1485,1168,113,101,72,31,1638,1186,109,92,104,84,45,18
30.860201,1482,1168,112,104,70,28,1639,1183,105,104,113,82,41,11
30.866539,1488,1168,110,105,71,34,1640,1173,108,90,117,88,54,10
30.872694,1487,1168,112,105,69,33,1643,1189,94,86,115,100,51,8
30.879112,1482,1168,112,107,67,28,1647,1193,93,103,98,99,51,10
30.885357,1481,1167,113,106,69,26,1644,1191,94,95,97,98,63,6
30.891798,1493,1168,112,110,66,37,1647,1201,89,99,109,84,53,12
30.897940,1481,1168,112,109,66,26,1651,1183,107,80,93,102,69,17
30.904268,1488,1171,108,109,70,30,1641,1186,97,91,109,97,53,8
30.910595,1496,1173,107,107,71,38,1648,1188,98,98,92,107,50,15
30.917286,1481,1172,107,109,70,23,1635,1180,117,94,102,80,53,9
30.923742,1491,1172,107,109,72,31,1641,1193,101,91,103,83,53,17
30.930378,1479,1171,108,110,71,19,1633,1176,112,95,100,93,44,13
30.937149,1499,1172,109,108,70,40,1635,1194,95,94,104,79,57,12
30.943590,1489,1173,110,106,70,30,1642,1189,101,107,89,82,61,13
30.950039,1485,1174,109,106,69,27,1642,1188,93,96,98,96,61,10
30.956213,1499,1174,109,106,69,41,1644,1179,106,109,98,92,45,15
30.962255,1495,1173,111,103,71,37,1645,1187,111,101,109,85,43,9
30.968294,1492,1173,113,99,72,35,1645,1198,98,92,106,87,49,15
30.975061,1490,1173,112,100,72,33,1648,1181,98,100,114,98,47,10
30.980919,1493,1171,112,101,73,36,1651,1192,97,108,113,82,45,14
30.987314,1492,1170,111,103,74,34,1652,1186,91,93,120,97,55,10
30.993374,1491,1170,112,102,73,34,1653,1190,103,103,118,79,45,15
30.999535,1491,1168,113,102,75,33,1653,1187,111,96,111,90,45,13
31.006126,1488,1168,112,103,75,30,1642,1186,103,90,101,95,51,16
31.012571,1488,1168,111,103,75,31,1643,1184,102,111,97,103,36,10
31.019199,1487,1169,109,104,74,31,1650,1197,102,98,97,84,59,13
31.025576,1488,1169,110,102,75,32,1644,1189,107,103,108,82,43,12
31.032118,1500,1168,109,101,78,44,1641,1188,86,131,92,91,43,10
31.038355,1493,1168,109,102,77,37,1638,1184,106,103,110,81,47,7
31.044725,1487,1168,107,105,77,30,1640,1192,102,89,109,90,45,13
31.051497,1479,1167,107,106,77,22,1640,1185,107,97,108,85,50,8
31.058313,1486,1166,108,105,78,29,1649,1183,104,94,112,87,52,17
31.064703,1490,1166,109,106,77,32,1639,1192,98,96,100,89,52,12
31.071455,1481,1165,109,105,79,23,1645,1197,96,95,107,82,46,22
31.077652,1485,1165,110,105,76,29,1637,1184,114,88,96,93,53,9
31.083944,1490,1167,111,104,75,33,1633,1184,105,102,98,78,56,10
31.090269,1484,1167,111,104,76,26,1640,1186,91,99,108,85,59,12
31.097021,1480,1167,108,108,75,22,1637,1179,103,97,115,85,50,8
31.103527,1493,1165,112,105,76,35,1637,1181,114,89,89,95,62,7
31.110065,1487,1166,111,108,73,29,1635,1180,111,95,91,88,52,18
31.116219,1483,1165,111,110,73,24,1641,1182,95,100,109,78,58,19
31.122261,1495,1164,113,108,72,38,1638,1186,102,95,91,88,62,14
31.128778,1479,1164,114,104,75,22,1638,1190,100,84,94,106,52,12
31.134867,1489,1163,112,106,75,33,1643,1180,106,79,103,105,53,17
31.141523,1484,1164,113,103,76,28,1640,1187,90,104,103,99,49,8
31.148087,1479,1164,113,102,77,23,1638,1175,101,102,108,81,55,16
31.154520,1493,1164,113,106,74,36,1640,1181,97,110,99,77,51,25
31.160442,1491,1163,114,109,71,34,1643,1178,110,103,90,88,52,22
31.166317,1484,1163,111,111,72,27,1644,1162,103,96,111,107,51,14
31.172186,1488,1162,112,109,74,31,1642,1169,106,93,94,110,58,12
31.178345,1497,1162,114,106,75,40,1647,1182,96,105,87,109,54,14
31.184622,1488,1161,117,107,72,31,1642,1186,92,94,116,91,51,12
31.190632,1479,1160,118,107,72,22,1638,1197,89,94,122,90,35,11
31.196627,1489,1160,117,109,72,31,1636,1191,94,87,96,96,61,11
31.203012,1487,1161,117,110,71,28,1638,1195,82,103,98,88,55,17
31.209326,1495,1159,117,110,74,35,1635,1184,92,97,102,101,47,12
31.215519,1488,1159,117,109,74,29,1629,1172,93,91,110,87,66,10
31.222197,1497,1159,117,108,75,38,1628,1192,105,97,92,84,49,9
31.228834,1496,1160,116,109,75,36,1633,1185,110,91,93,100,44,10
31.235355,1483,1159,116,109,77,22,1637,1174,108,98,88,89,64,16
31.241577,1497,1158,118,106,78,37,1644,1186,93,99,106,97,44,19
31.247915,1494,1158,119,105,78,34,1648,1191,104,99,97,94,51,12
31.254217,1478,1158,120,104,78,18,1644,1183,102,106,89,96,53,15
31.260113,1497,1160,117,107,79,34,1645,1187,101,104,105,87,47,14
31.266548,1496,1159,118,107,79,33,1645,1181,111,109,98,84,48,14
31.272947,1492,1161,117,107,78,29,1644,1193,110,87,118,90,36,10
31.279358,1493,1160,115,109,82,27,1654,1190,100,86,100,106,52,20
31.285826,1491,1160,117,108,81,25,1656,1179,106,91,117,87,56,20
31.292126,1497,1161,116,109,81,30,1665,1176,108,94,118,88,66,15
31.298058,1502,1161,117,109,81,34,1664,1178,99,90,121,99,63,14
31.303980,1507,1161,115,109,84,38,1665,1188,107,88,123,94,50,15
31.310289,1511,1162,114,109,85,41,1678,1194,96,109,117,94,53,15
31.316023,1510,1162,114,110,85,39,1676,1193,108,100,100,109,54,12
31.321903,1502,1161,113,110,87,31,1681,1196,98,106,102,110,55,14
31.328178,1494,1161,113,110,87,23,1681,1198,102,107,93,104,63,14
31.334366,1494,1161,112,111,85,25,1679,1199,96,107,109,98,54,16
31.340267,1496,1161,114,109,84,28,1678,1191,107,105,112,101,51,11
31.346189,1496,1161,115,110,81,29,1677,1188,106,100,114,105,53,11
31.352352,1499,1160,116,111,79,33,1688,1198,100,111,112,94,45,28
31.358236,1489,1160,116,110,78,25,1683,1191,107,99,117,102,54,13
31.364344,1492,1160,116,111,77,28,1681,1190,109,104,115,99,55,9
31.370171,1500,1159,117,115,73,36,1687,1192,106,109,101,112,53,14
31.375546,1501,1159,116,115,75,36,1687,1178,112,117,114,93,54,19
31.381601,1507,1159,116,113,77,42,1679,1189,109,95,119,102,51,14
31.387438,1492,1159,117,111,78,27,1681,1200,102,100,121,98,43,17
31.393150,1496,1160,116,112,77,31,1668,1182,107,86,120,104,57,12
31.399319,1501,1160,115,112,78,36,1669,1198,113,87,113,92,51,15
31.405708,1493,1157,117,110,81,28,1677,1205,97,103,104,87,54,27
31.411488,1497,1158,117,111,76,35,1662,1201,104,89,123,84,54,7
31.417603,1503,1156,120,110,77,40,1661,1182,117,89,108,101,52,12
31.423508,1488,1155,121,109,77,26,1656,1177,110,111,110,89,49,10
31.429707,1490,1157,119,111,76,27,1656,1192,91,109,114,91,52,7
31.436012,1487,1154,119,114,76,24,1657,1191,97,104,104,91,56,14
31.442141,1490,1154,118,116,73,29,1654,1188,100,94,99,92,67,14
31.448568,1491,1155,118,113,75,30,1649,1199,81,107,111,93,45,13
31.454945,1485,1155,118,113,75,24,1643,1185,98,107,106,92,46,9
31.461454,1502,1156,118,113,74,41,1650,1188,96,93,108,92,55,18
31.467751,1489,1156,118,114,73,28,1649,1176,95,103,90,110,54,21
31.474091,1488,1159,115,114,74,26,1647,1170,100,91,113,104,61,8
31.480490,1486,1158,116,115,73,24,1656,1175,80,105,120,109,51,16
31.486328,1488,1158,119,112,75,24,1669,1176,101,95,129,92,65,11
31.492191,1500,1159,119,111,75,36,1660,1181,107,112,103,90,49,18
31.498341,1490,1160,121,109,74,26,1653,1179,109,102,108,95,51,9
31.504456,1491,1159,122,107,75,28,1656,1191,102,91,96,100,58,18
31.510553,1502,1158,124,103,78,39,1655,1194,98,109,96,93,52,13
31.517128,1499,1159,124,102,78,36,1662,1197,82,96,101,100,62,24
31.523058,1501,1159,123,103,80,36,1665,1206,82,87,98,109,69,14
31.529259,1495,1158,124,102,81,30,1666,1186,107,101,121,87,47,17
31.535606,1514,1158,123,102,84,47,1662,1201,98,93,119,97,40,14
31.541573,1501,1159,122,103,83,34,1665,1199,107,92,113,87,51,16
31.547783,1496,1158,119,107,82,30,1672,1192,104,95,111,100,55,15
31.553835,1499,1157,118,109,83,32,1665,1196,94,110,104,105,47,9
31.560211,1506,1157,118,108,83,40,1665,1194,87,101,120,84,65,14
31.566446,1504,1158,118,108,83,37,1654,1205,95,102,105,98,42,7
31.572594,1500,1158,117,111,82,32,1657,1190,106,112,104,83,52,10
31.578724,1500,1158,117,113,81,31,1667,1182,112,114,98,89,55,17
31.584913,1500,1158,118,114,79,31,1656,1201,103,99,90,95,56,12
31.591370,1495,1158,119,111,82,25,1665,1191,108,98,109,99,48,12
31.597649,1506,1160,119,110,82,35,1663,1189,107,93,104,99,58,13
31.603651,1512,1160,119,110,81,42,1660,1191,102,106,92,95,61,13
31.609743,1501,1161,118,109,82,31,1657,1201,101,113,105,90,40,7
31.615747,1503,1162,117,110,81,33,1669,1210,90,100,104,105,48,12
31.621565,1498,1161,117,111,81,28,1666,1196,96,118,107,96,48,5
31.627907,1498,1160,118,111,81,28,1668,1200,99,96,109,102,55,7
31.633827,1511,1160,119,111,81,40,1667,1185,106,102,110,106,51,7
31.640116,1502,1160,119,111,81,31,1675,1192,109,106,111,86,57,14
31.646267,1497,1160,121,111,78,27,1679,1188,113,108,109,90,53,18
31.652143,1500,1160,119,112,79,30,1681,1191,106,99,117,96,56,16
31.657948,1502,1163,117,110,79,33,1690,1204,102,103,124,90,52,15
31.663767,1511,1164,117,109,79,42,1691,1194,110,112,103,107,54,11
31.669668,1509,1164,116,109,80,40,1682,1204,104,104,96,106,53,15
31.675518,1505,1163,115,111,80,36,1684,1201,97,127,106,89,52,12
31.681410,1518,1162,116,112,77,51,1690,1207,93,108,104,98,59,21
31.687014,1496,1162,116,110,79,29,1681,1179,114,115,96,105,54,18
31.692778,1499,1162,114,111,79,33,1673,1204,86,93,121,103,52,14
31.698496,1509,1163,113,110,80,43,1671,1201,89,97,118,90,57,19
31.704708,1498,1162,115,109,80,32,1664,1189,122,92,103,99,50,9
31.710964,1502,1160,113,112,82,35,1677,1196,109,99,100,102,55,16
31.716700,1501,1159,116,109,82,35,1682,1194,115,92,116,89,62,14
31.722630,1503,1159,116,109,82,37,1685,1196,129,95,91,112,52,10
31.728886,1509,1160,115,111,81,42,1692,1184,124,110,102,95,56,21
31.734976,1499,1159,117,108,83,32,1704,1181,121,103,112,120,54,13
31.740513,1505,1159,117,109,82,38,1703,1200,112,100,117,102,58,14
31.746294,1494,1161,116,110,80,27,1707,1193,106,109,127,105,57,10
31.752062,1506,1161,118,108,78,41,1703,1197,101,116,97,109,63,20
31.757421,1504,1162,117,108,79,38,1703,1194,107,119,107,107,58,11
31.762861,1500,1161,116,110,77,36,1707,1199,108,114,98,101,67,20
31.768162,1507,1160,116,111,77,43,1705,1201,112,99,120,98,62,13
31.773687,1499,1160,116,112,75,36,1696,1198,110,105,104,114,47,18
31.779137,1489,1160,115,115,72,27,1696,1191,112,93,117,103,60,20
31.784927,1486,1161,115,113,73,24,1694,1199,101,99,124,100,51,20
31.790810,1502,1160,115,112,75,40,1678,1179,109,94,115,119,51,11
31.796762,1493,1160,115,112,75,31,1680,1187,113,122,82,113,53,10
31.802713,1502,1160,114,112,75,41,1684,1197,92,113,118,95,50,19
31.807926,1491,1161,114,112,73,31,1686,1199,108,108,106,88,61,16
31.813643,1494,1161,116,109,75,33,1677,1194,108,103,122,81,53,16
31.819677,1486,1161,117,106,77,25,1668,1189,91,106,97,115,51,19
31.825911,1499,1160,120,103,80,36,1659,1199,99,106,120,79,45,11
31.831823,1490,1158,121,106,78,27,1669,1199,101,92,112,101,50,14
31.838108,1496,1155,122,108,79,32,1670,1199,100,98,116,101,48,8
31.844196,1493,1154,123,109,78,29,1669,1205,85,103,116,101,46,13
31.850363,1496,1154,124,109,77,32,1666,1189,116,88,122,88,53,10
31.856802,1496,1155,122,108,81,30,1661,1199,102,98,128,82,47,5
31.862854,1500,1154,121,109,83,33,1670,1198,105,95,115,86,61,10
31.869097,1504,1155,121,109,82,37,1669,1183,109,101,111,90,59,16
31.875221,1495,1155,121,109,82,28,1667,1200,99,105,119,86,48,10
31.881384,1494,1154,122,109,81,28,1669,1203,96,98,108,104,52,8
31.887403,1496,1154,120,111,81,30,1667,1196,103,98,103,108,49,10
31.893463,1499,1154,118,114,78,35,1667,1195,87,128,99,92,53,13
31.899637,1495,1153,118,115,79,30,1670,1196,113,102,115,89,44,11
31.905851,1500,1153,117,115,81,34,1669,1178,119,101,106,107,47,11
31.911627,1494,1152,116,115,83,28,1669,1195,104,109,91,96,58,16
31.917400,1510,1151,115,119,84,41,1671,1194,111,102,111,84,53,16
31.923491,1505,1151,118,116,86,34,1667,1186,108,100,109,101,52,11
31.929586,1510,1151,117,118,85,39,1670,1203,89,118,116,93,41,10
31.935577,1503,1150,118,119,84,32,1670,1200,106,97,117,100,45,5
31.941820,1493,1150,119,121,81,22,1673,1204,106,91,117,99,44,12
31.948257,1489,1150,120,119,80,20,1676,1189,110,115,106,97,46,13
31.954346,1494,1151,120,120,78,25,1675,1178,118,110,103,99,55,12
31.960440,1495,1151,119,118,80,27,1670,1191,116,90,110,106,43,14
31.966337,1492,1151,117,120,80,24,1667,1187,107,98,122,93,51,9
31.972303,1501,1152,116,119,80,34,1675,1200,96,94,134,90,46,15
31.978352,1485,1150,117,119,81,18,1667,1182,107,104,130,90,43,11
31.984272,1486,1149,115,121,79,22,1661,1193,91,111,113,92,46,15
31.990009,1502,1150,117,119,79,37,1661,1175,108,107,120,89,54,8
31.996185,1501,1150,116,121,78,36,1668,1183,110,100,113,85,59,18
32.001858,1515,1149,117,123,76,50,1671,1196,109,117,111,90,44,4
32.007885,1500,1149,119,120,77,35,1674,1190,108,107,125,95,41,8
32.013966,1496,1150,118,121,77,30,1675,1196,107,96,119,87,57,13
32.019917,1504,1149,118,122,80,35,1674,1191,99,95,121,106,49,13
32.026047,1505,1151,118,124,77,35,1669,1196,99,100,111,98,53,12
32.031754,1502,1151,118,126,74,33,1671,1197,104,106,112,92,44,16
32.037251,1508,1149,119,127,71,42,1671,1184,109,106,107,100,52,13
32.043064,1504,1150,122,125,71,36,1668,1192,113,105,110,97,43,8
32.048855,1502,1150,123,124,72,33,1680,1197,106,104,114,96,51,12
32.054733,1511,1150,122,123,73,43,1679,1190,109,108,111,96,50,15
32.060654,1502,1150,122,123,73,34,1669,1188,113,99,103,95,60,11
32.066353,1498,1149,124,120,75,30,1673,1192,90,100,99,120,58,14
32.072067,1498,1148,123,122,75,30,1670,1182,96,97,134,99,52,10
32.077946,1493,1148,123,122,75,25,1671,1189,101,98,116,95,53,19
32.083790,1501,1148,123,122,75,33,1671,1176,122,91,126,98,52,6
32.089890,1496,1148,125,120,75,28,1663,1185,93,108,114,100,54,9
32.096245,1499,1149,125,119,77,29,1670,1186,105,103,123,94,45,14
32.102165,1503,1149,125,120,76,33,1669,1202,100,109,109,88,49,12
32.108276,1517,1149,127,117,78,46,1669,1189,97,106,119,96,47,15
32.114182,1498,1149,127,115,80,27,1671,1198,112,85,117,79,66,14
32.120045,1498,1150,125,119,77,27,1672,1194,107,92,114,104,50,11
32.126251,1498,1151,124,119,77,27,1668,1191,114,118,102,82,47,14
32.132278,1501,1151,121,123,77,29,1670,1191,110,108,99,101,52,9
32.138268,1502,1150,122,127,75,28,1674,1192,105,84,124,95,57,17
32.144039,1509,1151,120,127,77,34,1676,1190,105,98,121,90,63,9
32.150066,1510,1152,121,127,75,35,1688,1199,94,100,129,87,64,15
32.156193,1505,1153,121,125,76,30,1679,1200,101,110,110,104,39,15
32.162472,1509,1154,121,124,75,35,1670,1200,86,107,100,96,69,12
32.168564,1505,1154,121,126,74,30,1670,1203,114,91,98,101,54,9
32.174515,1504,1153,120,126,76,29,1658,1198,105,119,90,92,44,10
32.180779,1505,1155,119,125,77,29,1659,1194,110,96,101,89,62,7
32.186867,1507,1154,124,119,80,30,1662,1192,98,109,109,92,52,10
32.192780,1518,1155,126,116,79,42,1662,1206,107,84,110,93,51,11
32.199165,1507,1155,126,116,79,31,1668,1214,96,99,102,92,49,16
32.205219,1510,1157,124,117,75,37,1655,1202,105,103,113,81,41,10
32.211418,1511,1157,127,113,77,37,1654,1192,106,107,100,98,41,10
32.217667,1499,1155,128,114,78,24,1657,1195,117,86,112,83,51,13
32.223961,1509,1154,129,116,76,34,1657,1205,112,83,96,92,58,11
32.230442,1498,1152,131,115,74,26,1651,1209,102,94,102,90,41,13
32.236694,1492,1152,129,116,76,19,1647,1202,108,108,98,77,45,9
32.242970,1517,1152,130,116,75,44,1651,1205,110,100,100,81,42,13
32.249168,1507,1149,132,114,78,34,1656,1204,90,113,110,75,53,11
32.255573,1511,1149,131,110,80,41,1652,1197,104,96,115,94,37,9
32.261913,1493,1149,130,111,77,26,1658,1195,96,107,108,81,59,12
32.268250,1494,1149,128,115,75,27,1653,1193,105,113,107,76,50,9
32.274399,1498,1149,128,117,73,31,1662,1194,103,96,117,76,60,16
32.280399,1492,1147,129,115,76,25,1658,1201,108,90,102,86,53,18
32.286453,1492,1149,126,115,76,26,1654,1199,103,103,113,86,43,7
32.292946,1494,1147,126,119,74,28,1656,1212,112,84,106,75,58,9
32.299011,1497,1150,123,118,75,31,1662,1201,103,97,111,82,52,16
32.304947,1498,1149,124,117,77,31,1662,1205,93,100,106,97,46,15
32.311008,1500,1149,125,115,77,34,1667,1188,110,109,120,84,48,8
32.317116,1495,1149,126,116,74,30,1667,1190,123,96,101,87,61,9
32.323017,1497,1149,126,117,73,32,1674,1192,121,94,89,109,55,14
32.328876,1497,1152,124,120,71,30,1679,1198,109,91,89,112,53,27
32.334553,1499,1152,126,117,72,32,1674,1190,117,92,114,100,49,12
32.340492,1496,1151,126,117,73,29,1677,1203,115,91,105,94,58,11
32.346329,1500,1152,127,117,71,33,1680,1213,100,111,105,85,57,9
32.352146,1498,1153,127,118,68,32,1685,1205,110,105,107,100,42,16
32.357903,1504,1153,128,117,67,39,1685,1204,109,98,102,106,55,11
32.363560,1499,1153,128,117,67,34,1687,1193,114,98,111,104,57,10
32.369347,1491,1154,127,118,66,26,1691,1187,112,94,128,101,54,15
32.375286,1494,1153,127,118,66,30,1691,1209,106,104,114,87,57,14
32.380779,1500,1153,127,119,66,35,1684,1197,108,95,116,86,63,19
32.386406,1492,1153,127,117,69,26,1680,1192,120,88,108,106,53,13
32.392159,1502,1154,125,119,68,36,1679,1184,114,97,108,113,56,7
32.398121,1501,1154,126,118,69,34,1680,1211,100,101,113,92,54,9
32.404243,1496,1155,126,114,72,29,1683,1204,90,102,121,95,59,12
32.410191,1492,1154,127,113,73,25,1684,1198,116,96,119,85,64,6
32.415829,1487,1152,128,113,74,20,1681,1188,103,98,109,109,58,16
32.421661,1492,1152,127,114,73,26,1677,1190,113,98,102,104,55,15
32.427898,1503,1152,127,114,73,37,1671,1195,110,94,104,97,56,15
32.434193,1508,1152,127,116,72,41,1665,1198,114,95,96,90,58,14
32.440395,1504,1155,125,117,72,35,1662,1212,95,104,96,83,63,9
32.446606,1499,1155,125,118,70,31,1667,1199,92,110,104,96,50,16
32.452713,1503,1153,128,115,72,35,1670,1211,97,107,102,90,49,14
32.459290,1512,1154,126,114,74,44,1672,1203,104,98,109,81,62,15
32.465458,1496,1152,129,113,74,28,1671,1196,104,99,97,101,59,15
32.471470,1498,1152,129,112,75,30,1674,1204,95,100,109,93,49,24
32.477776,1501,1152,129,113,75,32,1674,1201,104,85,91,116,60,17
32.484043,1493,1153,127,113,77,23,1665,1200,105,85,106,95,58,16
32.490215,1503,1153,129,109,79,33,1662,1207,94,102,115,79,54,11
32.496399,1497,1153,129,108,80,27,1666,1207,94,104,103,98,46,14
32.502647,1508,1152,132,106,80,38,1661,1208,94,107,105,92,43,12
32.508640,1502,1152,130,108,79,33,1651,1211,100,89,106,80,54,11
32.515167,1496,1154,129,110,77,26,1653,1208,104,103,110,68,48,12
32.521656,1509,1154,131,109,76,39,1657,1217,98,93,103,90,41,15
32.527802,1503,1155,131,106,80,31,1649,1197,116,96,116,78,39,7
32.534237,1511,1156,130,106,81,38,1655,1201,108,100,120,70,46,10
32.540081,1505,1156,132,103,82,32,1661,1210,107,103,105,88,39,9
32.546040,1507,1156,132,104,82,33,1657,1194,103,91,113,90,47,19
32.552315,1498,1156,131,104,83,24,1652,1204,104,104,102,84,44,10
32.559078,1499,1156,131,104,83,25,1646,1205,102,107,83,91,50,8
32.565304,1505,1156,130,105,82,32,1645,1211,105,91,89,92,43,14
32.571434,1497,1156,128,103,83,27,1646,1207,98,89,103,90,47,12
32.578056,1499,1155,128,105,80,31,1645,1206,96,98,88,98,48,11
32.584538,1502,1155,127,105,80,35,1645,1191,106,98,120,79,37,14
32.591110,1497,1158,126,104,78,31,1642,1209,90,93,117,80,43,10
32.597569,1491,1160,125,104,77,25,1648,1203,82,104,108,89,49,13
32.604134,1499,1160,124,106,78,31,1647,1203,98,88,112,89,43,14
32.610638,1500,1159,124,104,81,32,1644,1195,103,101,107,84,41,13
32.616802,1506,1162,125,106,75,38,1641,1192,99,95,110,79,57,9
32.623802,1494,1162,125,107,74,26,1640,1179,115,92,110,97,42,5
32.630585,1494,1160,127,109,72,26,1636,1189,108,101,91,94,39,14
32.637218,1493,1160,127,110,72,24,1640,1187,108,97,101,82,51,14
32.643555,1503,1163,128,108,70,34,1643,1200,115,90,90,78,47,23
32.650135,1500,1162,131,106,72,29,1644,1193,108,84,108,91,49,11
32.656281,1500,1162,131,107,72,28,1658,1190,92,108,104,98,52,14
32.662491,1498,1162,132,106,71,27,1657,1195,109,101,96,78,65,13
32.668755,1501,1160,134,107,69,31,1659,1198,102,85,121,85,56,12
32.675358,1496,1160,134,106,69,27,1648,1200,112,85,112,86,47,6
32.681789,1494,1160,134,107,69,24,1650,1194,104,108,109,71,53,11
32.688274,1504,1160,135,108,68,33,1656,1194,99,108,94,92,55,14
32.694660,1510,1160,137,106,68,39,1651,1194,96,107,119,82,45,8
32.700573,1496,1160,138,104,70,24,1652,1197,99,102,100,92,49,13
32.707081,1497,1158,138,105,72,24,1658,1194,103,101,104,96,50,10
32.713078,1499,1159,137,105,74,24,1653,1215,95,92,89,97,47,18
32.719608,1507,1159,135,108,72,33,1654,1204,102,94,100,91,53,10
32.725975,1507,1159,132,109,74,33,1651,1205,101,101,86,101,43,14
32.732006,1514,1159,131,109,76,39,1649,1205,101,111,91,86,45,10
32.738205,1506,1159,130,109,77,31,1652,1210,102,99,101,84,47,9
32.744469,1498,1159,130,108,78,23,1655,1195,102,103,115,84,41,15
32.751015,1499,1160,130,107,78,24,1652,1195,117,93,106,90,40,11
32.757591,1498,1160,129,109,76,24,1653,1194,100,100,113,93,46,7
32.764347,1507,1162,129,108,76,32,1658,1201,112,85,102,98,44,16
32.770512,1516,1162,129,106,77,42,1665,1209,104,93,102,101,40,16
32.776901,1517,1161,128,108,76,44,1661,1219,95,96,105,84,46,16
32.783302,1501,1159,131,107,76,28,1657,1210,103,90,113,88,47,6
32.789440,1506,1158,132,106,76,34,1647,1200,101,106,107,88,38,7
32.795826,1509,1155,133,110,73,38,1650,1212,87,108,90,90,50,13
32.802052,1510,1154,133,112,71,40,1650,1207,97,95,98,91,48,14
32.808632,1502,1157,128,116,68,33,1639,1204,90,99,101,92,43,10
32.815430,1511,1156,129,115,67,44,1642,1204,97,89,108,89,45,10
32.821838,1490,1154,132,114,69,21,1644,1205,92,98,105,96,33,15
32.828644,1497,1154,132,113,71,27,1646,1206,94,93,99,94,51,9
32.834820,1504,1154,132,113,72,33,1659,1212,84,100,107,89,51,16
32.841068,1498,1153,133,113,71,28,1652,1206,92,95,97,90,58,14
32.847336,1507,1155,132,113,71,36,1648,1202,88,110,97,92,51,8
32.853798,1495,1154,134,112,70,25,1652,1211,90,106,95,73,60,17
32.859535,1500,1153,135,111,70,31,1662,1198,102,106,102,88,50,16
32.866611,1504,1153,136,110,71,34,1658,1188,107,95,113,91,53,11
32.873211,1499,1153,136,109,72,29,1654,1185,92,106,106,107,47,11
32.879501,1500,1153,135,112,70,30,1656,1195,95,98,120,81,54,13
32.886066,1497,1151,136,113,69,28,1660,1195,101,90,108,99,57,10
32.892204,1497,1154,136,110,69,28,1668,1190,110,81,105,96,61,25
32.897972,1516,1154,133,112,70,47,1671,1202,102,93,99,96,65,14
32.903538,1498,1156,133,109,71,29,1671,1201,101,98,122,88,40,21
32.909492,1501,1156,134,105,74,32,1674,1196,115,102,99,93,51,18
32.915440,1507,1154,134,108,71,40,1671,1200,108,91,93,118,51,10
32.921112,1505,1154,135,107,71,38,1678,1202,87,106,117,95,58,13
32.926853,1491,1155,136,104,73,23,1673,1206,106,95,115,89,52,10
32.932697,1506,1156,134,106,71,39,1673,1205,93,107,100,101,54,13
32.938461,1496,1156,134,105,72,29,1680,1205,98,105,114,97,48,13
32.944233,1508,1158,132,106,72,40,1679,1199,109,90,121,101,45,14
32.949944,1510,1157,134,103,74,42,1677,1200,100,92,121,83,66,15
32.955669,1504,1157,136,100,76,35,1681,1200,89,104,94,109,67,18
32.961945,1491,1156,134,99,80,22,1661,1194,105,94,111,89,52,16
32.967773,1500,1154,135,98,83,30,1657,1196,106,89,92,99,61,14
32.973770,1490,1156,135,97,80,22,1657,1191,98,98,102,93,61,14
32.979904,1500,1156,135,97,79,33,1660,1180,107,97,121,85,56,14
32.986000,1492,1160,132,97,78,25,1659,1184,99,109,108,85,60,14
32.992020,1496,1159,132,99,75,31,1655,1199,103,104,104,91,44,10
32.998089,1496,1160,131,101,73,31,1662,1205,89,96,116,92,45,19
33.004116,1502,1160,132,97,75,38,1659,1189,97,91,106,106,59,11
33.010246,1495,1161,131,99,72,32,1665,1199,94,100,114,83,59,16
33.016224,1501,1163,130,98,74,36,1669,1201,94,101,106,93,60,14
33.022141,1494,1163,130,96,76,29,1664,1208,86,106,103,101,48,12
33.028355,1493,1163,130,96,76,28,1673,1202,92,107,113,96,51,12
33.033924,1497,1163,130,96,76,32,1674,1186,117,81,127,93,55,15
33.040401,1491,1162,133,92,78,26,1668,1194,95,91,117,91,64,16
33.046509,1503,1161,134,91,79,38,1661,1187,104,105,113,99,39,14
33.052631,1494,1161,132,95,76,30,1663,1211,92,93,102,93,53,19
33.058704,1502,1161,130,96,77,38,1665,1208,94,86,112,95,55,15
33.064972,1498,1161,130,95,78,34,1668,1204,95,100,95,104,50,20
33.070404,1499,1161,129,96,78,35,1667,1199,93,104,102,91,65,13
33.076023,1493,1160,130,95,79,29,1657,1193,93,115,102,97,44,13
33.082115,1496,1158,132,94,79,33,1660,1181,93,107,125,92,53,9
33.087978,1499,1158,132,96,79,34,1672,1192,98,100,102,99,66,15
33.094250,1496,1158,132,95,81,30,1678,1201,94,96,114,103,55,15
33.100124,1496,1159,130,98,80,29,1683,1190,104,88,112,108,59,22
33.105515,1495,1159,130,101,76,29,1679,1183,97,107,114,102,56,20
33.111290,1495,1160,128,101,76,30,1676,1195,100,93,133,93,49,13
33.117298,1493,1160,128,101,77,27,1675,1198,89,114,102,101,52,19
33.122856,1493,1159,129,101,77,27,1665,1192,96,109,101,91,60,16
33.128483,1505,1158,128,99,81,39,1666,1190,97,92,112,108,52,15
33.134590,1492,1159,127,97,81,28,1663,1197,99,99,110,92,49,17
33.140491,1491,1160,126,98,79,28,1657,1203,112,94,94,84,54,16
33.146774,1495,1160,126,98,79,32,1649,1202,113,89,108,74,56,7
33.152763,1498,1158,126,96,84,34,1654,1195,98,107,110,80,46,18
33.159126,1491,1159,125,99,80,28,1654,1197,110,88,111,95,39,14
33.165607,1487,1160,124,97,81,25,1654,1198,94,104,119,79,50,10
33.171432,1500,1160,124,97,82,37,1647,1189,107,93,116,94,37,11
33.177704,1499,1161,125,95,83,35,1644,1201,99,90,117,76,50,11
33.183830,1490,1162,125,95,82,26,1646,1198,117,105,98,71,48,9
33.190292,1497,1162,124,95,83,33,1637,1196,108,95,89,91,45,13
33.196995,1494,1162,124,94,84,30,1639,1195,102,102,111,78,43,8
33.203575,1499,1161,123,96,85,34,1637,1193,113,107,104,65,47,8
33.210007,1496,1161,123,97,85,30,1629,1208,98,97,97,83,35,11
33.216324,1492,1160,120,97,90,25,1631,1194,104,97,96,85,42,13
33.222919,1494,1160,120,98,88,28,1628,1196,101,78,104,82,46,21
33.229576,1492,1160,121,96,88,27,1630,1198,98,92,101,77,51,13
33.235691,1499,1161,120,97,88,33,1626,1198,104,78,96,82,58,10
33.242443,1500,1162,118,96,90,34,1622,1189,117,86,92,84,44,10
33.249599,1494,1159,119,101,87,28,1620,1192,108,92,86,88,41,13
33.256893,1497,1161,116,103,86,31,1624,1197,104,81,104,84,42,12
33.263542,1501,1164,112,105,85,35,1623,1201,97,100,87,87,41,10
33.270000,1497,1164,115,101,87,30,1621,1197,96,96,90,82,47,13
33.276623,1490,1166,112,101,87,24,1621,1204,82,92,110,77,49,7
33.283833,1490,1166,111,102,86,25,1626,1203,90,96,80,94,49,14
33.290897,1497,1166,111,102,87,31,1629,1195,100,111,90,76,51,6
33.297825,1485,1166,112,99,89,19,1622,1197,104,97,86,78,45,15
33.304642,1499,1164,114,100,88,33,1621,1201,105,88,87,78,43,19
33.311653,1495,1163,115,101,88,28,1616,1204,95,102,83,80,42,10
33.318619,1488,1163,115,98,93,19,1615,1202,85,88,117,77,38,8
33.325451,1496,1162,116,96,95,27,1629,1194,101,88,101,83,48,14
33.332561,1488,1166,114,96,94,18,1624,1183,103,93,96,98,41,10
33.339409,1492,1169,109,100,94,20,1621,1192,101,85,80,95,54,14
33.346249,1496,1169,108,102,92,25,1619,1202,95,88,99,85,41,9
33.353447,1496,1169,109,101,90,27,1618,1203,89,96,106,74,43,7
33.360893,1495,1168,109,106,87,25,1617,1202,94,97,94,82,41,7
33.367657,1501,1168,111,104,87,31,1611,1199,97,96,94,78,39,8
33.374416,1500,1168,110,106,87,29,1615,1208,98,81,97,76,41,14
33.381557,1496,1168,110,107,85,26,1617,1206,94,78,105,78,44,12
33.388481,1501,1167,112,106,85,31,1614,1203,99,100,83,71,46,12
33.395443,1499,1167,113,106,85,28,1620,1199,105,96,91,69,47,13
33.402416,1496,1166,117,100,91,22,1619,1214,102,98,87,64,42,12
33.409420,1498,1168,116,101,89,24,1613,1200,92,86,99,81,50,5
33.416035,1500,1167,116,103,89,25,1615,1211,85,103,99,68,40,9
33.423111,1504,1169,114,104,87,30,1617,1207,93,97,78,79,53,10
33.430374,1499,1171,113,102,86,27,1615,1199,92,110,68,84,51,11
33.437519,1502,1171,116,100,85,30,1612,1205,81,102,76,88,51,9
33.444401,1502,1173,116,98,84,31,1615,1189,100,85,108,85,35,13
33.451279,1506,1172,116,97,86,35,1621,1198,95,105,90,81,40,12
33.457989,1497,1174,114,100,83,26,1620,1201,102,77,106,83,37,14
33.464878,1498,1175,117,96,81,29,1614,1212,86,93,90,76,44,13
33.471832,1491,1175,117,97,79,23,1617,1199,101,87,84,81,52,13
33.478851,1505,1173,118,97,80,37,1607,1212,85,88,96,74,39,13
33.485611,1499,1172,119,96,82,30,1608,1205,96,91,91,65,50,10
33.492840,1497,1173,121,97,80,26,1614,1211,94,90,93,73,41,12
33.499863,1494,1173,122,95,80,24,1621,1194,92,108,80,82,51,14
33.506413,1500,1173,121,98,77,31,1614,1208,90,86,92,80,42,16
33.513302,1495,1173,121,101,76,24,1604,1204,98,94,85,76,38,9
33.520336,1508,1173,122,100,77,36,1606,1214,80,89,91,66,53,13
33.527145,1499,1174,117,105,77,26,1606,1191,98,92,83,85,46,11
33.534206,1506,1174,117,106,77,32,1608,1192,97,105,89,72,39,14
33.540855,1496,1174,116,108,76,22,1608,1206,87,94,97,75,39,10
33.548115,1506,1173,114,112,75,32,1608,1200,87,96,97,75,45,8
33.555519,1504,1171,117,109,78,29,1610,1198,92,78,109,71,48,14
33.562588,1499,1169,116,112,78,24,1610,1215,86,93,106,70,34,6
33.569275,1509,1169,118,108,80,34,1618,1217,88,91,85,84,37,16
33.576012,1504,1169,119,109,79,28,1621,1210,83,93,100,88,36,11
33.583111,1506,1169,120,106,82,29,1636,1202,93,93,93,89,50,16
33.589573,1510,1168,120,109,79,34,1637,1204,97,87,94,94,51,10
33.596279,1508,1170,116,116,75,31,1627,1213,96,84,107,85,38,4
33.603271,1508,1170,119,117,72,30,1628,1196,96,85,91,88,59,13
33.610188,1510,1170,117,119,74,30,1636,1205,96,85,95,93,48,14
33.617203,1511,1171,117,121,71,31,1630,1208,93,97,111,76,42,3
33.623947,1513,1171,118,122,69,33,1635,1231,84,69,114,78,52,7
33.630219,1512,1170,118,123,69,32,1644,1212,101,81,94,81,55,20
33.636894,1506,1170,118,125,67,26,1644,1228,97,100,74,84,47,14
33.643944,1514,1170,118,125,66,35,1638,1214,93,88,106,88,40,9
33.650433,1506,1170,116,127,66,27,1644,1206,105,95,100,72,51,15
33.656982,1510,1169,118,123,72,28,1644,1203,101,97,103,80,51,9
33.663666,1506,1170,117,124,71,24,1648,1207,100,93,86,84,70,8
33.670483,1506,1170,119,122,72,23,1649,1209,97,88,94,97,53,11
33.677364,1508,1171,118,123,71,25,1651,1212,87,107,94,84,54,13
33.683674,1519,1171,115,125,72,36,1658,1208,115,97,87,83,54,14
33.689911,1510,1169,121,120,73,27,1660,1228,94,100,88,80,56,14
33.696423,1508,1169,124,116,75,24,1657,1201,101,92,117,92,44,10
33.702728,1512,1169,127,117,72,27,1662,1214,98,99,105,84,42,20
33.709568,1510,1170,128,117,70,25,1653,1221,95,83,102,98,42,12
33.715775,1509,1169,129,116,71,24,1644,1211,102,113,100,74,39,5
33.722702,1510,1169,126,117,72,26,1648,1223,96,104,91,78,47,9
33.729797,1503,1170,124,115,74,20,1656,1222,90,86,99,83,64,12
33.736034,1498,1169,125,111,77,16,1643,1203,101,87,109,91,43,9
33.742336,1508,1171,124,109,78,26,1654,1206,95,93,90,94,58,18
33.748562,1516,1172,123,106,81,34,1662,1199,104,104,99,95,44,17
33.755196,1516,1173,123,107,79,34,1656,1203,103,86,88,114,50,12
33.761787,1513,1174,122,107,79,31,1659,1223,98,87,86,92,63,10
33.768028,1514,1175,121,107,79,32,1660,1216,89,108,97,76,67,7
33.774460,1509,1175,122,104,80,28,1663,1215,106,88,108,84,53,9
33.780785,1516,1174,122,103,83,34,1658,1212,99,98,86,96,55,12
33.787327,1510,1172,123,104,83,28,1651,1210,103,82,95,97,50,14
33.793652,1506,1173,124,100,84,25,1647,1203,101,84,109,93,47,10
33.800030,1507,1171,123,108,79,26,1655,1209,84,104,110,88,47,13
33.806446,1504,1171,123,103,83,24,1652,1210,87,101,108,87,45,14
33.812584,1505,1171,123,103,83,25,1654,1207,97,101,101,96,37,15
33.818729,1512,1173,123,102,80,34,1647,1205,90,90,124,84,40,14
33.824780,1503,1174,123,102,81,23,1650,1203,91,99,99,101,42,15
33.831093,1511,1174,124,103,81,29,1654,1215,101,83,100,98,44,13
33.837601,1510,1172,124,102,84,28,1653,1215,94,88,104,91,43,18
33.843849,1514,1173,123,105,82,31,1651,1212,92,100,113,79,50,5
33.850327,1512,1173,124,102,84,29,1651,1219,114,82,102,77,43,14
33.857311,1516,1174,124,103,82,33,1652,1212,100,97,103,85,46,9
33.864052,1508,1174,125,103,82,24,1646,1222,98,98,86,92,40,10
33.870476,1511,1172,127,102,83,27,1642,1219,99,87,92,104,35,6
33.877327,1510,1171,126,106,81,26,1652,1221,98,90,98,84,53,8
33.883324,1502,1172,125,104,82,19,1656,1204,81,98,111,94,56,12
33.889481,1511,1172,125,105,81,28,1659,1205,95,98,114,92,41,14
33.896198,1518,1172,126,105,81,34,1658,1213,87,111,99,90,41,17
33.902481,1514,1171,127,104,81,31,1652,1214,99,83,102,85,51,18
33.908901,1506,1172,129,99,82,24,1639,1209,103,102,94,82,43,6
33.915424,1510,1171,129,100,81,29,1640,1200,109,80,99,93,47,12
33.922226,1507,1174,125,103,79,26,1641,1205,100,92,101,92,42,9
33.928524,1509,1174,124,102,81,28,1644,1223,85,94,101,85,41,15
33.934917,1508,1173,124,102,82,27,1647,1206,80,102,106,91,54,8
33.941517,1509,1173,123,102,81,30,1656,1195,110,100,97,97,44,13
33.947651,1504,1173,124,101,81,25,1661,1201,110,103,107,81,47,12
33.953773,1512,1175,123,100,83,31,1663,1192,111,93,105,104,46,12
33.960144,1512,1175,127,94,84,32,1656,1201,108,88,106,92,50,11
33.966270,1513,1177,126,92,86,32,1657,1217,103,99,98,82,45,13
33.972595,1522,1177,125,92,88,40,1652,1200,101,108,103,92,39,9
33.978867,1512,1178,123,93,88,30,1656,1209,97,98,92,108,44,8
33.985092,1513,1179,118,97,90,29,1663,1202,91,105,95,109,49,12
33.991409,1512,1180,114,101,90,27,1659,1204,97,103,92,104,48,11
33.997627,1517,1180,114,101,90,32,1652,1204,113,92,94,86,52,11
34.004002,1521,1179,115,99,91,37,1650,1195,101,104,108,87,43,12
34.010326,1520,1179,115,101,88,37,1644,1211,100,102,92,93,38,8
34.016430,1520,1179,116,100,88,37,1649,1215,89,90,107,94,45,9
34.023163,1508,1178,116,98,90,26,1658,1220,97,85,96,100,40,20
34.029404,1515,1180,114,99,87,35,1657,1212,108,112,93,88,36,8
34.035789,1506,1181,113,102,82,28,1659,1198,100,91,104,97,56,13
34.041679,1505,1179,115,98,86,27,1667,1202,105,88,106,94,52,20
34.047958,1517,1180,114,99,86,38,1661,1219,95,101,116,88,36,6
34.053989,1515,1179,114,99,87,36,1667,1202,99,100,97,104,50,15
34.060261,1502,1176,112,101,88,25,1665,1202,108,88,110,86,58,13
34.066509,1502,1177,109,105,86,25,1660,1205,95,85,108,102,59,6
34.072819,1505,1176,109,106,86,28,1651,1195,109,95,97,100,46,9
34.079113,1508,1177,107,105,86,33,1651,1206,102,93,102,97,43,8
34.085644,1505,1177,107,106,86,29,1648,1209,94,115,91,87,41,11
34.092178,1513,1175,109,106,85,38,1654,1202,95,110,92,85,54,16
34.098282,1501,1175,109,105,86,26,1649,1193,95,105,91,98,56,11
34.104454,1494,1174,112,102,86,20,1650,1188,113,96,104,93,47,9
34.110905,1512,1174,111,103,86,38,1652,1206,100,104,95,92,43,12
34.117180,1498,1175,112,99,88,24,1646,1212,92,101,109,80,45,7
34.123638,1508,1175,113,98,87,35,1638,1193,101,89,99,91,45,20
34.129887,1502,1177,111,100,86,28,1635,1198,94,106,90,81,50,16
34.136398,1506,1178,110,100,87,31,1630,1197,96,96,105,92,36,8
34.143246,1506,1178,112,101,83,32,1640,1192,96,104,124,67,42,15
34.149624,1494,1176,114,102,81,21,1643,1193,106,87,97,88,52,20
34.156315,1508,1174,116,101,83,34,1643,1205,88,107,113,79,38,13
34.162945,1505,1172,117,100,85,31,1641,1203,86,102,103,96,41,10
34.169479,1494,1172,118,101,83,20,1642,1198,82,98,110,95,43,16
34.176064,1500,1175,114,103,85,23,1636,1205,96,86,102,85,47,15
34.182499,1505,1175,114,104,83,29,1638,1204,90,96,105,82,46,15
34.189091,1510,1174,115,103,84,34,1638,1212,90,95,88,89,50,14
34.196053,1501,1174,115,104,83,25,1632,1201,94,101,96,77,59,4
34.202774,1511,1175,115,104,83,34,1631,1212,85,97,94,91,40,12
34.209038,1500,1175,113,107,82,23,1634,1201,95,111,96,65,51,15
34.215714,1509,1175,114,104,85,31,1636,1206,95,104,82,86,48,15
34.223175,1498,1175,114,105,84,20,1636,1207,90,110,93,78,52,6
34.230000,1504,1176,113,104,85,26,1645,1222,77,90,99,88,56,13
34.236443,1511,1177,113,105,84,32,1655,1216,88,98,102,79,59,13
34.243027,1506,1177,113,106,84,26,1657,1197,100,104,110,81,41,24
34.249420,1509,1179,110,108,85,27,1653,1202,89,95,114,101,46,6
34.255913,1511,1182,108,110,84,27,1665,1215,90,98,106,92,46,18
34.262108,1520,1185,108,108,82,37,1672,1220,93,113,101,82,50,13
34.268112,1508,1185,108,109,82,24,1673,1227,92,107,99,82,49,17
34.274426,1517,1185,108,113,79,32,1677,1209,102,100,118,87,50,11
34.280293,1513,1185,108,115,78,27,1669,1214,104,90,100,98,48,15
34.286274,1517,1186,109,114,76,32,1671,1204,103,86,143,84,35,16
34.292385,1512,1187,108,114,76,27,1670,1208,92,103,110,95,55,7
34.298477,1523,1185,109,115,76,38,1675,1207,110,92,112,83,54,17
34.304798,1525,1187,109,110,80,39,1674,1218,92,105,111,75,56,17
34.311008,1515,1188,111,107,80,29,1671,1215,96,95,121,90,41,13
34.317608,1516,1187,111,105,83,30,1666,1213,103,91,107,101,41,10
34.323681,1521,1188,111,103,84,35,1667,1212,92,109,100,88,54,12
34.329887,1525,1188,111,104,85,37,1674,1218,108,100,95,89,46,18
34.336147,1518,1189,111,106,83,29,1675,1219,102,95,121,83,40,15
34.342110,1512,1189,110,110,80,23,1680,1231,84,100,123,81,47,14
34.348103,1521,1189,109,110,81,32,1681,1219,94,79,112,104,57,16
34.354385,1524,1187,111,109,82,35,1679,1213,90,101,111,90,60,14
34.360043,1521,1188,109,110,82,32,1667,1217,94,98,95,99,56,8
34.366184,1516,1187,110,111,80,28,1669,1217,93,92,105,89,59,14
34.372547,1524,1186,111,111,81,35,1670,1220,96,92,108,95,40,19
34.378971,1521,1186,111,112,79,33,1667,1226,86,100,97,96,51,11
34.384892,1522,1188,108,113,77,36,1672,1213,106,94,99,94,52,14
34.390789,1529,1188,109,112,81,39,1675,1215,113,90,112,80,57,8
34.396851,1516,1187,107,114,82,26,1678,1209,105,91,120,95,50,8
34.402988,1521,1187,108,111,85,30,1685,1226,85,98,123,107,38,8
34.409111,1521,1188,107,107,89,30,1680,1224,96,83,114,100,49,14
34.415367,1516,1188,108,105,89,26,1680,1217,100,89,112,92,54,16
34.421585,1519,1186,111,103,86,33,1673,1215,90,95,102,93,60,18
34.427570,1531,1186,109,107,84,45,1668,1214,108,95,91,90,51,19
34.433609,1522,1187,109,108,81,37,1663,1218,101,92,105,87,52,8
34.439941,1509,1187,108,109,81,24,1660,1207,95,96,101,87,59,15
34.446075,1514,1186,109,105,85,29,1666,1222,82,103,97,96,54,12
34.452168,1523,1186,109,107,83,38,1666,1215,94,102,108,87,48,12
34.458427,1529,1185,110,107,83,44,1662,1213,87,109,99,95,46,13
34.464779,1513,1186,110,108,81,28,1664,1212,91,104,106,96,47,8
34.470852,1523,1187,109,108,84,35,1661,1222,100,84,114,89,41,11
34.477119,1511,1185,107,110,87,22,1674,1221,93,93,109,94,51,13
34.483044,1518,1184,107,110,88,29,1672,1216,99,114,94,82,55,12
34.489342,1530,1183,112,105,88,42,1668,1233,82,89,107,93,48,16
34.495281,1519,1182,113,105,87,32,1672,1228,86,81,113,95,47,22
34.501598,1524,1180,114,105,89,36,1667,1221,110,87,108,77,50,14
34.508430,1514,1179,116,103,91,25,1658,1208,103,84,102,95,53,13
34.515083,1519,1180,117,101,88,33,1657,1203,100,111,95,92,42,14
34.521389,1526,1179,118,104,85,40,1668,1209,100,104,103,86,51,15
34.527565,1519,1179,118,106,83,33,1673,1212,85,107,98,96,59,16
34.533615,1518,1177,119,107,84,31,1687,1208,100,108,100,97,58,16
34.539516,1522,1177,120,108,82,35,1688,1206,104,100,122,95,52,9
34.545834,1528,1181,116,109,84,38,1681,1212,99,95,125,92,50,8
34.551582,1524,1181,116,108,85,34,1686,1225,99,90,108,87,59,18
34.557625,1519,1181,114,110,85,29,1685,1225,99,93,130,80,46,12
34.564327,1520,1183,113,110,84,30,1686,1228,106,87,107,88,63,7
34.570538,1535,1183,113,111,82,46,1686,1223,108,87,109,100,47,12
34.576794,1527,1185,112,110,81,39,1681,1227,107,104,91,101,43,8
34.583008,1531,1183,113,109,82,44,1679,1221,100,111,106,85,46,10
34.588779,1512,1184,116,106,81,25,1688,1212,101,112,115,89,43,16
34.595039,1508,1184,117,105,82,20,1680,1204,88,112,111,103,50,12
34.601467,1520,1184,117,105,82,32,1683,1205,100,100,118,98,50,12
34.607456,1523,1183,116,108,79,37,1681,1207,113,101,109,102,37,12
34.613422,1515,1184,116,107,79,29,1692,1211,111,102,99,105,51,13
34.619465,1518,1186,114,106,81,31,1695,1214,108,90,107,104,57,15
34.625748,1514,1187,114,104,81,28,1694,1215,111,105,110,95,43,15
34.631660,1520,1187,113,107,79,34,1705,1224,93,103,112,94,61,18
34.637695,1515,1187,115,103,81,29,1702,1220,101,110,118,97,42,14
34.643406,1522,1188,113,104,82,35,1702,1207,120,107,101,105,53,9
34.649525,1513,1188,111,107,80,27,1694,1222,100,101,119,95,42,15
34.655518,1526,1189,112,105,80,40,1687,1213,104,118,89,96,55,12
34.661472,1515,1189,112,102,84,28,1686,1220,100,97,105,94,57,13
34.667526,1516,1190,114,99,83,30,1691,1224,98,110,103,99,43,14
34.673416,1523,1189,114,100,82,38,1699,1226,103,106,123,77,55,9
34.679344,1523,1189,113,104,80,37,1696,1221,101,100,113,93,56,12
34.684990,1521,1188,114,103,81,35,1708,1204,113,102,110,88,72,19
34.690655,1514,1187,115,102,83,27,1701,1201,99,119,117,109,46,10
34.696514,1528,1186,115,102,83,42,1709,1202,103,107,118,104,66,9
34.702438,1519,1186,115,102,84,32,1706,1201,109,114,112,96,67,7
34.708050,1525,1184,117,105,81,38,1708,1214,92,115,126,85,67,9
34.713360,1519,1182,118,104,83,32,1712,1195,113,101,131,104,56,12
34.719048,1515,1183,116,104,84,28,1713,1224,90,112,128,91,58,10
34.724827,1527,1185,114,104,84,40,1716,1209,93,129,104,104,60,17
34.730297,1518,1185,114,103,85,31,1710,1213,111,96,116,104,55,15
34.736362,1514,1185,112,107,84,26,1703,1213,110,106,106,100,59,9
34.742191,1514,1186,111,106,85,26,1708,1210,100,115,109,90,69,15
34.747925,1514,1185,111,109,83,26,1706,1212,111,108,116,92,54,13
34.753716,1519,1185,112,108,83,31,1707,1213,112,87,122,101,59,13
34.759335,1525,1185,112,111,77,40,1707,1221,82,122,115,102,58,7
34.765282,1524,1185,112,109,80,38,1715,1209,112,106,109,106,59,14
34.770851,1526,1185,114,107,80,40,1715,1216,94,109,123,95,57,21
34.776424,1510,1185,116,105,79,25,1711,1214,105,116,103,92,68,13
34.782047,1519,1184,116,103,81,35,1710,1200,110,115,117,95,57,16
34.787685,1528,1184,115,103,82,44,1702,1216,97,117,117,92,46,17
34.793144,1514,1185,113,105,81,30,1709,1217,100,107,117,88,69,11
34.798565,1524,1185,113,105,81,40,1711,1214,107,107,116,96,59,12
34.803772,1520,1184,115,102,83,36,1714,1217,93,103,122,98,65,16
34.809166,1521,1183,116,102,82,38,1717,1207,109,90,137,110,56,8
34.814621,1511,1182,115,104,81,29,1711,1207,94,103,123,118,54,12
34.819828,1516,1182,115,104,81,34,1712,1198,88,105,120,111,71,19
34.825607,1511,1181,116,106,81,27,1701,1201,109,90,111,110,69,11
34.831703,1517,1181,116,105,83,32,1694,1204,106,98,122,99,59,6
34.837952,1531,1183,115,105,84,44,1695,1206,102,104,92,119,54,18
34.843395,1526,1185,114,104,85,38,1696,1216,110,93,120,92,55,10
34.849529,1523,1186,114,105,85,33,1703,1213,105,111,110,93,64,7
34.855396,1518,1185,117,104,84,28,1697,1216,96,114,100,103,61,7
34.861168,1535,1185,117,102,85,46,1700,1220,98,108,121,86,56,11
34.867222,1521,1184,116,101,88,32,1688,1215,102,103,107,100,54,7
34.873257,1519,1185,117,101,88,28,1692,1216,106,85,127,92,55,11
34.879280,1527,1184,116,102,89,36,1694,1217,115,94,95,92,68,13
34.885075,1526,1184,119,99,89,35,1694,1226,97,103,99,81,68,20
34.891155,1526,1183,118,99,90,36,1697,1237,93,100,104,103,51,9
34.897491,1519,1183,118,100,88,30,1697,1224,103,108,108,89,47,18
34.903576,1512,1183,119,98,89,23,1689,1227,91,100,108,97,52,14
34.909378,1523,1183,117,99,88,36,1692,1223,101,83,112,111,55,7
34.915318,1514,1184,115,103,84,28,1692,1206,110,97,118,106,43,12
34.921440,1514,1185,115,106,80,28,1691,1222,99,91,128,91,49,11
34.927132,1512,1185,115,106,80,26,1692,1212,110,107,106,89,58,10
34.933163,1516,1186,116,104,80,30,1692,1221,95,105,105,109,42,15
34.939358,1520,1187,116,103,80,34,1694,1201,102,95,116,104,59,17
34.945412,1527,1187,120,99,81,40,1689,1224,97,105,96,96,58,13
34.951378,1515,1186,122,99,78,30,1685,1219,104,104,105,84,58,11
34.957321,1520,1185,122,98,79,36,1691,1228,102,95,103,87,62,14
34.963425,1521,1188,119,99,79,36,1694,1223,94,98,121,93,53,12
34.969517,1521,1189,118,99,81,34,1700,1229,91,112,111,87,52,18
34.975391,1514,1190,118,97,81,28,1697,1222,115,89,112,84,59,16
34.981144,1523,1190,118,96,82,37,1696,1223,110,107,106,87,48,15
34.986855,1513,1189,119,96,82,27,1701,1220,111,96,109,104,45,16
34.992775,1524,1189,118,96,83,38,1698,1216,90,116,107,100,55,14
34.998280,1519,1189,118,96,82,34,1686,1216,101,85,123,95,54,12
35.003941,1520,1190,118,96,83,33,1698,1222,101,96,106,97,62,14
35.009830,1514,1190,116,101,81,26,1700,1219,115,88,116,99,53,10
35.015690,1520,1191,117,99,81,32,1698,1223,92,102,125,93,51,12
35.021786,1517,1191,118,98,80,30,1696,1220,99,83,123,102,58,11
35.027885,1516,1189,118,99,82,28,1697,1206,102,105,113,100,54,17
35.033825,1529,1193,113,99,83,41,1692,1217,107,100,104,97,56,11
35.040047,1524,1195,111,97,83,38,1688,1210,109,96,120,98,44,11
35.045963,1524,1196,110,97,83,38,1682,1206,103,102,110,96,54,11
35.051781,1514,1195,109,97,82,31,1678,1217,99,88,118,95,54,7
35.057556,1514,1195,110,97,81,31,1686,1211,108,90,108,109,49,11
35.063587,1522,1198,109,95,82,38,1681,1209,91,108,115,94,52,12
35.069622,1518,1199,109,94,82,34,1677,1217,98,93,122,83,52,12
35.075230,1512,1200,108,95,81,28,1691,1214,104,99,125,74,57,18
35.081081,1518,1200,108,96,80,34,1693,1206,108,98,123,96,44,18
35.087074,1519,1200,109,96,80,34,1689,1209,125,72,122,105,45,11
35.093292,1515,1200,111,94,80,30,1693,1219,99,100,108,104,47,16
35.098965,1511,1201,108,97,80,25,1685,1216,98,100,117,98,45,11
35.105103,1518,1202,108,97,79,32,1681,1218,100,101,112,83,55,12
35.111309,1515,1202,108,98,78,29,1684,1205,111,84,123,92,51,18
35.117245,1519,1202,106,100,77,34,1672,1216,101,108,102,102,38,5
35.123550,1510,1201,108,97,80,24,1680,1209,114,88,122,86,52,9
35.129417,1525,1202,106,102,76,39,1683,1207,92,105,116,105,42,16
35.135532,1520,1202,107,102,76,33,1680,1215,98,100,133,84,37,13
35.141186,1521,1202,105,104,76,34,1682,1221,97,95,108,97,52,12
35.147408,1513,1202,105,101,79,26,1686,1217,100,101,110,98,48,12
35.153465,1527,1204,105,99,80,39,1688,1225,97,89,105,101,63,8
35.159718,1525,1204,104,101,79,37,1691,1227,99,81,127,87,52,18
35.166183,1515,1204,105,101,78,27,1681,1239,103,82,97,104,47,9
35.172050,1523,1204,107,101,77,34,1683,1221,89,95,115,93,52,18
35.178436,1523,1202,108,102,79,32,1683,1229,101,99,100,89,52,13
35.184559,1516,1200,111,100,80,25,1678,1230,98,88,103,100,49,10
35.190739,1514,1202,109,99,81,23,1676,1226,86,98,109,90,61,6
35.196888,1523,1202,109,100,82,30,1680,1224,96,85,134,83,50,8
35.202873,1525,1201,111,102,80,31,1685,1221,109,96,102,96,48,13
35.208736,1527,1200,114,97,82,34,1679,1218,90,120,112,84,49,6
35.214947,1521,1200,113,100,80,28,1683,1232,85,112,105,103,35,11
35.221214,1514,1198,114,101,79,22,1679,1227,101,100,108,92,46,5
35.227295,1528,1198,115,98,81,36,1687,1221,104,103,111,89,43,16
35.233337,1521,1198,113,100,79,31,1695,1212,101,106,93,102,63,18
35.239162,1524,1199,114,101,78,32,1693,1229,104,86,115,91,50,18
35.245251,1519,1200,114,99,81,25,1685,1218,103,104,110,95,47,8
35.251247,1529,1201,113,98,82,35,1693,1219,97,98,125,85,51,18
35.257298,1527,1201,113,97,81,35,1689,1218,100,111,98,97,58,7
35.263245,1526,1197,116,95,85,33,1696,1229,87,106,120,95,42,17
35.268795,1530,1197,119,92,86,36,1698,1228,99,105,120,82,50,14
35.274570,1524,1198,117,91,89,29,1702,1223,99,105,111,101,52,11
35.280548,1528,1199,118,90,89,32,1701,1229,89,106,114,94,55,14
35.286732,1524,1197,118,92,90,27,1696,1227,105,105,124,68,60,7
35.292919,1524,1196,118,93,90,27,1685,1224,96,108,108,95,41,13
35.298988,1536,1196,116,93,94,37,1681,1217,94,98,112,104,47,9
35.305271,1527,1196,117,91,93,30,1677,1214,93,113,92,108,49,8
35.311756,1519,1196,114,95,92,22,1674,1235,91,105,92,100,46,5
35.318607,1517,1196,113,96,91,21,1678,1237,92,115,98,85,38,13
35.324932,1531,1195,116,98,87,35,1682,1235,98,86,105,101,46,11
35.331326,1519,1194,116,99,85,25,1677,1236,89,106,99,86,48,13
35.337662,1534,1193,118,98,86,39,1674,1225,101,103,102,84,50,9
35.343929,1534,1193,117,98,87,39,1678,1227,101,100,103,80,56,11
35.350807,1529,1196,115,100,86,32,1674,1224,106,88,102,99,47,8
35.357151,1527,1195,118,100,85,29,1682,1232,89,98,127,81,41,14
35.363743,1540,1193,118,103,83,43,1683,1242,96,94,121,85,37,8
35.370270,1539,1193,120,102,84,40,1687,1227,113,97,93,83,59,15
35.376644,1523,1193,120,101,83,26,1686,1223,104,105,100,94,46,14
35.383076,1528,1193,118,100,88,29,1686,1230,105,86,102,95,56,12
35.389610,1527,1191,122,100,85,29,1686,1227,100,95,106,98,41,19
35.396004,1523,1190,120,105,82,26,1680,1230,112,86,102,89,49,12
35.402477,1525,1191,119,102,85,28,1683,1230,107,83,101,98,50,14
35.409088,1534,1191,120,102,84,37,1681,1237,92,99,104,80,52,17
35.415092,1530,1191,121,103,83,32,1680,1230,102,96,91,94,45,22
35.421104,1528,1191,122,103,83,29,1680,1232,110,86,105,81,56,10
35.427555,1531,1191,123,101,85,31,1683,1233,95,100,86,97,64,8
35.434074,1534,1192,122,106,81,33,1691,1232,91,84,115,100,51,18
35.439960,1527,1194,122,104,81,26,1691,1245,94,94,116,84,46,12
35.446411,1525,1195,121,103,81,25,1691,1218,109,99,108,96,44,17
35.452736,1530,1196,123,101,80,30,1687,1223,91,115,101,106,41,10
35.459118,1535,1196,125,99,80,35,1683,1224,104,98,114,84,54,5
35.465012,1530,1196,125,99,80,30,1688,1234,97,104,113,81,42,17
35.471130,1535,1197,121,101,77,39,1677,1220,105,95,107,98,43,9
35.477360,1520,1197,124,98,77,24,1674,1220,109,103,90,109,38,5
35.483971,1533,1195,127,96,80,35,1681,1234,100,90,101,99,45,12
35.490013,1526,1195,129,94,80,28,1683,1241,97,105,101,81,50,8
35.496574,1538,1195,129,94,79,41,1688,1229,106,100,104,79,55,15
35.502998,1516,1195,128,95,79,19,1678,1227,97,98,117,95,39,5
35.509289,1526,1194,127,98,78,29,1680,1231,105,101,108,93,33,9
35.515476,1524,1194,124,99,79,28,1683,1231,104,103,102,80,50,13
35.521473,1534,1191,128,98,79,38,1674,1223,92,99,104,94,56,6
35.527485,1531,1192,125,99,80,35,1681,1235,97,91,101,88,60,9
35.533932,1528,1191,125,101,78,33,1685,1228,112,92,94,99,47,13
35.539913,1522,1192,125,103,76,26,1690,1219,112,88,110,98,50,13
35.546055,1530,1192,124,106,75,33,1704,1227,108,94,100,101,58,16
35.551781,1526,1192,126,105,73,30,1696,1229,94,103,112,95,54,9
35.557812,1528,1192,126,105,73,32,1699,1232,95,100,96,98,56,22
35.564003,1526,1192,129,101,76,28,1695,1243,90,100,111,80,57,14
35.570030,1519,1194,129,101,75,20,1693,1233,92,107,110,80,52,19
35.576515,1529,1193,132,99,74,31,1688,1229,105,102,102,93,51,6
35.582481,1522,1193,131,99,75,24,1689,1240,91,109,91,92,53,13
35.588795,1542,1194,129,100,78,41,1687,1228,102,90,108,90,57,12
35.594490,1529,1194,129,100,78,28,1686,1250,81,110,84,86,58,17
35.600838,1531,1193,129,102,75,32,1679,1230,95,105,87,97,54,11
35.607079,1531,1193,126,104,77,31,1687,1242,90,105,99,94,38,19
35.613457,1530,1192,127,100,80,31,1674,1241,91,96,109,88,44,5
35.620247,1528,1193,125,102,79,29,1675,1232,96,103,94,92,45,13
35.626442,1534,1192,125,102,80,35,1678,1234,95,107,111,74,50,7
35.632843,1533,1192,125,102,81,33,1676,1218,101,93,111,98,44,11
35.639061,1532,1191,126,106,78,31,1672,1230,100,92,104,88,49,9
35.645725,1532,1189,127,106,78,32,1670,1244,74,105,96,91,44,16
35.651955,1528,1190,127,110,74,27,1670,1244,89,96,83,97,46,15
35.658478,1529,1191,129,109,74,26,1680,1235,97,89,108,75,54,22
35.665241,1532,1191,131,105,76,29,1671,1234,98,101,89,86,55,8
35.671837,1528,1191,131,104,77,25,1663,1237,88,99,103,74,52,10
35.678547,1526,1193,130,101,80,22,1668,1228,99,99,89,93,48,12
35.684959,1530,1193,132,99,82,24,1667,1235,92,93,99,88,48,12
35.691540,1535,1195,131,99,81,29,1670,1231,96,79,112,100,43,9
35.697666,1532,1195,131,97,82,27,1681,1215,110,91,90,92,61,22
35.703941,1526,1193,133,95,84,21,1680,1227,100,88,105,96,44,20
35.710484,1538,1193,134,94,84,33,1676,1228,94,91,100,85,59,19
35.716949,1542,1194,134,96,82,36,1673,1228,96,92,93,96,48,20
35.723312,1544,1194,136,96,81,37,1664,1243,95,86,91,88,42,19
35.730377,1535,1193,135,96,82,29,1659,1238,94,95,91,88,47,6
35.737358,1528,1194,136,97,80,21,1662,1236,90,97,110,83,38,8
35.744194,1535,1195,136,98,80,26,1666,1241,90,99,93,81,52,10
35.751129,1547,1193,138,97,83,36,1663,1229,108,101,91,72,49,13
35.757660,1547,1194,138,97,82,36,1662,1250,98,95,86,82,43,8
35.764832,1541,1194,138,97,82,30,1662,1226,114,93,79,97,42,11
35.771915,1540,1197,136,99,83,25,1669,1238,111,89,93,75,51,12
35.778694,1543,1197,134,100,84,28,1656,1238,103,90,84,83,45,13
35.785519,1538,1197,133,102,83,23,1669,1227,105,105,91,81,50,10
35.791771,1547,1196,132,104,82,33,1670,1241,93,92,111,86,37,10
35.798279,1542,1196,131,104,83,28,1673,1247,90,97,102,74,53,10
35.804989,1537,1196,131,104,83,23,1674,1245,106,92,87,83,50,11
35.811451,1536,1195,131,102,88,20,1679,1234,88,97,103,97,54,6
35.817806,1549,1195,132,101,89,32,1676,1225,106,93,94,97,49,12
35.824768,1548,1196,131,101,89,31,1677,1241,89,86,110,90,52,9
35.831581,1547,1198,130,102,87,30,1676,1238,104,95,95,93,39,12
35.838535,1555,1198,131,101,87,38,1678,1233,112,87,99,79,48,20
35.845287,1538,1199,131,99,87,22,1665,1237,100,99,98,83,39,9
35.852100,1544,1199,132,98,88,27,1671,1244,104,92,96,76,46,13
35.858898,1548,1198,133,96,90,31,1673,1239,111,83,97,79,56,8
35.865810,1552,1196,135,95,90,36,1675,1257,73,101,86,93,50,15
35.872627,1537,1195,137,95,89,21,1672,1242,102,107,93,69,48,11
35.879433,1543,1196,136,97,87,27,1670,1228,115,98,93,87,35,14
35.886341,1555,1197,136,95,88,39,1677,1241,108,82,103,88,47,8
35.893608,1542,1199,136,93,88,26,1668,1226,114,91,94,81,51,11
35.900120,1548,1198,136,94,88,32,1673,1232,91,87,99,100,50,14
35.906662,1556,1199,135,94,88,40,1673,1243,95,89,104,76,48,18
35.913677,1547,1199,133,96,90,29,1678,1250,98,94,93,80,44,19
35.920162,1540,1200,132,97,89,22,1682,1240,104,99,104,82,38,15
35.927036,1551,1199,133,96,88,35,1675,1239,95,85,103,91,46,16
35.933598,1551,1199,133,98,87,34,1674,1229,104,93,93,87,48,20
35.940418,1554,1200,132,102,83,37,1679,1256,88,84,85,100,50,16
35.946960,1543,1200,132,102,81,28,1676,1243,97,97,93,83,50,13
35.953403,1543,1199,134,98,83,29,1672,1245,103,81,93,94,43,13
35.960110,1556,1199,135,98,86,38,1671,1232,100,97,104,85,38,15
35.966347,1547,1199,134,100,84,30,1671,1245,87,108,94,82,44,11
35.973267,1538,1198,135,99,85,21,1669,1232,102,100,91,93,40,11
